gene,n_mutated,hr,p_value,q_value,significant_fdr,ate,permutation_p,q_value_final,significant_final
A1CF,6,1.0726912094725254,0.9448190161512663,0.9996299973032251,False,,,,
A2M,8,3.0482032122834616e-07,0.9924169104141929,0.9996299973032251,False,,,,
A2ML1,9,2.8421442681057966e-07,0.9919492244119653,0.9996299973032251,False,,,,
AADAC,5,2.9201462547986844e-07,0.9939507138099855,0.9996299973032251,False,,,,
AAK1,7,1.0012526531642405,0.9990377092757945,0.9996299973032251,False,,,,
AARS1,11,0.6147358163169341,0.6330846623561243,0.9996299973032251,False,,,,
AASDH,7,3.539305502202784,0.037901438725884605,0.9996299973032251,False,,,,
ABCA1,9,0.7906995577036062,0.8166000691988384,0.9996299973032251,False,,,,
ABCA10,13,1.8912212771933197,0.2898657588341842,0.9996299973032251,False,,,,
ABCA12,17,1.8460741740406872,0.24872671595237134,0.9996299973032251,False,,,,
ABCA13,31,1.4285029996479135,0.41342879439831615,0.9996299973032251,False,,,,
ABCA3,10,0.6347332151426639,0.6577021101284314,0.9996299973032251,False,,,,
ABCA4,11,1.3167024388115365,0.7047729958793276,0.9996299973032251,False,,,,
ABCA5,9,2.9234239369855853e-07,0.9920199340118596,0.9996299973032251,False,,,,
ABCA6,10,1.4028041195959227,0.6424800315039099,0.9996299973032251,False,,,,
ABCA7,10,1.4992102173666195,0.5791296095403924,0.9996299973032251,False,,,,
ABCA8,18,2.929534822422293,0.01486196424466319,0.8333443565621987,False,,,,
ABCA9,16,1.4212858628326555,0.5499564236430632,0.9996299973032251,False,,,,
ABCB1,8,0.9127463779900532,0.9283426626020934,0.9996299973032251,False,,,,
ABCB10,6,2.824919435896553,0.15714975289013278,0.9996299973032251,False,,,,
ABCB11,13,1.218601390098675,0.785740431411538,0.9996299973032251,False,,,,
ABCB4,11,1.0336626051105262e-07,0.9942795695454887,0.9996299973032251,False,,,,
ABCB5,6,3.4412046509421953e-07,0.9935428855619591,0.9996299973032251,False,,,,
ABCB6,6,2.43968306304136,0.2515474236449104,0.9996299973032251,False,,,,
ABCB7,7,0.940293198582575,0.9512119616621474,0.9996299973032251,False,,,,
ABCB8,5,3.1871739954752556e-07,0.9940856578592139,0.9996299973032251,False,,,,
ABCC1,7,3.551502759616585e-07,0.9930072888782769,0.9996299973032251,False,,,,
ABCC10,9,1.5810834986834839,0.5476972408691965,0.9996299973032251,False,,,,
ABCC11,5,1.5006566120331597,0.6912210482171611,0.9996299973032251,False,,,,
ABCC12,11,0.5395667113922216,0.545741034979973,0.9996299973032251,False,,,,
ABCC2,7,3.121122973543297e-07,0.9929807658783929,0.9996299973032251,False,,,,
ABCC3,7,3.431910234252438e-07,0.9930362860403823,0.9996299973032251,False,,,,
ABCC4,9,0.7461170016737508,0.7740566791683117,0.9996299973032251,False,,,,
ABCC5,8,3.237810378310882e-07,0.9924232824076837,0.9996299973032251,False,,,,
ABCC6,5,1.3288502468910692,0.7777447195536413,0.9996299973032251,False,,,,
ABCC8,9,3.765432908333425,0.010650133547216622,0.794571452091377,False,,,,
ABCC9,16,0.43631275411465126,0.4108915220625817,0.9996299973032251,False,,,,
ABCD3,6,3.388704687822363e-07,0.9935490210560572,0.9996299973032251,False,,,,
ABCE1,5,3.7010461915571935,0.07353106787986462,0.9996299973032251,False,,,,
ABCF1,7,3.140607921183714e-07,0.992910437871317,0.9996299973032251,False,,,,
ABCF2,6,1.2465162972861439,0.8276480579127734,0.9996299973032251,False,,,,
ABCF3,5,3.693864228153386e-07,0.9941615330748986,0.9996299973032251,False,,,,
ABHD13,5,1.466600318212801,0.7032981333797466,0.9996299973032251,False,,,,
ABHD2,5,1.6149458692526089,0.6340729138441534,0.9996299973032251,False,,,,
ABI3BP,12,0.535814093291943,0.5370481589232361,0.9996299973032251,False,,,,
ABL1,7,1.0336097609761252,0.9739443441542521,0.9996299973032251,False,,,,
ABL2,7,3.298124496914299e-07,0.9929932205175593,0.9996299973032251,False,,,,
ABLIM3,5,2.909606416922942e-07,0.9940202701357065,0.9996299973032251,False,,,,
ABR,6,1.0877120349910117,0.9346462853228215,0.9996299973032251,False,,,,
ABRA,5,5.927903115219652,0.004362673353450058,0.6344963058423928,False,,,,
ABTB2,6,2.385408466842945e-07,0.9933563064383159,0.9996299973032251,False,,,,
AC006059.2,5,3.8017061175241857,0.08839460063978707,0.9996299973032251,False,,,,
AC008397.2,8,0.9738993673363552,0.979076134502297,0.9996299973032251,False,,,,
AC013489.1,5,1.2694701289708854,0.8168261632172545,0.9996299973032251,False,,,,
ACACA,14,1.5163404910314817,0.48665036834628406,0.9996299973032251,False,,,,
ACACB,11,2.3319243071828786,0.15351318314274082,0.9996299973032251,False,,,,
ACAD10,7,2.742501476786081e-07,0.9927923732676618,0.9996299973032251,False,,,,
ACAD11,7,3.103853817319322e-07,0.992884173332096,0.9996299973032251,False,,,,
ACADSB,5,1.3172653015209972,0.7885477553745317,0.9996299973032251,False,,,,
ACAN,6,1.2147135009073726,0.8488267925579687,0.9996299973032251,False,,,,
ACBD3,5,1.2876816861470541,0.806112553747617,0.9996299973032251,False,,,,
ACBD5,5,3.8039881219503213,0.06933981633428794,0.9996299973032251,False,,,,
ACCSL,6,2.908832891868126,0.16837067422463362,0.9996299973032251,False,,,,
ACE,10,0.7334119595193157,0.7604367061938798,0.9996299973032251,False,,,,
ACER3,5,3.521505899177401,0.0876814577170381,0.9996299973032251,False,,,,
ACIN1,7,3.09678875478975e-07,0.9929672452272148,0.9996299973032251,False,,,,
ACLY,6,1.2099338615096726,0.8494646197045334,0.9996299973032251,False,,,,
ACO2,6,2.6364387462522416e-07,0.9934003253397165,0.9996299973032251,False,,,,
ACOX3,6,3.0098275838458894,0.13838421193091605,0.9996299973032251,False,,,,
ACP3,8,3.2906573604075114e-07,0.9925286078324194,0.9996299973032251,False,,,,
ACSBG1,6,1.199625110622031,0.8569464928451207,0.9996299973032251,False,,,,
ACSL4,6,3.2335837490783432,0.12251718659441217,0.9996299973032251,False,,,,
ACSM2A,6,3.2581301522264803,0.11785195255524891,0.9996299973032251,False,,,,
ACSM5,5,1.4966791937896478,0.6900198035843048,0.9996299973032251,False,,,,
ACSS3,8,1.7622613185720106,0.4360723779073318,0.9996299973032251,False,,,,
ACTB,5,1.5387627029835935,0.6702155630145181,0.9996299973032251,False,,,,
ACTG1,7,3.2727941259997285e-07,0.9929394889024552,0.9996299973032251,False,,,,
ACTG2,6,1.3351171514021822,0.7785951740128026,0.9996299973032251,False,,,,
ACTL9,5,1.842624913618138,0.5443267742010321,0.9996299973032251,False,,,,
ACTN2,10,2.2063833110693847,0.1849534868842185,0.9996299973032251,False,,,,
ACTN3,5,1.7072551927937023,0.6062343845495127,0.9996299973032251,False,,,,
ACTN4,9,1.618331956196315,0.5060476780413377,0.9996299973032251,False,,,,
ACTR6,5,2.8247894824861774e-07,0.9940594631693356,0.9996299973032251,False,,,,
ACTRT1,5,3.7654660157648504e-07,0.99413566463014,0.9996299973032251,False,,,,
ACVR1B,7,2.6475967271589407,0.17630933965968942,0.9996299973032251,False,,,,
ACVR2A,11,1.4267408404261168,0.625076306596416,0.9996299973032251,False,,,,
ADAD1,6,3.1039663692550144e-07,0.993420741593022,0.9996299973032251,False,,,,
ADAM12,8,1.8276401643261415,0.3985482965834948,0.9996299973032251,False,,,,
ADAM15,6,3.120388975555434e-07,0.9935191668633511,0.9996299973032251,False,,,,
ADAM19,7,2.0209809580785834,0.33279622687059646,0.9996299973032251,False,,,,
ADAM21,9,2.6348746656436464,0.10711725569743502,0.9996299973032251,False,,,,
ADAM23,6,1.174788496326037,0.8726122738007929,0.9996299973032251,False,,,,
ADAM29,10,0.7214513043537809,0.7455455966763321,0.9996299973032251,False,,,,
ADAM30,6,0.9048101821542187,0.9214915186803142,0.9996299973032251,False,,,,
ADAMTS1,8,0.6653776399202186,0.6889383141950502,0.9996299973032251,False,,,,
ADAMTS12,7,3.8109558920113864,0.02923211538349297,0.9996299973032251,False,,,,
ADAMTS13,11,1.919782787818424,0.27172781804834095,0.9996299973032251,False,,,,
ADAMTS14,7,1.0402842801130199,0.9689859251092153,0.9996299973032251,False,,,,
ADAMTS16,7,1.0133497344674731,0.9895840380431031,0.9996299973032251,False,,,,
ADAMTS17,11,1.242713328704975,0.7648466033760903,0.9996299973032251,False,,,,
ADAMTS19,10,0.5988779599380377,0.6113979394039639,0.9996299973032251,False,,,,
ADAMTS2,10,2.132294821454626,0.1994658291363546,0.9996299973032251,False,,,,
ADAMTS20,15,1.290282816703663,0.6703596604489183,0.9996299973032251,False,,,,
ADAMTS3,7,0.8645521409059816,0.8870582913389226,0.9996299973032251,False,,,,
ADAMTS5,7,0.9151514759723138,0.9303580377517323,0.9996299973032251,False,,,,
ADAMTS7,8,1.6366989026426182,0.4942073841940342,0.9996299973032251,False,,,,
ADAMTS9,10,1.3142609179698495,0.7062940813646156,0.9996299973032251,False,,,,
ADAMTSL1,12,1.2702178025962167,0.7435205468318773,0.9996299973032251,False,,,,
ADAMTSL2,5,1.2923152073781636,0.8000975145785048,0.9996299973032251,False,,,,
ADAMTSL3,13,1.9358422367152284,0.26302976942453393,0.9996299973032251,False,,,,
ADAR,5,1.1617163318250365,0.8850354140188423,0.9996299973032251,False,,,,
ADARB2,5,3.492270669234309e-07,0.9941399987848327,0.9996299973032251,False,,,,
ADCY1,6,1.2010528433086627,0.8584047990610129,0.9996299973032251,False,,,,
ADCY10,10,1.5193513547612412,0.561130384583684,0.9996299973032251,False,,,,
ADCY2,9,0.7506279018568874,0.7786983918388505,0.9996299973032251,False,,,,
ADCY3,5,3.3253681294122636e-07,0.9940697301889615,0.9996299973032251,False,,,,
ADCY5,9,0.7790324485235643,0.8039783338234978,0.9996299973032251,False,,,,
ADCY7,9,2.4955549708169587,0.12274377271621911,0.9996299973032251,False,,,,
ADCY8,13,1.2570171791237527e-07,0.9938033194730381,0.9996299973032251,False,,,,
ADCY9,13,0.4486152049435852,0.42884662258568906,0.9996299973032251,False,,,,
ADCYAP1R1,6,3.0980517843927883e-07,0.9934931548179995,0.9996299973032251,False,,,,
ADD2,8,3.0376792531447143e-07,0.9923770646025014,0.9996299973032251,False,,,,
ADGRA3,11,1.3521729996080405,0.6789236877798964,0.9996299973032251,False,,,,
ADGRB1,9,2.8046439244793997,0.0849138794226461,0.9996299973032251,False,,,,
ADGRB3,14,0.47884304972914005,0.46966553767656194,0.9996299973032251,False,,,,
ADGRD1,6,3.521370319002518e-07,0.9936126442850538,0.9996299973032251,False,,,,
ADGRE1,6,1.311748408254961,0.7889229229096004,0.9996299973032251,False,,,,
ADGRE2,8,0.8735724204222433,0.894200284056846,0.9996299973032251,False,,,,
ADGRE3,9,1.5684588956002568,0.5306370031401623,0.9996299973032251,False,,,,
ADGRE5,7,3.4302515233895475e-07,0.992935801516109,0.9996299973032251,False,,,,
ADGRF1,5,1.4846103385058464,0.6947159815561184,0.9996299973032251,False,,,,
ADGRF5,8,3.253138993745814,0.05338626580005937,0.9996299973032251,False,,,,
ADGRG2,8,1.7834511557758237,0.426992684858191,0.9996299973032251,False,,,,
ADGRG4,22,1.315208475826443,0.5980484813938677,0.9996299973032251,False,,,,
ADGRG7,5,1.1621484702613467,0.8831663469968158,0.9996299973032251,False,,,,
ADGRL1,6,3.1404469276052637e-07,0.9935004250998082,0.9996299973032251,False,,,,
ADGRL2,10,2.9910379623856644e-07,0.99161606309602,0.9996299973032251,False,,,,
ADGRL3,10,1.3785687979129664,0.6538408195264943,0.9996299973032251,False,,,,
ADGRL4,10,1.4092709632284133,0.647925975608533,0.9996299973032251,False,,,,
ADGRV1,34,1.064109089074593,0.8973214672135114,0.9996299973032251,False,,,,
ADH1C,6,4.455823657861048,0.011290465083183739,0.794571452091377,False,,,,
ADNP,12,1.776420830418516,0.3517540602060626,0.9996299973032251,False,,,,
ADNP2,5,2.566912582867243,0.20142496920459174,0.9996299973032251,False,,,,
ADPRH,7,3.2121347234946017e-07,0.9928443374707627,0.9996299973032251,False,,,,
ADSL,5,3.434204255542411e-07,0.9941439389502038,0.9996299973032251,False,,,,
ADSS2,5,3.17786559566747e-07,0.9940847217619018,0.9996299973032251,False,,,,
AEBP1,6,5.062942534107238,0.011699304947584487,0.794571452091377,False,,,,
AFAP1L1,5,1.1081600990807308,0.9191888655172527,0.9996299973032251,False,,,,
AFDN,16,1.3703980154790765,0.5912692486511748,0.9996299973032251,False,,,,
AFF1,12,1.006961452997903,0.992375636216775,0.9996299973032251,False,,,,
AFF2,20,1.78217497466212,0.2201338232606366,0.9996299973032251,False,,,,
AFF3,12,1.174677274675499e-07,0.9940395645104747,0.9996299973032251,False,,,,
AFF4,7,0.9051299249650014,0.921507822836849,0.9996299973032251,False,,,,
AFTPH,7,3.126251498981844e-07,0.9929419217369793,0.9996299973032251,False,,,,
AGAP1,7,3.09483887675413e-07,0.9929571236805781,0.9996299973032251,False,,,,
AGAP3,5,1.5572466649560592,0.6607906036492135,0.9996299973032251,False,,,,
AGBL1,9,0.7379904256785689,0.7633006169332408,0.9996299973032251,False,,,,
AGFG2,7,0.9095183347836905,0.9257095817921293,0.9996299973032251,False,,,,
AGGF1,7,2.056508901989274,0.31966423804352256,0.9996299973032251,False,,,,
AGL,9,1.7093148495483046,0.46090767432380464,0.9996299973032251,False,,,,
AGO1,8,1.9180513421982803,0.3636723381108916,0.9996299973032251,False,,,,
AGO2,7,1.0092033728271976,0.9927327211168102,0.9996299973032251,False,,,,
AGO3,6,3.0103447735922956e-07,0.9935378238112719,0.9996299973032251,False,,,,
AGO4,7,1.2335125972880148,0.8365905460051469,0.9996299973032251,False,,,,
AGRN,5,3.4701996629356476e-07,0.9940839191946637,0.9996299973032251,False,,,,
AGT,8,3.384693862684073e-07,0.9925130705087019,0.9996299973032251,False,,,,
AGTPBP1,8,1.7036137751383316,0.4661586425934685,0.9996299973032251,False,,,,
AHCTF1,25,1.2682214947419232,0.6532345016395524,0.9996299973032251,False,,,,
AHI1,9,0.7372950406261167,0.7655163801077763,0.9996299973032251,False,,,,
AHNAK,27,1.0501411925874142,0.9260696603860193,0.9996299973032251,False,,,,
AHNAK2,17,0.8364106846839909,0.806382112470906,0.9996299973032251,False,,,,
AK5,5,1.586905554048473,0.6544550796253676,0.9996299973032251,False,,,,
AK7,6,1.0787848782278966,0.9422587054248712,0.9996299973032251,False,,,,
AK9,10,0.6433284894129232,0.6613635283524875,0.9996299973032251,False,,,,
AKAP11,11,1.2524595696434955,0.7596103937311569,0.9996299973032251,False,,,,
AKAP12,12,0.6387525272136567,0.6572520173781977,0.9996299973032251,False,,,,
AKAP13,14,1.0515166509787397,0.9448317647940239,0.9996299973032251,False,,,,
AKAP17A,5,1.4788977545183124,0.700567392780016,0.9996299973032251,False,,,,
AKAP3,7,3.0778147943494066e-07,0.9930232827647867,0.9996299973032251,False,,,,
AKAP4,10,0.6518974944440401,0.6723305931586608,0.9996299973032251,False,,,,
AKAP6,15,1.4810100998028433,0.5179554294887188,0.9996299973032251,False,,,,
AKAP9,28,1.0474026670315064,0.9287919152482356,0.9996299973032251,False,,,,
AKNA,7,2.4453412513501784,0.215338791781923,0.9996299973032251,False,,,,
AKR1C1,6,2.770704393738558e-07,0.9934502143366072,0.9996299973032251,False,,,,
AKR1C2,5,3.103476928542909e-07,0.9940919198530231,0.9996299973032251,False,,,,
AKT1,26,1.2511758185760867e-07,0.9913031172195539,0.9996299973032251,False,,,,
AKT3,8,1.9929392653905542,0.33517037357270146,0.9996299973032251,False,,,,
AL121899.2,5,3.829417806796232e-07,0.9941672103183471,0.9996299973032251,False,,,,
ALAS2,5,1.672603031930317,0.6112052775357599,0.9996299973032251,False,,,,
ALCAM,7,1.0057465974386084,0.9955244398964225,0.9996299973032251,False,,,,
ALDH18A1,7,0.9781405705360402,0.9826592190114685,0.9996299973032251,False,,,,
ALDH1A1,6,1.1948562245447751,0.8638497621102216,0.9996299973032251,False,,,,
ALDH1A3,7,3.8356786794534155,0.026485558405760938,0.9996299973032251,False,,,,
ALDH1L1,7,2.0800569087059846,0.3172821763014605,0.9996299973032251,False,,,,
ALDH1L2,8,3.4963906436975523e-07,0.9925596463441088,0.9996299973032251,False,,,,
ALDH5A1,5,1.438012889418931,0.7195907544104432,0.9996299973032251,False,,,,
ALDOA,6,2.7874651803792526e-07,0.9934646140480113,0.9996299973032251,False,,,,
ALG10B,6,1.180756418429773,0.8693552275507154,0.9996299973032251,False,,,,
ALG13,8,3.4498241574980445e-07,0.9925343910449352,0.9996299973032251,False,,,,
ALG5,6,1.1571764395804216,0.8877570234687994,0.9996299973032251,False,,,,
ALK,11,1.3759215778422982,0.6680769303452391,0.9996299973032251,False,,,,
ALMS1,19,1.5119869017486989,0.43124417595707154,0.9996299973032251,False,,,,
ALOX15B,5,3.140491590311155e-07,0.9940355252998964,0.9996299973032251,False,,,,
ALOXE3,7,3.789019245605789,0.023912915892375843,0.9996299973032251,False,,,,
ALPK1,7,3.3559392976391367e-07,0.9930471502300106,0.9996299973032251,False,,,,
ALPK2,10,0.7088178468079913,0.7364013163090217,0.9996299973032251,False,,,,
ALPK3,6,3.5607659012824637,0.08683800516601103,0.9996299973032251,False,,,,
AMBN,6,3.1896313057097566e-07,0.9934887182553618,0.9996299973032251,False,,,,
AMBRA1,8,2.9511876649200177e-07,0.992436406009416,0.9996299973032251,False,,,,
AMDHD1,5,2.875461077606204e-07,0.9939542391218209,0.9996299973032251,False,,,,
AMER1,13,0.9649223625823371,0.9606827448229895,0.9996299973032251,False,,,,
AMER3,5,1.25968879942426,0.820337262984409,0.9996299973032251,False,,,,
AMOTL1,7,3.3670575550927444e-07,0.9929874397490345,0.9996299973032251,False,,,,
AMPD1,8,0.9589426825139143,0.9669669895459089,0.9996299973032251,False,,,,
AMPD3,6,1.1185066997551847,0.9113459031059716,0.9996299973032251,False,,,,
AMPH,6,2.2973236514304767,0.2470850971245801,0.9996299973032251,False,,,,
ANAPC1,10,1.4243095452326053,0.6325697184225576,0.9996299973032251,False,,,,
ANAPC4,6,2.797158724403744e-07,0.9933864194770566,0.9996299973032251,False,,,,
ANAPC5,6,3.344146564164932e-07,0.9935718832643781,0.9996299973032251,False,,,,
ANGPT1,8,0.8450642118377684,0.8677573819150979,0.9996299973032251,False,,,,
ANGPT4,6,1.1799559956388026,0.8705536367900478,0.9996299973032251,False,,,,
ANGPTL1,6,3.151694316845064e-07,0.9935135841141388,0.9996299973032251,False,,,,
ANGPTL5,5,3.010705452069251e-07,0.9938787826497698,0.9996299973032251,False,,,,
ANK1,15,0.4387736919511262,0.41581496331922285,0.9996299973032251,False,,,,
ANK2,25,1.0983801446620414,0.8624881948094953,0.9996299973032251,False,,,,
ANK3,24,2.6791413758289866,0.017736254836729,0.9380060228424633,False,,,,
ANKAR,8,0.9986297487872777,0.998916118510773,0.9996299973032251,False,,,,
ANKFN1,10,0.6522879023334485,0.6732018673199696,0.9996299973032251,False,,,,
ANKFY1,7,3.4677256063742395e-07,0.9930488658573853,0.9996299973032251,False,,,,
ANKH,5,3.105555551823948,0.1235115795541957,0.9996299973032251,False,,,,
ANKHD1-EIF4EBP3,15,0.973053798891516,0.9698280646967767,0.9996299973032251,False,,,,
ANKIB1,6,2.7597511380556994,0.16173750704431067,0.9996299973032251,False,,,,
ANKK1,5,1.2574473169312397,0.8201434593372812,0.9996299973032251,False,,,,
ANKLE2,6,1.0318071800263329,0.975232696353819,0.9996299973032251,False,,,,
ANKMY1,5,2.9436851065712546e-07,0.9940276645661786,0.9996299973032251,False,,,,
ANKRD11,15,2.152008307176351,0.1451907344571953,0.9996299973032251,False,,,,
ANKRD12,23,9.711431429877219e-08,0.9916662270097979,0.9996299973032251,False,,,,
ANKRD17,17,0.3880617173668964,0.3522508790157668,0.9996299973032251,False,,,,
ANKRD24,7,1.9731443779821702,0.3523428933816156,0.9996299973032251,False,,,,
ANKRD26,15,1.6195179138570037,0.444250705403464,0.9996299973032251,False,,,,
ANKRD28,11,1.28902957614649,0.733879716149789,0.9996299973032251,False,,,,
ANKRD30A,13,1.3145680584584751,0.7048593044022315,0.9996299973032251,False,,,,
ANKRD34B,5,3.226336556653279e-07,0.9941214398446571,0.9996299973032251,False,,,,
ANKRD35,6,1.0664741026548894,0.9494117408467841,0.9996299973032251,False,,,,
ANKRD6,6,3.8141933196299604e-07,0.9936314747670819,0.9996299973032251,False,,,,
ANKS1A,5,3.3481815993306374,0.10130713984925405,0.9996299973032251,False,,,,
ANKS1B,9,3.1732559868800274e-07,0.9919836013208008,0.9996299973032251,False,,,,
ANKS6,7,3.1679841872233404e-07,0.9929757506877431,0.9996299973032251,False,,,,
ANLN,7,2.1368299674647133,0.29111213508721007,0.9996299973032251,False,,,,
ANO10,5,2.5375674886087413e-07,0.9939763427262563,0.9996299973032251,False,,,,
ANO2,8,1.0122812431451844,0.9903909633171376,0.9996299973032251,False,,,,
ANO4,10,0.6546375150500382,0.6788550842499805,0.9996299973032251,False,,,,
ANO5,9,1.7036674301756953,0.4584218728058683,0.9996299973032251,False,,,,
ANO6,6,1.072296710520691,0.9453544026332003,0.9996299973032251,False,,,,
ANPEP,7,3.303652881717183e-07,0.9930183675702544,0.9996299973032251,False,,,,
ANXA1,5,3.494525855037132e-07,0.9941242897480392,0.9996299973032251,False,,,,
ANXA6,5,3.0983349783283725e-07,0.9941069891895433,0.9996299973032251,False,,,,
AOPEP,5,3.0736624408083535,0.12453311242122503,0.9996299973032251,False,,,,
AOX1,10,2.943726287808602e-07,0.9915947926611703,0.9996299973032251,False,,,,
AP1B1,7,1.0714845205257915,0.9457141335764818,0.9996299973032251,False,,,,
AP1G1,5,1.5680752671014657,0.6572325333112798,0.9996299973032251,False,,,,
AP1G2,8,0.9115623671119604,0.9265440992134331,0.9996299973032251,False,,,,
AP2A1,7,3.599699961978246,0.030196628098970342,0.9996299973032251,False,,,,
AP2A2,5,3.4609293095003034e-07,0.994096498222696,0.9996299973032251,False,,,,
AP3B1,10,0.6870943576373721,0.7122615610132836,0.9996299973032251,False,,,,
AP3M1,5,3.1365340077699804e-07,0.9940070040347067,0.9996299973032251,False,,,,
AP4E1,7,0.972523689021452,0.9780756869346405,0.9996299973032251,False,,,,
AP4M1,5,1.9293975729466084,0.5147140137190733,0.9996299973032251,False,,,,
APAF1,7,1.862497285373871,0.40707490969842963,0.9996299973032251,False,,,,
APBA1,9,0.6600019876874901,0.6838326934367629,0.9996299973032251,False,,,,
APBA2,10,0.571497283818447,0.5810875600667997,0.9996299973032251,False,,,,
APC,14,1.5121593201207106,0.5071931366428712,0.9996299973032251,False,,,,
APEX2,6,1.2926076873038272,0.7996368808117422,0.9996299973032251,False,,,,
API5,6,3.2756154966368166e-07,0.9935167010600907,0.9996299973032251,False,,,,
APLF,7,2.0560353273207967,0.3189537498770091,0.9996299973032251,False,,,,
APLP1,5,3.8087838890104937,0.07565934145658357,0.9996299973032251,False,,,,
APLP2,5,1.3915186766028016,0.747968801665363,0.9996299973032251,False,,,,
APMAP,6,1.2637177925783767,0.8200691808572754,0.9996299973032251,False,,,,
APOB,35,1.0217660332699485,0.9640436454454593,0.9996299973032251,False,,,,
APOBR,10,1.6514373652642784,0.5017573224238132,0.9996299973032251,False,,,,
APP,9,0.6824427941685742,0.7094844931300848,0.9996299973032251,False,,,,
APTX,5,3.463320133756686e-07,0.9941276248710861,0.9996299973032251,False,,,,
AQR,6,1.2405152684259015,0.8310919933670071,0.9996299973032251,False,,,,
AR,8,1.7824151156764385,0.42695484092403047,0.9996299973032251,False,,,,
ARAF,9,2.768160814695824,0.09260613814818909,0.9996299973032251,False,,,,
ARAP1,7,2.1569808362175453,0.3136403062867931,0.9996299973032251,False,,,,
ARAP2,6,1.157965573509255,0.8859588529170275,0.9996299973032251,False,,,,
ARAP3,10,1.5101198613869964,0.5671911009566222,0.9996299973032251,False,,,,
ARFGEF1,16,0.8426200348979401,0.8134817845167794,0.9996299973032251,False,,,,
ARFGEF2,7,0.9433002569013997,0.9539775910765054,0.9996299973032251,False,,,,
ARFGEF3,8,0.8498432617129562,0.8739778296225753,0.9996299973032251,False,,,,
ARHGAP11A,8,0.8608162432979098,0.8819335066937865,0.9996299973032251,False,,,,
ARHGAP12,7,1.1379402028252388,0.8977204485687229,0.9996299973032251,False,,,,
ARHGAP17,6,1.4291004830833693,0.7280341962294827,0.9996299973032251,False,,,,
ARHGAP18,6,3.0830281089150238,0.13597160188209056,0.9996299973032251,False,,,,
ARHGAP20,7,2.4726415391266707,0.22808389704242032,0.9996299973032251,False,,,,
ARHGAP21,11,2.0138380199829737,0.23943282256154227,0.9996299973032251,False,,,,
ARHGAP24,7,3.4176313026609565e-07,0.9930834366857806,0.9996299973032251,False,,,,
ARHGAP26,8,0.8177458984670761,0.8451826697038379,0.9996299973032251,False,,,,
ARHGAP28,6,2.9531218801672656,0.14962299258074785,0.9996299973032251,False,,,,
ARHGAP29,11,1.3345373598690988,0.7001090369126193,0.9996299973032251,False,,,,
ARHGAP31,15,1.1688850515141386e-07,0.9933004849833063,0.9996299973032251,False,,,,
ARHGAP32,5,3.3341544047044946e-07,0.993958082232087,0.9996299973032251,False,,,,
ARHGAP35,13,1.0475095562395196,0.9488464351449479,0.9996299973032251,False,,,,
ARHGAP39,5,3.2044199747822053e-07,0.9940963260647069,0.9996299973032251,False,,,,
ARHGAP45,5,2.5634691879481425e-07,0.9940070594597986,0.9996299973032251,False,,,,
ARHGAP5,12,1.1836717536021436e-07,0.9940597291107753,0.9996299973032251,False,,,,
ARHGAP6,5,1.1516084832071316,0.8901015948763575,0.9996299973032251,False,,,,
ARHGEF1,10,1.4337939451906958,0.6250372907276974,0.9996299973032251,False,,,,
ARHGEF10,5,2.844722765870844e-07,0.9940003399177986,0.9996299973032251,False,,,,
ARHGEF10L,6,1.3313427019108244,0.777707115281109,0.9996299973032251,False,,,,
ARHGEF11,14,1.0188084365608356,0.9800084793080207,0.9996299973032251,False,,,,
ARHGEF12,8,0.9860427722844138,0.989068755762578,0.9996299973032251,False,,,,
ARHGEF15,9,1.7043074681155423,0.4630544725443695,0.9996299973032251,False,,,,
ARHGEF2,5,3.355348795577178e-07,0.994116423729396,0.9996299973032251,False,,,,
ARHGEF26,6,1.124314126782175,0.9082253365116727,0.9996299973032251,False,,,,
ARHGEF28,8,0.7638730222770058,0.7919462134573675,0.9996299973032251,False,,,,
ARHGEF4,7,0.9706429388348838,0.976514321262621,0.9996299973032251,False,,,,
ARHGEF40,9,2.6791401347313877,0.11145636254015402,0.9996299973032251,False,,,,
ARHGEF5,6,2.272774196323343,0.27495944419773366,0.9996299973032251,False,,,,
ARHGEF6,8,2.95997303397225e-07,0.992493612849856,0.9996299973032251,False,,,,
ARHGEF7,7,0.8959814024257229,0.9136434564130517,0.9996299973032251,False,,,,
ARHGEF9,7,2.402384443970399,0.23492765572106697,0.9996299973032251,False,,,,
ARID1A,37,0.5474674486631738,0.305909152460497,0.9996299973032251,False,,,,
ARID1B,19,0.349661734230646,0.30044547531394056,0.9996299973032251,False,,,,
ARID2,14,1.5057402404150968,0.49492845469175906,0.9996299973032251,False,,,,
ARID3B,5,3.9374045824954615,0.058137410785227904,0.9996299973032251,False,,,,
ARID4A,6,1.1559500983174835,0.8872666131374328,0.9996299973032251,False,,,,
ARID4B,17,2.078211834009288,0.17107396862275184,0.9996299973032251,False,,,,
ARID5B,6,0.929643064122771,0.9428637374115982,0.9996299973032251,False,,,,
ARL6IP6,6,3.273597426948533e-07,0.9935067400253255,0.9996299973032251,False,,,,
ARMC3,6,2.898502873566478e-07,0.9935215958879493,0.9996299973032251,False,,,,
ARMC4,8,0.8997533949151479,0.9173364524953754,0.9996299973032251,False,,,,
ARMC5,6,1.035593478455602,0.9725617046607042,0.9996299973032251,False,,,,
ARMCX1,6,1.0559842152142944,0.9576681730551846,0.9996299973032251,False,,,,
ARMCX2,8,0.9984765095391465,0.998791862199309,0.9996299973032251,False,,,,
ARMCX5,6,2.588934957203625,0.18619017360253554,0.9996299973032251,False,,,,
ARMH4,6,3.642286648743744e-07,0.9935343410708378,0.9996299973032251,False,,,,
ARNT,5,3.583336461529367e-07,0.9941442270056529,0.9996299973032251,False,,,,
ARPP21,7,2.2247625744400996,0.2756320653321575,0.9996299973032251,False,,,,
ARSK,6,2.7903528005279876e-07,0.9933742705797792,0.9996299973032251,False,,,,
ARSL,6,1.0022822436716512,0.9982090711622073,0.9996299973032251,False,,,,
ARVCF,5,3.564773856056163,0.09104619457119846,0.9996299973032251,False,,,,
ASAP1,7,0.9823789742115081,0.986308876708335,0.9996299973032251,False,,,,
ASAP2,6,3.2463856202546324e-07,0.9934974089109416,0.9996299973032251,False,,,,
ASB11,5,1.364163590956853,0.7585505852692251,0.9996299973032251,False,,,,
ASB17,5,3.0928847806995235e-07,0.9941110955145361,0.9996299973032251,False,,,,
ASB7,5,3.218101954957471e-07,0.9939459464844199,0.9996299973032251,False,,,,
ASCC2,5,2.9002413310145815e-07,0.9940830038978482,0.9996299973032251,False,,,,
ASCC3,10,1.4707724171905072,0.5985557917302458,0.9996299973032251,False,,,,
ASH1L,22,0.6160858071478663,0.507280087788516,0.9996299973032251,False,,,,
ASH2L,5,1.5514317001797202,0.663272844418602,0.9996299973032251,False,,,,
ASIC3,8,1.885857846848157,0.38472761227751295,0.9996299973032251,False,,,,
ASL,6,1.1806523174113128,0.8693645285792121,0.9996299973032251,False,,,,
ASMTL,5,3.6686866946465394e-07,0.9941514089781445,0.9996299973032251,False,,,,
ASPA,5,3.6557862957681935,0.08716259440074955,0.9996299973032251,False,,,,
ASPH,5,3.3768266690252544e-07,0.9941464006532847,0.9996299973032251,False,,,,
ASPM,26,0.8213441820259963,0.7474209184050962,0.9996299973032251,False,,,,
ASTN1,16,1.954051680996938,0.2052483726399862,0.9996299973032251,False,,,,
ASTN2,8,1.9876827680054443,0.35397073726957695,0.9996299973032251,False,,,,
ASXL1,7,2.639967440359877e-07,0.9928648745129834,0.9996299973032251,False,,,,
ASXL2,14,2.3546763932412342,0.11023130730030813,0.9996299973032251,False,,,,
ASXL3,23,0.26178310600162447,0.1854743950085837,0.9996299973032251,False,,,,
ATAD2,11,2.2106431071231114,0.20249287616573558,0.9996299973032251,False,,,,
ATAD2B,18,0.3262204593554142,0.26872866895982145,0.9996299973032251,False,,,,
ATAD5,11,2.060630210716008,0.22993183857815794,0.9996299973032251,False,,,,
ATF2,7,3.7317884381428965,0.03412692022809359,0.9996299973032251,False,,,,
ATF6,9,2.6724515598068312,0.12004945585830565,0.9996299973032251,False,,,,
ATF7IP,8,0.8951082501048576,0.9127864341212745,0.9996299973032251,False,,,,
ATG16L1,6,1.363304443799878,0.7589563613837816,0.9996299973032251,False,,,,
ATG16L2,5,1.4162189608340359,0.7357869748985499,0.9996299973032251,False,,,,
ATG2A,9,1.7806008413410395,0.4349711975395516,0.9996299973032251,False,,,,
ATG2B,10,1.4368529263649847,0.6121352060314522,0.9996299973032251,False,,,,
ATG4A,5,3.3190534326430434,0.0935702951484905,0.9996299973032251,False,,,,
ATG4D,5,1.4140925621795255,0.7310415217090371,0.9996299973032251,False,,,,
ATG7,8,1.912836528580361,0.37936535769968605,0.9996299973032251,False,,,,
ATM,22,0.6385844461783692,0.5334597661385637,0.9996299973032251,False,,,,
ATN1,9,1.6416129357888083,0.5071863880062316,0.9996299973032251,False,,,,
ATP10A,12,2.0177819352262425,0.2397667283063822,0.9996299973032251,False,,,,
ATP10B,20,1.050042142678326,0.9346105041962637,0.9996299973032251,False,,,,
ATP10D,12,1.7705038468555734,0.3402481174414564,0.9996299973032251,False,,,,
ATP11A,10,1.4439393128101252,0.6079699386012133,0.9996299973032251,False,,,,
ATP11B,8,2.7427935661509826e-07,0.992414224271316,0.9996299973032251,False,,,,
ATP11C,11,1.2845314184127712,0.7267611767458664,0.9996299973032251,False,,,,
ATP13A1,6,1.098279116622967,0.9259031305532914,0.9996299973032251,False,,,,
ATP13A3,9,2.349042818747517e-07,0.9919476224410393,0.9996299973032251,False,,,,
ATP13A4,10,3.45658866183908e-07,0.9916840089665455,0.9996299973032251,False,,,,
ATP13A5,5,3.235462814284401e-07,0.9941067725228718,0.9996299973032251,False,,,,
ATP1A1,9,1.7430607092891997,0.4633136650807249,0.9996299973032251,False,,,,
ATP1A2,5,3.25402007694163e-07,0.9940346832814553,0.9996299973032251,False,,,,
ATP1A3,5,3.1592099460323833e-07,0.9940739619884107,0.9996299973032251,False,,,,
ATP1A4,12,1.1311505432112363,0.8650879698920793,0.9996299973032251,False,,,,
ATP1B4,6,1.0578288279354762,0.9559652116860362,0.9996299973032251,False,,,,
ATP2A1,9,0.7075571311127717,0.7311076433768251,0.9996299973032251,False,,,,
ATP2B1,14,1.1518870743777996e-07,0.9935693111034894,0.9996299973032251,False,,,,
ATP2B2,7,2.492458978052518,0.21824802136413332,0.9996299973032251,False,,,,
ATP2B3,12,1.1633020364776678,0.8338326856223592,0.9996299973032251,False,,,,
ATP2B4,8,0.7667697354399118,0.7948066701792613,0.9996299973032251,False,,,,
ATP2C1,9,0.8198141211271737,0.8482516914571414,0.9996299973032251,False,,,,
ATP2C2,7,2.457677435230258,0.23117901022241108,0.9996299973032251,False,,,,
ATP4A,7,2.017387504255331,0.3326428690648444,0.9996299973032251,False,,,,
ATP6V0A1,6,1.208528341576615,0.8561029217423257,0.9996299973032251,False,,,,
ATP6V1B1,5,1.2617548291335434,0.8216809858987786,0.9996299973032251,False,,,,
ATP7A,15,0.44232890859606716,0.42171429565691687,0.9996299973032251,False,,,,
ATP7B,7,3.4262018216381054,0.043395198028013164,0.9996299973032251,False,,,,
ATP8A1,5,1.420597684330754,0.7307529824481377,0.9996299973032251,False,,,,
ATP8B1,5,1.5965112428492287,0.646143538076924,0.9996299973032251,False,,,,
ATP8B2,10,1.4163405398405553,0.6351090656291184,0.9996299973032251,False,,,,
ATP8B3,7,3.3791238789007276,0.03919945688516653,0.9996299973032251,False,,,,
ATP8B4,6,0.8814900576758271,0.9019109760799008,0.9996299973032251,False,,,,
ATP9A,14,1.6975599880241115,0.367762699714809,0.9996299973032251,False,,,,
ATP9B,5,1.2752031480556987,0.8102118946524253,0.9996299973032251,False,,,,
ATR,14,1.5948400692077127,0.44603520741325187,0.9996299973032251,False,,,,
ATRN,9,1.777468977903818,0.4286099289063392,0.9996299973032251,False,,,,
ATRNL1,6,2.9781035604159904,0.14589274990507575,0.9996299973032251,False,,,,
ATRX,25,1.4306918065913914,0.4577556921902739,0.9996299973032251,False,,,,
ATXN1,9,0.8344588852644036,0.8594058782739135,0.9996299973032251,False,,,,
ATXN2,13,1.8017627630428454,0.35307362454389857,0.9996299973032251,False,,,,
ATXN3,5,1.5420308606398305,0.6678395294580903,0.9996299973032251,False,,,,
AUTS2,6,1.0226996162543351,0.9823501974495545,0.9996299973032251,False,,,,
AVL9,7,0.9978481512281402,0.9983020740998862,0.9996299973032251,False,,,,
AVPR1B,6,2.5253126555226952,0.2003383928264082,0.9996299973032251,False,,,,
AVPR2,5,1.2670871670450188,0.8140152455808263,0.9996299973032251,False,,,,
AXIN1,8,1.9179574560751131,0.36377750652178475,0.9996299973032251,False,,,,
AXIN2,5,1.422438419021166,0.729778876054775,0.9996299973032251,False,,,,
AXL,6,1.1920899913391416,0.8616530673899662,0.9996299973032251,False,,,,
B3GALT4,5,3.539518761230089e-07,0.9941142893528204,0.9996299973032251,False,,,,
B4GALT5,5,3.41903607941296e-07,0.9941422761996346,0.9996299973032251,False,,,,
BAAT,5,3.017417660237821,0.15420353817614194,0.9996299973032251,False,,,,
BABAM2,6,1.1456989809105649,0.8936121243098323,0.9996299973032251,False,,,,
BACH2,14,0.9977126494235627,0.9974386196660313,0.9996299973032251,False,,,,
BAHCC1,6,2.4812355271498103,0.2030663823820988,0.9996299973032251,False,,,,
BAIAP3,7,0.991265270925177,0.9931329378170121,0.9996299973032251,False,,,,
BANK1,8,0.9391446635734577,0.9506936151306064,0.9996299973032251,False,,,,
BAP1,11,0.6714716833857648,0.6919620509190796,0.9996299973032251,False,,,,
BAZ1A,10,2.926994742558021e-07,0.9916011306891104,0.9996299973032251,False,,,,
BAZ1B,11,0.602115126077738,0.6177616504826253,0.9996299973032251,False,,,,
BAZ2A,9,3.8254129481300265,0.009810785370853637,0.794571452091377,False,,,,
BAZ2B,21,1.8678958991111965,0.1933448103710799,0.9996299973032251,False,,,,
BBS10,8,3.612012369224036e-07,0.9926289757735602,0.9996299973032251,False,,,,
BBS9,7,2.9164997699356654e-07,0.9929254948279056,0.9996299973032251,False,,,,
BBX,8,2.5495202956309505e-07,0.9924429883043282,0.9996299973032251,False,,,,
BCAN,9,2.3558594266311843,0.1574068100897444,0.9996299973032251,False,,,,
BCAP31,5,1.4900749920437217,0.6966152938472014,0.9996299973032251,False,,,,
BCAR1,5,3.1264514126824034e-07,0.9940091964665184,0.9996299973032251,False,,,,
BCAR3,6,2.259919871954629,0.26002504088902617,0.9996299973032251,False,,,,
BCAS1,11,0.7019050273633118,0.726547895657497,0.9996299973032251,False,,,,
BCAT1,5,3.3731786828835913e-07,0.9941111105173628,0.9996299973032251,False,,,,
BCCIP,5,1.4685588691019527,0.705286200211378,0.9996299973032251,False,,,,
BCHE,8,0.7840593239852336,0.8094143563771319,0.9996299973032251,False,,,,
BCKDK,5,3.361454105692156e-07,0.9941336633488004,0.9996299973032251,False,,,,
BCL10,5,3.3287045123216144e-07,0.9941412394775536,0.9996299973032251,False,,,,
BCL11B,5,1.3192478911852912,0.7872261115649144,0.9996299973032251,False,,,,
BCL6,5,2.578835577468475e-07,0.9939238305006457,0.9996299973032251,False,,,,
BCL9,13,0.5134795542412746,0.5088626943419595,0.9996299973032251,False,,,,
BCL9L,6,1.2017672908279413,0.8548235423905661,0.9996299973032251,False,,,,
BCO1,6,3.31394954728319e-07,0.9935441521029698,0.9996299973032251,False,,,,
BCO2,5,1.3811868618408523,0.7527932411351055,0.9996299973032251,False,,,,
BCOR,12,0.6017979377169632,0.6157922201858201,0.9996299973032251,False,,,,
BCORL1,12,1.1397609509248586e-07,0.9939625483245487,0.9996299973032251,False,,,,
BDH1,5,1.484846581131512,0.6967740701631286,0.9996299973032251,False,,,,
BDKRB1,5,3.5944495974137993,0.07596292556762388,0.9996299973032251,False,,,,
BDP1,12,2.4677764509424724,0.08491959737793049,0.9996299973032251,False,,,,
BEND2,6,1.155610643280996,0.8865918288173873,0.9996299973032251,False,,,,
BEST3,8,0.8283080349208143,0.8538969580567453,0.9996299973032251,False,,,,
BICC1,7,1.0287372493101892,0.9776611627310047,0.9996299973032251,False,,,,
BICRAL,6,1.2878555500850146,0.8066501218315205,0.9996299973032251,False,,,,
BID,5,1.7233481266324562,0.5971243865625739,0.9996299973032251,False,,,,
BIRC6,27,1.4245484221775586,0.46128301570279684,0.9996299973032251,False,,,,
BIVM-ERCC5,8,0.884026539752582,0.9033662270604152,0.9996299973032251,False,,,,
BLM,14,0.45329057933691486,0.4367245946246239,0.9996299973032251,False,,,,
BMP2K,5,3.2412119671711606e-07,0.9940835015344431,0.9996299973032251,False,,,,
BMP3,6,2.8231769856997584,0.1715794408714039,0.9996299973032251,False,,,,
BMP5,5,1.7732425697296645,0.5803855183491986,0.9996299973032251,False,,,,
BMPER,5,3.03466806650457e-07,0.9940276539830599,0.9996299973032251,False,,,,
BMPR1B,8,1.7251341260243525,0.453756623238068,0.9996299973032251,False,,,,
BMPR2,8,0.8761085744788232,0.8970643957944884,0.9996299973032251,False,,,,
BMX,8,1.9104985699093988,0.38976929865415055,0.9996299973032251,False,,,,
BNC1,7,3.4013827530716884e-07,0.9930111702673944,0.9996299973032251,False,,,,
BNC2,8,1.8064059469673466,0.41102520047918245,0.9996299973032251,False,,,,
BOC,6,1.018665190337758,0.9854566926552941,0.9996299973032251,False,,,,
BOD1L1,15,1.4720753381698823,0.5171900430872924,0.9996299973032251,False,,,,
BORA,6,1.0875990121977415,0.9339943564632422,0.9996299973032251,False,,,,
BPIFB1,6,2.4450775798324935,0.21614517866765146,0.9996299973032251,False,,,,
BPTF,11,0.5996837049377574,0.6157908250869109,0.9996299973032251,False,,,,
BRAF,7,1.0708689797507454,0.9463152983784731,0.9996299973032251,False,,,,
BRAP,6,2.9705305007257704e-07,0.99349300672515,0.9996299973032251,False,,,,
BRCA1,23,1.0382906163962906,0.9496124684501532,0.9996299973032251,False,,,,
BRCA2,24,0.8918626951335463,0.8482683385211047,0.9996299973032251,False,,,,
BRD7,5,1.339153555527222,0.7720937210921794,0.9996299973032251,False,,,,
BRD8,6,2.604885160381392,0.1871829407446557,0.9996299973032251,False,,,,
BRDT,5,1.3469726045386594,0.7683900884814399,0.9996299973032251,False,,,,
BRINP1,10,0.6331350267169797,0.6526789110385318,0.9996299973032251,False,,,,
BRINP3,12,0.5353466459469723,0.5407708656145005,0.9996299973032251,False,,,,
BRIP1,11,1.1552611033992961e-07,0.9942894590837144,0.9996299973032251,False,,,,
BROX,5,2.7212433892671703e-07,0.9938243968793697,0.9996299973032251,False,,,,
BRPF1,6,1.079168578640276,0.9397112497916505,0.9996299973032251,False,,,,
BRPF3,8,2.033245545575847,0.32464828460304546,0.9996299973032251,False,,,,
BRS3,5,3.5986448924286163e-07,0.9941622454837998,0.9996299973032251,False,,,,
BRSK2,5,1.6765338093956557,0.6125114216462263,0.9996299973032251,False,,,,
BRWD1,21,0.6364542262702839,0.5334312631070175,0.9996299973032251,False,,,,
BRWD3,14,2.278378193055537,0.11489991521479112,0.9996299973032251,False,,,,
BSN,18,0.738531712766529,0.6788206515217119,0.9996299973032251,False,,,,
BTAF1,5,3.041540618536032e-07,0.9940840635156556,0.9996299973032251,False,,,,
BTBD1,5,3.233546544347268e-07,0.9940948135182086,0.9996299973032251,False,,,,
BTBD3,5,1.5163645069168445,0.6823944324117451,0.9996299973032251,False,,,,
BTBD7,6,1.3117495685872866,0.7943632775554808,0.9996299973032251,False,,,,
BTD,6,3.1986379303569995e-07,0.9935103371605243,0.9996299973032251,False,,,,
BTK,7,1.2064666288629293,0.8526771364697099,0.9996299973032251,False,,,,
BTN1A1,5,1.5648876463273071,0.6567910003675868,0.9996299973032251,False,,,,
BTN3A1,5,4.1206130040729267e-07,0.9941574386489421,0.9996299973032251,False,,,,
BTN3A3,6,1.3958977435745552,0.7413180011967282,0.9996299973032251,False,,,,
BTRC,7,3.5895817479311234e-07,0.9930726607120904,0.9996299973032251,False,,,,
BUD23,5,3.624650817391247,0.08191363708941915,0.9996299973032251,False,,,,
C10orf71,7,1.2243573296447683,0.8413399395229699,0.9996299973032251,False,,,,
C12orf40,8,1.853398179620519,0.40291979146393286,0.9996299973032251,False,,,,
C12orf71,5,3.3790715841614807,0.09324130333768725,0.9996299973032251,False,,,,
C14orf39,6,2.7865736027022467e-07,0.9934500385910978,0.9996299973032251,False,,,,
C14orf93,6,1.1347034934673472,0.9031387583665166,0.9996299973032251,False,,,,
C19orf44,5,1.5952917961080906,0.6471850688701172,0.9996299973032251,False,,,,
C1RL,5,2.9146958617631767e-07,0.9939627678859836,0.9996299973032251,False,,,,
C1orf112,5,3.731160782526455e-07,0.9941304687164166,0.9996299973032251,False,,,,
C2CD3,12,0.48697672668936137,0.4768206198789837,0.9996299973032251,False,,,,
C2CD5,8,0.8598338165865499,0.8819717012217059,0.9996299973032251,False,,,,
C2orf16,13,0.5698342679936218,0.5810487627810857,0.9996299973032251,False,,,,
C2orf42,5,1.4754242393789732,0.7068226014839717,0.9996299973032251,False,,,,
C2orf78,6,2.7908465996579024e-07,0.9934664524809751,0.9996299973032251,False,,,,
C3,11,1.2527081964309141,0.7543522037450162,0.9996299973032251,False,,,,
C4BPA,8,0.8973458949759132,0.9145797822998185,0.9996299973032251,False,,,,
C4orf17,5,3.0007595371004274e-07,0.9940744439532848,0.9996299973032251,False,,,,
C5,9,2.808910032479335e-07,0.99193637683488,0.9996299973032251,False,,,,
C5orf51,5,3.327759186294947e-07,0.9941242957081085,0.9996299973032251,False,,,,
C6,10,0.626065779322108,0.6470753505518461,0.9996299973032251,False,,,,
C6orf118,5,1.4436494658568788,0.7153511484118174,0.9996299973032251,False,,,,
C7,7,3.2754871210524626e-07,0.9929810781914038,0.9996299973032251,False,,,,
C7orf31,6,1.1507470714420076,0.8917591423751825,0.9996299973032251,False,,,,
C9,6,1.5501260333251639,0.6682981073845348,0.9996299973032251,False,,,,
C9orf131,7,2.212743594225253,0.28943059043694086,0.9996299973032251,False,,,,
C9orf43,7,3.5042049886024734e-07,0.9930651634566918,0.9996299973032251,False,,,,
CA11,7,1.1683535691434699,0.8780781504078345,0.9996299973032251,False,,,,
CA9,6,3.3960489316797623e-07,0.993482007252189,0.9996299973032251,False,,,,
CABIN1,7,2.430993485670751,0.23253985949516243,0.9996299973032251,False,,,,
CABLES1,5,2.48093199710349e-07,0.9939361782261357,0.9996299973032251,False,,,,
CABYR,5,3.2690381392813864e-07,0.9940604565990094,0.9996299973032251,False,,,,
CACHD1,7,0.9514316504394527,0.9607857866108398,0.9996299973032251,False,,,,
CACNA1A,20,1.4854156331484525,0.44219302253075676,0.9996299973032251,False,,,,
CACNA1B,12,0.6168921598368601,0.6320453464132199,0.9996299973032251,False,,,,
CACNA1C,15,1.3711954724945405,0.5981388763994311,0.9996299973032251,False,,,,
CACNA1D,13,1.7274167433522123,0.36379419950237424,0.9996299973032251,False,,,,
CACNA1E,33,0.5970646904889159,0.38739900411317363,0.9996299973032251,False,,,,
CACNA1F,19,0.34385634624254996,0.28932304159407324,0.9996299973032251,False,,,,
CACNA1G,8,0.8616580316317535,0.8829581273994972,0.9996299973032251,False,,,,
CACNA1H,8,0.8144477792131304,0.840514225748981,0.9996299973032251,False,,,,
CACNA1S,11,0.6189322468027804,0.6347366497642482,0.9996299973032251,False,,,,
CACNA2D1,8,2.9949119047891234e-07,0.9923377154426586,0.9996299973032251,False,,,,
CACNA2D2,8,0.8876958632646968,0.9068481197640805,0.9996299973032251,False,,,,
CACNA2D3,9,0.7553368231715973,0.7814620770494967,0.9996299973032251,False,,,,
CACNA2D4,5,3.3557824495936024e-07,0.9941081995651043,0.9996299973032251,False,,,,
CACNB2,5,2.6799272254785025e-07,0.993784774196236,0.9996299973032251,False,,,,
CACNG3,5,3.0349994944617036,0.12866902455212176,0.9996299973032251,False,,,,
CAD,18,2.077999840596552,0.12683113508350544,0.9996299973032251,False,,,,
CADM2,5,1.5663781626435571,0.6560381779952527,0.9996299973032251,False,,,,
CADPS,13,2.41668131525543,0.09659322540874367,0.9996299973032251,False,,,,
CADPS2,11,1.2327032399694204,0.7767448769293608,0.9996299973032251,False,,,,
CALCOCO1,5,3.442794995141312e-07,0.9941484611735917,0.9996299973032251,False,,,,
CALCRL,5,1.3707900938613748,0.7563628893089103,0.9996299973032251,False,,,,
CALD1,7,1.0752312656313763,0.9431601276166874,0.9996299973032251,False,,,,
CALR3,5,3.3840647814750757,0.09300306799793802,0.9996299973032251,False,,,,
CAMK2D,5,3.3395036462602537e-07,0.9939932936396052,0.9996299973032251,False,,,,
CAMSAP1,9,1.512548007906369,0.5722897707747467,0.9996299973032251,False,,,,
CAMSAP2,11,0.6621497133733133,0.6902325915115373,0.9996299973032251,False,,,,
CAMSAP3,7,3.849273847518031e-07,0.9930160913488012,0.9996299973032251,False,,,,
CAMTA1,8,0.7985426749307384,0.8258936417572725,0.9996299973032251,False,,,,
CAND1,6,2.811632511292593,0.17749970211134009,0.9996299973032251,False,,,,
CAPN1,6,3.169787906791163e-07,0.9934829356832301,0.9996299973032251,False,,,,
CAPN12,5,3.477121855980473e-07,0.9941345030080646,0.9996299973032251,False,,,,
CAPN2,6,1.0627929810561996,0.9517613585308325,0.9996299973032251,False,,,,
CAPN6,6,2.659883359149993e-07,0.9933970755595272,0.9996299973032251,False,,,,
CAPRIN2,7,2.327713546583615,0.25576123211716717,0.9996299973032251,False,,,,
CARD10,5,3.5117591565799394e-07,0.9939343675935678,0.9996299973032251,False,,,,
CARD11,11,0.6735611806097552,0.6955746500830533,0.9996299973032251,False,,,,
CARD14,6,1.1441237820396686,0.8941052406054708,0.9996299973032251,False,,,,
CARD6,7,2.2544754830543523,0.2603597675968025,0.9996299973032251,False,,,,
CARF,5,5.664747681380512,0.006659157157809947,0.7282424286839542,False,,,,
CARMIL1,8,0.7656653685328159,0.7936257080605258,0.9996299973032251,False,,,,
CARMIL3,14,0.506726081987848,0.5021620425775165,0.9996299973032251,False,,,,
CARNS1,5,1.4394698519897673,0.7208973699700232,0.9996299973032251,False,,,,
CARS1,5,1.4353506157087863,0.7252872579444303,0.9996299973032251,False,,,,
CASK,9,0.7618340821395443,0.7887402963796586,0.9996299973032251,False,,,,
CASP8,16,0.44677679825125943,0.4253584373291731,0.9996299973032251,False,,,,
CASP8AP2,12,0.5538703948631313,0.5623120745866557,0.9996299973032251,False,,,,
CASQ2,6,3.243402150083967e-07,0.9935339234520838,0.9996299973032251,False,,,,
CASR,14,1.099107557131213,0.8973883769971807,0.9996299973032251,False,,,,
CASS4,7,1.0598916979043531,0.955025642829645,0.9996299973032251,False,,,,
CAST,6,3.5699526743619896e-07,0.9935915967549626,0.9996299973032251,False,,,,
CASZ1,9,4.230296234979678,0.005390047383389601,0.6601389611130317,False,,,,
CATSPER3,5,3.006352643976183e-07,0.9940517899798781,0.9996299973032251,False,,,,
CATSPERB,5,3.2191956708463816e-07,0.9940979911808021,0.9996299973032251,False,,,,
CATSPERD,5,3.002315586826092e-07,0.9939875282337719,0.9996299973032251,False,,,,
CATSPERE,8,0.9897785802055562,0.991932124159677,0.9996299973032251,False,,,,
CAVIN1,5,2.963025505940231e-07,0.9940809190115915,0.9996299973032251,False,,,,
CBFB,24,1.254731858378525,0.6553129985451154,0.9996299973032251,False,,,,
CBLB,12,1.97449446070694,0.2574807139593209,0.9996299973032251,False,,,,
CBX8,6,3.318848028918272e-07,0.993544881906752,0.9996299973032251,False,,,,
CC2D1A,6,1.218819586584349,0.8448962157937813,0.9996299973032251,False,,,,
CC2D1B,7,1.0921181412906504,0.9309817802751645,0.9996299973032251,False,,,,
CC2D2A,8,0.8091861289923717,0.840436347708139,0.9996299973032251,False,,,,
CCAR1,10,1.3682415903285268,0.6703280293616666,0.9996299973032251,False,,,,
CCDC102B,5,2.9769940390948323e-07,0.9939491069544966,0.9996299973032251,False,,,,
CCDC110,5,2.793827939247094e-07,0.9940701725974559,0.9996299973032251,False,,,,
CCDC120,6,3.15697922987504e-07,0.9935202250680529,0.9996299973032251,False,,,,
CCDC136,9,3.176187564686638e-07,0.9921013056566244,0.9996299973032251,False,,,,
CCDC138,5,1.3839487809736397,0.7496498333377457,0.9996299973032251,False,,,,
CCDC14,6,2.512313374326414,0.21049887644625115,0.9996299973032251,False,,,,
CCDC142,5,2.8232980671804243e-07,0.9939977735620085,0.9996299973032251,False,,,,
CCDC144A,12,2.6576779487238205,0.06296097855690914,0.9996299973032251,False,,,,
CCDC146,8,0.7725031521746781,0.7999544019416791,0.9996299973032251,False,,,,
CCDC148,5,3.3716166039993923e-07,0.9941119595360515,0.9996299973032251,False,,,,
CCDC150,10,0.5607582624281142,0.5711763773153136,0.9996299973032251,False,,,,
CCDC158,5,3.0486448980982747e-07,0.994078430541703,0.9996299973032251,False,,,,
CCDC170,6,2.881855979444237e-07,0.9935057476668376,0.9996299973032251,False,,,,
CCDC171,8,0.635179473404047,0.6565580633310574,0.9996299973032251,False,,,,
CCDC172,5,3.728870822217634e-07,0.9941141028691084,0.9996299973032251,False,,,,
CCDC173,7,0.8896831596829766,0.9101030575546828,0.9996299973032251,False,,,,
CCDC178,7,1.8826696537789205,0.38456683386553314,0.9996299973032251,False,,,,
CCDC180,8,0.8757020587504503,0.8977355982092851,0.9996299973032251,False,,,,
CCDC181,5,1.6115671915590128,0.6378916161289838,0.9996299973032251,False,,,,
CCDC185,7,4.40236181028033,0.012226444484870662,0.794571452091377,False,,,,
CCDC191,7,1.102691768635521,0.9239642325355226,0.9996299973032251,False,,,,
CCDC30,5,1.7402015213490145,0.5842335207886916,0.9996299973032251,False,,,,
CCDC39,8,0.8100589715112813,0.835167989635317,0.9996299973032251,False,,,,
CCDC40,7,2.420344217551456,0.2345764966251786,0.9996299973032251,False,,,,
CCDC50,7,3.398588320400542e-07,0.9929955190568006,0.9996299973032251,False,,,,
CCDC57,7,2.308172612693864,0.25470428041371773,0.9996299973032251,False,,,,
CCDC60,6,2.8034265757649783,0.15238532032255175,0.9996299973032251,False,,,,
CCDC62,5,2.672588793219053e-07,0.9939865885789538,0.9996299973032251,False,,,,
CCDC63,5,2.4992409237412283e-07,0.9940110020788236,0.9996299973032251,False,,,,
CCDC66,5,1.614174148287027,0.6359147216507579,0.9996299973032251,False,,,,
CCDC7,8,2.5474373049176062,0.12181533442655192,0.9996299973032251,False,,,,
CCDC73,6,3.548895746207056e-07,0.9929908680290458,0.9996299973032251,False,,,,
CCDC78,5,3.2843710213234902,0.10299259810740433,0.9996299973032251,False,,,,
CCDC80,11,2.5638395955324715,0.07469678222725971,0.9996299973032251,False,,,,
CCDC82,5,1.654453620698747,0.6171884204127676,0.9996299973032251,False,,,,
CCDC87,6,3.622630740669714e-07,0.9935744235644093,0.9996299973032251,False,,,,
CCDC88A,11,2.1974169204624343,0.21026146217238573,0.9996299973032251,False,,,,
CCDC88C,7,3.023246623206573e-07,0.993015514881774,0.9996299973032251,False,,,,
CCIN,7,0.9076694358920323,0.9252476323900455,0.9996299973032251,False,,,,
CCNA2,5,1.421427507062544,0.7294548899521767,0.9996299973032251,False,,,,
CCNB3,14,1.0503755931862773,0.9457797871675687,0.9996299973032251,False,,,,
CCNL2,5,1.445182863357101,0.723552100238614,0.9996299973032251,False,,,,
CCNT1,7,3.0343724537621173e-07,0.9929102695695001,0.9996299973032251,False,,,,
CCP110,5,3.210185625002896,0.10668255695263672,0.9996299973032251,False,,,,
CCPG1,9,0.7310877593951691,0.7578364930568958,0.9996299973032251,False,,,,
CCSER2,5,1.4213606232238745,0.7355207278630997,0.9996299973032251,False,,,,
CCT3,6,3.435677512607837e-07,0.9935984424457199,0.9996299973032251,False,,,,
CCT6B,6,1.2630040576319213,0.8163696882668845,0.9996299973032251,False,,,,
CCT8L2,5,3.809538611371234e-07,0.9941722191929471,0.9996299973032251,False,,,,
CD109,11,0.5909517239168625,0.6029158578498148,0.9996299973032251,False,,,,
CD163L1,14,1.574794236946531,0.4574536883722067,0.9996299973032251,False,,,,
CD19,8,2.7609971292788923e-07,0.9924045431726998,0.9996299973032251,False,,,,
CD1B,6,1.1883694732958177,0.864845161141096,0.9996299973032251,False,,,,
CD1D,5,3.932281870175638,0.06344617179454998,0.9996299973032251,False,,,,
CD1E,8,0.8382909513497805,0.8616526984047203,0.9996299973032251,False,,,,
CD22,6,2.607590378053835e-07,0.9934276246589797,0.9996299973032251,False,,,,
CD248,5,1.2837707081160359,0.8050049447301071,0.9996299973032251,False,,,,
CD300A,5,1.5419870594874048,0.6680107498516418,0.9996299973032251,False,,,,
CD4,6,1.08465619065999,0.9365601317576882,0.9996299973032251,False,,,,
CD44,5,3.27178649322724e-07,0.9940900944832828,0.9996299973032251,False,,,,
CD46,5,1.3806763374503577,0.7490551458512155,0.9996299973032251,False,,,,
CD5L,9,0.5785646558013686,0.5893252842497935,0.9996299973032251,False,,,,
CD84,5,1.2730606660418327,0.8148153263492033,0.9996299973032251,False,,,,
CD96,5,1.0901672019774582,0.9326079672883273,0.9996299973032251,False,,,,
CDADC1,5,4.984379249283563e-07,0.9934237537515198,0.9996299973032251,False,,,,
CDC25B,5,3.0276042421505025,0.12192484871806354,0.9996299973032251,False,,,,
CDC25C,5,1.3700837763100862,0.7545184621879419,0.9996299973032251,False,,,,
CDC27,5,1.3607174221456917,0.7631519306227678,0.9996299973032251,False,,,,
CDC42BPA,16,0.42595672253275807,0.4002948056943706,0.9996299973032251,False,,,,
CDC42BPB,12,1.2315639034110957,0.7841216303822939,0.9996299973032251,False,,,,
CDC5L,9,0.8207206173467289,0.8480884305162243,0.9996299973032251,False,,,,
CDC7,5,3.3261902324789745e-07,0.9941203087746475,0.9996299973032251,False,,,,
CDC73,8,2.844907181499055e-07,0.9924791696301082,0.9996299973032251,False,,,,
CDCA2,6,3.8853061796161105e-07,0.9936141252307182,0.9996299973032251,False,,,,
CDCP1,6,3.366257232556303e-07,0.9935856730647323,0.9996299973032251,False,,,,
CDH1,128,0.713755963928139,0.2334800559688186,0.9996299973032251,False,-0.046880064233697,0.11,0.425,False
CDH10,13,1.166794366917535e-07,0.9938276367531315,0.9996299973032251,False,,,,
CDH11,6,1.2638941053991302,0.8181290295849049,0.9996299973032251,False,,,,
CDH12,12,2.6415499312008834,0.06620830970980335,0.9996299973032251,False,,,,
CDH16,6,1.2780876225231885,0.8135918445672087,0.9996299973032251,False,,,,
CDH17,6,1.2458618602165183,0.8280859331741602,0.9996299973032251,False,,,,
CDH19,7,2.8106217976516443e-07,0.9929637443536152,0.9996299973032251,False,,,,
CDH20,11,1.264617322772798,0.7477578762035058,0.9996299973032251,False,,,,
CDH23,13,1.1131945980644373,0.8826439832770332,0.9996299973032251,False,,,,
CDH24,7,1.0365605404810996,0.9717103358924084,0.9996299973032251,False,,,,
CDH26,8,2.0808657192446742,0.30589320811972,0.9996299973032251,False,,,,
CDH4,6,2.834099560932794e-07,0.9934082689783734,0.9996299973032251,False,,,,
CDH6,6,1.018448520690203,0.9855408237573394,0.9996299973032251,False,,,,
CDH7,6,2.698792347398165,0.16893735833704845,0.9996299973032251,False,,,,
CDH8,13,2.422787321210633,0.09020352264885304,0.9996299973032251,False,,,,
CDH9,14,1.5070986267161461,0.48911806042435,0.9996299973032251,False,,,,
CDHR1,6,2.6297879090404748,0.18824799543727405,0.9996299973032251,False,,,,
CDHR2,6,1.260721763283585,0.8188450267625493,0.9996299973032251,False,,,,
CDHR3,5,6.480836780901578,0.00167010030132407,0.516138789422766,False,,,,
CDK11A,5,1.86120496057668,0.537241554528643,0.9996299973032251,False,,,,
CDK11B,6,3.2764052938833586e-07,0.9935419913530548,0.9996299973032251,False,,,,
CDK12,12,1.215823934546666,0.786283347787828,0.9996299973032251,False,,,,
CDK13,7,1.8780864974303253,0.39096408888896206,0.9996299973032251,False,,,,
CDK17,5,1.5131436433202814,0.6875408906514135,0.9996299973032251,False,,,,
CDK19,6,3.5736074517671153e-07,0.9935974493064861,0.9996299973032251,False,,,,
CDK5RAP2,10,0.6546322898159537,0.676316730552196,0.9996299973032251,False,,,,
CDKAL1,6,3.3959394738440574e-07,0.9935149636455015,0.9996299973032251,False,,,,
CDKL1,5,1.2271630712862618,0.8402090170281251,0.9996299973032251,False,,,,
CDKL3,7,2.9711612655115425,0.07154880858988563,0.9996299973032251,False,,,,
CDKL5,8,0.8221702572989532,0.8466159498962373,0.9996299973032251,False,,,,
CDKN1B,10,1.3725984446885557,0.6605411223150528,0.9996299973032251,False,,,,
CDRT1,7,2.6601151905119725e-07,0.9928950481863449,0.9996299973032251,False,,,,
CDYL,5,3.720436305002924e-07,0.9941604970616695,0.9996299973032251,False,,,,
CEACAM20,5,3.5698416726676814e-07,0.9941097695090828,0.9996299973032251,False,,,,
CECR2,14,1.091464017332156e-07,0.9935563151621707,0.9996299973032251,False,,,,
CELA3B,5,2.632184650253587e-07,0.9939730504113976,0.9996299973032251,False,,,,
CELF2,5,3.6745482607998406e-07,0.9940907882502253,0.9996299973032251,False,,,,
CELSR1,10,1.6782470140260821,0.4723513710254992,0.9996299973032251,False,,,,
CELSR2,10,0.7534622334713469,0.7803930909660283,0.9996299973032251,False,,,,
CELSR3,11,0.6465168308571294,0.6686606103285038,0.9996299973032251,False,,,,
CEMIP,6,3.270369593944648e-07,0.9934935262531497,0.9996299973032251,False,,,,
CENPC,6,1.191508494260104,0.8656592469359035,0.9996299973032251,False,,,,
CENPE,22,0.880493983277657,0.8327557158975439,0.9996299973032251,False,,,,
CENPF,17,1.2702759888335426,0.6936334038492435,0.9996299973032251,False,,,,
CENPJ,6,3.3971223990702367e-07,0.993562409069632,0.9996299973032251,False,,,,
CENPO,5,1.5561563389947886,0.6647073745911585,0.9996299973032251,False,,,,
CEP112,7,2.1496626394090703,0.2933281089437527,0.9996299973032251,False,,,,
CEP120,8,1.61036642242569,0.5109504581131901,0.9996299973032251,False,,,,
CEP126,9,0.7376898563128381,0.7633508607653066,0.9996299973032251,False,,,,
CEP128,9,0.8888718078164618,0.9071268175640921,0.9996299973032251,False,,,,
CEP131,5,3.314901878606125e-07,0.9940759533508393,0.9996299973032251,False,,,,
CEP135,5,1.412408565703553,0.7341899353950967,0.9996299973032251,False,,,,
CEP152,12,0.5178497106491922,0.5189832091816098,0.9996299973032251,False,,,,
CEP162,14,1.001455093573682e-07,0.9935056698925724,0.9996299973032251,False,,,,
CEP170,17,0.7696951972442403,0.7187840763103501,0.9996299973032251,False,,,,
CEP192,13,1.0070791855525727,0.9923409616983696,0.9996299973032251,False,,,,
CEP250,11,1.3340088160163621,0.6892184636689205,0.9996299973032251,False,,,,
CEP290,11,0.567482161375848,0.5763671952194023,0.9996299973032251,False,,,,
CEP350,22,0.6108612840231364,0.5027816333901979,0.9996299973032251,False,,,,
CEP41,5,2.863656754556994,0.1676119886007365,0.9996299973032251,False,,,,
CEP63,5,4.30672424035885,0.05025148966443577,0.9996299973032251,False,,,,
CEP68,6,2.9336517097297,0.1379490165732903,0.9996299973032251,False,,,,
CEP70,10,1.5524132351771647,0.5432580557722945,0.9996299973032251,False,,,,
CEP72,10,0.8009820495309574,0.8298036976262706,0.9996299973032251,False,,,,
CEP85,7,0.9744086458699728,0.9799052016280708,0.9996299973032251,False,,,,
CEP95,12,1.2935537652506568,0.7255285913852019,0.9996299973032251,False,,,,
CERKL,5,3.109218135023044e-07,0.9940799699627395,0.9996299973032251,False,,,,
CES5A,5,3.4742215524379986e-07,0.9940760648304976,0.9996299973032251,False,,,,
CFAP20DC,6,1.0670516334080389,0.9497625043199367,0.9996299973032251,False,,,,
CFAP251,8,3.3340694327610123,0.04666307723008605,0.9996299973032251,False,,,,
CFAP43,8,0.7880330161152463,0.8141785949575995,0.9996299973032251,False,,,,
CFAP44,10,0.6806448365722912,0.7068289426835321,0.9996299973032251,False,,,,
CFAP46,5,1.231127101746351,0.8416273872515697,0.9996299973032251,False,,,,
CFAP47,14,0.9865192223868894,0.9851340002793703,0.9996299973032251,False,,,,
CFAP54,8,3.2277252579496273e-07,0.9925268914586854,0.9996299973032251,False,,,,
CFAP58,8,2.2045188227582986,0.28986101493537686,0.9996299973032251,False,,,,
CFAP61,12,1.2607359976715244e-07,0.994099387944146,0.9996299973032251,False,,,,
CFAP65,8,0.8684205972551781,0.8886687119378559,0.9996299973032251,False,,,,
CFAP69,7,1.0507844451478603,0.9611919418448441,0.9996299973032251,False,,,,
CFAP70,8,3.0393705999033936e-07,0.9924578881675805,0.9996299973032251,False,,,,
CFAP74,10,2.5062423924243586,0.12990467939774053,0.9996299973032251,False,,,,
CFAP91,6,1.22816747814283,0.8432000488033542,0.9996299973032251,False,,,,
CFAP92,5,1.3056197552257727,0.7969584176311836,0.9996299973032251,False,,,,
CFAP94,5,3.594126043761715,0.08610242101770238,0.9996299973032251,False,,,,
CFAP97,5,2.9125369652922685e-07,0.9940402141944465,0.9996299973032251,False,,,,
CFH,16,1.2816396667844554,0.6735097843990258,0.9996299973032251,False,,,,
CFP,7,3.2804744646121333e-07,0.9930664031391382,0.9996299973032251,False,,,,
CFTR,13,2.0062261766185303,0.26803577677253415,0.9996299973032251,False,,,,
CGN,8,1.8781807601993095,0.39486060518083643,0.9996299973032251,False,,,,
CGNL1,7,2.2018915239901538,0.29441380836540326,0.9996299973032251,False,,,,
CHAF1A,5,1.0236854068022847,0.9816064366584248,0.9996299973032251,False,,,,
CHAMP1,6,3.120354332287535,0.1165521553965934,0.9996299973032251,False,,,,
CHD1,9,3.15077552438008e-07,0.9919999150960114,0.9996299973032251,False,,,,
CHD1L,9,2.2824803375065317,0.16576766670697227,0.9996299973032251,False,,,,
CHD2,10,0.6107717074921031,0.6305818491007139,0.9996299973032251,False,,,,
CHD3,12,2.9313657317730324,0.04418375525140397,0.9996299973032251,False,,,,
CHD4,25,1.8848691137735563,0.14187565529073878,0.9996299973032251,False,,,,
CHD5,12,3.0948709196536766,0.03601231404105957,0.9996299973032251,False,,,,
CHD6,22,0.9203870467879988,0.888989954881124,0.9996299973032251,False,,,,
CHD7,21,0.9867231518715104,0.982140950053349,0.9996299973032251,False,,,,
CHD8,14,1.0025179374646505,0.9972825212512795,0.9996299973032251,False,,,,
CHD9,14,1.8538890415611775,0.3245460592987013,0.9996299973032251,False,,,,
CHEK2,6,2.8843378059433165,0.14743641246534436,0.9996299973032251,False,,,,
CHGB,9,2.5752938377995327,0.11136255610473444,0.9996299973032251,False,,,,
CHI3L1,7,0.9746118325403875,0.9796595523281623,0.9996299973032251,False,,,,
CHM,5,1.1152918696042853,0.915603336787601,0.9996299973032251,False,,,,
CHML,5,3.745173356210589e-07,0.9941576630390885,0.9996299973032251,False,,,,
CHN1,5,3.4905953438201285e-07,0.9941315819935393,0.9996299973032251,False,,,,
CHORDC1,5,3.11794211410044,0.13927121725481695,0.9996299973032251,False,,,,
CHRDL1,5,1.560223275282334,0.664935086872844,0.9996299973032251,False,,,,
CHRM2,7,2.625169599198641e-07,0.9929335511188011,0.9996299973032251,False,,,,
CHRNB2,8,0.9650290029600778,0.9718726867375297,0.9996299973032251,False,,,,
CHST2,5,3.3868999570996423e-07,0.9941060312665709,0.9996299973032251,False,,,,
CHST9,5,4.171541528327899e-07,0.9942159038139521,0.9996299973032251,False,,,,
CHSY1,5,1.5388325001033762,0.6710217065179627,0.9996299973032251,False,,,,
CHUK,5,3.3727423876256054e-07,0.994129603312885,0.9996299973032251,False,,,,
CIITA,5,2.9635730434138885e-07,0.9940861193189259,0.9996299973032251,False,,,,
CILK1,7,0.970057220110262,0.976035525995269,0.9996299973032251,False,,,,
CILP,8,3.350619138755158,0.040993658610536936,0.9996299973032251,False,,,,
CIP2A,5,1.721763633384274,0.5910524560554362,0.9996299973032251,False,,,,
CIT,17,2.741486122871842,0.018717446892954504,0.9678999759978918,False,,,,
CKAP2,7,0.9631255791136519,0.9702349912974246,0.9996299973032251,False,,,,
CKAP2L,6,2.963482398849032e-07,0.9934700544002578,0.9996299973032251,False,,,,
CKAP5,11,0.5836937943866523,0.5991934777321266,0.9996299973032251,False,,,,
CKMT2,5,3.284544330043718e-07,0.9939567963475299,0.9996299973032251,False,,,,
CLASP1,6,2.3353788374327595,0.2579021282197216,0.9996299973032251,False,,,,
CLASP2,10,1.4745024562294657,0.5994962650052009,0.9996299973032251,False,,,,
CLCA1,7,3.697904881428951,0.029932808684005628,0.9996299973032251,False,,,,
CLCN3,6,1.3111011545341131,0.78803767853922,0.9996299973032251,False,,,,
CLCN6,6,2.5567999438147715,0.20417786792799472,0.9996299973032251,False,,,,
CLEC16A,8,2.566791787861802e-07,0.9924761586926691,0.9996299973032251,False,,,,
CLIP1,8,1.5077051486986193,0.5741574740478774,0.9996299973032251,False,,,,
CLIP2,5,3.144920459650917e-07,0.993988809040586,0.9996299973032251,False,,,,
CLK2,5,3.1618760258017216e-07,0.9940932039588292,0.9996299973032251,False,,,,
CLK3,5,1.572864256915036,0.6636651512231282,0.9996299973032251,False,,,,
CLK4,5,3.164797284014888,0.1369370602359913,0.9996299973032251,False,,,,
CLMN,7,2.11141484575977,0.3091308740365898,0.9996299973032251,False,,,,
CLOCK,6,1.1855813561616932,0.8706236927780667,0.9996299973032251,False,,,,
CLSPN,6,2.3209050979110426,0.2450356037567142,0.9996299973032251,False,,,,
CLSTN2,6,2.9034851516670065e-07,0.9934037925859083,0.9996299973032251,False,,,,
CLTC,8,2.0291798654393034,0.3316852839397043,0.9996299973032251,False,,,,
CLTCL1,6,2.9395245035603574e-07,0.9934384685102227,0.9996299973032251,False,,,,
CLUH,7,2.1737348628845488,0.3064569344923671,0.9996299973032251,False,,,,
CMAS,6,1.2116876142968294,0.8517344614390906,0.9996299973032251,False,,,,
CMTR2,6,1.2502692299258493,0.8261746842235582,0.9996299973032251,False,,,,
CMYA5,24,0.8303476588195949,0.7587153849957466,0.9996299973032251,False,,,,
CNBD1,7,1.2566556207879955,0.8218298308076719,0.9996299973032251,False,,,,
CNDP1,6,3.177310920745678e-07,0.993488936213138,0.9996299973032251,False,,,,
CNGA2,9,6.065267049867701,0.00010973128492770019,0.3239797602270929,False,,,,
CNGA3,5,1.2290016992495347,0.8389368160266488,0.9996299973032251,False,,,,
CNGA4,6,3.3140797008043835e-07,0.9935584301620218,0.9996299973032251,False,,,,
CNGB3,8,1.9368170243712741,0.38100620519461326,0.9996299973032251,False,,,,
CNKSR1,5,3.415895504750596e-07,0.9941002566134064,0.9996299973032251,False,,,,
CNKSR2,9,1.4846984532221017,0.5814311883826029,0.9996299973032251,False,,,,
CNOT1,16,0.4303309534088859,0.4053598590010433,0.9996299973032251,False,,,,
CNOT2,5,3.087719391145492,0.1275540297441148,0.9996299973032251,False,,,,
CNOT3,8,1.8056558212024882,0.41602292774042204,0.9996299973032251,False,,,,
CNOT6,5,1.5815482710244375,0.6613208949061606,0.9996299973032251,False,,,,
CNST,6,2.9124873186665754,0.14685968848373646,0.9996299973032251,False,,,,
CNTLN,16,1.0792034721027891e-07,0.9930417452221102,0.9996299973032251,False,,,,
CNTN1,11,0.5069499278227854,0.5035183518384584,0.9996299973032251,False,,,,
CNTN2,7,1.0773362373252475,0.941615914208174,0.9996299973032251,False,,,,
CNTN3,9,2.9126259376209367,0.0790973291697003,0.9996299973032251,False,,,,
CNTN4,9,0.7952358949708315,0.8242266077625309,0.9996299973032251,False,,,,
CNTN5,5,3.540174466777906e-07,0.9940867418641102,0.9996299973032251,False,,,,
CNTN6,12,1.1074503035847998,0.89012385769511,0.9996299973032251,False,,,,
CNTNAP1,9,2.812123539447909e-07,0.9919167473223679,0.9996299973032251,False,,,,
CNTNAP2,12,1.3029611583766505,0.7228653414568079,0.9996299973032251,False,,,,
CNTNAP3,9,0.685204172725825,0.7124033021268095,0.9996299973032251,False,,,,
CNTNAP4,7,2.4963589151325487,0.20657983086798784,0.9996299973032251,False,,,,
CNTNAP5,17,0.3823804965768772,0.3454738518936139,0.9996299973032251,False,,,,
CNTRL,10,1.5635134279375422,0.5371629394590659,0.9996299973032251,False,,,,
CNTROB,5,1.2720692570391074,0.8133608763815587,0.9996299973032251,False,,,,
COBLL1,9,3.0802814705923263e-07,0.99195883771514,0.9996299973032251,False,,,,
COG1,10,3.1419293476809587e-07,0.9916542031174714,0.9996299973032251,False,,,,
COG2,6,2.775208669620149e-07,0.9934548949827082,0.9996299973032251,False,,,,
COG3,5,1.4722743762016919,0.7034654237225539,0.9996299973032251,False,,,,
COG5,5,1.4693506637638534,0.7088923864581972,0.9996299973032251,False,,,,
COL10A1,5,3.680895986480842,0.07561774330401015,0.9996299973032251,False,,,,
COL11A1,17,0.832173418370084,0.7996095054412206,0.9996299973032251,False,,,,
COL12A1,24,2.6359603048241484,0.0193896324438761,0.9808624934108626,False,,,,
COL14A1,19,0.7470378533548162,0.6874459801579756,0.9996299973032251,False,,,,
COL15A1,6,2.2707681074667847,0.26154529592495085,0.9996299973032251,False,,,,
COL16A1,8,0.9378792851686097,0.9493696231791615,0.9996299973032251,False,,,,
COL17A1,10,0.6308551640196335,0.6490272898409912,0.9996299973032251,False,,,,
COL18A1,10,2.5490849530061834,0.12676186709470916,0.9996299973032251,False,,,,
COL19A1,12,0.5067592127402643,0.503126870911303,0.9996299973032251,False,,,,
COL1A1,10,1.5738534712377208,0.5294617768985026,0.9996299973032251,False,,,,
COL1A2,13,0.4905099698793792,0.48129535563355563,0.9996299973032251,False,,,,
COL22A1,17,0.7328197656758227,0.6661321864187295,0.9996299973032251,False,,,,
COL23A1,7,5.387156275224034,0.0015270480292916585,0.516138789422766,False,,,,
COL24A1,9,3.219476842561509e-07,0.9920887775278588,0.9996299973032251,False,,,,
COL25A1,6,1.2534624493192923,0.8233352559425703,0.9996299973032251,False,,,,
COL27A1,10,0.6089945142684199,0.6249281803122548,0.9996299973032251,False,,,,
COL28A1,6,3.0963238587465577e-07,0.9935139310174733,0.9996299973032251,False,,,,
COL2A1,9,1.6738851125667937,0.4786246010785503,0.9996299973032251,False,,,,
COL3A1,10,0.6484731653145731,0.6717088070258732,0.9996299973032251,False,,,,
COL4A1,9,0.7782912514659581,0.8038316315182549,0.9996299973032251,False,,,,
COL4A2,9,1.6986305418347665,0.4689491081492304,0.9996299973032251,False,,,,
COL4A3,10,2.7683453456575105e-07,0.9914966131031638,0.9996299973032251,False,,,,
COL4A4,12,0.5357831330780503,0.5379250346528304,0.9996299973032251,False,,,,
COL4A5,14,0.953160561428467,0.9480593596495415,0.9996299973032251,False,,,,
COL4A6,12,1.1843342148600977,0.8143849916869095,0.9996299973032251,False,,,,
COL5A1,12,0.5717433726556482,0.5822657616203988,0.9996299973032251,False,,,,
COL5A2,11,0.7117177254005606,0.7366410211248731,0.9996299973032251,False,,,,
COL5A3,14,0.9577876139395529,0.9532971086526433,0.9996299973032251,False,,,,
COL6A1,6,1.078027644448701,0.9405968749488881,0.9996299973032251,False,,,,
COL6A2,5,1.6393461614893075,0.6245946956556994,0.9996299973032251,False,,,,
COL6A3,19,1.0997022865396635e-07,0.9923861846944015,0.9996299973032251,False,,,,
COL6A6,18,1.2388518497483907,0.7183127572837618,0.9996299973032251,False,,,,
COL7A1,15,0.4365809941867399,0.4114641794984276,0.9996299973032251,False,,,,
COL8A1,7,0.9966138013820377,0.9973293859469968,0.9996299973032251,False,,,,
COL9A1,6,2.5153248995037556,0.2069972860009802,0.9996299973032251,False,,,,
COL9A3,7,0.9499153025416396,0.959266579284696,0.9996299973032251,False,,,,
COPA,9,2.8795058179798616e-07,0.9920374299927708,0.9996299973032251,False,,,,
COPB2,7,0.9446507905949669,0.9555312097405689,0.9996299973032251,False,,,,
COPG1,7,1.0556181847553545,0.9576235005071057,0.9996299973032251,False,,,,
COPG2,6,1.2592881595585117,0.8214652200359384,0.9996299973032251,False,,,,
COPS3,5,3.5625508094715213,0.07917185615989042,0.9996299973032251,False,,,,
CORIN,8,0.7229193781875373,0.7492051809518627,0.9996299973032251,False,,,,
CORO2A,6,3.466862854996336e-07,0.9935206992990318,0.9996299973032251,False,,,,
CP,5,3.314151682737507e-07,0.9941104308196145,0.9996299973032251,False,,,,
CPA1,6,3.454917881260851e-07,0.9935613818395335,0.9996299973032251,False,,,,
CPAMD8,12,1.3511791011983596,0.6757718606937813,0.9996299973032251,False,,,,
CPD,5,1.484425494539024,0.7035416561551,0.9996299973032251,False,,,,
CPEB1,7,0.915103752672377,0.9318278590964795,0.9996299973032251,False,,,,
CPEB2,7,2.197004935765306,0.2768512606445649,0.9996299973032251,False,,,,
CPED1,10,2.634725322127326,0.11243565384344355,0.9996299973032251,False,,,,
CPLANE1,6,2.5592951529522443,0.20132669489480928,0.9996299973032251,False,,,,
CPNE5,7,2.1903272697480065,0.288361184150099,0.9996299973032251,False,,,,
CPNE8,7,1.1942431973591467,0.8603370897540682,0.9996299973032251,False,,,,
CPQ,8,5.20017201730059,0.0018052796184944847,0.516138789422766,False,,,,
CPS1,18,0.711919791978601,0.6410063473033368,0.9996299973032251,False,,,,
CPSF1,9,0.7761123448235904,0.8011865874967201,0.9996299973032251,False,,,,
CPSF3,7,2.6207472799858422,0.21148753654633706,0.9996299973032251,False,,,,
CPSF6,5,0.9840049348410018,0.9875282617960428,0.9996299973032251,False,,,,
CPT1A,6,7.06758554130122,0.00013922636881267422,0.3239797602270929,False,,,,
CPT1C,7,3.06332427586214e-07,0.9930105697719963,0.9996299973032251,False,,,,
CPT2,6,1.2787359469438027,0.8072799173023133,0.9996299973032251,False,,,,
CPXM1,8,0.8131487718597111,0.8380146325937102,0.9996299973032251,False,,,,
CPXM2,5,3.7091125743633686,0.075604698567936,0.9996299973032251,False,,,,
CPZ,6,2.593036346294863,0.19426133617914432,0.9996299973032251,False,,,,
CR1,11,1.327646531940552,0.6943771326036174,0.9996299973032251,False,,,,
CR2,9,1.7277981035137735,0.463572296244403,0.9996299973032251,False,,,,
CRACD,5,2.9112555848308694e-07,0.9940407818113225,0.9996299973032251,False,,,,
CRAMP1,6,4.5616326410324834,0.013044939788411865,0.794571452091377,False,,,,
CRAT,8,3.257831773242678,0.054999856903280214,0.9996299973032251,False,,,,
CRB1,13,0.5010020005033046,0.49376075492202587,0.9996299973032251,False,,,,
CREB5,5,1.334967202119675,0.7750059893168217,0.9996299973032251,False,,,,
CREBBP,20,0.31638960770835195,0.2587295130563546,0.9996299973032251,False,,,,
CREBRF,6,1.1273750876942394,0.9070195873396736,0.9996299973032251,False,,,,
CRIM1,7,1.0341725973488223,0.9733090237262363,0.9996299973032251,False,,,,
CRMP1,6,3.133017355091207e-07,0.993540306769206,0.9996299973032251,False,,,,
CRNKL1,15,0.9767289096848467,0.974705439182663,0.9996299973032251,False,,,,
CRNN,5,3.8891963802988134e-07,0.9939514104417924,0.9996299973032251,False,,,,
CROCC,8,0.8970144084687307,0.9142430773183796,0.9996299973032251,False,,,,
CROT,5,1.5282941199820659,0.6809499905346879,0.9996299973032251,False,,,,
CRTAC1,6,1.0628123769921745,0.9524587438835952,0.9996299973032251,False,,,,
CRTAM,5,1.5859376501525249,0.6562805174302813,0.9996299973032251,False,,,,
CRTC2,6,1.3446229861617345,0.768989900584697,0.9996299973032251,False,,,,
CRYBG1,9,3.137762298692105e-07,0.9920130691385209,0.9996299973032251,False,,,,
CRYBG3,9,0.7128208024632825,0.7390336999751513,0.9996299973032251,False,,,,
CSE1L,7,1.0273059334845507,0.978785619557566,0.9996299973032251,False,,,,
CSF1,5,3.3566739581106667e-07,0.9941190444414154,0.9996299973032251,False,,,,
CSF2RB,5,1.3021500625643685,0.795689025426854,0.9996299973032251,False,,,,
CSF3R,6,3.2541525137132595e-07,0.9935269064728524,0.9996299973032251,False,,,,
CSMD1,28,0.23227600091118927,0.14751791976555945,0.9996299973032251,False,,,,
CSMD2,28,1.6753577286471402,0.22522554379936777,0.9996299973032251,False,,,,
CSMD3,38,0.7664210391131702,0.6078178897217434,0.9996299973032251,False,,,,
CSNK1A1L,5,2.885449104505334e-07,0.9938771412862918,0.9996299973032251,False,,,,
CSPG4,7,1.1279545467678223,0.9051634934200505,0.9996299973032251,False,,,,
CSPP1,15,1.3482052628971595,0.6398236744237611,0.9996299973032251,False,,,,
CSTF2T,6,0.9854060468822855,0.9886183700059492,0.9996299973032251,False,,,,
CSTF3,9,1.4878184551840579,0.5837502677563843,0.9996299973032251,False,,,,
CTAGE1,7,3.3436649626627025e-07,0.99300507081577,0.9996299973032251,False,,,,
CTAGE6,7,1.0836682971901193,0.9369038858209545,0.9996299973032251,False,,,,
CTC1,5,1.1635791025314322,0.8840218119038202,0.9996299973032251,False,,,,
CTCF,19,0.3916524171388289,0.3508076399211142,0.9996299973032251,False,,,,
CTCFL,6,1.1159343504847798,0.915077808574611,0.9996299973032251,False,,,,
CTNNA1,5,1.4052419993125558,0.7378135085434556,0.9996299973032251,False,,,,
CTNNA2,12,1.0511284844509268,0.9447128619997635,0.9996299973032251,False,,,,
CTNNA3,8,2.5898577170150875e-07,0.9923979026902416,0.9996299973032251,False,,,,
CTNND1,5,3.3772428132934266e-07,0.9941127504846694,0.9996299973032251,False,,,,
CTNND2,12,1.9359942085379578,0.27079193827408077,0.9996299973032251,False,,,,
CTPS2,5,4.026990304687832e-07,0.9941899887584982,0.9996299973032251,False,,,,
CTR9,5,3.6703714303015187,0.0719026910315461,0.9996299973032251,False,,,,
CTSS,6,3.5651116882349746e-07,0.99355235095394,0.9996299973032251,False,,,,
CTTNBP2,11,9.469528767359043e-08,0.9941894408762814,0.9996299973032251,False,,,,
CTTNBP2NL,7,3.09074462793241e-07,0.9930191370051261,0.9996299973032251,False,,,,
CUBN,27,0.7565809117999162,0.6414677754084817,0.9996299973032251,False,,,,
CUL1,7,1.151748650307262,0.8891318716276501,0.9996299973032251,False,,,,
CUL2,5,3.1922141560561974e-07,0.9939931735548935,0.9996299973032251,False,,,,
CUL3,7,2.9271288008347816e-07,0.9929623566761141,0.9996299973032251,False,,,,
CUL4B,11,2.129025723845169,0.20507939119880222,0.9996299973032251,False,,,,
CUL7,14,1.0367346953477095,0.9603257114140309,0.9996299973032251,False,,,,
CUL9,9,3.829201335115643e-07,0.9921704559177208,0.9996299973032251,False,,,,
CUX1,9,1.4498526130375888,0.6103302639108625,0.9996299973032251,False,,,,
CWC22,5,1.1622923600320367,0.8827063185187447,0.9996299973032251,False,,,,
CWH43,7,1.043358949979708,0.9666255579937845,0.9996299973032251,False,,,,
CXCR3,8,0.8764495246875973,0.8956725947750516,0.9996299973032251,False,,,,
CXorf58,6,1.298588525519,0.7960486801661373,0.9996299973032251,False,,,,
CYFIP1,7,0.9800453163403791,0.9841858944544948,0.9996299973032251,False,,,,
CYFIP2,8,3.234412369273359e-07,0.9924455768291842,0.9996299973032251,False,,,,
CYLC1,8,0.8817361561166872,0.9018406046474514,0.9996299973032251,False,,,,
CYP11B1,5,1.569663070573349,0.6586454149208145,0.9996299973032251,False,,,,
CYP11B2,7,3.036394817828114e-07,0.9928408921372067,0.9996299973032251,False,,,,
CYP24A1,5,3.256589611473226,0.09950190774105976,0.9996299973032251,False,,,,
CYP26B1,6,1.1615021625104338,0.8823048364575163,0.9996299973032251,False,,,,
CYP2A13,9,1.7651012608580836,0.43031811828064115,0.9996299973032251,False,,,,
CYP2C19,5,2.614525709731544e-07,0.9940099948727515,0.9996299973032251,False,,,,
CYP2D6,5,1.555472672403431,0.6608958097292597,0.9996299973032251,False,,,,
CYP2S1,6,1.0553661498473532,0.9576820744714124,0.9996299973032251,False,,,,
CYP39A1,5,3.8322074457809,0.09409349147552395,0.9996299973032251,False,,,,
CYP3A7,6,2.8700175535784784e-07,0.9934550578413253,0.9996299973032251,False,,,,
CYP4A11,5,3.3551018990126377e-07,0.9940951776731585,0.9996299973032251,False,,,,
CYP4F11,8,3.2750596823925026e-07,0.9925313925075618,0.9996299973032251,False,,,,
CYP4F2,5,1.6302889508568164,0.6329617747032805,0.9996299973032251,False,,,,
CYP4X1,5,3.6739125787416596,0.07128750770997605,0.9996299973032251,False,,,,
CYP7B1,6,1.2300082603204647,0.8378568715941428,0.9996299973032251,False,,,,
CYRIB,6,3.090149612208463e-07,0.9933999819706313,0.9996299973032251,False,,,,
CYSLTR1,5,3.0539968901770834e-07,0.994076546469575,0.9996299973032251,False,,,,
DAAM1,8,2.623892170886665e-07,0.9924288792386113,0.9996299973032251,False,,,,
DAAM2,8,3.176371249530115,0.05363039752796598,0.9996299973032251,False,,,,
DAB1,13,1.0532008796096173,0.9435350269297909,0.9996299973032251,False,,,,
DAB2,7,1.1797977154171082,0.8700711970989091,0.9996299973032251,False,,,,
DAB2IP,7,2.4479555727510847,0.21083506904646077,0.9996299973032251,False,,,,
DACH1,5,3.183643103321898e-07,0.9940122423445508,0.9996299973032251,False,,,,
DACH2,6,2.5626068458463793,0.19372757170995084,0.9996299973032251,False,,,,
DALRD3,8,1.0939174713915472,0.9294319271686122,0.9996299973032251,False,,,,
DAP3,6,2.8690382720181907e-07,0.9933846132775873,0.9996299973032251,False,,,,
DAPK1,10,1.654546310693596,0.49013800055035206,0.9996299973032251,False,,,,
DARS2,5,1.4314567019268436,0.7255794061722382,0.9996299973032251,False,,,,
DAXX,5,2.9061111173106936e-07,0.9939150849464848,0.9996299973032251,False,,,,
DBX2,5,2.446826981150821e-07,0.9939442958582015,0.9996299973032251,False,,,,
DCAF1,10,2.200475250296275,0.1867764429187834,0.9996299973032251,False,,,,
DCAF11,7,1.1065830963479983,0.9214646392914704,0.9996299973032251,False,,,,
DCAF12L1,5,3.4131957392877864e-07,0.9941157452139636,0.9996299973032251,False,,,,
DCAF12L2,5,1.475804820858903,0.6984260297788534,0.9996299973032251,False,,,,
DCAF17,6,2.9398911734005956e-07,0.9935134241218813,0.9996299973032251,False,,,,
DCAF4L2,8,3.189885791122315e-07,0.9923881955945976,0.9996299973032251,False,,,,
DCAF6,9,0.7865766283080733,0.8154301903318744,0.9996299973032251,False,,,,
DCAF8L1,9,1.7241002082854051,0.445985617342211,0.9996299973032251,False,,,,
DCBLD2,6,1.2638573425896564,0.8167032805200644,0.9996299973032251,False,,,,
DCC,14,0.4855921553401694,0.47670784658436416,0.9996299973032251,False,,,,
DCDC1,10,2.101816286465534,0.2127302564847112,0.9996299973032251,False,,,,
DCHS1,19,1.0589039099245752,0.9244334870979429,0.9996299973032251,False,,,,
DCLK1,5,3.1229227328988754e-07,0.9941073911859253,0.9996299973032251,False,,,,
DCLK2,7,1.0132186297005958,0.9896844706873581,0.9996299973032251,False,,,,
DCLRE1C,6,3.0039114676032735e-07,0.9934823554420527,0.9996299973032251,False,,,,
DCST1,5,3.3865395976708394e-07,0.9940580250449472,0.9996299973032251,False,,,,
DCT,7,3.7794388984909135,0.02737744546038405,0.9996299973032251,False,,,,
DCTN1,8,0.8522520190798357,0.8764341378060008,0.9996299973032251,False,,,,
DCTN4,5,3.191174563346357e-07,0.9941102834701119,0.9996299973032251,False,,,,
DDB1,8,0.7785110111457016,0.8075259706603146,0.9996299973032251,False,,,,
DDI1,5,1.3701549210311383,0.7572109626072947,0.9996299973032251,False,,,,
DDIAS,5,3.115169344126612e-07,0.9940645533729562,0.9996299973032251,False,,,,
DDR2,9,3.7555586117192437e-07,0.9922026246515229,0.9996299973032251,False,,,,
DDX11,6,1.1345873447392072,0.9011716862151511,0.9996299973032251,False,,,,
DDX17,5,3.4898346750885416,0.08335083475508466,0.9996299973032251,False,,,,
DDX18,5,3.118572303542258e-07,0.9940078280929441,0.9996299973032251,False,,,,
DDX20,7,1.1320776078034422,0.9029912489743448,0.9996299973032251,False,,,,
DDX21,7,1.05128770020625,0.9603425183867724,0.9996299973032251,False,,,,
DDX23,5,3.2375578058431215e-07,0.9941078976833236,0.9996299973032251,False,,,,
DDX27,8,2.835428629515477e-07,0.9924644816273672,0.9996299973032251,False,,,,
DDX31,5,1.2271049602854742,0.8424422552909113,0.9996299973032251,False,,,,
DDX3X,8,0.8080147556815418,0.836578754662775,0.9996299973032251,False,,,,
DDX4,6,1.2202221485445603,0.8446117161820116,0.9996299973032251,False,,,,
DDX42,7,3.31406497629086e-07,0.9930268706168122,0.9996299973032251,False,,,,
DDX43,7,3.0771094588783297e-07,0.9929726011002222,0.9996299973032251,False,,,,
DDX5,8,3.1446048096543606,0.05352409026585908,0.9996299973032251,False,,,,
DDX50,5,1.3523841104674925,0.7640948339715028,0.9996299973032251,False,,,,
DDX53,5,3.052770406971908e-07,0.9940529297047938,0.9996299973032251,False,,,,
DDX55,7,3.485597142703186e-07,0.9930900539557884,0.9996299973032251,False,,,,
DDX60,8,2.85735301169037e-07,0.9924470262756293,0.9996299973032251,False,,,,
DDX60L,7,3.19898142964099e-07,0.9930029365687155,0.9996299973032251,False,,,,
DENND1A,9,0.8097638328232046,0.8345375103488006,0.9996299973032251,False,,,,
DENND1B,10,1.5434774957265702,0.549834922727908,0.9996299973032251,False,,,,
DENND2B,6,1.1893596386450203,0.8629278763994614,0.9996299973032251,False,,,,
DENND2D,5,1.5259946018730965,0.6742308151659764,0.9996299973032251,False,,,,
DENND3,7,1.050401018915027,0.9611237751653238,0.9996299973032251,False,,,,
DENND4A,5,3.235701971130005e-07,0.9940544085256068,0.9996299973032251,False,,,,
DENND4B,14,0.4563915659055782,0.4434719957892266,0.9996299973032251,False,,,,
DENND4C,6,4.990564452973129,0.011620797651338825,0.794571452091377,False,,,,
DENND5A,6,1.0261082169011,0.9800231870107015,0.9996299973032251,False,,,,
DENND5B,12,2.0614673131640933,0.22298104666247415,0.9996299973032251,False,,,,
DENND6A,5,3.3420531477410057e-07,0.9940972159495897,0.9996299973032251,False,,,,
DEPDC1,7,2.4178506092025978,0.23995330734630343,0.9996299973032251,False,,,,
DEPDC4,6,2.894763919633976,0.1480990399355748,0.9996299973032251,False,,,,
DEPDC5,6,1.3469615403040607,0.7731627135982478,0.9996299973032251,False,,,,
DEPDC7,5,1.5256329176691847,0.67531542727556,0.9996299973032251,False,,,,
DEUP1,5,2.8128774954914585e-07,0.9939420220704568,0.9996299973032251,False,,,,
DGCR8,5,3.371389835387591e-07,0.9941382597658127,0.9996299973032251,False,,,,
DGKB,5,3.5986735123793683e-07,0.9941799152609313,0.9996299973032251,False,,,,
DGKD,9,0.677391736978444,0.7066855680018799,0.9996299973032251,False,,,,
DGKG,10,1.4202332198244187,0.6242222623707607,0.9996299973032251,False,,,,
DGKH,5,1.3447030914060134,0.7733348839436491,0.9996299973032251,False,,,,
DGKI,7,1.1159203532200566,0.9142554095633376,0.9996299973032251,False,,,,
DGKK,10,0.6638476277557827,0.685343013679258,0.9996299973032251,False,,,,
DHCR24,5,1.5942644700289346,0.6469942609697348,0.9996299973032251,False,,,,
DHTKD1,5,3.4806862044743196e-07,0.9941398297248749,0.9996299973032251,False,,,,
DHX15,7,0.9064506609997054,0.9240144677139486,0.9996299973032251,False,,,,
DHX29,6,2.549568067278146,0.19854313172010912,0.9996299973032251,False,,,,
DHX30,6,3.307612859513475e-07,0.9935428600268741,0.9996299973032251,False,,,,
DHX32,5,3.5246518893883315e-07,0.9939930398981103,0.9996299973032251,False,,,,
DHX36,6,1.1275005505307618,0.9074954205135435,0.9996299973032251,False,,,,
DHX37,5,3.4205446602024008,0.08777514969828326,0.9996299973032251,False,,,,
DHX38,5,1.3637162379406749,0.7645601711536401,0.9996299973032251,False,,,,
DHX57,8,3.196302360197144e-07,0.9925007098158066,0.9996299973032251,False,,,,
DHX8,6,1.1930649660420125,0.8635099832579622,0.9996299973032251,False,,,,
DHX9,10,0.6825168705198933,0.7079120132089889,0.9996299973032251,False,,,,
DIAPH1,9,0.760464399660908,0.7852045831525358,0.9996299973032251,False,,,,
DIAPH2,9,3.1311437152893195e-07,0.9920825940924528,0.9996299973032251,False,,,,
DICER1,11,1.0777014525731535e-07,0.9942851743416443,0.9996299973032251,False,,,,
DIDO1,12,1.0841195603750735,0.9111960330376326,0.9996299973032251,False,,,,
DIP2A,11,1.1075188657494202e-07,0.9943154642121963,0.9996299973032251,False,,,,
DIP2B,9,0.7852623786441763,0.8108727152597186,0.9996299973032251,False,,,,
DIP2C,11,0.6275516981111436,0.6518897037157774,0.9996299973032251,False,,,,
DIS3,5,3.267137371709221,0.114076719590682,0.9996299973032251,False,,,,
DIS3L,5,1.440293430261044,0.7208025819393865,0.9996299973032251,False,,,,
DISP1,11,1.3890912213537359,0.6562606985914565,0.9996299973032251,False,,,,
DISP2,5,1.2144743350360725,0.8502025598339555,0.9996299973032251,False,,,,
DISP3,7,5.118193849953674,0.00166428008474085,0.516138789422766,False,,,,
DLC1,13,1.058215389939981e-07,0.9936777235145461,0.9996299973032251,False,,,,
DLEC1,8,3.08894789153111e-07,0.9924712500369092,0.9996299973032251,False,,,,
DLG1,13,0.510973028648053,0.5055753689761641,0.9996299973032251,False,,,,
DLG5,6,1.270084095283055,0.8128459857551722,0.9996299973032251,False,,,,
DLGAP1,7,0.8658808521466113,0.8877066363939713,0.9996299973032251,False,,,,
DLGAP2,9,0.7457829424907293,0.7710443104203126,0.9996299973032251,False,,,,
DLGAP4,8,3.3177035455935607e-07,0.9924883598176237,0.9996299973032251,False,,,,
DLGAP5,5,1.4228524066736914,0.7322749998680858,0.9996299973032251,False,,,,
DMBT1,9,0.6818303746692772,0.7045602134211721,0.9996299973032251,False,,,,
DMD,44,1.2507964887926517,0.5730666691101983,0.9996299973032251,False,,,,
DMGDH,10,3.6400192408841666e-07,0.9916949474410383,0.9996299973032251,False,,,,
DMXL1,18,0.7030655013411459,0.6291225636046254,0.9996299973032251,False,,,,
DMXL2,20,0.3093468860635161,0.24941828281561487,0.9996299973032251,False,,,,
DNA2,7,2.3445257437438967,0.2366407496149535,0.9996299973032251,False,,,,
DNAAF4,5,1.4459743396518545,0.7184527868748153,0.9996299973032251,False,,,,
DNAH1,16,0.4181428397694967,0.38780818184572496,0.9996299973032251,False,,,,
DNAH10,21,1.8118380418070048,0.2294357908342346,0.9996299973032251,False,,,,
DNAH11,31,1.4622591402180931,0.3893879975767518,0.9996299973032251,False,,,,
DNAH17,28,0.22839242323782566,0.1455764283054103,0.9996299973032251,False,,,,
DNAH2,22,0.9758403895094484,0.9677805259150083,0.9996299973032251,False,,,,
DNAH3,21,1.0449665761448432,0.9413709168381529,0.9996299973032251,False,,,,
DNAH5,21,0.2946687216911266,0.2288000056824765,0.9996299973032251,False,,,,
DNAH6,8,1.9804421768965659,0.3505587547148703,0.9996299973032251,False,,,,
DNAH7,23,1.3615609329779073,0.5670738990475206,0.9996299973032251,False,,,,
DNAH8,27,0.7960917699006643,0.7060505187736826,0.9996299973032251,False,,,,
DNAH9,26,0.5240532286721316,0.3711390219659192,0.9996299973032251,False,,,,
DNAI1,6,2.83628376101554e-07,0.9934975725733542,0.9996299973032251,False,,,,
DNAJB13,6,3.5502322096553354e-07,0.9935741970326488,0.9996299973032251,False,,,,
DNAJC10,5,3.8272493456426795,0.0676393536877592,0.9996299973032251,False,,,,
DNAJC13,16,1.1997619144016067,0.7646232047741968,0.9996299973032251,False,,,,
DNAJC14,8,0.9399443217457428,0.9514119509396699,0.9996299973032251,False,,,,
DNAJC16,5,2.622349178187581e-07,0.9939522266069539,0.9996299973032251,False,,,,
DNAJC2,5,3.7297125052655966,0.07210085262611782,0.9996299973032251,False,,,,
DNAJC3,5,3.3300611938030675,0.10031466973809297,0.9996299973032251,False,,,,
DNAJC6,6,2.717586584354566e-07,0.9934556410346008,0.9996299973032251,False,,,,
DNAJC9,6,1.3123435689293057,0.7913910155053716,0.9996299973032251,False,,,,
DNHD1,5,1.620337949207652,0.6366399868085376,0.9996299973032251,False,,,,
DNM1,10,3.37372637662774e-07,0.9917208551060156,0.9996299973032251,False,,,,
DNM3,11,1.2851959862724969,0.7293671411292016,0.9996299973032251,False,,,,
DNMBP,9,0.7895801526120526,0.8184749357935486,0.9996299973032251,False,,,,
DNMT1,8,0.9519276577881995,0.9610535250999823,0.9996299973032251,False,,,,
DNMT3A,7,3.6397570080268427,0.028136691611989974,0.9996299973032251,False,,,,
DNTT,5,2.9988408305232927e-07,0.9940838055950498,0.9996299973032251,False,,,,
DNTTIP2,6,1.1985440593642227,0.8615299418055533,0.9996299973032251,False,,,,
DOCK1,8,0.7979939677943138,0.8301774606214585,0.9996299973032251,False,,,,
DOCK10,15,0.9672260223176041,0.9636594665749644,0.9996299973032251,False,,,,
DOCK11,24,1.2429355965031124,0.673940219928475,0.9996299973032251,False,,,,
DOCK2,12,0.4984379782765652,0.4935750222602102,0.9996299973032251,False,,,,
DOCK3,13,3.192050678566682,0.015048993801731412,0.8337859184911666,False,,,,
DOCK4,16,1.4108196232826382,0.5652623723484618,0.9996299973032251,False,,,,
DOCK5,8,2.078038612951598,0.307421645829142,0.9996299973032251,False,,,,
DOCK6,7,3.972689432830789,0.02369085452956053,0.9996299973032251,False,,,,
DOCK7,14,1.7446960134506864,0.350324264131215,0.9996299973032251,False,,,,
DOCK8,11,1.286630155600597,0.7282175276493165,0.9996299973032251,False,,,,
DOCK9,12,0.4337041248545667,0.4119471953122681,0.9996299973032251,False,,,,
DOK5,7,3.005825625680011e-07,0.9929626651439558,0.9996299973032251,False,,,,
DONSON,6,1.1978184045897293,0.8624846824048704,0.9996299973032251,False,,,,
DOP1A,9,2.771678228167093,0.09056253369612881,0.9996299973032251,False,,,,
DOP1B,9,3.061576718054148e-07,0.9920447098654871,0.9996299973032251,False,,,,
DOT1L,7,1.0206555367006933,0.9838821620295315,0.9996299973032251,False,,,,
DPP10,9,0.6501352390654861,0.6724550277184932,0.9996299973032251,False,,,,
DPP4,8,3.3644552447589278,0.04622244126085134,0.9996299973032251,False,,,,
DPP6,8,0.8450989173041752,0.8698369342715442,0.9996299973032251,False,,,,
DPP8,7,2.4990943241950294,0.2156263962375492,0.9996299973032251,False,,,,
DPY19L1,5,2.717642419497485e-07,0.9939871927090912,0.9996299973032251,False,,,,
DPY19L2,6,1.2137055300445787,0.8505764494527228,0.9996299973032251,False,,,,
DPY19L4,6,3.2920805020395223e-07,0.9935568492256958,0.9996299973032251,False,,,,
DPYSL3,6,1.3201062396477503,0.7843553005450881,0.9996299973032251,False,,,,
DPYSL5,6,2.704691081229381e-07,0.9934513918680987,0.9996299973032251,False,,,,
DRC7,5,1.7056841068337214,0.5968710483283078,0.9996299973032251,False,,,,
DROSHA,7,2.920247106555477e-07,0.9928335362118336,0.9996299973032251,False,,,,
DRP2,5,4.2066514100610055,0.049039596286891037,0.9996299973032251,False,,,,
DSC2,6,3.0675548462826827e-07,0.9935133206213543,0.9996299973032251,False,,,,
DSC3,6,1.00725484578892,0.9943337987077685,0.9996299973032251,False,,,,
DSCAM,10,2.5479329978120053,0.11270220657047107,0.9996299973032251,False,,,,
DSCAML1,13,1.2113615004596265e-07,0.9938084469975208,0.9996299973032251,False,,,,
DSE,11,2.154124281623683,0.2086461755788781,0.9996299973032251,False,,,,
DSEL,9,3.1777103762224297e-07,0.992071508221815,0.9996299973032251,False,,,,
DSG3,7,3.6941407983144674,0.025896357726103703,0.9996299973032251,False,,,,
DSG4,9,0.7338303262620847,0.7632113481812658,0.9996299973032251,False,,,,
DSP,16,0.38408220935464865,0.3446433289795896,0.9996299973032251,False,,,,
DSPP,6,1.1856457400372309,0.8664872352541567,0.9996299973032251,False,,,,
DST,38,0.9376983242258788,0.8922354687180505,0.9996299973032251,False,,,,
DUOX1,8,1.9688720896038583,0.35851169785443426,0.9996299973032251,False,,,,
DUOX2,9,2.8289753125278636e-07,0.9918281794702332,0.9996299973032251,False,,,,
DUSP10,6,3.6373918883600756e-07,0.9934729373858369,0.9996299973032251,False,,,,
DUSP16,7,1.8548865618603545,0.39316034011475165,0.9996299973032251,False,,,,
DUSP19,5,1.8063746237201128,0.5628593850399116,0.9996299973032251,False,,,,
DYNC1H1,26,0.7941394032483368,0.7041612533273249,0.9996299973032251,False,,,,
DYNC1I1,9,2.968797349607207e-07,0.9919018286109005,0.9996299973032251,False,,,,
DYNC2H1,24,2.179586004642638,0.0847691042412739,0.9996299973032251,False,,,,
DYRK1A,10,1.4443602785647787,0.6105720879034151,0.9996299973032251,False,,,,
DYSF,11,1.303682637079493,0.7203173141473875,0.9996299973032251,False,,,,
DZANK1,8,0.7680388293784716,0.7959621771365131,0.9996299973032251,False,,,,
DZIP3,6,1.1085694758375348,0.9189910788422473,0.9996299973032251,False,,,,
E2F1,5,2.880693930204377e-07,0.9939324964837385,0.9996299973032251,False,,,,
E2F3,5,3.4347199450995327,0.11857216401393511,0.9996299973032251,False,,,,
EBF1,6,1.1529017764370213,0.8891536771806405,0.9996299973032251,False,,,,
ECD,5,3.5381142602418814e-07,0.9941102625904269,0.9996299973032251,False,,,,
ECE1,7,1.0545672372744601,0.9579177321397676,0.9996299973032251,False,,,,
ECEL1,5,3.1817813145076537e-07,0.9941071990419522,0.9996299973032251,False,,,,
ECHDC1,5,1.5146978939903428,0.6915017327452433,0.9996299973032251,False,,,,
ECM1,5,2.0396341613337614,0.48421070029156066,0.9996299973032251,False,,,,
ECPAS,10,0.7958966295699611,0.8231986187421843,0.9996299973032251,False,,,,
ECT2,5,3.513487245731794,0.08930887626962787,0.9996299973032251,False,,,,
ECT2L,5,3.1113064630915033,0.12799882056701656,0.9996299973032251,False,,,,
EDAR,8,2.1622969428520626,0.2983705200621093,0.9996299973032251,False,,,,
EDEM3,5,2.930152384288736e-07,0.9940557008066006,0.9996299973032251,False,,,,
EEA1,12,1.8907424018239312,0.2946176266463563,0.9996299973032251,False,,,,
EED,5,1.6119453164508135,0.6419302903551629,0.9996299973032251,False,,,,
EEF1A1,9,0.8513329447286985,0.8728854735704582,0.9996299973032251,False,,,,
EEF1AKMT4-ECE2,7,3.3949513508304494,0.04408619879107914,0.9996299973032251,False,,,,
EEF2,6,2.7982420501125693,0.15105856447976573,0.9996299973032251,False,,,,
EEF2K,7,0.9480869973582094,0.9581064700490461,0.9996299973032251,False,,,,
EEPD1,5,1.474752533789544,0.7034563812432435,0.9996299973032251,False,,,,
EFCAB12,7,1.9991513692329126,0.34824343046859985,0.9996299973032251,False,,,,
EFCAB13,9,1.483101031399953,0.586375020536537,0.9996299973032251,False,,,,
EFCAB3,5,3.6247016270371555e-07,0.9940864612936154,0.9996299973032251,False,,,,
EFCAB5,10,1.4705284385879005,0.5978663574326035,0.9996299973032251,False,,,,
EFCAB6,9,3.051715765869535e-07,0.9918819959550228,0.9996299973032251,False,,,,
EFEMP1,7,0.9977546679877684,0.998233017482714,0.9996299973032251,False,,,,
EFHC2,7,2.2889976788849493,0.27034409493188694,0.9996299973032251,False,,,,
EFR3A,5,1.2560831742773126,0.8214213060865043,0.9996299973032251,False,,,,
EFTUD2,7,1.1715388280962251,0.8766420195164348,0.9996299973032251,False,,,,
EGF,5,1.2707087250623617,0.8125873238414794,0.9996299973032251,False,,,,
EGFL6,5,1.4716378122133156,0.70963710413423,0.9996299973032251,False,,,,
EGFLAM,8,1.7570994486867715,0.43550086744749283,0.9996299973032251,False,,,,
EGFR,9,0.7093484249456538,0.7329160904506449,0.9996299973032251,False,,,,
EHBP1,9,1.6718410152729692,0.48744748791010406,0.9996299973032251,False,,,,
EHD1,6,2.6971104335071217,0.16943916456509822,0.9996299973032251,False,,,,
EHD2,5,1.5560184126527998,0.661378282407048,0.9996299973032251,False,,,,
EHHADH,7,0.9741542633250796,0.9792418776883782,0.9996299973032251,False,,,,
EHMT1,13,1.5361695592320457,0.47523204938046915,0.9996299973032251,False,,,,
EIF2AK1,5,1.567467056959723,0.6599148392199546,0.9996299973032251,False,,,,
EIF2AK4,9,1.5311969172392192,0.5591328625564591,0.9996299973032251,False,,,,
EIF3A,5,1.7659148666178484,0.5743675893417951,0.9996299973032251,False,,,,
EIF3I,7,3.88012505687991e-07,0.993096664564358,0.9996299973032251,False,,,,
EIF3L,5,3.223289494787576,0.11219045827901322,0.9996299973032251,False,,,,
EIF4A2,13,0.8664449480770473,0.8436274143200588,0.9996299973032251,False,,,,
EIF4A3,6,3.3780777268865234e-07,0.993572514834192,0.9996299973032251,False,,,,
EIF4ENIF1,7,1.106986385512923,0.9201532769193108,0.9996299973032251,False,,,,
EIF4G1,7,2.4021893365996383,0.24219185163216778,0.9996299973032251,False,,,,
EIF4G3,8,3.4981349131309942,0.043918901169016145,0.9996299973032251,False,,,,
EIF5B,7,3.397221776039075e-07,0.9930225109905793,0.9996299973032251,False,,,,
ELAPOR2,10,2.4635296609187685,0.13585782872576552,0.9996299973032251,False,,,,
ELAVL1,5,1.1950131505821804,0.8601321103927724,0.9996299973032251,False,,,,
ELF1,5,1.393002573830674,0.7447660131347367,0.9996299973032251,False,,,,
ELF4,5,1.4765729732814388,0.7012442556250524,0.9996299973032251,False,,,,
ELK1,5,3.0321548857332434e-07,0.9940277201961376,0.9996299973032251,False,,,,
ELL,6,3.035138022004917e-07,0.9935119247925633,0.9996299973032251,False,,,,
ELL2,8,0.8507186927922221,0.8729753110167453,0.9996299973032251,False,,,,
ELMO1,9,0.7862814809922896,0.8146915619823734,0.9996299973032251,False,,,,
ELOA,5,3.1575384250706766e-07,0.9940616745560309,0.9996299973032251,False,,,,
ELOA2,7,1.0876875524767249,0.9350637097163604,0.9996299973032251,False,,,,
ELOVL5,5,3.3135755432958676e-07,0.994058271846827,0.9996299973032251,False,,,,
ELP1,10,0.6205747608727296,0.6370176725475858,0.9996299973032251,False,,,,
ELP2,6,1.0224930089095097,0.9824702404600923,0.9996299973032251,False,,,,
EMC1,5,2.926474805449675e-07,0.9940247851466821,0.9996299973032251,False,,,,
EME1,5,1.5252117245464076,0.6759237170300397,0.9996299973032251,False,,,,
EML1,6,3.096553227955855e-07,0.9935472491665597,0.9996299973032251,False,,,,
EML4,7,0.9714759111228916,0.9774588810045473,0.9996299973032251,False,,,,
EML5,16,1.340307035130495,0.6275952878476777,0.9996299973032251,False,,,,
EMSY,9,0.7675240829754505,0.7960316280203255,0.9996299973032251,False,,,,
ENAH,5,1.4332384502733588,0.7240770642439514,0.9996299973032251,False,,,,
ENAM,7,0.9470156900469076,0.9581423471471365,0.9996299973032251,False,,,,
ENOX1,5,3.4101799759222673,0.08644423692660824,0.9996299973032251,False,,,,
ENPEP,7,2.2597367732936395,0.26835817696724357,0.9996299973032251,False,,,,
ENPP1,6,1.466744308537709,0.7067436078441509,0.9996299973032251,False,,,,
ENPP2,11,1.3500180458671898,0.6787445393500411,0.9996299973032251,False,,,,
ENPP4,7,2.084249320050964,0.3174300785137302,0.9996299973032251,False,,,,
ENPP7,7,0.9326232867505855,0.9449970717444478,0.9996299973032251,False,,,,
ENTHD1,6,3.172362461656045e-07,0.9935413659485164,0.9996299973032251,False,,,,
ENTPD7,7,0.9463681248810163,0.9571217370772657,0.9996299973032251,False,,,,
EOMES,5,5.732442540227559,0.003499216100040549,0.6281415345698461,False,,,,
EP300,15,0.9309972425992755,0.9207848753845637,0.9996299973032251,False,,,,
EP400,11,1.1633963943453451,0.835132327843471,0.9996299973032251,False,,,,
EPAS1,8,0.8659892440795449,0.8866569638844315,0.9996299973032251,False,,,,
EPB41,6,1.3015834398631576,0.7958928279483451,0.9996299973032251,False,,,,
EPB41L1,8,3.3027826114224167e-07,0.9924998216311675,0.9996299973032251,False,,,,
EPB41L2,8,0.7247213861401611,0.7507854949177656,0.9996299973032251,False,,,,
EPB41L3,10,1.6284030948044868,0.5095119529030367,0.9996299973032251,False,,,,
EPB41L4A,6,1.4446730345711931,0.7149999328609387,0.9996299973032251,False,,,,
EPB41L5,5,3.72137140357717e-07,0.9941531987460309,0.9996299973032251,False,,,,
EPC1,9,0.777278229342126,0.8044301855969542,0.9996299973032251,False,,,,
EPC2,6,3.252747920181845e-07,0.993491197409812,0.9996299973032251,False,,,,
EPG5,16,0.4246388380533443,0.39956034146113084,0.9996299973032251,False,,,,
EPHA1,6,1.3999281508129586,0.7420367601763099,0.9996299973032251,False,,,,
EPHA2,5,3.3531593164584406e-07,0.9940859096451953,0.9996299973032251,False,,,,
EPHA3,7,1.0211223913419285,0.9836771947399181,0.9996299973032251,False,,,,
EPHA4,8,0.800658748276971,0.8320542339263566,0.9996299973032251,False,,,,
EPHA5,12,2.0755064174609474,0.2221911264507228,0.9996299973032251,False,,,,
EPHA6,7,1.00607384536856,0.9952459710780969,0.9996299973032251,False,,,,
EPHA7,10,1.4083240483217354,0.6366547729495985,0.9996299973032251,False,,,,
EPHB1,9,3.0194470186919913e-07,0.9920534278243681,0.9996299973032251,False,,,,
EPHB2,9,0.7984820479196444,0.8228136609975687,0.9996299973032251,False,,,,
EPHB3,9,3.2150938482349884,0.05525727581551227,0.9996299973032251,False,,,,
EPHB4,5,3.213073392377726e-07,0.9940263837352157,0.9996299973032251,False,,,,
EPHX4,6,1.3207998031138515,0.7859169998143016,0.9996299973032251,False,,,,
EPM2AIP1,6,2.963251162952773,0.13390929438229734,0.9996299973032251,False,,,,
EPPK1,6,3.774182070156621,0.024728946202275698,0.9996299973032251,False,,,,
EPRS1,9,0.7359393424329995,0.7621245375737234,0.9996299973032251,False,,,,
EPS15,7,1.0575540082395285,0.9557690740720399,0.9996299973032251,False,,,,
EPS8,7,0.923749057736857,0.9379454037140297,0.9996299973032251,False,,,,
ERAP2,8,0.8926026562359626,0.910592159860619,0.9996299973032251,False,,,,
ERBB2,23,1.6721654528603278,0.2626228910361544,0.9996299973032251,False,,,,
ERBB3,19,2.64187496065723,0.03072141310453295,0.9996299973032251,False,,,,
ERBB4,13,1.8592568672798855,0.31058981291295096,0.9996299973032251,False,,,,
ERBIN,10,3.4370753932898586,0.020762817122634402,0.9996299973032251,False,,,,
ERC1,7,3.5161316785458325e-07,0.9930042710893948,0.9996299973032251,False,,,,
ERC2,5,3.562929722216764e-07,0.9941434735553885,0.9996299973032251,False,,,,
ERCC4,6,2.721548423913992e-07,0.9934427507271918,0.9996299973032251,False,,,,
ERCC6,12,0.5758868509810778,0.5914192861829058,0.9996299973032251,False,,,,
ERCC6L,5,3.733874606611106e-07,0.9941488753511638,0.9996299973032251,False,,,,
ERG,6,3.388749605335314e-07,0.9935392887519153,0.9996299973032251,False,,,,
ERICH3,13,1.644023993693593,0.39932899805762667,0.9996299973032251,False,,,,
ERMAP,5,3.002050157206501e-07,0.9940574055019002,0.9996299973032251,False,,,,
ERMP1,6,2.986577073449586e-07,0.9934816370249883,0.9996299973032251,False,,,,
ERN1,5,2.947725192261702,0.1356676928884984,0.9996299973032251,False,,,,
ERN2,7,2.2438060030637743,0.2588631452015999,0.9996299973032251,False,,,,
ESF1,8,3.2559472626373873e-07,0.992524107423613,0.9996299973032251,False,,,,
ESPL1,13,1.0752877046066995,0.9196880002920595,0.9996299973032251,False,,,,
ESR1,9,0.7091311017336831,0.734351301470642,0.9996299973032251,False,,,,
ESRP1,7,2.570038032207223e-07,0.9927863221001704,0.9996299973032251,False,,,,
ESRP2,6,1.2076765381663896,0.8526925995904231,0.9996299973032251,False,,,,
ESRRG,7,2.492145796932611,0.21195286943354838,0.9996299973032251,False,,,,
ESYT1,8,3.283365810609948e-07,0.9925107684003411,0.9996299973032251,False,,,,
ESYT3,7,2.2238715093684935,0.2752496803408409,0.9996299973032251,False,,,,
ETAA1,5,1.5332803197874108,0.6760436442507374,0.9996299973032251,False,,,,
ETS2,6,2.940600029952416e-07,0.9934083734234477,0.9996299973032251,False,,,,
ETV1,6,3.338127842463324e-07,0.9934622438429862,0.9996299973032251,False,,,,
ETV5,6,2.4261847007446637,0.21668005417470365,0.9996299973032251,False,,,,
ETV6,5,1.506569175368562,0.6888017591610636,0.9996299973032251,False,,,,
EVC2,6,5.303384218857702,0.005886651888080476,0.7024737919776035,False,,,,
EVPL,12,2.0324043016360953,0.23675160588136268,0.9996299973032251,False,,,,
EWSR1,8,0.8586163731086949,0.8802097104939713,0.9996299973032251,False,,,,
EXO1,12,0.6083681707814029,0.6240838957064601,0.9996299973032251,False,,,,
EXOC1,7,2.3025371294819053,0.2625482836215143,0.9996299973032251,False,,,,
EXOC2,10,3.346342033872673,0.020293154640400133,0.9996299973032251,False,,,,
EXOC3,5,3.044695715351681e-07,0.9940785083743422,0.9996299973032251,False,,,,
EXOC4,7,0.9900638685044272,0.9921061580681926,0.9996299973032251,False,,,,
EXOC6,6,1.2576954630480892,0.8218201400057505,0.9996299973032251,False,,,,
EXOC6B,5,3.498214024256989e-07,0.9941608982226671,0.9996299973032251,False,,,,
EXOC7,6,1.2280996454059983,0.8396127675653188,0.9996299973032251,False,,,,
EXOSC9,6,1.0691511797530509,0.9473343361802448,0.9996299973032251,False,,,,
EXPH5,8,2.1520589855776073,0.29678447235851024,0.9996299973032251,False,,,,
EXT1,7,1.0575810882805643,0.9559767173773567,0.9996299973032251,False,,,,
EXT2,7,3.306719927173085e-07,0.9930577793995004,0.9996299973032251,False,,,,
EXTL3,6,0.9624723870956883,0.9699596042096796,0.9996299973032251,False,,,,
EYA4,6,3.0207080131956605e-07,0.9934603219891633,0.9996299973032251,False,,,,
EYS,6,1.0022943745806694,0.9981893016525415,0.9996299973032251,False,,,,
F13A1,5,1.5922519684951346,0.6451744147956181,0.9996299973032251,False,,,,
F13B,6,2.346126071575322,0.23426429228518492,0.9996299973032251,False,,,,
F2,5,3.7537421112403706,0.06912798212832348,0.9996299973032251,False,,,,
F5,23,0.886324303447397,0.8393168147622404,0.9996299973032251,False,,,,
F8,23,0.553347674255118,0.4119801493754356,0.9996299973032251,False,,,,
FAAH,8,3.1596822830216997e-07,0.9924662936994083,0.9996299973032251,False,,,,
FADS2,6,1.1894698364042053,0.8644938230031205,0.9996299973032251,False,,,,
FAM111A,5,3.4082285196024866e-07,0.9940960508752641,0.9996299973032251,False,,,,
FAM114A2,5,3.3114683819367426e-07,0.9940062952170042,0.9996299973032251,False,,,,
FAM120A,6,3.2459541061767147e-07,0.9935338622054407,0.9996299973032251,False,,,,
FAM120C,10,0.6850895381746567,0.7076967641817343,0.9996299973032251,False,,,,
FAM122B,5,2.886285266782049e-07,0.994074089893399,0.9996299973032251,False,,,,
FAM135A,6,3.425606112630245e-07,0.9935529801286036,0.9996299973032251,False,,,,
FAM135B,14,1.1860733874181073,0.8129397857622509,0.9996299973032251,False,,,,
FAM13A,5,2.9155577741320954e-07,0.9939682440144725,0.9996299973032251,False,,,,
FAM13B,8,3.2140584901910763e-07,0.9925219145894465,0.9996299973032251,False,,,,
FAM13C,10,2.808070933911269e-07,0.9915324614945972,0.9996299973032251,False,,,,
FAM153B,6,3.1917199565074487e-07,0.9935184793515145,0.9996299973032251,False,,,,
FAM160A2,6,2.955203899657837e-07,0.9935031457088791,0.9996299973032251,False,,,,
FAM160B1,6,1.2135950220950134,0.8490889114983872,0.9996299973032251,False,,,,
FAM161A,5,1.3183830063466102,0.7897818093500467,0.9996299973032251,False,,,,
FAM169A,5,2.659002502144943,0.18076734496388508,0.9996299973032251,False,,,,
FAM171A1,10,1.5935505489959871,0.5159292811486231,0.9996299973032251,False,,,,
FAM171B,10,3.2579439448663177e-07,0.9914523558677092,0.9996299973032251,False,,,,
FAM184A,8,3.1760370415167827e-07,0.9924879135659962,0.9996299973032251,False,,,,
FAM186B,5,1.4457254846933065,0.7173171005261627,0.9996299973032251,False,,,,
FAM189A2,5,2.786878226930971e-07,0.9940232877267766,0.9996299973032251,False,,,,
FAM193A,9,0.7364592483635383,0.7625290342803756,0.9996299973032251,False,,,,
FAM193B,5,2.835459145194053e-07,0.9939631895090374,0.9996299973032251,False,,,,
FAM214A,9,2.792290183717956,0.09374545985475442,0.9996299973032251,False,,,,
FAM47A,14,0.4700843006599166,0.4556260962279476,0.9996299973032251,False,,,,
FAM47B,9,0.7377741802677963,0.7624419087579898,0.9996299973032251,False,,,,
FAM47C,18,1.1210587182694145,0.8460255655881743,0.9996299973032251,False,,,,
FAM71A,6,2.4566007046802563,0.2198843817847782,0.9996299973032251,False,,,,
FAM71B,6,2.9971994053929093e-07,0.9935193181752214,0.9996299973032251,False,,,,
FAM81B,5,1.4579504328230608,0.7116926037898523,0.9996299973032251,False,,,,
FAM83A,5,1.7996924984381775,0.5617691108600142,0.9996299973032251,False,,,,
FAM83B,6,1.2520558200722312,0.8310280223931069,0.9996299973032251,False,,,,
FAM90A1,5,1.7906604499941643,0.5646546092189271,0.9996299973032251,False,,,,
FAM91A1,11,1.2507611869881536,0.763602201327423,0.9996299973032251,False,,,,
FAM98A,7,2.7024914561663986,0.17663759404033286,0.9996299973032251,False,,,,
FAN1,7,3.220343658097272e-07,0.9929520553771032,0.9996299973032251,False,,,,
FANCA,7,2.249281714331265,0.2670127149176329,0.9996299973032251,False,,,,
FANCB,5,2.856366125069483e-07,0.9940537238786391,0.9996299973032251,False,,,,
FANCD2,10,1.483174707846887,0.5846927609819066,0.9996299973032251,False,,,,
FANCI,9,0.7005345436978283,0.7271912591889682,0.9996299973032251,False,,,,
FAP,7,2.617271703398933,0.1886247153306892,0.9996299973032251,False,,,,
FARP2,7,0.9512569928909431,0.9606426324099973,0.9996299973032251,False,,,,
FARSB,6,1.2184448275179047,0.8463561657260523,0.9996299973032251,False,,,,
FASN,14,2.239303494268798,0.1271963984049128,0.9996299973032251,False,,,,
FASTKD1,5,3.120880544236433e-07,0.9940139640851424,0.9996299973032251,False,,,,
FASTKD2,5,3.1569500576657745,0.11293833585107801,0.9996299973032251,False,,,,
FAT1,28,1.2231499154270913,0.6688783223598245,0.9996299973032251,False,,,,
FAT2,19,1.5481754351860357,0.4088095581233938,0.9996299973032251,False,,,,
FAT3,39,1.0615107460034785,0.8908766377004118,0.9996299973032251,False,,,,
FAT4,20,0.325899997465433,0.2687110682023709,0.9996299973032251,False,,,,
FBF1,8,1.6544562791565713,0.4935802777978584,0.9996299973032251,False,,,,
FBH1,6,3.311406783625499e-07,0.9935364603993748,0.9996299973032251,False,,,,
FBLN2,5,1.5152940701869515,0.6832248997390115,0.9996299973032251,False,,,,
FBN1,19,1.1497490900173066,0.816336265469952,0.9996299973032251,False,,,,
FBN2,11,1.132181999000162,0.8673156429526798,0.9996299973032251,False,,,,
FBN3,15,1.2114645583025095e-07,0.9933666128088946,0.9996299973032251,False,,,,
FBXL13,7,2.906668195951002e-07,0.9929414454372226,0.9996299973032251,False,,,,
FBXL18,5,1.4820080809843463,0.6958512888872359,0.9996299973032251,False,,,,
FBXL5,5,2.824945019706683e-07,0.9940633231469373,0.9996299973032251,False,,,,
FBXO21,8,2.7773348250412136e-07,0.9924486845496635,0.9996299973032251,False,,,,
FBXO33,7,2.696760203055827e-07,0.9928868071538245,0.9996299973032251,False,,,,
FBXW7,14,0.5251311810973076,0.5229072240029182,0.9996299973032251,False,,,,
FBXW8,6,3.678556983338938e-07,0.9936023726359131,0.9996299973032251,False,,,,
FCER1A,5,3.774851854364196,0.06694300473768391,0.9996299973032251,False,,,,
FCGBP,27,0.7355357848430581,0.6118420782821103,0.9996299973032251,False,,,,
FCGR1A,6,2.653560794632847e-07,0.993481046998294,0.9996299973032251,False,,,,
FCHO1,5,1.3012899977662313,0.7942172483148593,0.9996299973032251,False,,,,
FCHSD1,6,2.4997517684717643,0.24062079069233178,0.9996299973032251,False,,,,
FCRL3,7,2.9115361966982165e-07,0.9929609928968482,0.9996299973032251,False,,,,
FCRL4,5,1.4199128355536708,0.7347011891424127,0.9996299973032251,False,,,,
FCRL5,13,2.4111294947161332,0.10061204878403394,0.9996299973032251,False,,,,
FDPS,5,1.5153218833255524,0.6873600064209822,0.9996299973032251,False,,,,
FER,6,2.9500737024700014,0.14599146023458154,0.9996299973032251,False,,,,
FER1L5,6,1.3789437453552427,0.7538413971943725,0.9996299973032251,False,,,,
FER1L6,17,0.34580950788616033,0.29860989641377467,0.9996299973032251,False,,,,
FERMT1,7,0.9331338761632487,0.9461970539658007,0.9996299973032251,False,,,,
FERMT3,7,3.405270059766413e-07,0.9930012993954042,0.9996299973032251,False,,,,
FES,5,2.980883501975085,0.1362990730238988,0.9996299973032251,False,,,,
FGA,5,6.559251503954075,0.0015177358074952697,0.516138789422766,False,,,,
FGD2,8,3.596980157346216e-07,0.9925834056379381,0.9996299973032251,False,,,,
FGD5,7,1.8290274430387494,0.40676928816392477,0.9996299973032251,False,,,,
FGD6,10,2.7397492336170557,0.10015045503612782,0.9996299973032251,False,,,,
FGF18,5,1.6927869328216556,0.6024987675965643,0.9996299973032251,False,,,,
FGFR1,5,2.7907292235136296e-07,0.9939807267923358,0.9996299973032251,False,,,,
FGFR2,13,0.5487475861050837,0.5521160896620597,0.9996299973032251,False,,,,
FGFR4,5,3.500990258808737e-07,0.9941455237641255,0.9996299973032251,False,,,,
FGG,6,1.1725433189204195,0.8774500342931401,0.9996299973032251,False,,,,
FHDC1,8,0.8997416201754765,0.9178595338270027,0.9996299973032251,False,,,,
FHOD3,12,1.1804879215092646e-07,0.9940539570705282,0.9996299973032251,False,,,,
FIGN,7,3.9669369651999893,0.024071990445648457,0.9996299973032251,False,,,,
FILIP1,8,1.8505145922356283,0.3969898069943739,0.9996299973032251,False,,,,
FIP1L1,5,3.4352102637451086e-07,0.994097601372637,0.9996299973032251,False,,,,
FKBP15,9,0.84844127813172,0.8729256424691438,0.9996299973032251,False,,,,
FKBP8,7,3.852577463424601,0.02658275261250305,0.9996299973032251,False,,,,
FLAD1,8,0.7234817344844534,0.7520390221427921,0.9996299973032251,False,,,,
FLG,56,0.9874452682724412,0.9731925078265473,0.9996299973032251,False,-0.001688356838757,0.9733333333333334,0.9733333333333334,False
FLG2,21,2.2418847711626446,0.058819860215899925,0.9996299973032251,False,,,,
FLII,6,1.1504958231573923,0.8896933981497421,0.9996299973032251,False,,,,
FLNA,19,1.243102371699678,0.7197025092057416,0.9996299973032251,False,,,,
FLNB,18,1.1655187682264796,0.7979576431212794,0.9996299973032251,False,,,,
FLNC,17,0.8463061391563814,0.8215259496899068,0.9996299973032251,False,,,,
FLRT2,5,3.333554068099205e-07,0.9940863815652056,0.9996299973032251,False,,,,
FLRT3,7,3.4146256839506727e-07,0.992874383156856,0.9996299973032251,False,,,,
FLT1,6,4.97321031530476,0.009070557155576893,0.794571452091377,False,,,,
FLYWCH1,6,1.4645889380863406,0.7094002255433993,0.9996299973032251,False,,,,
FMN1,6,3.495655358195386e-07,0.9935486042257716,0.9996299973032251,False,,,,
FMN2,27,0.9746546022999669,0.9602416317935647,0.9996299973032251,False,,,,
FMNL2,6,1.235698328639188,0.8348128052736923,0.9996299973032251,False,,,,
FMNL3,10,0.7012193111966923,0.7286328812595275,0.9996299973032251,False,,,,
FMO1,9,2.6054221705747627,0.11101539184297449,0.9996299973032251,False,,,,
FMO2,6,1.1599051644445815,0.8843575648408388,0.9996299973032251,False,,,,
FMO4,6,2.304461907227421e-07,0.9933981139470224,0.9996299973032251,False,,,,
FMO5,5,1.3593204824099578,0.7613648969874232,0.9996299973032251,False,,,,
FMR1,10,3.395185211111094e-07,0.991564959178587,0.9996299973032251,False,,,,
FMR1NB,5,2.4343334680571655e-07,0.9939553040120449,0.9996299973032251,False,,,,
FN1,16,0.3591102510123466,0.3124308274342352,0.9996299973032251,False,,,,
FNBP4,5,3.790864349702104e-07,0.9941764415788414,0.9996299973032251,False,,,,
FNDC1,8,1.7775785933555441,0.4459422659590577,0.9996299973032251,False,,,,
FNDC3A,9,2.778410189417426e-07,0.9920023542318067,0.9996299973032251,False,,,,
FNDC3B,7,2.3936426436423863,0.23145702639697324,0.9996299973032251,False,,,,
FNIP1,5,3.076479843541497e-07,0.9940696974483666,0.9996299973032251,False,,,,
FOCAD,11,1.353770240941258,0.6845997608999645,0.9996299973032251,False,,,,
FOLH1,6,3.629055958498904e-07,0.9935978797961168,0.9996299973032251,False,,,,
FOXA1,28,0.8846675268961521,0.8106664830573198,0.9996299973032251,False,,,,
FOXM1,5,3.4009742753712674e-07,0.9940693914638647,0.9996299973032251,False,,,,
FOXO4,6,1.0341382866176687,0.973882395974619,0.9996299973032251,False,,,,
FOXP1,7,0.875959011241899,0.895293185108822,0.9996299973032251,False,,,,
FPGS,5,3.621429960288136e-07,0.9941101361134037,0.9996299973032251,False,,,,
FPGT-TNNI3K,5,1.5235907031567808,0.6856527620148254,0.9996299973032251,False,,,,
FRAS1,19,1.7480700866327281,0.31200224739212157,0.9996299973032251,False,,,,
FREM1,20,1.425200120149137,0.500970576721975,0.9996299973032251,False,,,,
FREM2,19,1.0111660534676934,0.9852624984659774,0.9996299973032251,False,,,,
FRG1,5,7.663475227308038,0.0016342800379611224,0.516138789422766,False,,,,
FRG2C,6,3.255880447232572e-07,0.9934569977070729,0.9996299973032251,False,,,,
FRMD3,7,1.0006296110840363,0.9995065182762976,0.9996299973032251,False,,,,
FRMD4A,7,2.936569438139374e-07,0.9929809207400461,0.9996299973032251,False,,,,
FRMD4B,5,3.0118330872996775,0.1380289149963368,0.9996299973032251,False,,,,
FRMD7,5,3.7640166381327705e-07,0.9941441099633732,0.9996299973032251,False,,,,
FRMPD1,10,3.205245850652053e-07,0.9915377443181327,0.9996299973032251,False,,,,
FRMPD2,9,1.5818968443008434,0.5260986204673102,0.9996299973032251,False,,,,
FRMPD4,18,2.15251856998158,0.10598585587094046,0.9996299973032251,False,,,,
FRRS1,7,4.066000300055918,0.01828918248976096,0.9563803967117698,False,,,,
FRY,8,1.0655652181283688,0.9498184438225016,0.9996299973032251,False,,,,
FRYL,12,0.5558471997701605,0.5636553587747836,0.9996299973032251,False,,,,
FSD2,5,1.5503283544311228,0.6630380837016076,0.9996299973032251,False,,,,
FSHR,7,4.053855630312454,0.02076551379977646,0.9996299973032251,False,,,,
FSIP2,8,0.8311933766129957,0.8541441674073307,0.9996299973032251,False,,,,
FSTL4,5,1.5810687946559807,0.6513755556374161,0.9996299973032251,False,,,,
FSTL5,7,0.968068532362932,0.9743711221056152,0.9996299973032251,False,,,,
FTSJ3,8,3.5069942896975354e-07,0.9925190503762664,0.9996299973032251,False,,,,
FUBP1,5,1.5114642388303394,0.6871961639703683,0.9996299973032251,False,,,,
FUBP3,5,1.5891804044498214,0.6451383189266552,0.9996299973032251,False,,,,
FUS,5,1.5619213252992126,0.6593322299199791,0.9996299973032251,False,,,,
FUT11,5,3.4047465845009625e-07,0.9941045864801739,0.9996299973032251,False,,,,
FXR1,5,1.4832297198873912,0.6958373513586154,0.9996299973032251,False,,,,
FYB1,5,3.910563832105791e-07,0.9941606717970355,0.9996299973032251,False,,,,
FYCO1,7,0.990163531884984,0.9924222027442001,0.9996299973032251,False,,,,
FZD3,5,3.3010717534278074e-07,0.9941117298025395,0.9996299973032251,False,,,,
FZD6,5,1.4929365165684678,0.6923206538195057,0.9996299973032251,False,,,,
G3BP1,7,2.9892593654517393e-07,0.9929495336759524,0.9996299973032251,False,,,,
G3BP2,7,0.992434583316381,0.9940089700826565,0.9996299973032251,False,,,,
GAB3,7,0.952658208560692,0.9617977535099924,0.9996299973032251,False,,,,
GAB4,5,1.5013776683931568,0.686510832009465,0.9996299973032251,False,,,,
GABBR2,7,0.941653660552542,0.9529178886809585,0.9996299973032251,False,,,,
GABRA3,7,0.9225017949149554,0.9363242966077249,0.9996299973032251,False,,,,
GABRA4,8,3.4421139643323966,0.049241540686936,0.9996299973032251,False,,,,
GABRA6,5,1.451989222848372,0.7139296228272236,0.9996299973032251,False,,,,
GABRB2,7,0.9764044387929016,0.981448560535224,0.9996299973032251,False,,,,
GABRG1,5,6.169378971192016,0.0023891619286110326,0.5266088762427661,False,,,,
GABRG2,5,3.2749371266598637e-07,0.99413559575251,0.9996299973032251,False,,,,
GABRG3,5,2.818635484567232e-07,0.9939730408145415,0.9996299973032251,False,,,,
GABRR3,5,1.4548162736933858,0.7102319717371033,0.9996299973032251,False,,,,
GAD2,7,0.937493152476508,0.9490485239064231,0.9996299973032251,False,,,,
GALNT1,5,3.102226491010295e-07,0.9941068959119588,0.9996299973032251,False,,,,
GALNT11,6,3.142788335469683e-07,0.993424719732399,0.9996299973032251,False,,,,
GALNT13,6,1.1137603110118954,0.9168297309347957,0.9996299973032251,False,,,,
GALNT17,8,1.8414965621063963,0.4038671471016968,0.9996299973032251,False,,,,
GALNT2,5,2.918699724496623,0.1340802634164476,0.9996299973032251,False,,,,
GALNT5,8,0.858581981019807,0.8813004659751141,0.9996299973032251,False,,,,
GALNT8,5,3.201086962024834e-07,0.9941064840009578,0.9996299973032251,False,,,,
GALNTL5,11,0.5995170645295067,0.6171960772206779,0.9996299973032251,False,,,,
GALNTL6,5,2.9437210853550617e-07,0.9940690257052168,0.9996299973032251,False,,,,
GANAB,8,1.8362962154763618,0.41216277727832107,0.9996299973032251,False,,,,
GAP43,5,2.814734275885535e-07,0.9939702382483565,0.9996299973032251,False,,,,
GAPVD1,7,3.295554798545265e-07,0.9930469667858748,0.9996299973032251,False,,,,
GARNL3,7,2.75242781922886e-07,0.9929422283098107,0.9996299973032251,False,,,,
GARRE1,5,3.2162128636057626e-07,0.9941115427752389,0.9996299973032251,False,,,,
GARS1,5,3.42882916291181e-07,0.9941483550283476,0.9996299973032251,False,,,,
GATA3,125,1.1589154287003929,0.5536705242525548,0.9996299973032251,False,0.015777696434667,0.61,0.7625,False
GBA2,5,2.9184001945844045e-07,0.9940407429748513,0.9996299973032251,False,,,,
GBA3,7,3.2006615618450036e-07,0.9929026473026833,0.9996299973032251,False,,,,
GBE1,7,1.1611563822044029,0.8823626760355112,0.9996299973032251,False,,,,
GBF1,10,3.631595032285499e-07,0.991712445915004,0.9996299973032251,False,,,,
GBP4,7,3.283726995581703e-07,0.9929377139384757,0.9996299973032251,False,,,,
GBP5,5,1.4923474056141457,0.6901157278041046,0.9996299973032251,False,,,,
GBP7,8,3.1465187103440646e-07,0.9925564619644494,0.9996299973032251,False,,,,
GCC2,16,0.4108097922318507,0.3819482342709829,0.9996299973032251,False,,,,
GCM2,8,3.3263017803418937e-07,0.9925003850848103,0.9996299973032251,False,,,,
GCN1,10,1.4336954308458933,0.6245832408923584,0.9996299973032251,False,,,,
GCNA,5,1.3280109936536115,0.7799706678013648,0.9996299973032251,False,,,,
GDF9,7,2.3633024180149014,0.25566159066977495,0.9996299973032251,False,,,,
GDPD1,5,2.7540670074143443,0.1675013103612491,0.9996299973032251,False,,,,
GEMIN4,5,1.4692211738187726,0.7063145707350991,0.9996299973032251,False,,,,
GEMIN5,7,2.9408408995494654e-07,0.9928985571426128,0.9996299973032251,False,,,,
GFM1,5,2.821963741189658,0.15195594646384708,0.9996299973032251,False,,,,
GFM2,6,2.6958905929771736e-07,0.9934751939752784,0.9996299973032251,False,,,,
GFPT2,8,0.9863282253762446,0.9892082323606713,0.9996299973032251,False,,,,
GGA1,5,1.3728921925747333,0.7600558428472683,0.9996299973032251,False,,,,
GIGYF1,6,3.092754005638025e-07,0.9935425353159686,0.9996299973032251,False,,,,
GIGYF2,6,2.940970819970794e-07,0.9934818945475609,0.9996299973032251,False,,,,
GIMAP5,5,1.5555130794295984,0.6688393320001284,0.9996299973032251,False,,,,
GIMAP8,10,0.6874805739384865,0.7119439584862082,0.9996299973032251,False,,,,
GIN1,7,0.937287363758818,0.9488359690875233,0.9996299973032251,False,,,,
GJA1,5,1.6240332768077008,0.6312947315039492,0.9996299973032251,False,,,,
GJA10,5,1.1989778522684484,0.8577019360259802,0.9996299973032251,False,,,,
GJA5,7,0.9818658425446208,0.9856565542300599,0.9996299973032251,False,,,,
GJB3,6,2.273724423137229,0.25822727584835825,0.9996299973032251,False,,,,
GLA,6,1.1394272525535551,0.8990412377367051,0.9996299973032251,False,,,,
GLB1L3,6,2.444804824991548,0.22254186586123248,0.9996299973032251,False,,,,
GLCCI1,5,1.510035466504623,0.6842651155474888,0.9996299973032251,False,,,,
GLCE,6,2.3024653574877783,0.24399695001749155,0.9996299973032251,False,,,,
GLDC,10,3.0911321820778964e-07,0.9915967370548902,0.9996299973032251,False,,,,
GLG1,6,1.118946062749355,0.9123979433583985,0.9996299973032251,False,,,,
GLI2,8,1.7144097568334842,0.45768108239066885,0.9996299973032251,False,,,,
GLI3,11,1.2098494060949618,0.7921272301624203,0.9996299973032251,False,,,,
GLT8D1,6,3.062161463454218e-07,0.99352480578581,0.9996299973032251,False,,,,
GLYR1,8,0.6919051680493881,0.7184669819327827,0.9996299973032251,False,,,,
GMEB1,6,2.271345008060705,0.25357612496969917,0.9996299973032251,False,,,,
GNAS,12,1.2604747526161417,0.7504476291648049,0.9996299973032251,False,,,,
GNE,7,1.0528971178712798,0.9594330088273209,0.9996299973032251,False,,,,
GNL3L,8,0.8409816171842748,0.8634837828718455,0.9996299973032251,False,,,,
GNPAT,6,1.1197053693023602,0.9120706672174579,0.9996299973032251,False,,,,
GNPTAB,11,1.290524182112819e-07,0.9943710736418495,0.9996299973032251,False,,,,
GOLGA3,10,1.4973344625884155,0.5739447532837914,0.9996299973032251,False,,,,
GOLGA4,12,0.5364379670413152,0.54319953978177,0.9996299973032251,False,,,,
GOLGB1,17,0.8582166186797109,0.8345473590801328,0.9996299973032251,False,,,,
GOLIM4,6,2.983535756663248e-07,0.9934445946134373,0.9996299973032251,False,,,,
GON4L,24,0.49359199052130254,0.3409097692210819,0.9996299973032251,False,,,,
GORAB,5,2.8069905188478914e-07,0.9939631660133026,0.9996299973032251,False,,,,
GPATCH1,7,0.9492509854156865,0.9596736135480766,0.9996299973032251,False,,,,
GPATCH2,6,3.4481578548144055e-07,0.9935614492910523,0.9996299973032251,False,,,,
GPATCH4,5,3.517355608830381,0.07891157550907064,0.9996299973032251,False,,,,
GPATCH8,8,3.0213254862209484,0.07016460864846373,0.9996299973032251,False,,,,
GPC3,5,2.7959994761088335e-07,0.9940380159623167,0.9996299973032251,False,,,,
GPC5,9,0.667485935409498,0.6901683888284238,0.9996299973032251,False,,,,
GPC6,9,3.0628592030978377,0.06348690375809533,0.9996299973032251,False,,,,
GPKOW,5,3.696876644546013e-07,0.9941246011830478,0.9996299973032251,False,,,,
GPLD1,8,0.9110430376376509,0.9267848746566643,0.9996299973032251,False,,,,
GPM6B,5,3.449038331624985e-07,0.9932625135366805,0.9996299973032251,False,,,,
GPNMB,6,1.293110761331293,0.7996232186589225,0.9996299973032251,False,,,,
GPR101,6,1.1915385582021496,0.8619656961418893,0.9996299973032251,False,,,,
GPR142,5,3.3267940700129452,0.09711749291190891,0.9996299973032251,False,,,,
GPR143,5,1.5959952428189483,0.642411219503133,0.9996299973032251,False,,,,
GPR149,6,3.3151548336662616e-07,0.99354647868268,0.9996299973032251,False,,,,
GPR155,5,2.7867509311440974,0.1671348757240746,0.9996299973032251,False,,,,
GPR156,7,0.8778997946008528,0.8981428947205041,0.9996299973032251,False,,,,
GPR158,11,1.1144019487752358e-07,0.9942558685505468,0.9996299973032251,False,,,,
GPR161,6,1.161320653184449,0.8823859803897804,0.9996299973032251,False,,,,
GPR174,5,3.4349797464678174e-07,0.9941107811162876,0.9996299973032251,False,,,,
GPR179,11,1.4000425623505555,0.6481240805767756,0.9996299973032251,False,,,,
GPRASP1,11,4.318567369445292,0.003895378106498178,0.6281415345698461,False,,,,
GPRASP2,11,1.4390889390619492,0.6154668405593808,0.9996299973032251,False,,,,
GPS2,12,1.1967697939804196,0.8029811805615608,0.9996299973032251,False,,,,
GPSM2,10,1.498280418103439,0.5769230134105194,0.9996299973032251,False,,,,
GRAMD4,5,1.497577028639383,0.70322947251375,0.9996299973032251,False,,,,
GRB7,5,1.7874306265452007,0.5686621905783642,0.9996299973032251,False,,,,
GREB1,6,3.200131253947847e-07,0.9934986846418863,0.9996299973032251,False,,,,
GRHL2,8,0.7869974628286263,0.811804244570514,0.9996299973032251,False,,,,
GRHL3,7,2.367540819911397,0.2373499387747835,0.9996299973032251,False,,,,
GRIA1,13,0.5042151412882788,0.49792259303245023,0.9996299973032251,False,,,,
GRIA3,16,0.8488682410617953,0.8210428452997937,0.9996299973032251,False,,,,
GRIA4,8,2.719371931715383,0.10051193872058185,0.9996299973032251,False,,,,
GRID1,14,1.6278459597440693,0.4124592220006452,0.9996299973032251,False,,,,
GRID2,9,0.8463534191977198,0.8685747162169953,0.9996299973032251,False,,,,
GRIK1,13,1.0115793869918512,0.9872850036630829,0.9996299973032251,False,,,,
GRIK2,14,1.4659815868210615,0.5216729950008465,0.9996299973032251,False,,,,
GRIK3,6,1.0672799519141962,0.9489995159220386,0.9996299973032251,False,,,,
GRIK5,6,1.2066170182393021,0.8523695187225727,0.9996299973032251,False,,,,
GRIN2A,21,1.045794163138985,0.9407823372397977,0.9996299973032251,False,,,,
GRIN2B,11,1.1956116093526378e-07,0.9942813872444795,0.9996299973032251,False,,,,
GRIN2C,7,3.347617817997354e-07,0.9930143945572224,0.9996299973032251,False,,,,
GRIN2D,5,3.2496607708116814e-07,0.9940433690644723,0.9996299973032251,False,,,,
GRIN3A,6,3.000499080997881e-07,0.9934566935413351,0.9996299973032251,False,,,,
GRIP1,5,3.0187660567745607e-07,0.9940404568664621,0.9996299973032251,False,,,,
GRIP2,6,4.634219672737505,0.009952245598404741,0.794571452091377,False,,,,
GRIPAP1,8,3.088663115548243e-07,0.9925167070095284,0.9996299973032251,False,,,,
GRK1,8,2.022963392173199,0.34040945139789097,0.9996299973032251,False,,,,
GRK2,6,4.9942247904489445,0.00746337001781078,0.7465922417003611,False,,,,
GRM1,10,0.7148383621158534,0.7424652040775669,0.9996299973032251,False,,,,
GRM3,12,0.6004487172272834,0.614252243411435,0.9996299973032251,False,,,,
GRM5,5,2.918349347249889e-07,0.9939789069131147,0.9996299973032251,False,,,,
GRM6,5,3.4805285333982207e-07,0.9941280748942878,0.9996299973032251,False,,,,
GRM8,9,2.6961436591264056,0.09686364238393588,0.9996299973032251,False,,,,
GRXCR1,5,1.3617775481563779,0.761725576216046,0.9996299973032251,False,,,,
GSAP,8,3.61415177028465e-07,0.9925602529335272,0.9996299973032251,False,,,,
GSDMB,5,3.1280107908799497,0.11238925171778721,0.9996299973032251,False,,,,
GSDMC,6,1.1591501821551482,0.8846310669906489,0.9996299973032251,False,,,,
GSE1,9,1.482626349536992,0.585838727064633,0.9996299973032251,False,,,,
GSPT1,6,1.5304543222083942,0.6728606554382126,0.9996299973032251,False,,,,
GSPT2,6,3.389162613065106e-07,0.9935357867915713,0.9996299973032251,False,,,,
GTF2I,6,3.52303462338711e-07,0.9935140543572036,0.9996299973032251,False,,,,
GTF2IRD2,7,0.8668105386974604,0.887834277442468,0.9996299973032251,False,,,,
GTF3C1,13,1.691206825379486,0.3927636898512463,0.9996299973032251,False,,,,
GTF3C4,6,3.3163135031659734e-07,0.9935394251539656,0.9996299973032251,False,,,,
GTPBP3,5,3.9209206082507406e-07,0.9941048916921614,0.9996299973032251,False,,,,
GTSE1,7,3.071464420032026e-07,0.992885852398107,0.9996299973032251,False,,,,
GUCY1A2,7,1.1169518660275146,0.9129551280171115,0.9996299973032251,False,,,,
GUCY2C,11,1.3165286713550801,0.7040315677017868,0.9996299973032251,False,,,,
GUCY2F,6,3.16290808957517e-07,0.993498595184241,0.9996299973032251,False,,,,
GUF1,5,3.455164745118412,0.09510349793900866,0.9996299973032251,False,,,,
GUSB,5,1.422654075636777,0.725795395069075,0.9996299973032251,False,,,,
GYG1,5,1.2718227911371958,0.8111928003963038,0.9996299973032251,False,,,,
GYG2,5,1.6463113293364628,0.6208876576897095,0.9996299973032251,False,,,,
GYS1,6,1.3783420558219008,0.7530468410446677,0.9996299973032251,False,,,,
GZF1,5,1.2547363732605032,0.8253239041958954,0.9996299973032251,False,,,,
H1-2,5,1.2770499853593307,0.8096152716881272,0.9996299973032251,False,,,,
H2AC15,5,3.747606374443166e-07,0.9941652203727886,0.9996299973032251,False,,,,
H2BC4,8,3.5092315773793657e-07,0.9925630243391634,0.9996299973032251,False,,,,
H2BW1,5,3.444742642727605e-07,0.9940880028477842,0.9996299973032251,False,,,,
H3C13,5,3.275837181931155e-07,0.9940632318710423,0.9996299973032251,False,,,,
H3C2,16,0.7861949003104574,0.7395263464448885,0.9996299973032251,False,,,,
H3C7,5,1.5485285261290502,0.6668019851768672,0.9996299973032251,False,,,,
H4C13,5,2.694919740949758e-07,0.99402913399342,0.9996299973032251,False,,,,
HACE1,7,0.8724218989922656,0.8931962161387204,0.9996299973032251,False,,,,
HAND2,6,1.1980016521343664,0.8598798467697425,0.9996299973032251,False,,,,
HAO1,5,3.058841571449452e-07,0.99401255871837,0.9996299973032251,False,,,,
HAS2,7,1.0701266065398352,0.9473739605803677,0.9996299973032251,False,,,,
HAUS5,8,3.1883184297708317e-07,0.9924954732545882,0.9996299973032251,False,,,,
HAUS6,8,1.9576242889626843,0.36129663759517694,0.9996299973032251,False,,,,
HAVCR1,5,3.024918209208389e-07,0.9939463909447072,0.9996299973032251,False,,,,
HBP1,5,2.686804497298724e-07,0.9938887042737474,0.9996299973032251,False,,,,
HCFC1,17,1.213343403798956,0.7426953334374216,0.9996299973032251,False,,,,
HCFC2,8,0.8034815175090443,0.828764557608237,0.9996299973032251,False,,,,
HCN1,5,1.2237012387001265,0.841851139936498,0.9996299973032251,False,,,,
HCN3,7,3.457570433953335,0.03412604193939187,0.9996299973032251,False,,,,
HCRTR2,6,1.273818992846355,0.8103499680970014,0.9996299973032251,False,,,,
HDAC1,8,0.9039651352461187,0.9199510271993903,0.9996299973032251,False,,,,
HDAC4,6,2.656349362869633e-07,0.9933919373406334,0.9996299973032251,False,,,,
HDAC5,6,3.308602161250442e-07,0.9934412098055903,0.9996299973032251,False,,,,
HDAC6,13,1.1373180603773396,0.8602330034177591,0.9996299973032251,False,,,,
HDAC8,5,3.1278436329670434e-07,0.994059718086856,0.9996299973032251,False,,,,
HDLBP,14,1.4499079230029028,0.5446586727566691,0.9996299973032251,False,,,,
HDX,14,2.5806375280703113,0.08102614592461245,0.9996299973032251,False,,,,
HEATR1,14,0.507911680128147,0.503244487097847,0.9996299973032251,False,,,,
HEATR4,6,1.1878292665279284,0.8644606413400329,0.9996299973032251,False,,,,
HEATR5A,9,3.277376265304192e-07,0.9920515062478588,0.9996299973032251,False,,,,
HEATR5B,13,1.0673406133203701e-07,0.9938273223354964,0.9996299973032251,False,,,,
HEATR6,6,1.2827719215835263,0.8075845538097913,0.9996299973032251,False,,,,
HECTD1,15,0.42296274976126647,0.3950135170200395,0.9996299973032251,False,,,,
HECTD4,15,0.9064230282471675,0.8913994099640218,0.9996299973032251,False,,,,
HECW1,19,2.0729412881423785,0.11743986461818073,0.9996299973032251,False,,,,
HECW2,14,3.281220025518947,0.013425585680652384,0.794571452091377,False,,,,
HEG1,14,0.4900250438888668,0.4868643210785757,0.9996299973032251,False,,,,
HELB,6,2.9419005579251516e-07,0.9934716467210754,0.9996299973032251,False,,,,
HELQ,6,2.7171971393109675e-07,0.9934485098301614,0.9996299973032251,False,,,,
HELZ,17,2.3426012085870602,0.07475533396706414,0.9996299973032251,False,,,,
HELZ2,5,1.6753590969401604,0.6174116472234299,0.9996299973032251,False,,,,
HEPACAM2,5,1.489991791286013,0.6933254137960629,0.9996299973032251,False,,,,
HEPH,10,0.6471492649091897,0.6684102014487282,0.9996299973032251,False,,,,
HEPHL1,9,0.7176645848117135,0.744346376828745,0.9996299973032251,False,,,,
HERC1,24,0.8148948007594123,0.7367735367258448,0.9996299973032251,False,,,,
HERC2,28,1.3876803053351463,0.495535954226744,0.9996299973032251,False,,,,
HERC4,5,3.188270942885491e-07,0.9940790894377812,0.9996299973032251,False,,,,
HERC5,7,2.309249075641605,0.24964462074362542,0.9996299973032251,False,,,,
HERC6,10,0.6569367801446495,0.6787232038423483,0.9996299973032251,False,,,,
HGD,5,3.66004783024257e-07,0.994154502492228,0.9996299973032251,False,,,,
HGF,5,3.7314620067418764,0.07654394015060607,0.9996299973032251,False,,,,
HGS,7,2.4598258727795024,0.22463706296169803,0.9996299973032251,False,,,,
HGSNAT,5,3.7134915497280696,0.07239268994071371,0.9996299973032251,False,,,,
HHIPL2,6,2.759683520886092,0.17678978665003492,0.9996299973032251,False,,,,
HHLA2,6,1.1867353700094359,0.8678878942873617,0.9996299973032251,False,,,,
HIF3A,8,1.910144233458873,0.37570211178417967,0.9996299973032251,False,,,,
HIP1,6,4.367271700336259,0.019027257536825933,0.9731083140262405,False,,,,
HIPK1,6,3.22056884490988,0.10864619810037071,0.9996299973032251,False,,,,
HIPK2,8,3.665306803820318,0.03290265010112369,0.9996299973032251,False,,,,
HIRA,5,2.9596930044103187e-07,0.9940950609235862,0.9996299973032251,False,,,,
HIVEP1,20,0.651316280491049,0.5558060149639208,0.9996299973032251,False,,,,
HIVEP2,11,1.274404522022874e-07,0.9943523199426652,0.9996299973032251,False,,,,
HIVEP3,14,1.0490057977391765,0.9470979675569835,0.9996299973032251,False,,,,
HJURP,5,1.5087529456892619,0.6834552095129609,0.9996299973032251,False,,,,
HLF,6,3.7496031563034566e-07,0.993520826028972,0.9996299973032251,False,,,,
HLTF,7,0.9386104746035867,0.9504733580688173,0.9996299973032251,False,,,,
HLX,6,3.410006254710961e-07,0.9935585939871452,0.9996299973032251,False,,,,
HMCN1,58,0.7185940511849963,0.4565460755301757,0.9996299973032251,False,-0.0482293437141509,0.23,0.56875,False
HMGCLL1,6,3.690789027148743e-07,0.9936193135478365,0.9996299973032251,False,,,,
HMGCR,6,1.2001596895881534,0.8615962477533389,0.9996299973032251,False,,,,
HNF1A,5,2.8139973916659976e-07,0.9940195881755486,0.9996299973032251,False,,,,
HNF1B,5,3.8455872338776493e-07,0.9941585992882143,0.9996299973032251,False,,,,
HNF4A,5,3.9518613065252404,0.060724225390385064,0.9996299973032251,False,,,,
HNRNPA2B1,6,2.643962585338185,0.18323971918168408,0.9996299973032251,False,,,,
HNRNPDL,5,3.740502269536832e-07,0.9941277193971483,0.9996299973032251,False,,,,
HNRNPH2,6,1.1629087057685086,0.8810129428397111,0.9996299973032251,False,,,,
HNRNPK,7,1.0654979446374087,0.9502919182106959,0.9996299973032251,False,,,,
HNRNPR,5,3.282563177049207e-07,0.99410990976234,0.9996299973032251,False,,,,
HNRNPU,5,3.235688432924837e-07,0.9940381684954984,0.9996299973032251,False,,,,
HNRNPUL1,6,1.1798340129635736,0.8702222180715202,0.9996299973032251,False,,,,
HOMER2,5,1.2574408481839126,0.8208680136938727,0.9996299973032251,False,,,,
HOOK1,8,2.113733543382134,0.3006949145519627,0.9996299973032251,False,,,,
HOOK3,7,0.9708581485062936,0.976721773772115,0.9996299973032251,False,,,,
HORMAD1,6,1.288238337420055,0.8062955050659564,0.9996299973032251,False,,,,
HOXB2,5,1.6011003642973836,0.6420637888509981,0.9996299973032251,False,,,,
HPD,5,3.4613701624396087e-07,0.9940396902473957,0.9996299973032251,False,,,,
HPS3,10,1.7406524450123646,0.4425111468112747,0.9996299973032251,False,,,,
HPS4,5,3.3438216683009867e-07,0.9940335482142082,0.9996299973032251,False,,,,
HPSE,6,4.839162810446999,0.008195330856978556,0.7645806241205585,False,,,,
HRC,7,2.183920350299945,0.2846982658874282,0.9996299973032251,False,,,,
HRG,5,1.3904341141416028,0.7473072290156872,0.9996299973032251,False,,,,
HRNR,18,1.3901752549549562,0.5763113321006584,0.9996299973032251,False,,,,
HS3ST2,5,3.201824795988305e-07,0.9940650302422939,0.9996299973032251,False,,,,
HS3ST4,5,1.2319803913015526,0.8362504068196743,0.9996299973032251,False,,,,
HS6ST2,6,1.2962849432092969,0.7971100745892767,0.9996299973032251,False,,,,
HSD17B4,8,1.8381943485661743,0.3960629636582781,0.9996299973032251,False,,,,
HSD3B2,7,1.066513468032378,0.9490523905756129,0.9996299973032251,False,,,,
HSDL2,5,2.508107148148784e-07,0.9940081628821349,0.9996299973032251,False,,,,
HSP90AA1,5,3.1553541741830955,0.12894639557400514,0.9996299973032251,False,,,,
HSP90AB1,6,2.6919538809595016,0.16651661019666988,0.9996299973032251,False,,,,
HSPA12A,7,3.5507012144718345e-07,0.993034013632447,0.9996299973032251,False,,,,
HSPA14,6,2.6903765874100095e-07,0.9934243934784588,0.9996299973032251,False,,,,
HSPA4,6,1.2897347152090153,0.8044292669931021,0.9996299973032251,False,,,,
HSPA5,7,2.7801156064597494e-07,0.9929780871882123,0.9996299973032251,False,,,,
HSPA8,7,0.9797768912142835,0.9839541577134628,0.9996299973032251,False,,,,
HSPBAP1,5,3.0605487638723283e-07,0.9940459875067618,0.9996299973032251,False,,,,
HSPD1,7,1.9074649423959062,0.3685456515464258,0.9996299973032251,False,,,,
HSPG2,12,0.6020647391409029,0.6155073270893214,0.9996299973032251,False,,,,
HSPH1,5,2.9809259067465117e-07,0.99394143446989,0.9996299973032251,False,,,,
HTATSF1,13,1.2448430406844178,0.7615961507545349,0.9996299973032251,False,,,,
HTR1A,5,1.6379172644983597,0.627235606076135,0.9996299973032251,False,,,,
HTR2A,5,1.5222182861563278,0.6797029196030524,0.9996299973032251,False,,,,
HTR5A,6,3.553853971703332e-07,0.9935182456883396,0.9996299973032251,False,,,,
HTT,18,0.7110140777761387,0.6364406421575027,0.9996299973032251,False,,,,
HUWE1,35,1.3808296700640195,0.4649891193004664,0.9996299973032251,False,,,,
HYDIN,24,0.9631181436176038,0.9501791641602227,0.9996299973032251,False,,,,
HYOU1,6,3.0302990383152727e-07,0.9935057310933548,0.9996299973032251,False,,,,
IARS1,10,2.5249527940430445,0.12046860722672277,0.9996299973032251,False,,,,
IARS2,5,3.9540509310986254,0.06470810155424363,0.9996299973032251,False,,,,
IBSP,6,3.181239653052791e-07,0.9934824876031656,0.9996299973032251,False,,,,
IBTK,7,3.2560199645368815e-07,0.9930459367792579,0.9996299973032251,False,,,,
ICA1L,5,2.799881897671253e-07,0.9940452392054505,0.9996299973032251,False,,,,
ICE1,19,0.6353685098227952,0.5348421209577539,0.9996299973032251,False,,,,
IDE,5,1.422694863602015,0.7283433137414962,0.9996299973032251,False,,,,
IDH1,5,2.9019318044204208,0.14047400295138987,0.9996299973032251,False,,,,
IFI16,6,3.126302825559581e-07,0.9934042995853513,0.9996299973032251,False,,,,
IFI44,6,3.130174924542817e-07,0.9934526840399903,0.9996299973032251,False,,,,
IFIH1,6,0.9280242741194845,0.9413714918912238,0.9996299973032251,False,,,,
IFIT1,5,1.4918792172391324,0.699787776906512,0.9996299973032251,False,,,,
IFT122,7,1.0500416779163995,0.9614881337198192,0.9996299973032251,False,,,,
IFT140,6,4.875650674853526,0.0076393895028714,0.7465922417003611,False,,,,
IFT172,9,0.7141504312720157,0.7422440317494359,0.9996299973032251,False,,,,
IFT52,6,4.782259077356201,0.008214231028368699,0.7645806241205585,False,,,,
IFT88,6,4.352996913277755,0.013612007360473148,0.794571452091377,False,,,,
IGDCC3,7,3.457592994745687e-07,0.9930646879344953,0.9996299973032251,False,,,,
IGF1R,9,2.9304122017818988,0.07755687509338567,0.9996299973032251,False,,,,
IGF2BP2,5,3.3884991667015733e-07,0.9941257351823753,0.9996299973032251,False,,,,
IGF2R,14,1.1863441058395278e-07,0.9935219303594962,0.9996299973032251,False,,,,
IGHMBP2,5,3.0936539508929257e-07,0.9940593803987284,0.9996299973032251,False,,,,
IGKV3D-20,5,1.6109632585802092,0.6429718112417739,0.9996299973032251,False,,,,
IGSF1,14,1.0206478698487431,0.9772061517796007,0.9996299973032251,False,,,,
IGSF10,15,0.44256154894853234,0.4219470756781948,0.9996299973032251,False,,,,
IGSF3,5,1.3409084650358614,0.7738102561403263,0.9996299973032251,False,,,,
IGSF8,6,1.252739442106854,0.8245610917247156,0.9996299973032251,False,,,,
IGSF9,6,1.0453658914539279,0.9657280464318582,0.9996299973032251,False,,,,
IGSF9B,7,3.732062408897109,0.033898944783090586,0.9996299973032251,False,,,,
IKBKB,7,0.961604153203138,0.9689720554691854,0.9996299973032251,False,,,,
IKBKE,5,1.6751022345916438,0.6139366223792035,0.9996299973032251,False,,,,
IKZF3,5,1.4529950486671468,0.7159027872863681,0.9996299973032251,False,,,,
IL11RA,6,1.1957802981198513,0.8586540760798169,0.9996299973032251,False,,,,
IL12RB1,5,3.7802040011757607,0.06669411472103338,0.9996299973032251,False,,,,
IL12RB2,5,2.5858480950512943,0.1963668572057345,0.9996299973032251,False,,,,
IL13RA2,6,3.166148409745622e-07,0.9933663587575783,0.9996299973032251,False,,,,
IL16,5,3.4389322491463172,0.0915871633120649,0.9996299973032251,False,,,,
IL18R1,7,2.9061634470953405e-07,0.9929721928258257,0.9996299973032251,False,,,,
IL1R2,5,1.5283488570217576,0.6732237175371725,0.9996299973032251,False,,,,
IL1RAP,8,3.0142292378843195e-07,0.9924769503448749,0.9996299973032251,False,,,,
IL1RAPL1,10,1.7177506821371422,0.45692346868556055,0.9996299973032251,False,,,,
IL1RL2,9,3.133444557158126e-07,0.9920828051105535,0.9996299973032251,False,,,,
IL23R,5,3.49226238937863e-07,0.994138341468917,0.9996299973032251,False,,,,
IL27RA,6,3.538361867059441e-07,0.9935818550454585,0.9996299973032251,False,,,,
IL31RA,5,3.1639359169203496e-07,0.9940910971394827,0.9996299973032251,False,,,,
IL4R,9,1.4658689815224768,0.6026602933579241,0.9996299973032251,False,,,,
IL5RA,5,1.5292070994854874,0.6821210325638772,0.9996299973032251,False,,,,
IL6ST,7,2.8678852285655733e-07,0.992984385705012,0.9996299973032251,False,,,,
IL7R,5,1.345473778492706,0.7680716040353819,0.9996299973032251,False,,,,
IL9R,5,3.086218919305735,0.1172163807684156,0.9996299973032251,False,,,,
ILF2,7,1.042649366566564,0.9669004650238087,0.9996299973032251,False,,,,
ILF3,5,1.534129548214313,0.6718332951200015,0.9996299973032251,False,,,,
ILVBL,5,3.4695828752361026e-07,0.994133857025145,0.9996299973032251,False,,,,
IMMT,5,3.6054450187646157e-07,0.9940912306168791,0.9996299973032251,False,,,,
IMPG1,9,1.7209257909316804,0.4509981799713837,0.9996299973032251,False,,,,
IMPG2,8,0.9744188539880158,0.9799320360227494,0.9996299973032251,False,,,,
INCENP,6,2.5192162593855064e-07,0.9933963269434428,0.9996299973032251,False,,,,
ING1,5,1.5628987522658209,0.6617800835804406,0.9996299973032251,False,,,,
INMT,5,1.2134522153048704,0.8486193988542616,0.9996299973032251,False,,,,
INO80,7,2.1016354632174554,0.30641383741765116,0.9996299973032251,False,,,,
INO80D,9,0.6959921103074568,0.7284683919658994,0.9996299973032251,False,,,,
INPP4B,5,3.970173068331876,0.05884201348408112,0.9996299973032251,False,,,,
INPP5B,7,3.294911299147842e-07,0.993027319054246,0.9996299973032251,False,,,,
INPP5D,6,2.8979034841367874,0.14016942091112392,0.9996299973032251,False,,,,
INPP5F,7,3.082087810601801e-07,0.9929934284779877,0.9996299973032251,False,,,,
INPPL1,9,0.7003019864261746,0.7285053326992934,0.9996299973032251,False,,,,
INSR,9,1.7281285270542228,0.46388208881910564,0.9996299973032251,False,,,,
INSRR,8,2.91724767263555e-07,0.9924059628854097,0.9996299973032251,False,,,,
INTS1,7,2.3966020103832033,0.24260085208713206,0.9996299973032251,False,,,,
INTS2,6,2.920821276268286e-07,0.9934195186957182,0.9996299973032251,False,,,,
INTS3,7,3.413969433254448e-07,0.9930729818346269,0.9996299973032251,False,,,,
INTS4,6,3.188133372350484e-07,0.9935449649029577,0.9996299973032251,False,,,,
INTS6,11,0.7044215443578238,0.7306425745855913,0.9996299973032251,False,,,,
INTS6L,7,3.2490375399788603e-07,0.9928875062700598,0.9996299973032251,False,,,,
INTS7,8,3.363698417582826e-07,0.9924768092310826,0.9996299973032251,False,,,,
INTS8,9,3.032924449044969e-07,0.9919181627391045,0.9996299973032251,False,,,,
INTU,7,2.141696082283707,0.2907517543691719,0.9996299973032251,False,,,,
IP6K3,6,1.4886724946760352,0.6975155886304278,0.9996299973032251,False,,,,
IPO5,5,1.3038169260433703,0.7929789712951271,0.9996299973032251,False,,,,
IPO8,9,3.041994896950704e-07,0.992001790105173,0.9996299973032251,False,,,,
IQCA1,5,2.8218995876140074,0.15338586463478834,0.9996299973032251,False,,,,
IQCB1,6,3.6987060528810686e-07,0.993531568780195,0.9996299973032251,False,,,,
IQCH,6,1.1195976886797545,0.9114147694177093,0.9996299973032251,False,,,,
IQGAP1,6,2.570387901261913,0.20363041664545511,0.9996299973032251,False,,,,
IQGAP2,6,3.468832073099599e-07,0.9935506765231839,0.9996299973032251,False,,,,
IQGAP3,12,0.5823079804461372,0.5969978023709219,0.9996299973032251,False,,,,
IQSEC2,8,0.8594196870118235,0.8814348387451133,0.9996299973032251,False,,,,
IQSEC3,5,2.635803843168511e-07,0.9939241171919309,0.9996299973032251,False,,,,
IQUB,6,1.2992465789041787,0.795353002505723,0.9996299973032251,False,,,,
IRAG1,5,1.5294760832131524,0.6734576701710943,0.9996299973032251,False,,,,
IREB2,15,0.4664137055065469,0.45374986680537777,0.9996299973032251,False,,,,
IRF9,5,2.921977146827887e-07,0.9940429273244603,0.9996299973032251,False,,,,
IRS1,5,2.6514964296405763,0.18486917269372016,0.9996299973032251,False,,,,
IRS4,14,1.1252156368569604,0.8696786728834078,0.9996299973032251,False,,,,
ISLR,5,1.3627109173717131,0.7588571394334953,0.9996299973032251,False,,,,
ITCH,5,1.6823841980308147,0.6091830065589199,0.9996299973032251,False,,,,
ITGA1,9,2.9624767391343583e-07,0.9919438154114559,0.9996299973032251,False,,,,
ITGA10,9,2.8293604980167695,0.09562240710631933,0.9996299973032251,False,,,,
ITGA11,7,3.126945177029091e-07,0.9929205564976596,0.9996299973032251,False,,,,
ITGA2,7,3.02930672594806e-07,0.9929362667829011,0.9996299973032251,False,,,,
ITGA4,7,0.9399306176501232,0.9510796208989767,0.9996299973032251,False,,,,
ITGA6,8,3.240730253803456,0.0480645492723678,0.9996299973032251,False,,,,
ITGA8,10,1.597176236650686,0.5251886960173773,0.9996299973032251,False,,,,
ITGA9,5,1.5071202695790038,0.6899056915506615,0.9996299973032251,False,,,,
ITGAL,6,2.8691167497475885e-07,0.9934239118503484,0.9996299973032251,False,,,,
ITGAV,9,2.900221993312316e-07,0.9920117314365332,0.9996299973032251,False,,,,
ITGAX,8,0.8061970845252898,0.8316652874129412,0.9996299973032251,False,,,,
ITGB2,10,3.134119282159171e-07,0.9915800354812175,0.9996299973032251,False,,,,
ITGB4,9,3.1805738596701243e-07,0.9920238640877405,0.9996299973032251,False,,,,
ITGB6,6,2.765958023907047,0.1739129440661622,0.9996299973032251,False,,,,
ITGB8,5,3.9018866459779087,0.06936512961071808,0.9996299973032251,False,,,,
ITIH1,6,1.1545694752628564,0.8867139094837984,0.9996299973032251,False,,,,
ITIH3,6,3.0239717677694037e-07,0.9935267455187655,0.9996299973032251,False,,,,
ITIH4,5,3.2578046671716434,0.1041766832833675,0.9996299973032251,False,,,,
ITIH5,5,3.315520294494033e-07,0.9940701694230696,0.9996299973032251,False,,,,
ITIH6,14,0.9707786606423972,0.9678457676696997,0.9996299973032251,False,,,,
ITK,8,1.6346393179411558,0.4977353673266156,0.9996299973032251,False,,,,
ITM2A,5,1.3580941613824562,0.7616693989658931,0.9996299973032251,False,,,,
ITPKB,6,3.489355424787522e-07,0.9935933241249779,0.9996299973032251,False,,,,
ITPKC,9,1.7882116986907182,0.42419839257636405,0.9996299973032251,False,,,,
ITPR1,15,0.46560573044034576,0.448141608501868,0.9996299973032251,False,,,,
ITPR2,16,2.3395412099033184,0.08398853010994847,0.9996299973032251,False,,,,
ITPR3,14,1.2804365780044793,0.6878649921021762,0.9996299973032251,False,,,,
ITPRID1,6,1.174647065015085,0.8747812818626376,0.9996299973032251,False,,,,
ITPRID2,8,0.9236264842769898,0.9377221926005043,0.9996299973032251,False,,,,
ITSN1,13,1.1077600258652451,0.8917533565864654,0.9996299973032251,False,,,,
ITSN2,11,2.268437971880444,0.1753822296936102,0.9996299973032251,False,,,,
IVNS1ABP,5,1.2436890596551973,0.8296348197253453,0.9996299973032251,False,,,,
IWS1,5,2.5564234351971655e-07,0.993828147643584,0.9996299973032251,False,,,,
JADE2,6,3.13445195600213e-07,0.9935417323168558,0.9996299973032251,False,,,,
JADE3,9,1.7117654118929648,0.462481067414259,0.9996299973032251,False,,,,
JAG1,6,1.0943243468792732,0.9293001050973364,0.9996299973032251,False,,,,
JAK1,11,2.880906943634279,0.046549256088381855,0.9996299973032251,False,,,,
JAK2,8,0.7475860763173566,0.7776436738720158,0.9996299973032251,False,,,,
JAK3,11,0.579491134487656,0.5935631939253083,0.9996299973032251,False,,,,
JAKMIP3,5,1.5342801209702064,0.6806242113911459,0.9996299973032251,False,,,,
JCAD,8,0.8600197879515182,0.8817096444635238,0.9996299973032251,False,,,,
JMJD1C,16,0.8955187839298235,0.8801110929734051,0.9996299973032251,False,,,,
KALRN,13,1.0921040164550544,0.9042579002235218,0.9996299973032251,False,,,,
KANK1,7,4.286990979417678,0.023389641777907984,0.9996299973032251,False,,,,
KANK2,7,1.0805806757814078,0.9392069992923225,0.9996299973032251,False,,,,
KANK4,5,1.28417418104494,0.8093355573112611,0.9996299973032251,False,,,,
KANSL1,8,3.4862925385956127,0.04340719345834808,0.9996299973032251,False,,,,
KASH5,8,0.7419824206827564,0.7688491208515039,0.9996299973032251,False,,,,
KAT14,5,1.4955464780217327,0.7052363904322344,0.9996299973032251,False,,,,
KAT6A,11,2.255660266759947,0.19637020054540685,0.9996299973032251,False,,,,
KAT6B,16,1.3861758529284873,0.5897059675729567,0.9996299973032251,False,,,,
KAT8,5,1.3567830901820046,0.7623936356903456,0.9996299973032251,False,,,,
KATNB1,5,1.4490005673284814,0.7142196351765093,0.9996299973032251,False,,,,
KATNIP,7,2.1510221012241266,0.3184644454930967,0.9996299973032251,False,,,,
KBTBD4,5,1.4834578842351962,0.6988558794175288,0.9996299973032251,False,,,,
KBTBD6,5,1.651122060382511,0.6291275915563772,0.9996299973032251,False,,,,
KCNA1,9,0.6652261106945919,0.6868260563325077,0.9996299973032251,False,,,,
KCNA2,5,2.6160676994859194e-07,0.9939073085091448,0.9996299973032251,False,,,,
KCNA4,11,1.29800942145025,0.7189057573676625,0.9996299973032251,False,,,,
KCNA5,9,3.178171923266314e-07,0.9920148324762277,0.9996299973032251,False,,,,
KCNAB1,5,3.5772089861771406,0.07607047382365517,0.9996299973032251,False,,,,
KCNB1,7,0.915195111376265,0.930221541810268,0.9996299973032251,False,,,,
KCNB2,14,0.4931396687750418,0.4819488540219975,0.9996299973032251,False,,,,
KCNC2,5,3.5303511058075023e-07,0.9940853435308825,0.9996299973032251,False,,,,
KCND1,8,0.9672859351979147,0.9738435746004577,0.9996299973032251,False,,,,
KCND2,8,0.7588920200719519,0.7848868010624592,0.9996299973032251,False,,,,
KCND3,6,3.183380996998145e-07,0.9934926897069635,0.9996299973032251,False,,,,
KCNG4,5,5.637344236277495,0.004049042981756636,0.6281415345698461,False,,,,
KCNH1,9,1.5256731299793793,0.5620581571432027,0.9996299973032251,False,,,,
KCNH2,6,3.288109886994535e-07,0.9935605299347001,0.9996299973032251,False,,,,
KCNH3,8,2.1355474781857287,0.2998514958725657,0.9996299973032251,False,,,,
KCNH4,5,2.9438404264065308,0.13865348141352413,0.9996299973032251,False,,,,
KCNH5,5,1.2062927118363078,0.8552393697285491,0.9996299973032251,False,,,,
KCNH6,9,1.5541617425624272,0.545593406249385,0.9996299973032251,False,,,,
KCNH7,10,2.2323003513471473,0.18006414769756685,0.9996299973032251,False,,,,
KCNH8,9,3.096054085838835e-07,0.9920356370757664,0.9996299973032251,False,,,,
KCNJ15,6,1.445245425021503,0.7174841469493489,0.9996299973032251,False,,,,
KCNK13,5,3.431366387280245e-07,0.9941279822074752,0.9996299973032251,False,,,,
KCNK18,9,0.7232017056954972,0.753180342316444,0.9996299973032251,False,,,,
KCNK2,8,2.996392026067486,0.06750505499153363,0.9996299973032251,False,,,,
KCNK9,8,0.7690399693463438,0.7947236397812273,0.9996299973032251,False,,,,
KCNMA1,5,1.3790580991539523,0.7542774233209508,0.9996299973032251,False,,,,
KCNN2,6,4.38726201496403,0.01365829741454881,0.794571452091377,False,,,,
KCNQ2,9,0.738691957360255,0.7646771452080584,0.9996299973032251,False,,,,
KCNQ3,9,1.6312895333891726,0.497160527885563,0.9996299973032251,False,,,,
KCNQ4,5,3.817964922672005e-07,0.9941519842611765,0.9996299973032251,False,,,,
KCNQ5,10,1.6316743399225273,0.5063890416236405,0.9996299973032251,False,,,,
KCNT1,7,1.1000049842738115,0.9273333357576248,0.9996299973032251,False,,,,
KCNT2,18,1.749276820480624,0.29038322079494083,0.9996299973032251,False,,,,
KCNU1,10,3.297918451680778e-07,0.9915872739388676,0.9996299973032251,False,,,,
KCNV1,8,1.8689383279414726,0.38650065068639194,0.9996299973032251,False,,,,
KCTD21,5,1.5520235591588964,0.6641325162343896,0.9996299973032251,False,,,,
KCTD3,9,0.7809109592982908,0.8065021128913465,0.9996299973032251,False,,,,
KDM2A,10,0.6044844017042169,0.6201649949367718,0.9996299973032251,False,,,,
KDM3A,9,3.3416296048881145e-07,0.9921000351961885,0.9996299973032251,False,,,,
KDM3B,10,0.7005343205555962,0.7279312916180041,0.9996299973032251,False,,,,
KDM4A,9,0.7799246174908161,0.8065897518794256,0.9996299973032251,False,,,,
KDM4C,9,1.5110688407186577,0.5729700869585068,0.9996299973032251,False,,,,
KDM5A,9,2.7891806119093686e-07,0.9918990486757222,0.9996299973032251,False,,,,
KDM5B,15,0.8797927810799425,0.8639125162619771,0.9996299973032251,False,,,,
KDM5C,7,2.913749697434407e-07,0.9929611960702884,0.9996299973032251,False,,,,
KDM6A,19,0.7061307053801172,0.6314512932953935,0.9996299973032251,False,,,,
KDM6B,5,1.2782072742347825,0.809263779473281,0.9996299973032251,False,,,,
KDR,9,0.7653818918093851,0.7933766379785906,0.9996299973032251,False,,,,
KHDC4,6,1.145086470058127,0.894326383826365,0.9996299973032251,False,,,,
KIAA0100,9,0.7088224359726387,0.73658751679531,0.9996299973032251,False,,,,
KIAA0232,15,0.44136240707930513,0.42166613899409977,0.9996299973032251,False,,,,
KIAA0319,11,1.2122180353680697e-07,0.9942962711724569,0.9996299973032251,False,,,,
KIAA0319L,8,0.9235586152430999,0.9376931505865479,0.9996299973032251,False,,,,
KIAA0408,5,3.6497554049131327,0.08079158707881608,0.9996299973032251,False,,,,
KIAA0586,5,3.1152212813652267e-07,0.9939804578273873,0.9996299973032251,False,,,,
KIAA1109,27,1.629157672313453,0.2641205542209843,0.9996299973032251,False,,,,
KIAA1210,17,1.2745322640515626,0.6813489927209472,0.9996299973032251,False,,,,
KIAA1217,10,0.7191508985876854,0.7492599793862316,0.9996299973032251,False,,,,
KIAA1328,5,1.1623809277876607,0.8824596476771146,0.9996299973032251,False,,,,
KIAA1522,6,3.4002341428997315e-07,0.9935797330978118,0.9996299973032251,False,,,,
KIAA1549,9,4.166254867541262,0.006060597425571313,0.7051505104652221,False,,,,
KIAA1549L,13,1.0720890859036047e-07,0.9937508595563932,0.9996299973032251,False,,,,
KIAA1586,5,1.4355574452556186,0.7198223433504077,0.9996299973032251,False,,,,
KIAA1614,8,1.6928548406447164,0.4743960263931343,0.9996299973032251,False,,,,
KIAA1755,6,2.875738161406989e-07,0.9934716161476885,0.9996299973032251,False,,,,
KIAA1841,5,1.5064746885970395,0.697787197873732,0.9996299973032251,False,,,,
KIAA2026,12,2.579469067978486,0.06967509217346654,0.9996299973032251,False,,,,
KIDINS220,9,2.7837309693328687e-07,0.9919827156183684,0.9996299973032251,False,,,,
KIF11,7,1.042857880826859,0.9677124934574667,0.9996299973032251,False,,,,
KIF13A,14,1.691350019698906,0.3938493694153439,0.9996299973032251,False,,,,
KIF13B,6,2.869416676030861,0.15146354753378613,0.9996299973032251,False,,,,
KIF14,11,0.6204929662669151,0.6433066380605488,0.9996299973032251,False,,,,
KIF15,7,0.9323656345603045,0.9462432478237055,0.9996299973032251,False,,,,
KIF16B,16,1.8348950127533938,0.25209244115437734,0.9996299973032251,False,,,,
KIF17,8,0.7954763670671694,0.8225320143870332,0.9996299973032251,False,,,,
KIF18A,6,1.0801902731033477,0.9398248113245716,0.9996299973032251,False,,,,
KIF1A,10,1.5176557150736298,0.5644263179423967,0.9996299973032251,False,,,,
KIF1B,11,2.947675008591365,0.041485621281499685,0.9996299973032251,False,,,,
KIF20B,11,1.1254881562605478e-07,0.9942864140513367,0.9996299973032251,False,,,,
KIF21A,9,1.4902401030197057,0.5908394070116639,0.9996299973032251,False,,,,
KIF21B,10,0.7826462731543248,0.8087149352019549,0.9996299973032251,False,,,,
KIF23,6,2.597466032091216e-07,0.9934848399227719,0.9996299973032251,False,,,,
KIF24,7,2.7663839858392976,0.18006756694382967,0.9996299973032251,False,,,,
KIF26B,13,1.0034729993864293,0.9962536325801342,0.9996299973032251,False,,,,
KIF27,10,2.784265913652606e-07,0.9915482506055441,0.9996299973032251,False,,,,
KIF2A,7,3.032630021798405e-07,0.9929367660830701,0.9996299973032251,False,,,,
KIF2B,6,1.1856762148623925,0.8659251600893539,0.9996299973032251,False,,,,
KIF4A,20,0.7116645729106207,0.6406043940520316,0.9996299973032251,False,,,,
KIF4B,7,1.0776372846131614,0.940684687539677,0.9996299973032251,False,,,,
KIF5A,5,3.305822171149257,0.0948965321093453,0.9996299973032251,False,,,,
KIF5B,9,1.6575957813282907,0.4845710126192888,0.9996299973032251,False,,,,
KIF5C,13,0.47685648960141747,0.4704896271640485,0.9996299973032251,False,,,,
KIF6,6,2.2931419146999064,0.24964193376776775,0.9996299973032251,False,,,,
KIFAP3,8,3.088957871526364e-07,0.9924056516100291,0.9996299973032251,False,,,,
KIFBP,5,1.468477375234245,0.7070445269276109,0.9996299973032251,False,,,,
KIFC1,8,0.8453579708029507,0.8674547092706556,0.9996299973032251,False,,,,
KIFC3,6,1.2120879144698775,0.8504045615373169,0.9996299973032251,False,,,,
KIR2DL1,7,0.9904657612901374,0.9923992420183909,0.9996299973032251,False,,,,
KIR2DL4,7,2.0807777203619646,0.32309077731565816,0.9996299973032251,False,,,,
KIR3DL1,5,3.0705297963644287,0.13456542657055848,0.9996299973032251,False,,,,
KIR3DL2,7,3.2229664815488577,0.05377839003615233,0.9996299973032251,False,,,,
KIR3DL3,5,3.240971086615935e-07,0.9940654522218153,0.9996299973032251,False,,,,
KIRREL1,7,0.9473207384760851,0.9572757582450458,0.9996299973032251,False,,,,
KIRREL2,5,2.9385463496344447e-07,0.9940658437172747,0.9996299973032251,False,,,,
KIT,8,3.3226099289234983e-07,0.9925352651811954,0.9996299973032251,False,,,,
KL,6,3.228473622442887e-07,0.9935473979622036,0.9996299973032251,False,,,,
KLC2,5,1.1704477522454089,0.8797309882462268,0.9996299973032251,False,,,,
KLC4,5,2.703702331335236e-07,0.9940324474626407,0.9996299973032251,False,,,,
KLF11,5,1.76447115709224,0.5750491943288358,0.9996299973032251,False,,,,
KLF15,7,0.9632712024123997,0.9706182245382071,0.9996299973032251,False,,,,
KLF7,5,3.492785520974282e-07,0.9941181356237312,0.9996299973032251,False,,,,
KLHL1,10,3.8303938905079717,0.011262735996156199,0.794571452091377,False,,,,
KLHL12,5,1.4341679621362198,0.7216164507818432,0.9996299973032251,False,,,,
KLHL13,6,1.3997599927393252,0.7437127264176628,0.9996299973032251,False,,,,
KLHL31,7,0.7503894926921603,0.7825932196252243,0.9996299973032251,False,,,,
KLHL4,10,1.643527431535231,0.49394424942339177,0.9996299973032251,False,,,,
KLHL41,7,6.199445912898968,0.0005219984108451942,0.3752791223987348,False,,,,
KLHL7,6,1.3418107989411876,0.7716143772811186,0.9996299973032251,False,,,,
KLK15,5,3.1400241713081165e-07,0.9939914430286707,0.9996299973032251,False,,,,
KMO,7,1.9362180642884237,0.38071085676902394,0.9996299973032251,False,,,,
KMT2A,24,0.5433578807701539,0.3990989531372856,0.9996299973032251,False,,,,
KMT2B,10,1.4804898170518705,0.598222440690112,0.9996299973032251,False,,,,
KMT2C,85,1.5694329769734383,0.08019739795097268,0.9996299973032251,False,0.0685776441084009,0.0466666666666666,0.35,False
KMT2D,32,0.633501761987367,0.4439038337035691,0.9996299973032251,False,,,,
KMT2E,16,0.8793753393248898,0.8593834026298357,0.9996299973032251,False,,,,
KMT5B,7,1.0475826532782628,0.9634840195530124,0.9996299973032251,False,,,,
KNG1,6,2.3709813578869214,0.24215133460257612,0.9996299973032251,False,,,,
KNL1,10,0.6221494126430444,0.6399194499888143,0.9996299973032251,False,,,,
KNTC1,8,2.844742165217805e-07,0.9925094882020538,0.9996299973032251,False,,,,
KPNA2,6,2.938762107850184e-07,0.9933541153325323,0.9996299973032251,False,,,,
KPNA3,6,3.1433235624866147,0.11388803033181105,0.9996299973032251,False,,,,
KPNA5,5,1.331267516370508,0.7803336358190393,0.9996299973032251,False,,,,
KPNB1,6,3.196789749778649e-07,0.9934710963719074,0.9996299973032251,False,,,,
KPRP,7,1.004326314297383,0.9965744435588486,0.9996299973032251,False,,,,
KRAS,6,1.0108227888614676,0.9914680725974492,0.9996299973032251,False,,,,
KRIT1,11,0.6107267731245504,0.6308135804119022,0.9996299973032251,False,,,,
KRT1,5,3.0532343751980178,0.13280768230404752,0.9996299973032251,False,,,,
KRT19,7,0.9504375009965108,0.9602278027041617,0.9996299973032251,False,,,,
KRT2,7,3.5194336989889614e-07,0.9930313898150243,0.9996299973032251,False,,,,
KRT25,5,1.6147325868539693,0.6361686798104191,0.9996299973032251,False,,,,
KRT28,5,1.5605626979204208,0.6579493351473937,0.9996299973032251,False,,,,
KRT34,5,3.004155415793973e-07,0.9940763044033555,0.9996299973032251,False,,,,
KRT73,5,2.8398347473201184e-07,0.9939872202229711,0.9996299973032251,False,,,,
KRT9,5,6.173350997659814,0.0025940074138916798,0.5266088762427661,False,,,,
KRTAP10-9,6,2.874872775792201e-07,0.9935104029924241,0.9996299973032251,False,,,,
KSR1,6,3.3854416115176424e-07,0.9935155407139036,0.9996299973032251,False,,,,
KSR2,5,3.435414953172972e-07,0.9941021569308546,0.9996299973032251,False,,,,
KTN1,7,1.8892655934521911,0.3914563541685574,0.9996299973032251,False,,,,
L1CAM,8,0.7577858180811045,0.7835823906426609,0.9996299973032251,False,,,,
L3MBTL3,8,0.9481176799099564,0.9582521388175794,0.9996299973032251,False,,,,
L3MBTL4,6,3.102339819072485e-07,0.9934638296527094,0.9996299973032251,False,,,,
LAMA1,21,1.8785838804704542,0.1815085279191713,0.9996299973032251,False,,,,
LAMA2,19,1.074581162425852,0.9035320796630414,0.9996299973032251,False,,,,
LAMA3,14,1.0865518549558904,0.9097432500520966,0.9996299973032251,False,,,,
LAMA4,12,1.265849534261896,0.7471767008243902,0.9996299973032251,False,,,,
LAMA5,9,0.8437484249208727,0.866109615504143,0.9996299973032251,False,,,,
LAMB1,9,0.8067857798026059,0.8323091355974706,0.9996299973032251,False,,,,
LAMB2,9,3.2341723271049445e-07,0.9919366782654075,0.9996299973032251,False,,,,
LAMB3,8,0.8450577571095882,0.8685090263086949,0.9996299973032251,False,,,,
LAMB4,13,0.45055226906631246,0.43412065962772783,0.9996299973032251,False,,,,
LAMC1,13,2.5938881025865634,0.06708798722444068,0.9996299973032251,False,,,,
LAMC2,6,1.1211377135747986,0.911150413857584,0.9996299973032251,False,,,,
LAMC3,5,3.5116411133691663e-07,0.9941557271042029,0.9996299973032251,False,,,,
LANCL2,5,2.82091210515348e-07,0.993998512068998,0.9996299973032251,False,,,,
LARGE1,6,1.0395275286026848,0.969992592654365,0.9996299973032251,False,,,,
LARGE2,5,3.095583206122947e-07,0.9941128441903527,0.9996299973032251,False,,,,
LARP1,7,0.9140693184073195,0.9302886935393622,0.9996299973032251,False,,,,
LARP4B,8,1.805981687682084,0.4137763476030001,0.9996299973032251,False,,,,
LARP7,7,2.091700991275342,0.31192098399959733,0.9996299973032251,False,,,,
LARS1,5,3.797658419508694,0.06746881213152896,0.9996299973032251,False,,,,
LAS1L,7,0.9487902921713667,0.9585405268294049,0.9996299973032251,False,,,,
LATS1,8,0.7577171271407296,0.7846519788583256,0.9996299973032251,False,,,,
LBR,6,2.4950059823020873e-07,0.9932619916104081,0.9996299973032251,False,,,,
LCA5L,9,0.8025939106001317,0.8281255755504666,0.9996299973032251,False,,,,
LCMT2,5,3.68053536214533,0.07310085231339429,0.9996299973032251,False,,,,
LCOR,14,2.2982128792383154,0.12075381105442079,0.9996299973032251,False,,,,
LCP1,5,1.6877797913232018,0.6032424882495856,0.9996299973032251,False,,,,
LCT,17,0.8058975981058847,0.7647661339475041,0.9996299973032251,False,,,,
LCTL,5,3.1146163592950146e-07,0.9940496445510805,0.9996299973032251,False,,,,
LDB2,8,2.676480878415847,0.09489600599729474,0.9996299973032251,False,,,,
LDB3,5,3.123236438545607e-07,0.9939083640191932,0.9996299973032251,False,,,,
LDHC,5,2.9682456399377353e-07,0.994011322021392,0.9996299973032251,False,,,,
LEPR,11,1.4458019955815549,0.6120224003823564,0.9996299973032251,False,,,,
LETM1,8,1.9484275315006288,0.3507982618666269,0.9996299973032251,False,,,,
LGI1,6,3.142935013907631e-07,0.9935463262153411,0.9996299973032251,False,,,,
LGI2,5,2.8353135528339164e-07,0.9940331988122358,0.9996299973032251,False,,,,
LGR5,6,4.1083617782573467e-07,0.9936184656890754,0.9996299973032251,False,,,,
LHCGR,10,4.1094382108436704,0.010498385651298538,0.794571452091377,False,,,,
LHX4,5,2.928717815206236e-07,0.9940608854635861,0.9996299973032251,False,,,,
LHX9,5,2.8851865302339455e-07,0.994046342596952,0.9996299973032251,False,,,,
LIFR,10,0.628305866964935,0.6466751130565569,0.9996299973032251,False,,,,
LIG3,8,2.022058785454336,0.33253292751546826,0.9996299973032251,False,,,,
LILRA1,8,1.9069872220360173,0.37546946241044465,0.9996299973032251,False,,,,
LILRA4,6,2.363922481391918,0.2332876549437226,0.9996299973032251,False,,,,
LILRA5,5,3.8918763123994595e-07,0.9941572238364155,0.9996299973032251,False,,,,
LILRB1,6,3.2097949661895745e-07,0.9935527253623095,0.9996299973032251,False,,,,
LILRB5,7,0.9755196070347388,0.9803746462335214,0.9996299973032251,False,,,,
LIMA1,6,1.1672406782052847,0.8810597412242543,0.9996299973032251,False,,,,
LIN54,5,1.4451936951843434,0.7191970238114751,0.9996299973032251,False,,,,
LINGO2,10,3.6000273694548546,0.012849045607778317,0.794571452091377,False,,,,
LIPN,8,0.7311552457941247,0.7576453235234629,0.9996299973032251,False,,,,
LMAN1L,6,3.124122514147362e-07,0.993507331401056,0.9996299973032251,False,,,,
LMOD1,7,3.540706939240532e-07,0.9930786985042737,0.9996299973032251,False,,,,
LMTK2,9,1.7864623662335999,0.42471298067817564,0.9996299973032251,False,,,,
LMTK3,7,0.8758092444253704,0.8963325060044468,0.9996299973032251,False,,,,
LNPK,7,0.8392325291185664,0.8629794479537035,0.9996299973032251,False,,,,
LNX1,6,3.4527991136359776e-07,0.9935177849116409,0.9996299973032251,False,,,,
LONP2,8,1.8455780499836312,0.40111409051779456,0.9996299973032251,False,,,,
LONRF2,7,3.290205473572705e-07,0.9930007989859779,0.9996299973032251,False,,,,
LONRF3,5,3.663744498773539e-07,0.9941601547996437,0.9996299973032251,False,,,,
LOXL3,8,1.0144263973477068,0.9887170026139653,0.9996299973032251,False,,,,
LPA,14,1.1315709855479124e-07,0.9935333058323667,0.9996299973032251,False,,,,
LPGAT1,5,2.843269468417997e-07,0.9940401785433491,0.9996299973032251,False,,,,
LPIN1,5,1.3208220939404538,0.7828556489722005,0.9996299973032251,False,,,,
LPIN2,5,1.2366465783403247,0.8345466184665518,0.9996299973032251,False,,,,
LPO,8,2.18423048436949,0.2801200599718591,0.9996299973032251,False,,,,
LPP,7,3.6060813126214584e-07,0.9930657959148181,0.9996299973032251,False,,,,
LRBA,18,0.7345698210910886,0.6695062229440241,0.9996299973032251,False,,,,
LRCH1,10,1.4144536631256042,0.6435287527821312,0.9996299973032251,False,,,,
LRCH2,6,2.865536318673549e-07,0.9934988108219155,0.9996299973032251,False,,,,
LRCH3,11,0.6135941175941972,0.6301218468349015,0.9996299973032251,False,,,,
LRFN2,5,2.934637016690589e-07,0.9940333401449646,0.9996299973032251,False,,,,
LRFN5,6,1.2156963654907338,0.8463024580349559,0.9996299973032251,False,,,,
LRGUK,8,3.4335872309380583e-07,0.9925082548885517,0.9996299973032251,False,,,,
LRIF1,6,3.4415518036148054e-07,0.993552400509853,0.9996299973032251,False,,,,
LRIG2,6,2.5325414890821336,0.20789126974222386,0.9996299973032251,False,,,,
LRIG3,5,3.0544824307840354e-07,0.9939966885071951,0.9996299973032251,False,,,,
LRP1,27,1.0329892814547985,0.9508107890251921,0.9996299973032251,False,,,,
LRP12,9,0.7432454760370557,0.7687290786701239,0.9996299973032251,False,,,,
LRP1B,28,0.9746339983712154,0.9607350014938417,0.9996299973032251,False,,,,
LRP2,39,0.6904211485522785,0.4812105402934185,0.9996299973032251,False,,,,
LRP4,11,1.47572627361755,0.5903478835119864,0.9996299973032251,False,,,,
LRP5,7,1.029746820357202,0.9776510516525113,0.9996299973032251,False,,,,
LRP6,10,3.434338705168764e-07,0.9916621983773449,0.9996299973032251,False,,,,
LRP8,6,2.815247972802904,0.1631412330850841,0.9996299973032251,False,,,,
LRPPRC,10,1.5546157634189302,0.5533967867330336,0.9996299973032251,False,,,,
LRR1,5,1.3677806114736744,0.7626246104047809,0.9996299973032251,False,,,,
LRRC27,5,3.3222853242523105e-07,0.9940571754417371,0.9996299973032251,False,,,,
LRRC31,6,1.2798818803387177,0.8145698698948755,0.9996299973032251,False,,,,
LRRC32,7,0.9995155875937177,0.9996257355813658,0.9996299973032251,False,,,,
LRRC37A3,8,2.0076299794163757,0.34147706405517253,0.9996299973032251,False,,,,
LRRC41,8,3.2925393888156707e-07,0.9925121360261573,0.9996299973032251,False,,,,
LRRC42,5,2.9410379852015525,0.13842619259829425,0.9996299973032251,False,,,,
LRRC66,6,1.1818534182854794,0.8681571463925178,0.9996299973032251,False,,,,
LRRC7,14,0.4647745396229399,0.4501739665661282,0.9996299973032251,False,,,,
LRRC8A,5,4.1599257113338934e-07,0.9942178736507683,0.9996299973032251,False,,,,
LRRC8C,9,0.7870143433767002,0.8142700648784607,0.9996299973032251,False,,,,
LRRCC1,7,0.9916781758080799,0.9934475536982413,0.9996299973032251,False,,,,
LRRIQ1,14,0.47776184789625964,0.46626122088707633,0.9996299973032251,False,,,,
LRRIQ3,6,1.203229852085738,0.8561940591809619,0.9996299973032251,False,,,,
LRRIQ4,5,3.188263558558083,0.105278537419661,0.9996299973032251,False,,,,
LRRK1,14,0.4961809783262625,0.4911645709991299,0.9996299973032251,False,,,,
LRRK2,17,0.8263865075921432,0.7919810753999351,0.9996299973032251,False,,,,
LRRN1,6,1.0549845555209745,0.958085098522217,0.9996299973032251,False,,,,
LRRN2,5,3.5060193378048226e-07,0.994117466498419,0.9996299973032251,False,,,,
LRRN3,7,1.0827303232397911,0.9377817284978015,0.9996299973032251,False,,,,
LRRTM1,8,3.234020826736663e-07,0.9925001473157222,0.9996299973032251,False,,,,
LRRTM3,5,4.028250165121184,0.055947633447706806,0.9996299973032251,False,,,,
LRRTM4,7,0.8411299957706027,0.8646336778489158,0.9996299973032251,False,,,,
LRSAM1,6,2.1070349367462238,0.30512266818537004,0.9996299973032251,False,,,,
LSR,8,3.8106915637321035,0.02546995625602683,0.9996299973032251,False,,,,
LTBP1,15,0.449084550889612,0.4318789402214468,0.9996299973032251,False,,,,
LTBP2,6,1.107112316653742,0.9197036691337513,0.9996299973032251,False,,,,
LTBP4,10,0.7248396664886918,0.74947358009007,0.9996299973032251,False,,,,
LTK,6,2.4899889602385112,0.21833864293162084,0.9996299973032251,False,,,,
LTN1,5,1.6459019012320437,0.6223484443846635,0.9996299973032251,False,,,,
LUC7L2,7,0.9730499811328734,0.9784164302151964,0.9996299973032251,False,,,,
LUZP1,5,3.8713745712430905,0.06518785357313632,0.9996299973032251,False,,,,
LUZP4,5,1.666952649816821,0.629154368744334,0.9996299973032251,False,,,,
LY75,6,1.3800949602894546,0.7522932060667356,0.9996299973032251,False,,,,
LY9,6,3.453646202312388e-07,0.9935187526566959,0.9996299973032251,False,,,,
LYN,7,2.220839016493604,0.2752373106022497,0.9996299973032251,False,,,,
LYSMD1,5,3.403552111756824e-07,0.9941487273897418,0.9996299973032251,False,,,,
LYST,24,0.24802464347538927,0.17140022824584553,0.9996299973032251,False,,,,
LZTR1,6,1.1648687453936213,0.88043737538312,0.9996299973032251,False,,,,
LZTS1,6,1.1883470057964853,0.8663572654522677,0.9996299973032251,False,,,,
MACF1,32,0.90533431514495,0.8493879841151741,0.9996299973032251,False,,,,
MACO1,8,0.8236171017921164,0.8486799392242637,0.9996299973032251,False,,,,
MACROD2,5,1.564335674262774,0.6661976708755,0.9996299973032251,False,,,,
MAD1L1,6,4.612653094352211,0.011131961260987222,0.794571452091377,False,,,,
MADD,14,1.5611241759808687,0.45790054811006864,0.9996299973032251,False,,,,
MAEL,6,2.936386392644836e-07,0.9935080019012763,0.9996299973032251,False,,,,
MAG,5,1.3181572446696646,0.789022162838126,0.9996299973032251,False,,,,
MAGEA12,9,0.753386185811928,0.7792848968945286,0.9996299973032251,False,,,,
MAGEA8,6,1.2699778995959208,0.8138362223766551,0.9996299973032251,False,,,,
MAGEB1,5,3.386101638935088e-07,0.9941207584797084,0.9996299973032251,False,,,,
MAGEB10,5,1.3511172923146713,0.7702394271843918,0.9996299973032251,False,,,,
MAGEB16,5,1.4741022408113602,0.7014409126556072,0.9996299973032251,False,,,,
MAGEB3,6,1.1932521910474607,0.861260926083127,0.9996299973032251,False,,,,
MAGEB4,6,2.8020816402475756e-07,0.9935019029778239,0.9996299973032251,False,,,,
MAGEB6,5,3.0583862004381507e-07,0.9940375314914187,0.9996299973032251,False,,,,
MAGEB6B,5,1.2941835906491712,0.7998518649587559,0.9996299973032251,False,,,,
MAGEC1,8,2.1765270213386763,0.2790142041324275,0.9996299973032251,False,,,,
MAGEC2,6,2.5032438543070903,0.20101879054711436,0.9996299973032251,False,,,,
MAGEC3,7,3.5628566544572893e-07,0.9930904121859827,0.9996299973032251,False,,,,
MAGED1,12,1.9837135828293042,0.2551260206559852,0.9996299973032251,False,,,,
MAGEE1,8,0.9788705664390241,0.9831020321159953,0.9996299973032251,False,,,,
MAGEE2,6,1.3176159633892872,0.7853087221078446,0.9996299973032251,False,,,,
MAGI1,15,0.41988456930588325,0.3946866344629073,0.9996299973032251,False,,,,
MAGI2,11,0.5663500119132883,0.574029635927742,0.9996299973032251,False,,,,
MAGI3,8,0.8992472512645238,0.9167463334777232,0.9996299973032251,False,,,,
MAIP1,5,3.210679160702595e-07,0.9940804422942008,0.9996299973032251,False,,,,
MAK,6,1.2464888511449446,0.829100740138428,0.9996299973032251,False,,,,
MAMDC2,6,3.5789785954334327e-07,0.9935759877431922,0.9996299973032251,False,,,,
MAML2,9,4.2692920256321685,0.004522352397919794,0.6377887290884461,False,,,,
MAML3,6,2.4207173832959965,0.2344987944541618,0.9996299973032251,False,,,,
MAMLD1,10,0.6391649213243364,0.6592556239683084,0.9996299973032251,False,,,,
MAN1A1,8,2.928798803042252e-07,0.9924484532132415,0.9996299973032251,False,,,,
MAN1B1,5,1.4862614338233202,0.6975233671389698,0.9996299973032251,False,,,,
MAN2A1,8,2.904575378913485e-07,0.992362054596686,0.9996299973032251,False,,,,
MAN2A2,7,1.0419204516538596,0.9679119529389991,0.9996299973032251,False,,,,
MAN2B1,6,1.2489958612647754,0.8276313558963629,0.9996299973032251,False,,,,
MAN2B2,7,1.224740555468699,0.8422873870312875,0.9996299973032251,False,,,,
MANBA,7,3.3864708918506035e-07,0.9930772019008276,0.9996299973032251,False,,,,
MAP10,10,0.7574038099741922,0.7842096954139682,0.9996299973032251,False,,,,
MAP1A,28,1.0436376549174102,0.9353631500243478,0.9996299973032251,False,,,,
MAP1B,6,2.907254440290234e-07,0.9933880131447343,0.9996299973032251,False,,,,
MAP2,19,1.080789979658887,0.897185616648194,0.9996299973032251,False,,,,
MAP2K4,39,1.1406807707031172,0.7528321152628527,0.9996299973032251,False,,,,
MAP3K1,82,0.8180328255366223,0.5431998607621671,0.9996299973032251,False,-0.0408425388098938,0.2366666666666666,0.56875,False
MAP3K10,6,3.8862015896996044e-07,0.9936124636628979,0.9996299973032251,False,,,,
MAP3K13,13,0.574918477670893,0.5882797810242937,0.9996299973032251,False,,,,
MAP3K15,10,2.587297353829405,0.11264010188105021,0.9996299973032251,False,,,,
MAP3K19,8,0.8452902672966051,0.8693350447225552,0.9996299973032251,False,,,,
MAP3K21,5,3.4431647082816487e-07,0.9940987779913958,0.9996299973032251,False,,,,
MAP3K4,13,1.7089724121815175,0.3815034101371352,0.9996299973032251,False,,,,
MAP3K5,8,0.942812758982066,0.9540442006581524,0.9996299973032251,False,,,,
MAP3K6,7,3.130560032697331e-07,0.9929558664148534,0.9996299973032251,False,,,,
MAP3K9,5,1.3474341119716085,0.7694246574127286,0.9996299973032251,False,,,,
MAP4K1,6,1.1210658517742496,0.909631630006188,0.9996299973032251,False,,,,
MAP4K4,7,2.389006539708001,0.22854720439908197,0.9996299973032251,False,,,,
MAP6,5,3.399995481123971e-07,0.9939819446289027,0.9996299973032251,False,,,,
MAP7,6,1.2103840340126757,0.85416403308025,0.9996299973032251,False,,,,
MAPK10,6,3.0729142371307283,0.1276709688944896,0.9996299973032251,False,,,,
MAPK4,7,3.01499446130661e-07,0.9929062500738174,0.9996299973032251,False,,,,
MAPK6,5,3.358758775202771e-07,0.9941206095512595,0.9996299973032251,False,,,,
MAPK8IP3,5,6.167977049307535,0.0024424208186182897,0.5266088762427661,False,,,,
MAPKAP1,6,2.687986344397579,0.1879398150054131,0.9996299973032251,False,,,,
MAPKBP1,8,0.8543908241208173,0.8775326547821497,0.9996299973032251,False,,,,
MAPRE3,5,2.5915268612921397e-07,0.9939990542202866,0.9996299973032251,False,,,,
MAPT,5,3.095142607345939e-07,0.9940244712554517,0.9996299973032251,False,,,,
MARCHF7,7,2.4383007216700636,0.22209385663331238,0.9996299973032251,False,,,,
MARF1,14,3.2973572339429778,0.013015812161223658,0.794571452091377,False,,,,
MARK1,12,1.0912653209437439e-07,0.9939998327534194,0.9996299973032251,False,,,,
MARK2,7,3.5566871970250307,0.03369316516105381,0.9996299973032251,False,,,,
MARS1,6,1.21159139690244,0.8499044843833465,0.9996299973032251,False,,,,
MAST1,12,1.1994816996097413,0.8009361286530914,0.9996299973032251,False,,,,
MAST2,7,0.9788899558047124,0.9833727715556171,0.9996299973032251,False,,,,
MAST4,12,1.2685897892603633,0.7420694717668963,0.9996299973032251,False,,,,
MASTL,6,3.3807118786784717e-07,0.9935194754573972,0.9996299973032251,False,,,,
MATN2,8,0.8970933644433621,0.9148968114046272,0.9996299973032251,False,,,,
MBD5,10,1.3827712927441194,0.659252671687753,0.9996299973032251,False,,,,
MBD6,10,3.388989109908505e-07,0.9916417135447755,0.9996299973032251,False,,,,
MBTD1,7,1.0806696059170002,0.939359044866714,0.9996299973032251,False,,,,
MBTPS1,6,1.3078981357004664,0.7911568081271997,0.9996299973032251,False,,,,
MBTPS2,5,1.3700958218699217,0.7588912458140611,0.9996299973032251,False,,,,
MCC,5,1.3108357976438934,0.7896766944077107,0.9996299973032251,False,,,,
MCF2L,7,2.2138361121065677,0.2726351050201164,0.9996299973032251,False,,,,
MCF2L2,7,2.5948337680228505e-07,0.9928588174516864,0.9996299973032251,False,,,,
MCHR2,5,1.604051377356273,0.6400671097895031,0.9996299973032251,False,,,,
MCM10,7,0.8205170390749829,0.8467062216758079,0.9996299973032251,False,,,,
MCM3AP,7,2.1142021214321476,0.3124259241020625,0.9996299973032251,False,,,,
MCM4,6,2.7674921008261544e-07,0.9934186148701957,0.9996299973032251,False,,,,
MCM6,7,0.9610744522750787,0.9689370109076878,0.9996299973032251,False,,,,
MCM7,9,1.4413170215920292,0.6123819484616303,0.9996299973032251,False,,,,
MCOLN1,5,3.658661926226125e-07,0.9941231649358878,0.9996299973032251,False,,,,
MCOLN3,6,3.0636456230709474e-07,0.9935068427532855,0.9996299973032251,False,,,,
MCPH1,5,3.1087816393856115e-07,0.9940498332937376,0.9996299973032251,False,,,,
MCTP2,9,3.2046941762475653e-07,0.9920932965846145,0.9996299973032251,False,,,,
MDC1,7,0.9461457118267794,0.9565820806788108,0.9996299973032251,False,,,,
MDGA1,7,0.8248875283020491,0.8487071451746446,0.9996299973032251,False,,,,
MDGA2,8,2.7594189941642675,0.10244095094829,0.9996299973032251,False,,,,
MDH1B,6,0.9915285102912018,0.993361644318129,0.9996299973032251,False,,,,
MDM1,7,2.272939582954749,0.2576891650281396,0.9996299973032251,False,,,,
MDN1,35,2.1960142447110313,0.03584029304754256,0.9996299973032251,False,,,,
ME3,5,4.34048293943544,0.04926459457669467,0.9996299973032251,False,,,,
MECOM,10,1.557432884930885,0.5614953970605892,0.9996299973032251,False,,,,
MECP2,5,3.4571586460385993e-07,0.9940789303919474,0.9996299973032251,False,,,,
MED1,6,1.3385023550805137,0.7737723491002053,0.9996299973032251,False,,,,
MED12,25,1.198627237176025,0.7241632667578245,0.9996299973032251,False,,,,
MED12L,13,1.2149522083661755,0.7905311262823445,0.9996299973032251,False,,,,
MED13,15,1.504130711611856,0.5012681747917893,0.9996299973032251,False,,,,
MED13L,10,0.6703160344054313,0.6964428977798911,0.9996299973032251,False,,,,
MED14,5,1.672607845285149,0.6249633499878178,0.9996299973032251,False,,,,
MED16,5,3.383347371732884e-07,0.9941033199904294,0.9996299973032251,False,,,,
MED23,15,0.5333583166134074,0.5319000898319597,0.9996299973032251,False,,,,
MED24,7,3.8016162097567484e-07,0.9930848978497675,0.9996299973032251,False,,,,
MEFV,9,1.5012865902206294,0.5718406227938424,0.9996299973032251,False,,,,
MEGF10,8,0.8251607289601329,0.8519077803851375,0.9996299973032251,False,,,,
MEGF11,5,4.285941243331687,0.04364787166155055,0.9996299973032251,False,,,,
MEGF8,20,0.712520130058544,0.6367282374129135,0.9996299973032251,False,,,,
MEI1,7,2.027674670506618,0.3351345042990273,0.9996299973032251,False,,,,
MEIOC,7,1.0508984948511457,0.961030045712922,0.9996299973032251,False,,,,
MEIS2,6,1.155306046214831,0.8884863517264295,0.9996299973032251,False,,,,
MELTF,10,0.6851779793311236,0.7074581975772363,0.9996299973032251,False,,,,
MEN1,10,1.6648266464466688,0.4788191231300627,0.9996299973032251,False,,,,
MEP1A,9,2.542756730974948e-07,0.9918970871681553,0.9996299973032251,False,,,,
MEPCE,7,1.0612439299337768,0.9533113475997195,0.9996299973032251,False,,,,
MERTK,9,1.7501802100852373,0.4486684433045849,0.9996299973032251,False,,,,
MET,8,2.0054810434604544,0.34757984229268746,0.9996299973032251,False,,,,
METAP2,5,1.293624183439102,0.8000527256366202,0.9996299973032251,False,,,,
MFAP5,5,3.152815170182989e-07,0.9941199067535115,0.9996299973032251,False,,,,
MFN1,5,3.350830461021329,0.09937737545173067,0.9996299973032251,False,,,,
MFSD11,5,2.9878983762157923e-07,0.9940795706752876,0.9996299973032251,False,,,,
MFSD8,7,3.460868956553835,0.03917603947918774,0.9996299973032251,False,,,,
MGA,18,0.4063833468354294,0.3737964605584614,0.9996299973032251,False,,,,
MGAM,15,1.6284320426738252,0.41370651954081983,0.9996299973032251,False,,,,
MGAT5,5,5.635362312637906,0.004300728718524471,0.6344963058423928,False,,,,
MGAT5B,7,1.9971497322121345,0.34177981317089273,0.9996299973032251,False,,,,
MIA2,16,2.137431924741158,0.1470003310378452,0.9996299973032251,False,,,,
MIA3,15,2.711068019779834,0.042388867818312734,0.9996299973032251,False,,,,
MIB1,9,1.6629971683694702,0.4807790072613136,0.9996299973032251,False,,,,
MICAL2,13,1.0898154491368537,0.9047535897309505,0.9996299973032251,False,,,,
MICAL3,8,2.1962941075728404,0.2897251652552954,0.9996299973032251,False,,,,
MICALL1,6,2.859708558066932,0.15463503733323172,0.9996299973032251,False,,,,
MICU1,6,2.8402858452134496,0.14861554179237846,0.9996299973032251,False,,,,
MID1,10,0.6576686210370791,0.680071075755643,0.9996299973032251,False,,,,
MIER1,5,3.235172731309276e-07,0.9940577968081904,0.9996299973032251,False,,,,
MINDY1,6,1.1860056054854387,0.867653648146236,0.9996299973032251,False,,,,
MIS18BP1,11,1.2340917205493097e-07,0.9943198982262706,0.9996299973032251,False,,,,
MKI67,16,2.614515906533859,0.051735609591149756,0.9996299973032251,False,,,,
MKRN3,11,1.1318694902158611e-07,0.994322266131309,0.9996299973032251,False,,,,
MKS1,6,1.2270873433739407,0.8409054518620181,0.9996299973032251,False,,,,
MLH1,8,0.8778838457196377,0.9007404861138965,0.9996299973032251,False,,,,
MLH3,11,0.660658497833009,0.6870137223297649,0.9996299973032251,False,,,,
MLLT10,11,1.1905490258805795,0.8088665576560945,0.9996299973032251,False,,,,
MLPH,7,1.0875288036781894,0.93452470277147,0.9996299973032251,False,,,,
MMAA,5,1.4917825152893773,0.6912560838284527,0.9996299973032251,False,,,,
MMEL1,6,1.1316210712135166,0.9025763277701068,0.9996299973032251,False,,,,
MMP15,5,1.7828124921804487,0.5687084759844168,0.9996299973032251,False,,,,
MMP16,5,3.4910483905895773e-07,0.993927860006599,0.9996299973032251,False,,,,
MMRN1,13,0.4880165191244463,0.4826975312645879,0.9996299973032251,False,,,,
MMS19,5,1.555982427116335,0.6649198504988691,0.9996299973032251,False,,,,
MMS22L,5,1.582801568912524,0.6512385921056594,0.9996299973032251,False,,,,
MMUT,5,3.1767653586204883e-07,0.9940453078779357,0.9996299973032251,False,,,,
MNDA,5,1.7237063160090702,0.5976301471024715,0.9996299973032251,False,,,,
MOAP1,6,1.0177907821312773,0.9861550696500483,0.9996299973032251,False,,,,
MOCOS,5,2.998942670739086e-07,0.9940701900876209,0.9996299973032251,False,,,,
MON2,7,2.9186415509787964e-07,0.9929891628252608,0.9996299973032251,False,,,,
MORC1,14,0.45723257519581706,0.4391150223277017,0.9996299973032251,False,,,,
MORC2,6,2.7668947266789323,0.1608751862297772,0.9996299973032251,False,,,,
MORC4,5,3.485465625857828,0.0883845660995296,0.9996299973032251,False,,,,
MORN1,5,3.53834655801414,0.08265243740226579,0.9996299973032251,False,,,,
MOV10,7,0.9919383468678851,0.9936396948425873,0.9996299973032251,False,,,,
MOV10L1,8,0.8831022965363954,0.9018485210003873,0.9996299973032251,False,,,,
MPDZ,10,2.303423689738577,0.1877965214458943,0.9996299973032251,False,,,,
MPHOSPH10,5,3.12226828425282e-07,0.9940363399279113,0.9996299973032251,False,,,,
MPHOSPH9,7,0.9956964840451135,0.9966358991199095,0.9996299973032251,False,,,,
MPP1,5,1.6797188956682003,0.6140769392686172,0.9996299973032251,False,,,,
MPP7,6,2.7533725825995445e-07,0.9933308057448612,0.9996299973032251,False,,,,
MR1,7,1.0782000891940544,0.9418018473906313,0.9996299973032251,False,,,,
MRC1,18,1.2093803715527995,0.7526259101029035,0.9996299973032251,False,,,,
MRC2,8,1.6457271533214757,0.49961049109000477,0.9996299973032251,False,,,,
MRE11,5,1.3437149026122746,0.770277796163942,0.9996299973032251,False,,,,
MRGPRX1,5,3.316251816393585e-07,0.994018404157532,0.9996299973032251,False,,,,
MRGPRX4,5,1.2991540363023215,0.7946958975150344,0.9996299973032251,False,,,,
MROH1,7,3.0403604659586647e-07,0.9928444805362279,0.9996299973032251,False,,,,
MROH2B,19,1.0498858106779958,0.9355712834697798,0.9996299973032251,False,,,,
MROH5,9,0.8846789473708688,0.9034707791585727,0.9996299973032251,False,,,,
MROH7,9,1.6431915111728665,0.48685208082911047,0.9996299973032251,False,,,,
MROH8,7,1.9398754100209779,0.3587842027079313,0.9996299973032251,False,,,,
MROH9,5,1.6300596878214928,0.6287910922727108,0.9996299973032251,False,,,,
MRPL2,5,3.242789852029972e-07,0.994109147093561,0.9996299973032251,False,,,,
MRTFB,8,1.757858552717347,0.4504613807245672,0.9996299973032251,False,,,,
MS4A14,6,1.0856138360435064,0.9355265317106447,0.9996299973032251,False,,,,
MSH2,6,2.172890052470354,0.2926133597563999,0.9996299973032251,False,,,,
MSH3,6,1.1156040047560778,0.9158613261676859,0.9996299973032251,False,,,,
MSH5,8,0.8772606739177857,0.8975204058380608,0.9996299973032251,False,,,,
MSH6,10,1.4900608167220941,0.5922236273198458,0.9996299973032251,False,,,,
MSL3,5,1.5923707526168602,0.6479337807248192,0.9996299973032251,False,,,,
MSN,7,2.0200320605578854,0.3257012596850856,0.9996299973032251,False,,,,
MST1R,6,1.0967312763377466,0.9278421676662065,0.9996299973032251,False,,,,
MTA3,5,3.285739663674348e-07,0.9940466126596905,0.9996299973032251,False,,,,
MTBP,7,1.0319381438193713,0.975309636487816,0.9996299973032251,False,,,,
MTCL1,5,3.2097115394603934e-07,0.9939048879330888,0.9996299973032251,False,,,,
MTF1,5,3.214137777267751,0.1084405308821653,0.9996299973032251,False,,,,
MTHFD1,9,0.9062343120577447,0.9222994924772497,0.9996299973032251,False,,,,
MTHFD1L,8,2.1910677555707143,0.27519237098007565,0.9996299973032251,False,,,,
MTIF2,6,1.2847943076843602,0.8047231612373835,0.9996299973032251,False,,,,
MTM1,13,1.151617461082934,0.8442564185174976,0.9996299973032251,False,,,,
MTMR12,5,1.4873976925499803,0.6939298128462817,0.9996299973032251,False,,,,
MTMR3,5,3.4788703739389634e-07,0.9941519789806688,0.9996299973032251,False,,,,
MTMR4,7,3.3304750848389123e-07,0.9930360941228431,0.9996299973032251,False,,,,
MTMR8,5,3.1380871947788544e-07,0.9940399845809156,0.9996299973032251,False,,,,
MTMR9,5,1.3180043350278665,0.7853052787422711,0.9996299973032251,False,,,,
MTO1,8,0.9850176220392182,0.9881836581666422,0.9996299973032251,False,,,,
MTOR,17,1.1300110406789162e-07,0.9929289209371743,0.9996299973032251,False,,,,
MTR,6,3.194825103532755,0.10714122555067698,0.9996299973032251,False,,,,
MTSS1,8,0.7625214671595547,0.7892918636200262,0.9996299973032251,False,,,,
MTTP,7,3.362475889889992e-07,0.9930427461483179,0.9996299973032251,False,,,,
MTUS2,6,0.9949757753542516,0.9960185531408511,0.9996299973032251,False,,,,
MUC16,99,1.2064264551437776,0.5037645921113272,0.9996299973032251,False,0.0113591182267709,0.7433333333333333,0.8576923076923076,False
MUC17,43,1.0092448347965917,0.9830690928776742,0.9996299973032251,False,,,,
MUC2,10,3.451847922152941e-07,0.9917129730035695,0.9996299973032251,False,,,,
MUC20,5,3.219799052507117e-07,0.9940840581400503,0.9996299973032251,False,,,,
MUC4,19,0.7324589394608264,0.6643926682612846,0.9996299973032251,False,,,,
MUC5B,30,0.6980353861140502,0.5426410374204523,0.9996299973032251,False,,,,
MUC6,9,1.624874411135083,0.4965828139394455,0.9996299973032251,False,,,,
MUC7,5,1.524425380125909,0.6775155209830729,0.9996299973032251,False,,,,
MUSK,9,0.7619872640045602,0.7906923011044819,0.9996299973032251,False,,,,
MX1,5,3.6259166149930004e-07,0.9941609977712684,0.9996299973032251,False,,,,
MXRA5,28,0.21723153870115994,0.13198290406772586,0.9996299973032251,False,,,,
MYB,11,1.071366196576575e-07,0.9942985069186691,0.9996299973032251,False,,,,
MYBL1,6,3.5376828817594e-07,0.9934826242872352,0.9996299973032251,False,,,,
MYBL2,5,1.6387991669233477,0.6272576964976617,0.9996299973032251,False,,,,
MYBPC1,6,3.27016962571337e-07,0.9935023915397061,0.9996299973032251,False,,,,
MYBPC2,7,0.9988683360358149,0.9991174195005957,0.9996299973032251,False,,,,
MYBPC3,6,2.5936710789507367,0.19038721906999762,0.9996299973032251,False,,,,
MYCBP2,32,0.6417537593588758,0.4582344276479865,0.9996299973032251,False,,,,
MYCBPAP,7,2.263078547443976,0.2648933430735139,0.9996299973032251,False,,,,
MYCT1,6,1.2102206999897995,0.8502541734549856,0.9996299973032251,False,,,,
MYEF2,5,3.364643807540746e-07,0.9941177686144537,0.9996299973032251,False,,,,
MYF6,6,3.5654024006730313e-07,0.9935535497805457,0.9996299973032251,False,,,,
MYH1,16,1.4478668445327656,0.5370944028304729,0.9996299973032251,False,,,,
MYH10,13,1.026381513322863,0.971721546325343,0.9996299973032251,False,,,,
MYH11,9,0.6704589515176861,0.6948433101218354,0.9996299973032251,False,,,,
MYH13,11,0.6384698583609462,0.6569030579476569,0.9996299973032251,False,,,,
MYH14,16,2.2770700776172306,0.0768625786174196,0.9996299973032251,False,,,,
MYH15,13,0.48246654113839543,0.4739368615588827,0.9996299973032251,False,,,,
MYH2,6,1.1500114833473973,0.8905787949827197,0.9996299973032251,False,,,,
MYH3,5,2.8891639011694954,0.16350509280849895,0.9996299973032251,False,,,,
MYH4,15,1.03186722269384,0.9653746892620023,0.9996299973032251,False,,,,
MYH6,14,0.42797937322447815,0.40297386752365916,0.9996299973032251,False,,,,
MYH7,17,2.2333450043167518,0.08854117946586362,0.9996299973032251,False,,,,
MYH7B,15,1.5534164191965392,0.4586326478682319,0.9996299973032251,False,,,,
MYH8,20,0.966707563080302,0.9541227571496036,0.9996299973032251,False,,,,
MYH9,28,0.7425955200818222,0.6172058409563821,0.9996299973032251,False,,,,
MYLK,16,1.32834284399538,0.6376816101274423,0.9996299973032251,False,,,,
MYLK2,5,1.4073050892438042,0.7390551326554711,0.9996299973032251,False,,,,
MYNN,6,1.198628209352687,0.8596298238755914,0.9996299973032251,False,,,,
MYO10,19,1.165145131342213,0.8009865464058775,0.9996299973032251,False,,,,
MYO15A,12,1.7977791487111396,0.32587385735599245,0.9996299973032251,False,,,,
MYO16,18,0.33335335014616785,0.2784743562441373,0.9996299973032251,False,,,,
MYO18A,13,2.527980529992742,0.08176989840178928,0.9996299973032251,False,,,,
MYO18B,20,0.27368543420343994,0.20617516827315965,0.9996299973032251,False,,,,
MYO1A,7,1.0757843470792876,0.9427841389598152,0.9996299973032251,False,,,,
MYO1B,5,2.972159835165553e-07,0.9938382727185465,0.9996299973032251,False,,,,
MYO1E,7,0.9670356238519091,0.9737101896874623,0.9996299973032251,False,,,,
MYO1H,8,0.7755645567219588,0.8034991787394989,0.9996299973032251,False,,,,
MYO3A,14,1.167953249065196e-07,0.9936143036622805,0.9996299973032251,False,,,,
MYO3B,9,3.825530915976415,0.012050384085486384,0.794571452091377,False,,,,
MYO5A,9,2.6836595665962673,0.10306644973553848,0.9996299973032251,False,,,,
MYO5B,14,0.4564492057735374,0.43626949816248783,0.9996299973032251,False,,,,
MYO5C,7,4.514496515068453,0.006884973541489897,0.7282424286839542,False,,,,
MYO6,12,1.6546434145495206,0.39331041956651225,0.9996299973032251,False,,,,
MYO7A,15,2.0137291612654873,0.17622816827601126,0.9996299973032251,False,,,,
MYO7B,17,1.3600113177657298,0.603306421087887,0.9996299973032251,False,,,,
MYO9A,13,1.1031709364342305e-07,0.9937887520990318,0.9996299973032251,False,,,,
MYO9B,7,0.8961031294502069,0.9153325348474143,0.9996299973032251,False,,,,
MYOCD,6,1.0629457635727269,0.9525434036674847,0.9996299973032251,False,,,,
MYOF,11,0.5996396120481509,0.6139849481203766,0.9996299973032251,False,,,,
MYOM1,12,0.5331300701048484,0.5388322141316287,0.9996299973032251,False,,,,
MYOM2,14,0.45316982375340786,0.43526973747998354,0.9996299973032251,False,,,,
MYOM3,10,1.5456422560639522,0.5551923309017179,0.9996299973032251,False,,,,
MYPN,12,1.884658728112382,0.29151680754907033,0.9996299973032251,False,,,,
MYRIP,6,1.2503715313170682,0.8241209523132339,0.9996299973032251,False,,,,
MYT1,7,0.8728582748238266,0.8938092278499735,0.9996299973032251,False,,,,
MYT1L,15,0.8912901570147952,0.8727106155496382,0.9996299973032251,False,,,,
N4BP1,6,1.2812052650878591,0.8058352419408263,0.9996299973032251,False,,,,
N4BP2,9,0.8264778715450891,0.8515985857251623,0.9996299973032251,False,,,,
N4BP2L2,7,1.1385149360200206,0.8991300593210878,0.9996299973032251,False,,,,
NAA15,5,1.5494324348953181,0.6708835739911135,0.9996299973032251,False,,,,
NAA16,6,1.4496934864371525,0.7221232903491157,0.9996299973032251,False,,,,
NAA25,5,1.4225606867831673,0.7389749382868959,0.9996299973032251,False,,,,
NAALAD2,7,3.4870045585190476e-07,0.9930835054209115,0.9996299973032251,False,,,,
NAALADL1,5,3.019962049536079e-07,0.9940413016555862,0.9996299973032251,False,,,,
NAALADL2,7,3.3802903713904635e-07,0.9930608737817925,0.9996299973032251,False,,,,
NALCN,12,2.0956974275418574,0.21431284149063876,0.9996299973032251,False,,,,
NAMPT,5,3.595087080181425e-07,0.9940948129124708,0.9996299973032251,False,,,,
NARF,5,4.081593928451394,0.05201307953809657,0.9996299973032251,False,,,,
NASP,5,4.908632746143782,0.02861081277369033,0.9996299973032251,False,,,,
NAT10,7,3.201388479910034,0.05209567532052135,0.9996299973032251,False,,,,
NAV1,13,0.5355233362722214,0.5382374886099732,0.9996299973032251,False,,,,
NAV2,11,2.0213251852042298,0.2450157849697878,0.9996299973032251,False,,,,
NAV3,17,1.277533944407365,0.6782460264102274,0.9996299973032251,False,,,,
NBAS,15,1.0734326820878646e-07,0.9933049890016811,0.9996299973032251,False,,,,
NBEA,14,1.0666293101060458,0.9308615758759701,0.9996299973032251,False,,,,
NBEAL1,12,1.8022269560408208,0.32287738590938037,0.9996299973032251,False,,,,
NBEAL2,9,2.943636080201792e-07,0.9919735681961345,0.9996299973032251,False,,,,
NBN,5,1.5486247775002475,0.6655360069503007,0.9996299973032251,False,,,,
NBPF11,6,3.131445527923372e-07,0.9935421614806005,0.9996299973032251,False,,,,
NCAM1,8,0.928796083903224,0.942553788772124,0.9996299973032251,False,,,,
NCAM2,7,3.185135766327666e-07,0.9929685992196378,0.9996299973032251,False,,,,
NCAN,9,3.974574033456369,0.008857687601194165,0.7943486772687359,False,,,,
NCAPD3,8,3.321480028909585e-07,0.9925640709033998,0.9996299973032251,False,,,,
NCAPH,7,2.884411289123162e-07,0.9929264098021205,0.9996299973032251,False,,,,
NCF2,6,2.349157230033686,0.23921648681571342,0.9996299973032251,False,,,,
NCKAP1,12,1.0005653872098315e-07,0.9940363253898185,0.9996299973032251,False,,,,
NCKAP1L,9,3.30778000936433e-07,0.9919919226743177,0.9996299973032251,False,,,,
NCKAP5,16,0.8991225212279222,0.8837777158593365,0.9996299973032251,False,,,,
NCKIPSD,5,1.4948540692756394,0.6918209699142938,0.9996299973032251,False,,,,
NCL,10,1.5416163438371513,0.5569766208218945,0.9996299973032251,False,,,,
NCOA1,6,1.3764563467958608,0.7523296935140706,0.9996299973032251,False,,,,
NCOA2,6,2.6930475133424228,0.17278913433981405,0.9996299973032251,False,,,,
NCOA3,11,1.251284536311174,0.7586175666375649,0.9996299973032251,False,,,,
NCOA5,6,3.5311352461653807e-07,0.9935947123899649,0.9996299973032251,False,,,,
NCOA6,20,1.0308262214343882,0.9600125968830532,0.9996299973032251,False,,,,
NCOR1,49,0.7201010576691841,0.4788902473219179,0.9996299973032251,False,-0.0269389780359884,0.5566666666666666,0.7590909090909091,False
NCOR2,8,0.9072695033757755,0.923044468635154,0.9996299973032251,False,,,,
NDNF,6,3.2673559925145173e-07,0.9935835895519232,0.9996299973032251,False,,,,
NDST3,5,1.6454815190695251,0.626765160871207,0.9996299973032251,False,,,,
NDUFS1,9,1.8214019635899399,0.400336700626561,0.9996299973032251,False,,,,
NDUFS2,6,2.967053858635021e-07,0.9934431571276157,0.9996299973032251,False,,,,
NEB,42,0.8356611715142295,0.6995182873044914,0.9996299973032251,False,,,,
NEBL,7,2.4321279086117755,0.2187628592708717,0.9996299973032251,False,,,,
NECAB1,7,3.23678832989355e-07,0.992852537679152,0.9996299973032251,False,,,,
NECTIN3,5,1.853189831203999,0.5400485228003846,0.9996299973032251,False,,,,
NEDD4,8,0.9042380364600491,0.9212608225178869,0.9996299973032251,False,,,,
NEDD4L,9,3.2066001672505943e-07,0.9919836832954092,0.9996299973032251,False,,,,
NEDD9,12,0.6020097564225695,0.6141204560733686,0.9996299973032251,False,,,,
NEFH,5,1.365567581706146,0.7608281924687282,0.9996299973032251,False,,,,
NEIL1,6,2.982370233700403e-07,0.9935268575495476,0.9996299973032251,False,,,,
NEK1,5,2.968464404432212e-07,0.9940978405128714,0.9996299973032251,False,,,,
NEK10,10,1.3857372849125884,0.6634754355068735,0.9996299973032251,False,,,,
NEK11,6,3.6447841851164895e-07,0.9935460040217386,0.9996299973032251,False,,,,
NEK5,11,0.5956239143924844,0.6081676283388622,0.9996299973032251,False,,,,
NEK8,8,0.8340555165907209,0.85746978326425,0.9996299973032251,False,,,,
NEK9,5,1.5178731800865095,0.6832647635730029,0.9996299973032251,False,,,,
NELFCD,7,0.9511857640373929,0.9603526846813625,0.9996299973032251,False,,,,
NELL1,9,0.7243925061668265,0.7529688779005113,0.9996299973032251,False,,,,
NELL2,6,7.023858039353974,0.0002997341276064373,0.3487406574700898,False,,,,
NEMF,5,3.4617291868509676,0.08903986457873775,0.9996299973032251,False,,,,
NEO1,6,3.0765190029563185,0.12450816811288369,0.9996299973032251,False,,,,
NES,9,0.7591005964821,0.7873988825339407,0.9996299973032251,False,,,,
NETO1,5,1.4452492776240187,0.7145309587096575,0.9996299973032251,False,,,,
NEURL4,6,1.4549713768165056,0.7094476386384929,0.9996299973032251,False,,,,
NEUROD6,9,0.7536653634126919,0.7806079731279197,0.9996299973032251,False,,,,
NEXMIF,20,0.3467282148069031,0.29281531428605534,0.9996299973032251,False,,,,
NEXN,5,2.707474817741023e-07,0.9940015139473306,0.9996299973032251,False,,,,
NF1,39,0.6624902968771226,0.4272383231714385,0.9996299973032251,False,,,,
NFASC,14,1.0466174430141248,0.9496783673146583,0.9996299973032251,False,,,,
NFAT5,6,3.0615798896863087e-07,0.9935253949394587,0.9996299973032251,False,,,,
NFATC3,6,2.978654172703892e-07,0.99340608590672,0.9996299973032251,False,,,,
NFATC4,5,1.3468942677955151,0.767107144507745,0.9996299973032251,False,,,,
NFE2L1,7,2.1436862282860853,0.30137286326694596,0.9996299973032251,False,,,,
NFE2L3,9,0.7540097225789518,0.7792837309945118,0.9996299973032251,False,,,,
NFKB1,5,3.5948887242306435,0.07894763702970362,0.9996299973032251,False,,,,
NFKB2,7,3.4063312323154037e-07,0.993070390034832,0.9996299973032251,False,,,,
NFKBIZ,7,3.46627613414749e-07,0.9930701640411174,0.9996299973032251,False,,,,
NFRKB,6,2.8171508104792397e-07,0.9934706092734891,0.9996299973032251,False,,,,
NFX1,8,3.1006881721719616e-07,0.9925299283140836,0.9996299973032251,False,,,,
NHLRC2,5,2.7026608282024683e-07,0.9939482099020138,0.9996299973032251,False,,,,
NHS,12,0.5238666154166524,0.5220996162473117,0.9996299973032251,False,,,,
NHSL2,6,3.597012503861801e-07,0.9926148123127527,0.9996299973032251,False,,,,
NIBAN2,6,1.2191646565786685,0.8439459501436589,0.9996299973032251,False,,,,
NIBAN3,6,3.0816010304881476,0.1391166320022906,0.9996299973032251,False,,,,
NID1,14,1.7959443391508068,0.33086498021861965,0.9996299973032251,False,,,,
NID2,7,2.1563472992333375,0.30381291878663014,0.9996299973032251,False,,,,
NIN,15,0.4107057420693218,0.38099556418600156,0.9996299973032251,False,,,,
NINL,11,0.5355928581495882,0.5371954500610581,0.9996299973032251,False,,,,
NIPBL,22,0.9189257625236034,0.8893317449435342,0.9996299973032251,False,,,,
NKAPL,5,2.759053515974718e-07,0.9940014899808541,0.9996299973032251,False,,,,
NKRF,5,3.2147926690307347e-07,0.9940295594673464,0.9996299973032251,False,,,,
NKTR,7,3.024686460270422e-07,0.9928370910747795,0.9996299973032251,False,,,,
NLGN2,6,1.0945367999449807,0.9292195511065698,0.9996299973032251,False,,,,
NLGN3,12,0.49478585011682746,0.4916377086459537,0.9996299973032251,False,,,,
NLGN4X,12,0.5386143511143129,0.5394923215972622,0.9996299973032251,False,,,,
NLN,6,3.5233836381525977e-07,0.9935683910533778,0.9996299973032251,False,,,,
NLRC3,7,0.9740526091218576,0.9795046972376211,0.9996299973032251,False,,,,
NLRC4,12,1.951821872572321,0.26109947256293475,0.9996299973032251,False,,,,
NLRC5,14,0.4589007284612333,0.44616123211869296,0.9996299973032251,False,,,,
NLRP1,9,0.7597449333993613,0.7865469928604086,0.9996299973032251,False,,,,
NLRP11,12,0.4824270765644949,0.4747258562991177,0.9996299973032251,False,,,,
NLRP12,8,2.943798538794925e-07,0.9924971003441979,0.9996299973032251,False,,,,
NLRP14,5,4.284098597912653,0.05703788981723066,0.9996299973032251,False,,,,
NLRP2,12,0.5551936873423254,0.5599037755934011,0.9996299973032251,False,,,,
NLRP3,10,3.5029183381675435e-07,0.9916269002814383,0.9996299973032251,False,,,,
NLRP4,5,3.2727163796289576,0.10240212623758024,0.9996299973032251,False,,,,
NLRP5,8,0.9231955138140233,0.9371293243778347,0.9996299973032251,False,,,,
NLRP7,9,2.7662607238598276,0.0983026531124038,0.9996299973032251,False,,,,
NLRP8,5,3.8583426462708286e-07,0.9941845616590245,0.9996299973032251,False,,,,
NLRP9,6,3.985254393632749,0.022753053076365368,0.9996299973032251,False,,,,
NLRX1,5,1.2115534138555621,0.8497347289179722,0.9996299973032251,False,,,,
NMBR,5,1.4341900264845993,0.721656040045472,0.9996299973032251,False,,,,
NME7,5,3.3421338832980623,0.0965556717428451,0.9996299973032251,False,,,,
NMT1,5,1.4846958183962116,0.6993561702048601,0.9996299973032251,False,,,,
NNT,5,5.839396290580036,0.0037795420095023233,0.6281415345698461,False,,,,
NOA1,5,1.5058473938256107,0.6922055453536787,0.9996299973032251,False,,,,
NOBOX,6,1.2897279497374077,0.8020544008506652,0.9996299973032251,False,,,,
NOC3L,5,2.634859456325055e-07,0.9939902168983448,0.9996299973032251,False,,,,
NOD1,6,3.678177088677513e-07,0.9935701417421446,0.9996299973032251,False,,,,
NOL10,5,1.5703761603140916,0.6607339907096408,0.9996299973032251,False,,,,
NOL11,6,1.1072735624715062,0.9195535225183001,0.9996299973032251,False,,,,
NOL6,6,3.051311025343682e-07,0.9935060956692142,0.9996299973032251,False,,,,
NOL8,5,3.043847100522538e-07,0.9939777076099918,0.9996299973032251,False,,,,
NOMO1,8,2.098900052237981,0.31221751235664646,0.9996299973032251,False,,,,
NOS1,14,0.9749171430843818,0.9722780035902391,0.9996299973032251,False,,,,
NOS1AP,5,3.01627425540155e-07,0.9940452682715483,0.9996299973032251,False,,,,
NOS2,8,0.8411941253833827,0.8643286320203967,0.9996299973032251,False,,,,
NOS3,8,0.8365441527925132,0.8604348617854096,0.9996299973032251,False,,,,
NOTCH1,9,0.9032703261939181,0.9197892510624571,0.9996299973032251,False,,,,
NOTCH2,22,1.9466199438765732,0.16388436034807813,0.9996299973032251,False,,,,
NOTCH3,6,3.722335231327779e-07,0.9935708114621125,0.9996299973032251,False,,,,
NOTCH4,9,0.8328937925033794,0.8568253818418762,0.9996299973032251,False,,,,
NPAP1,5,3.721245656852459,0.06619467452653022,0.9996299973032251,False,,,,
NPAS2,6,1.1093755880805982,0.9196159755286933,0.9996299973032251,False,,,,
NPAS3,7,0.9700730768864828,0.9759742703113852,0.9996299973032251,False,,,,
NPAS4,11,0.56690159334009,0.5726277917721703,0.9996299973032251,False,,,,
NPAT,7,3.298543994386584e-07,0.9930151293979979,0.9996299973032251,False,,,,
NPC1,7,3.318309562213542e-07,0.9930342408761126,0.9996299973032251,False,,,,
NPC1L1,6,3.207916274211095e-07,0.9935254511716604,0.9996299973032251,False,,,,
NPFFR2,6,2.904598257505068e-07,0.9933595831843641,0.9996299973032251,False,,,,
NPHP1,5,1.7933623688196123,0.5745120069502527,0.9996299973032251,False,,,,
NPHP4,10,1.4808987125560766,0.5869984961692947,0.9996299973032251,False,,,,
NPHS1,5,3.9281538148216795,0.06043159015081277,0.9996299973032251,False,,,,
NPR2,9,0.7244965022385498,0.7530176977322764,0.9996299973032251,False,,,,
NPY1R,6,2.7750876567694376,0.15510313191427433,0.9996299973032251,False,,,,
NR1H2,5,3.3482867052925576e-07,0.9940937540306198,0.9996299973032251,False,,,,
NR1H4,5,3.012422448698523e-07,0.9940452210191071,0.9996299973032251,False,,,,
NR3C2,7,2.5975573006800236e-07,0.9928329297224822,0.9996299973032251,False,,,,
NR4A2,5,3.248432247679632e-07,0.9941054806670045,0.9996299973032251,False,,,,
NRAP,7,2.440056366081097,0.21912627470357104,0.9996299973032251,False,,,,
NRBP1,5,3.095247088096424,0.13550311834748938,0.9996299973032251,False,,,,
NRCAM,9,1.5913996327541158,0.5269610257978856,0.9996299973032251,False,,,,
NRDC,10,0.6393353346280674,0.6652320011173918,0.9996299973032251,False,,,,
NRDE2,7,4.183320394256565e-07,0.9924993088708945,0.9996299973032251,False,,,,
NRG3,6,1.1623793088797043,0.8833704834615456,0.9996299973032251,False,,,,
NRIP1,12,0.6208560693628392,0.6353190681163701,0.9996299973032251,False,,,,
NRK,15,1.3340932106895902e-07,0.9933909689315321,0.9996299973032251,False,,,,
NRP1,6,1.035424610187794,0.9725731758023206,0.9996299973032251,False,,,,
NRP2,7,1.0049489235553617,0.9960833614133433,0.9996299973032251,False,,,,
NRXN1,11,0.6741569055328589,0.6972232391448584,0.9996299973032251,False,,,,
NRXN2,21,2.4275896540607373,0.04165816829776733,0.9996299973032251,False,,,,
NRXN3,11,0.5336825040025067,0.5373745385196202,0.9996299973032251,False,,,,
NSD1,11,1.299296302216568,0.7271912349336622,0.9996299973032251,False,,,,
NSD2,5,1.275070883351999,0.8116952776934565,0.9996299973032251,False,,,,
NSD3,9,0.6837770792797414,0.7068012474449002,0.9996299973032251,False,,,,
NSDHL,5,2.5963562772007167,0.18491543354629153,0.9996299973032251,False,,,,
NT5C1B,5,1.4032588275350555,0.736137022654144,0.9996299973032251,False,,,,
NT5DC3,6,2.4900506294602125,0.2079038524559765,0.9996299973032251,False,,,,
NTRK1,5,3.2156885045101165,0.10813819217478982,0.9996299973032251,False,,,,
NTRK2,6,4.0448278107377753e-07,0.9935886652867446,0.9996299973032251,False,,,,
NTRK3,6,3.23506742314517e-07,0.993529910574089,0.9996299973032251,False,,,,
NUAK1,11,2.1844778689427287,0.18905514375593077,0.9996299973032251,False,,,,
NUDCD1,6,0.9983002081088383,0.9986721591982587,0.9996299973032251,False,,,,
NUFIP2,5,1.6580206972472535,0.6215929827955315,0.9996299973032251,False,,,,
NUMA1,9,1.591775509688158,0.5246750329358114,0.9996299973032251,False,,,,
NUMB,5,3.2308903311506305,0.11506051364678348,0.9996299973032251,False,,,,
NUP107,9,0.8157131555540914,0.8407951329739516,0.9996299973032251,False,,,,
NUP133,5,1.6966814869668414,0.6059890450250202,0.9996299973032251,False,,,,
NUP153,10,0.7065632905716259,0.7339437569842292,0.9996299973032251,False,,,,
NUP155,10,0.6879038179480101,0.7105865266025491,0.9996299973032251,False,,,,
NUP160,14,2.3221984154004445,0.10545038625687653,0.9996299973032251,False,,,,
NUP188,11,1.2747676034856266,0.7419308148811681,0.9996299973032251,False,,,,
NUP205,8,3.161424710493884e-07,0.992483501635501,0.9996299973032251,False,,,,
NUP210,7,3.021622374125567e-07,0.9929391849432531,0.9996299973032251,False,,,,
NUP210L,15,1.2128432918010005e-07,0.9934169853111005,0.9996299973032251,False,,,,
NUP214,7,2.1544310432295006,0.3028639523919043,0.9996299973032251,False,,,,
NUP58,6,2.8389938281384466,0.15274932917180215,0.9996299973032251,False,,,,
NUP62,5,1.3565976231970234,0.7644110805877823,0.9996299973032251,False,,,,
NUP98,12,1.8046197514011675,0.33727845108399956,0.9996299973032251,False,,,,
NUTM1,7,3.3230180863788235,0.046110488402421636,0.9996299973032251,False,,,,
NUTM2F,9,2.890291572044445,0.08954951504880451,0.9996299973032251,False,,,,
NWD1,9,3.5438262834087113e-07,0.9920814267546383,0.9996299973032251,False,,,,
NXF1,6,1.0837446533569128,0.9370247824118698,0.9996299973032251,False,,,,
NXF3,5,3.19690612007085e-07,0.9941142057541893,0.9996299973032251,False,,,,
NYNRIN,9,1.5486845813652224,0.5465821526910926,0.9996299973032251,False,,,,
OAS2,11,1.9704644990167963,0.2508939954506957,0.9996299973032251,False,,,,
OASL,5,1.3460550906001638,0.7716835954658801,0.9996299973032251,False,,,,
OBI1,6,2.3083099866865755,0.24605999826953429,0.9996299973032251,False,,,,
OBSCN,33,1.6562748683869852,0.21613212348981423,0.9996299973032251,False,,,,
OBSL1,7,2.8108559926207814e-07,0.9928903715122804,0.9996299973032251,False,,,,
OCRL,6,1.2270090750256557,0.8393115027802436,0.9996299973032251,False,,,,
ODF2,7,2.1745946597871693,0.27945745063696276,0.9996299973032251,False,,,,
OFD1,7,1.9658740718645082,0.3460828286976635,0.9996299973032251,False,,,,
OGA,5,3.291893677505104e-07,0.9940934405231315,0.9996299973032251,False,,,,
OGDH,9,0.7593350332940506,0.7852000541189315,0.9996299973032251,False,,,,
OGDHL,8,3.577876992429885e-07,0.992612098502572,0.9996299973032251,False,,,,
OGT,8,2.7455475956683073e-07,0.9923896993880023,0.9996299973032251,False,,,,
OLFML2B,8,2.7834086634875815e-07,0.9923622816992529,0.9996299973032251,False,,,,
OLFML3,5,3.3786981711353076e-07,0.9940884100146161,0.9996299973032251,False,,,,
OPA1,9,0.7510949237327783,0.7781442062130559,0.9996299973032251,False,,,,
OR10G4,6,3.448420593256024e-07,0.9935995576380967,0.9996299973032251,False,,,,
OR10J1,5,2.9008116050181624e-07,0.9940672069352908,0.9996299973032251,False,,,,
OR10J3,6,2.6480290798410675e-07,0.9933891434105946,0.9996299973032251,False,,,,
OR10K1,5,1.664156471431395,0.613512222203225,0.9996299973032251,False,,,,
OR10R2,6,3.022112470660297e-07,0.993479418752161,0.9996299973032251,False,,,,
OR10Z1,8,0.9218312096237072,0.9353774922367754,0.9996299973032251,False,,,,
OR11L1,6,3.9112978148733597,0.02884088164560545,0.9996299973032251,False,,,,
OR13C8,6,2.842544734127717,0.14650775296966204,0.9996299973032251,False,,,,
OR13G1,5,1.8157480469267122,0.5537687556186798,0.9996299973032251,False,,,,
OR14A16,5,1.4186597316782446,0.7292272967183616,0.9996299973032251,False,,,,
OR14I1,6,2.9527825741873173,0.13803593642175083,0.9996299973032251,False,,,,
OR1A2,5,3.3254924479544944e-07,0.9940994730984825,0.9996299973032251,False,,,,
OR2AG1,6,3.2238504165800153e-07,0.9935359929211712,0.9996299973032251,False,,,,
OR2G3,8,1.7251176130311985,0.4522626446123884,0.9996299973032251,False,,,,
OR2G6,6,1.0137742487869648,0.989243294043877,0.9996299973032251,False,,,,
OR2L13,5,2.5859790764304166e-07,0.9940500141445209,0.9996299973032251,False,,,,
OR2L2,7,2.809282510853189e-07,0.9929196083805096,0.9996299973032251,False,,,,
OR2L3,6,1.057740477833812,0.9556560086080366,0.9996299973032251,False,,,,
OR2T10,5,1.450113133975405,0.7205836816144363,0.9996299973032251,False,,,,
OR2T27,5,4.033038426727437,0.054362696867267926,0.9996299973032251,False,,,,
OR4A15,6,1.079455918930257,0.9396627719111103,0.9996299973032251,False,,,,
OR4B1,5,2.685486483688571e-07,0.99396345888836,0.9996299973032251,False,,,,
OR4C15,7,3.290844471440244e-07,0.9930477669442204,0.9996299973032251,False,,,,
OR4C46,5,3.7937451861016587e-07,0.9941646200500028,0.9996299973032251,False,,,,
OR4D10,6,2.940783066138552e-07,0.9934644867710665,0.9996299973032251,False,,,,
OR4K5,5,2.9267042996223214e-07,0.9939385161802189,0.9996299973032251,False,,,,
OR4N2,5,2.730849460508855e-07,0.9940325336306296,0.9996299973032251,False,,,,
OR4S2,5,2.8839151585620466,0.15167115819482843,0.9996299973032251,False,,,,
OR51E2,6,2.723083202281977e-07,0.9934178076526652,0.9996299973032251,False,,,,
OR51F2,5,3.077273361986288e-07,0.994054363115834,0.9996299973032251,False,,,,
OR51Q1,5,6.158484971878175,0.0026024933720635197,0.5266088762427661,False,,,,
OR52K2,5,3.1029395247972987e-07,0.9938415561594817,0.9996299973032251,False,,,,
OR5A1,7,3.2971066414373993e-07,0.9929911328306112,0.9996299973032251,False,,,,
OR5D13,5,1.4082945457949574,0.7339868011347741,0.9996299973032251,False,,,,
OR5D16,5,2.94696161383061e-07,0.9940521848232516,0.9996299973032251,False,,,,
OR5H1,6,0.8433991692742487,0.8676741223019511,0.9996299973032251,False,,,,
OR5H6,5,3.41168727976041e-07,0.9940949649608372,0.9996299973032251,False,,,,
OR5I1,7,3.514973270798968e-07,0.992916879081855,0.9996299973032251,False,,,,
OR5J2,5,1.5970539910433232,0.6551796682318665,0.9996299973032251,False,,,,
OR5L1,8,0.7472159038169085,0.7741260552419977,0.9996299973032251,False,,,,
OR5L2,5,1.5597233089164588,0.6595993867167551,0.9996299973032251,False,,,,
OR5M1,5,1.2697815416411837,0.8152399368703497,0.9996299973032251,False,,,,
OR5P2,6,1.2349969602944724,0.8352637272418052,0.9996299973032251,False,,,,
OR5R1,7,3.3367588370681855,0.04160979082768363,0.9996299973032251,False,,,,
OR5T1,8,0.7238483174157476,0.7490776882508767,0.9996299973032251,False,,,,
OR6A2,6,1.2849718111011443,0.8064182419296729,0.9996299973032251,False,,,,
OR6B1,6,1.2033417933918216,0.8540842064783278,0.9996299973032251,False,,,,
OR6K2,7,1.1220525561512762,0.9095584425803707,0.9996299973032251,False,,,,
OR6K3,6,1.1988774202714363,0.8589386636282461,0.9996299973032251,False,,,,
OR6N1,5,2.919111941026318e-07,0.9939340686583783,0.9996299973032251,False,,,,
OR6S1,5,3.0116455644759603,0.13328865286504418,0.9996299973032251,False,,,,
OR6X1,5,3.4484362419939285e-07,0.9941200617152147,0.9996299973032251,False,,,,
OR7A5,6,1.0533186704697965,0.9590224088091022,0.9996299973032251,False,,,,
OR7D2,6,2.877251274505196e-07,0.9934780260260527,0.9996299973032251,False,,,,
OR8D4,5,1.5764878249738739,0.6514974758051979,0.9996299973032251,False,,,,
OR8H1,6,3.313187447925552e-07,0.9934796142427833,0.9996299973032251,False,,,,
OR8H2,5,1.4913855143302512,0.6965736619726064,0.9996299973032251,False,,,,
OR8K1,5,3.0378159457691525e-07,0.9940877613095239,0.9996299973032251,False,,,,
OR9G1,5,3.7901340107029786,0.0626682251789897,0.9996299973032251,False,,,,
OR9G4,5,5.728368329545309,0.005312543980124975,0.6601389611130317,False,,,,
ORC1,7,1.057025462111247,0.9575756734576157,0.9996299973032251,False,,,,
ORC2,9,1.7537450886693464,0.44470309366358163,0.9996299973032251,False,,,,
OSBPL10,5,3.440176895335484,0.09458378867660182,0.9996299973032251,False,,,,
OSBPL1A,7,3.6253383252014105e-07,0.9930491089050831,0.9996299973032251,False,,,,
OSBPL3,6,1.2779986476948475,0.8118428828668742,0.9996299973032251,False,,,,
OSBPL8,9,1.9244871685560707,0.36725470142742456,0.9996299973032251,False,,,,
OSBPL9,5,1.401022885110322,0.740883226442429,0.9996299973032251,False,,,,
OSCP1,6,3.578998680073541e-07,0.9935985698641128,0.9996299973032251,False,,,,
OSMR,6,4.386225804610985,0.012075831214913978,0.794571452091377,False,,,,
OTOA,7,1.1029458828096395,0.9230526377273154,0.9996299973032251,False,,,,
OTOF,12,1.0975824154012266,0.8965562019410767,0.9996299973032251,False,,,,
OTOGL,19,1.2322624613583433,0.7344375962560069,0.9996299973032251,False,,,,
OTOP2,5,3.1092192825402187,0.11348528670457689,0.9996299973032251,False,,,,
OTOP3,5,1.5950187885952203,0.648109670031134,0.9996299973032251,False,,,,
OTUD4,6,1.0436081740816374,0.966332130245342,0.9996299973032251,False,,,,
OTUD7A,5,2.8773057793648643e-07,0.9939686032516429,0.9996299973032251,False,,,,
OTUD7B,8,3.3404000154911483e-07,0.992590560363507,0.9996299973032251,False,,,,
OVCH1,9,0.7760107902636527,0.8019178448050329,0.9996299973032251,False,,,,
OVGP1,5,1.0850655841342207,0.9369967067094587,0.9996299973032251,False,,,,
OXR1,8,0.8330078100323768,0.8575456873857276,0.9996299973032251,False,,,,
P2RY10,7,3.6251445485308266e-07,0.9930972827365909,0.9996299973032251,False,,,,
P3H1,6,1.199222907234695,0.8580829707174659,0.9996299973032251,False,,,,
P3H2,9,0.6704874404582656,0.6956200487545335,0.9996299973032251,False,,,,
PABPC3,6,3.3449517547017645e-07,0.9935102083849816,0.9996299973032251,False,,,,
PABPC4,6,3.2704362459035884e-07,0.9935147544722472,0.9996299973032251,False,,,,
PACS1,5,2.8546102251591905e-07,0.9940674868838839,0.9996299973032251,False,,,,
PACS2,6,4.393847255125786,0.013229591465006475,0.794571452091377,False,,,,
PACSIN2,5,1.6359036155994424,0.6253416008887005,0.9996299973032251,False,,,,
PADI2,5,3.059855740241818e-07,0.994049347042705,0.9996299973032251,False,,,,
PADI3,5,2.9344103080250823e-07,0.9940491035848203,0.9996299973032251,False,,,,
PAK2,6,3.1484101410084415e-07,0.9935099203352785,0.9996299973032251,False,,,,
PAK5,5,2.8603986196467064,0.15324940035637963,0.9996299973032251,False,,,,
PALB2,6,2.4531026172941353,0.21477290586144682,0.9996299973032251,False,,,,
PALD1,5,3.2914458003313647,0.09536710567003487,0.9996299973032251,False,,,,
PALLD,9,1.661068735499566,0.4809138152596374,0.9996299973032251,False,,,,
PALM2AKAP2,9,1.4407873546095677,0.6154896648721189,0.9996299973032251,False,,,,
PAM,7,2.206468191816222,0.28638519541022955,0.9996299973032251,False,,,,
PAMR1,5,3.634427509001162,0.08097004333597546,0.9996299973032251,False,,,,
PAN2,7,0.9854741131762061,0.9885606859871068,0.9996299973032251,False,,,,
PANK4,6,2.371419986210811,0.2462663892652385,0.9996299973032251,False,,,,
PAPPA,10,1.3654164292024842,0.6662890083929107,0.9996299973032251,False,,,,
PAPPA2,23,1.260506475048847,0.6637326333144171,0.9996299973032251,False,,,,
PARD3,6,1.0259949323550668,0.9797550626807884,0.9996299973032251,False,,,,
PARD3B,6,1.4605614125943334,0.711839107546723,0.9996299973032251,False,,,,
PARP1,11,0.5857992094099723,0.6014140782425664,0.9996299973032251,False,,,,
PARP10,5,1.5273199097778731,0.6764820896580248,0.9996299973032251,False,,,,
PARP14,9,0.7201552545863973,0.7468389429694977,0.9996299973032251,False,,,,
PARP4,7,2.769435793729889e-07,0.9928141219552078,0.9996299973032251,False,,,,
PARP6,5,3.144333342451098e-07,0.9939807385717826,0.9996299973032251,False,,,,
PARP8,8,3.9186343628739624,0.024203792074162102,0.9996299973032251,False,,,,
PARP9,9,0.679419335928997,0.7033399408215117,0.9996299973032251,False,,,,
PASD1,6,3.2719015007158685e-07,0.9933380513573363,0.9996299973032251,False,,,,
PASK,7,2.083055238947896,0.31596532696919283,0.9996299973032251,False,,,,
PATJ,12,1.062697880437885,0.9326894184873027,0.9996299973032251,False,,,,
PAX5,5,1.636392436025868,0.6304156930587579,0.9996299973032251,False,,,,
PAXBP1,9,0.8160569369212479,0.8426813407398817,0.9996299973032251,False,,,,
PBDC1,5,1.3489294636031401,0.7725915182675804,0.9996299973032251,False,,,,
PBRM1,7,1.1165001245098556,0.9145789394759217,0.9996299973032251,False,,,,
PBXIP1,5,3.315799983608176e-07,0.994112371645394,0.9996299973032251,False,,,,
PC,10,2.4053587958301486,0.14423287765641493,0.9996299973032251,False,,,,
PCARE,9,0.7606823273464498,0.7875787572460888,0.9996299973032251,False,,,,
PCBP2,7,1.1890002324453712,0.8646045761573384,0.9996299973032251,False,,,,
PCDH1,7,2.215275404348802,0.2810067412552694,0.9996299973032251,False,,,,
PCDH10,8,3.339402921886383e-07,0.9925746574847576,0.9996299973032251,False,,,,
PCDH11X,16,0.801876117350643,0.7612707037939369,0.9996299973032251,False,,,,
PCDH12,5,2.946083260075695e-07,0.9940261769682778,0.9996299973032251,False,,,,
PCDH15,19,1.1715874804493003,0.7954069914191251,0.9996299973032251,False,,,,
PCDH17,5,1.3612280602846798,0.7703090968797766,0.9996299973032251,False,,,,
PCDH18,8,0.820457567179391,0.8467700530042468,0.9996299973032251,False,,,,
PCDH19,18,0.7750254452924398,0.7229876624369014,0.9996299973032251,False,,,,
PCDH9,13,1.1484887956047274e-07,0.9937969398886123,0.9996299973032251,False,,,,
PCDHA1,7,2.3488340200458446,0.2338817985653269,0.9996299973032251,False,,,,
PCDHA10,9,1.7356872232489429,0.46685504818022117,0.9996299973032251,False,,,,
PCDHA11,11,1.1873703035327454,0.8128971808735267,0.9996299973032251,False,,,,
PCDHA12,6,0.9309681257080076,0.9443400908703011,0.9996299973032251,False,,,,
PCDHA13,6,1.2713781285658936,0.8127735041328059,0.9996299973032251,False,,,,
PCDHA2,7,0.924327991633564,0.9377264028079996,0.9996299973032251,False,,,,
PCDHA3,9,3.0636812042744053e-07,0.9920469427036899,0.9996299973032251,False,,,,
PCDHA4,7,3.1749625380467834,0.055698760840546285,0.9996299973032251,False,,,,
PCDHA5,6,3.6135947366818876e-07,0.9935401003047784,0.9996299973032251,False,,,,
PCDHA6,9,1.729216670845423,0.44224949322333806,0.9996299973032251,False,,,,
PCDHA7,7,3.048923383848376e-07,0.992996585604832,0.9996299973032251,False,,,,
PCDHA8,10,0.6141742920810666,0.6336016553663757,0.9996299973032251,False,,,,
PCDHA9,9,2.6249394185630526,0.09939960711160935,0.9996299973032251,False,,,,
PCDHAC1,7,0.9746485352452412,0.9800379570899937,0.9996299973032251,False,,,,
PCDHAC2,8,3.437782190766146e-07,0.992558853550926,0.9996299973032251,False,,,,
PCDHB1,11,1.0977021746039506e-07,0.9942998885929608,0.9996299973032251,False,,,,
PCDHB10,6,1.277289761137649,0.8091924679732647,0.9996299973032251,False,,,,
PCDHB11,8,1.989711423999999,0.33706732506474846,0.9996299973032251,False,,,,
PCDHB12,10,2.188056710985152,0.18155135744912973,0.9996299973032251,False,,,,
PCDHB13,6,3.5543020549922386e-07,0.9935310822026884,0.9996299973032251,False,,,,
PCDHB14,7,0.9203446579603164,0.9347486851437913,0.9996299973032251,False,,,,
PCDHB15,6,2.710962512298439,0.1750321016289561,0.9996299973032251,False,,,,
PCDHB16,8,0.7701890773784172,0.7963684606963719,0.9996299973032251,False,,,,
PCDHB2,8,0.8233443428010784,0.8482034704071094,0.9996299973032251,False,,,,
PCDHB5,7,2.3608548291475753,0.2323989660582738,0.9996299973032251,False,,,,
PCDHB6,8,2.0411859727364323,0.3181860139730058,0.9996299973032251,False,,,,
PCDHB7,12,1.9215729372556738,0.2688927922093201,0.9996299973032251,False,,,,
PCDHB8,7,0.79472354187725,0.8203234897037521,0.9996299973032251,False,,,,
PCDHB9,11,0.6565283318830741,0.6780683311173956,0.9996299973032251,False,,,,
PCDHGA1,11,0.5982204814817726,0.6095149538688855,0.9996299973032251,False,,,,
PCDHGA11,8,3.563567856017431e-07,0.9925603439146771,0.9996299973032251,False,,,,
PCDHGA12,9,1.6740406357287803,0.4793422046031698,0.9996299973032251,False,,,,
PCDHGA2,9,0.5716677465447038,0.5808276399983043,0.9996299973032251,False,,,,
PCDHGA3,6,2.827395371240101,0.14622062056350865,0.9996299973032251,False,,,,
PCDHGA4,5,3.560810336575101,0.08207908638103918,0.9996299973032251,False,,,,
PCDHGA5,6,2.9992018092615066e-07,0.993521582979301,0.9996299973032251,False,,,,
PCDHGA6,7,3.60226131209249e-07,0.9930719722758684,0.9996299973032251,False,,,,
PCDHGA7,7,0.8998601823124173,0.9172799993336437,0.9996299973032251,False,,,,
PCDHGA9,9,0.6313595216689867,0.6488970731263359,0.9996299973032251,False,,,,
PCDHGB1,5,1.285580696226486,0.8050059911973786,0.9996299973032251,False,,,,
PCDHGB2,7,3.4192083042138997e-07,0.993040223553412,0.9996299973032251,False,,,,
PCDHGB3,5,1.8041904732495848,0.5597860778745241,0.9996299973032251,False,,,,
PCDHGB4,8,1.6836199209577853,0.47751745229277653,0.9996299973032251,False,,,,
PCDHGB5,6,2.9263584272345313,0.13511758687773642,0.9996299973032251,False,,,,
PCDHGB6,11,2.011114332468292,0.24660156007194117,0.9996299973032251,False,,,,
PCDHGB7,7,3.8712584677810995e-07,0.9930773057170528,0.9996299973032251,False,,,,
PCDHGC3,5,1.185726394937092,0.8670991133409599,0.9996299973032251,False,,,,
PCDHGC4,5,2.870397341235998e-07,0.9940557490944171,0.9996299973032251,False,,,,
PCED1B,7,3.311906088791028e-07,0.9929251617475912,0.9996299973032251,False,,,,
PCF11,8,3.040649729849545e-07,0.9924853168222644,0.9996299973032251,False,,,,
PCK1,7,1.907219827274441,0.376894107528692,0.9996299973032251,False,,,,
PCLO,35,1.2101557074808376,0.6695678107555483,0.9996299973032251,False,,,,
PCM1,6,2.83994762056745e-07,0.9934761389964908,0.9996299973032251,False,,,,
PCMTD2,5,3.296293667192149e-07,0.9940678841191758,0.9996299973032251,False,,,,
PCNT,21,0.6449060535784198,0.5502147048698107,0.9996299973032251,False,,,,
PCNX1,11,2.3506329123269514,0.15098372274106586,0.9996299973032251,False,,,,
PCNX2,16,1.3010334980216076,0.6653952435207582,0.9996299973032251,False,,,,
PCNX3,8,1.7138319322808244,0.4638249595406909,0.9996299973032251,False,,,,
PCOLCE2,5,1.256216312175468,0.8227798534319231,0.9996299973032251,False,,,,
PCSK5,12,1.208639368380178,0.7928071393535019,0.9996299973032251,False,,,,
PCYOX1,5,1.2092670238258554,0.8532794748444592,0.9996299973032251,False,,,,
PCYT1B,5,3.6609025652560977e-07,0.9941286287416454,0.9996299973032251,False,,,,
PDCD11,8,3.595744927628304e-07,0.9925828168314496,0.9996299973032251,False,,,,
PDCD4,6,1.1122041470423443,0.9175508105236722,0.9996299973032251,False,,,,
PDE10A,8,0.7533808189451572,0.7816367042240668,0.9996299973032251,False,,,,
PDE11A,8,3.2971946777015977e-07,0.9925279695785297,0.9996299973032251,False,,,,
PDE1A,6,1.214717181342075,0.8496197409916054,0.9996299973032251,False,,,,
PDE1C,7,2.394787108827013,0.22555363504100376,0.9996299973032251,False,,,,
PDE3A,11,2.3059224714410007,0.16845563189422963,0.9996299973032251,False,,,,
PDE4B,10,1.5656500371176478,0.5505059331025279,0.9996299973032251,False,,,,
PDE4D,7,2.119995113655963,0.2977170039630122,0.9996299973032251,False,,,,
PDE4DIP,11,2.1961794138464477,0.19920768939729872,0.9996299973032251,False,,,,
PDE5A,9,2.57339254406955,0.1363137265010675,0.9996299973032251,False,,,,
PDE6A,7,0.8660848512238735,0.8896116105631973,0.9996299973032251,False,,,,
PDE6C,6,1.2499670935964013,0.8242832583355637,0.9996299973032251,False,,,,
PDGFRA,7,1.0042522920506758,0.9966838269253497,0.9996299973032251,False,,,,
PDGFRB,7,2.5923496715433356,0.19163799812508175,0.9996299973032251,False,,,,
PDIA5,6,1.1621889044800744,0.8850749788332334,0.9996299973032251,False,,,,
PDIK1L,6,3.3177649855158873e-07,0.9934986866954918,0.9996299973032251,False,,,,
PDILT,7,1.1251842820424574,0.9070459294863177,0.9996299973032251,False,,,,
PDK4,5,2.8817826563957937e-07,0.9940766755717072,0.9996299973032251,False,,,,
PDP1,5,2.7247299385951965e-07,0.9940282163252528,0.9996299973032251,False,,,,
PDS5A,6,3.5409105312610883e-07,0.9935384812145711,0.9996299973032251,False,,,,
PDS5B,7,1.1725946310533093,0.8751950366873879,0.9996299973032251,False,,,,
PDXDC1,7,3.6726445936944734e-07,0.9930376999944223,0.9996299973032251,False,,,,
PDZD2,23,1.1910125898093906,0.7411097966370952,0.9996299973032251,False,,,,
PDZD7,5,2.8231284653754023e-07,0.9940656597897243,0.9996299973032251,False,,,,
PDZRN3,8,3.317393674890041e-07,0.9924727074927618,0.9996299973032251,False,,,,
PDZRN4,8,3.308379459766339e-07,0.9924802687464702,0.9996299973032251,False,,,,
PEAK1,9,1.5959296056681338,0.5197475466756625,0.9996299973032251,False,,,,
PEAR1,7,3.313489377120264e-07,0.9929491127687572,0.9996299973032251,False,,,,
PEF1,5,1.5083085862201056,0.6846598478099593,0.9996299973032251,False,,,,
PEG3,19,3.353536714399436,0.003332202240641797,0.6281415345698461,False,,,,
PELI2,6,1.1649557597911848,0.8807274088028699,0.9996299973032251,False,,,,
PELP1,7,0.964251862551778,0.9714651632162797,0.9996299973032251,False,,,,
PER1,6,0.9955925962388725,0.9965397924604705,0.9996299973032251,False,,,,
PER2,8,2.5548044040902624e-07,0.9924483738576027,0.9996299973032251,False,,,,
PER3,7,2.2935230911859237,0.2593315057817992,0.9996299973032251,False,,,,
PEX1,10,0.6195652937740181,0.6411224226145817,0.9996299973032251,False,,,,
PEX5L,8,2.1391803750718807,0.30447731713637216,0.9996299973032251,False,,,,
PFKM,5,1.336678969521825,0.7744968907637527,0.9996299973032251,False,,,,
PFKP,8,2.8892451522507745e-07,0.9925049941598004,0.9996299973032251,False,,,,
PGAP1,7,4.11588817120058,0.022957493237868346,0.9996299973032251,False,,,,
PGK1,5,1.3092675878879536,0.7912874872490058,0.9996299973032251,False,,,,
PGLYRP3,5,2.9050976233859317e-07,0.9940853678769237,0.9996299973032251,False,,,,
PGM5,10,3.0375263675929525e-07,0.9916253338648391,0.9996299973032251,False,,,,
PGR,6,3.2067086221586325e-07,0.9935504804839976,0.9996299973032251,False,,,,
PHACTR1,8,1.7464415105486701,0.44926131162716376,0.9996299973032251,False,,,,
PHACTR2,6,3.091698069955721,0.12006415390475461,0.9996299973032251,False,,,,
PHACTR4,5,1.5367517024632293,0.6719380294806476,0.9996299973032251,False,,,,
PHC2,5,1.2984266655015293,0.7952584635231337,0.9996299973032251,False,,,,
PHC3,6,3.385100073376208e-07,0.9935855400692888,0.9996299973032251,False,,,,
PHEX,6,1.1657076224803937,0.8801543102205034,0.9996299973032251,False,,,,
PHF12,9,3.3320233106553084e-07,0.9921217998248988,0.9996299973032251,False,,,,
PHF2,6,3.09940514566976e-07,0.9934409101497296,0.9996299973032251,False,,,,
PHF20,6,2.2441062053882486,0.26895947400291137,0.9996299973032251,False,,,,
PHF20L1,14,1.1471296923635332,0.8515613010300325,0.9996299973032251,False,,,,
PHF3,16,1.2129871089263577,0.7478311813936914,0.9996299973032251,False,,,,
PHF8,10,2.225253170029389,0.17838410630679358,0.9996299973032251,False,,,,
PHIP,11,0.5855317909850127,0.5982144277430488,0.9996299973032251,False,,,,
PHKA1,6,1.1900832383804656,0.8642227453601479,0.9996299973032251,False,,,,
PHKA2,18,0.3502274276676561,0.2993828956978009,0.9996299973032251,False,,,,
PHLDB1,9,2.6528752941090437,0.09602836187569616,0.9996299973032251,False,,,,
PHLDB2,8,2.931637842638725,0.07064138748188882,0.9996299973032251,False,,,,
PHLPP1,6,3.1262940199032457e-07,0.993550639865255,0.9996299973032251,False,,,,
PHLPP2,5,1.6529051989162444,0.6183042863658503,0.9996299973032251,False,,,,
PHRF1,5,3.3439302193725674e-07,0.9941256022360003,0.9996299973032251,False,,,,
PI4KA,10,0.6750634300877573,0.699987210357597,0.9996299973032251,False,,,,
PI4KB,5,3.1066571417374007,0.13159385150256192,0.9996299973032251,False,,,,
PIGG,6,1.1930316724653678,0.8635504467486337,0.9996299973032251,False,,,,
PIGN,5,3.2472159944384287e-07,0.9940813755676107,0.9996299973032251,False,,,,
PIGQ,5,1.8718711480294998,0.5391389908148997,0.9996299973032251,False,,,,
PIGR,7,1.0041686340268732,0.9967284801891012,0.9996299973032251,False,,,,
PIGW,6,2.7656226645487423,0.15999740930510795,0.9996299973032251,False,,,,
PIK3C2A,7,0.9621609535747616,0.9697473444900965,0.9996299973032251,False,,,,
PIK3C2B,12,2.629267750059948,0.06323825630861633,0.9996299973032251,False,,,,
PIK3C2G,8,3.3608034282292967e-07,0.9925946183600579,0.9996299973032251,False,,,,
PIK3C3,5,1.3504427004280728,0.7696759656908961,0.9996299973032251,False,,,,
PIK3CA,328,0.9389856391759942,0.7341168418436516,0.9996299973032251,False,-0.0044066256054983,0.8533333333333334,0.9142857142857144,False
PIK3CB,10,1.411465187609529,0.6330404970655167,0.9996299973032251,False,,,,
PIK3CD,5,3.5792049448384683e-07,0.9941238885467647,0.9996299973032251,False,,,,
PIK3CG,5,3.2664106626332376,0.1016113170489709,0.9996299973032251,False,,,,
PIK3R1,30,0.9928373037379756,0.9887263902691384,0.9996299973032251,False,,,,
PIK3R3,5,3.2583675564045865e-07,0.9941234032496833,0.9996299973032251,False,,,,
PIK3R4,8,3.329590192102812e-07,0.9925263203394792,0.9996299973032251,False,,,,
PIKFYVE,11,1.3843860774133596,0.6576606413339149,0.9996299973032251,False,,,,
PINK1,6,1.332781759602383,0.7791884799207753,0.9996299973032251,False,,,,
PIP4K2C,7,2.1174888554509774,0.2972862290318455,0.9996299973032251,False,,,,
PIP5K1A,6,2.6198019285349634,0.20348909924245934,0.9996299973032251,False,,,,
PITPNM1,5,2.999242218175457e-07,0.994023763342099,0.9996299973032251,False,,,,
PITRM1,6,1.1834559523663537,0.8688922892754533,0.9996299973032251,False,,,,
PITX2,5,3.7998203009052345,0.06884423022940389,0.9996299973032251,False,,,,
PIWIL1,20,0.7264490440026878,0.6576719643317837,0.9996299973032251,False,,,,
PIWIL2,7,1.0735094821927273,0.9445938143137335,0.9996299973032251,False,,,,
PIWIL3,6,3.3334765765584414e-07,0.9935524061182248,0.9996299973032251,False,,,,
PIWIL4,5,3.8314842501039097,0.062137087359571186,0.9996299973032251,False,,,,
PJA1,10,0.6830812889176837,0.7094216193147165,0.9996299973032251,False,,,,
PJA2,6,3.4720412091505483e-07,0.9934993498259135,0.9996299973032251,False,,,,
PKD1,9,3.2095489338301764e-07,0.9921082719580339,0.9996299973032251,False,,,,
PKD1L1,19,1.154123503318293,0.8118628807298498,0.9996299973032251,False,,,,
PKD1L2,5,2.916237321913135,0.14199656912296868,0.9996299973032251,False,,,,
PKD2,6,2.818366122614572e-07,0.9934685971540681,0.9996299973032251,False,,,,
PKDREJ,8,0.872574570462499,0.8948980028012999,0.9996299973032251,False,,,,
PKHD1,22,1.0101387264423842,0.9867260431750025,0.9996299973032251,False,,,,
PKHD1L1,36,0.8803707830820724,0.7883675737730311,0.9996299973032251,False,,,,
PKLR,5,1.426905497646119,0.7237299471284191,0.9996299973032251,False,,,,
PKN2,9,3.16731396240554e-07,0.9919983196407004,0.9996299973032251,False,,,,
PKNOX2,5,1.8177491169474596,0.552584565233667,0.9996299973032251,False,,,,
PKP1,5,1.6322741076460718,0.6314742792673855,0.9996299973032251,False,,,,
PKP2,6,1.1827266310714342,0.8694966100659542,0.9996299973032251,False,,,,
PKP4,10,3.1790830114732523e-07,0.9915622691607899,0.9996299973032251,False,,,,
PLA1A,5,1.3353604709033478,0.7767150012479326,0.9996299973032251,False,,,,
PLA2G4A,10,0.662180756567447,0.6863423250792797,0.9996299973032251,False,,,,
PLA2G4D,6,2.878855904941855e-07,0.9933603094775794,0.9996299973032251,False,,,,
PLA2G4F,7,2.198546254678145,0.27168753751757685,0.9996299973032251,False,,,,
PLA2G6,6,4.616560807993293,0.009361392369668015,0.794571452091377,False,,,,
PLA2R1,7,2.174181806709684,0.2950969062987938,0.9996299973032251,False,,,,
PLAT,5,1.6975653908309027,0.609120216814377,0.9996299973032251,False,,,,
PLB1,5,1.408051308141191,0.7452691349035476,0.9996299973032251,False,,,,
PLCB1,10,0.6115266356986744,0.6287282355475474,0.9996299973032251,False,,,,
PLCB2,7,4.377742550268424,0.014115025828652757,0.8110040766240731,False,,,,
PLCB3,6,2.8502097085938183,0.14944926171689724,0.9996299973032251,False,,,,
PLCB4,17,0.7756992455798047,0.7291296610656903,0.9996299973032251,False,,,,
PLCE1,15,1.2179576814587175e-07,0.9933587459652428,0.9996299973032251,False,,,,
PLCG1,10,1.5315474482949505,0.553333248014342,0.9996299973032251,False,,,,
PLCG2,8,3.4365271770185684e-07,0.9925943363067645,0.9996299973032251,False,,,,
PLCH1,16,0.7658657734974752,0.7127865687987661,0.9996299973032251,False,,,,
PLCL1,5,1.1736781851606994,0.8739115378186417,0.9996299973032251,False,,,,
PLCL2,15,0.4478632620486162,0.4264636634553487,0.9996299973032251,False,,,,
PLCXD2,6,1.2242359018556517,0.8404650613040143,0.9996299973032251,False,,,,
PLCZ1,8,2.8758278155820833e-07,0.9924147183741392,0.9996299973032251,False,,,,
PLD1,9,0.7049514775542491,0.7295334440648489,0.9996299973032251,False,,,,
PLD5,6,3.816966245489155e-07,0.9927161662261648,0.9996299973032251,False,,,,
PLEC,13,0.4886878862443507,0.48310302096410873,0.9996299973032251,False,,,,
PLEKHA4,6,1.2334688182908957,0.8412571469282508,0.9996299973032251,False,,,,
PLEKHA6,12,0.570132282633223,0.5785877549201492,0.9996299973032251,False,,,,
PLEKHA8,6,1.2727825615054715,0.8132070189612474,0.9996299973032251,False,,,,
PLEKHG1,8,2.913690439615072,0.09704396909343256,0.9996299973032251,False,,,,
PLEKHG2,7,2.23162665125484,0.2684180536607232,0.9996299973032251,False,,,,
PLEKHG4B,8,0.7920943143135251,0.8172808451269467,0.9996299973032251,False,,,,
PLEKHH1,6,1.2122817976195948,0.848300893549939,0.9996299973032251,False,,,,
PLEKHH2,12,1.0666144046382009e-07,0.9940014753739206,0.9996299973032251,False,,,,
PLEKHM1,5,1.517372496508215,0.686533253060781,0.9996299973032251,False,,,,
PLG,11,2.235539640838552,0.18788645137429077,0.9996299973032251,False,,,,
PLIN4,7,1.1446417775672832,0.8934746807456797,0.9996299973032251,False,,,,
PLK2,9,0.8004729660624592,0.8254661085893876,0.9996299973032251,False,,,,
PLK4,6,1.1843489150421178,0.8663949443395367,0.9996299973032251,False,,,,
PLS3,6,3.0565942569352006e-07,0.9934951069052924,0.9996299973032251,False,,,,
PLVAP,6,3.1192121376261977e-07,0.9935036760646838,0.9996299973032251,False,,,,
PLXNA1,9,0.8370587273153435,0.8597143242101398,0.9996299973032251,False,,,,
PLXNA2,18,2.198184610595055,0.10545109519721449,0.9996299973032251,False,,,,
PLXNA3,13,0.48600056740815967,0.47846414510768176,0.9996299973032251,False,,,,
PLXNA4,15,0.7869858966428345,0.7438667059668895,0.9996299973032251,False,,,,
PLXNB1,6,3.071995282542559e-07,0.9935155469018574,0.9996299973032251,False,,,,
PLXNB2,8,3.050510245269124,0.06269859281354824,0.9996299973032251,False,,,,
PLXNC1,7,2.8766433825006094e-07,0.9929602102827231,0.9996299973032251,False,,,,
PLXND1,7,0.8572437227913094,0.8788088133690087,0.9996299973032251,False,,,,
PM20D1,5,2.735956884837817e-07,0.9940630624901672,0.9996299973032251,False,,,,
PMEL,5,1.1307350253787862,0.9036919924030857,0.9996299973032251,False,,,,
PMFBP1,11,1.4471934948613272,0.6142179225088552,0.9996299973032251,False,,,,
PMS1,10,1.4162936367741514,0.6290148157330533,0.9996299973032251,False,,,,
PMS2,7,2.6841583424625406,0.19480993649722692,0.9996299973032251,False,,,,
PNLIPRP1,5,3.0208480923013826e-07,0.9940037961307607,0.9996299973032251,False,,,,
PNMA8A,5,2.962411372038519e-07,0.9940189234902472,0.9996299973032251,False,,,,
PNN,6,2.124253980035697,0.29711873162619534,0.9996299973032251,False,,,,
PNPT1,7,3.5532367186816844,0.03791814300252832,0.9996299973032251,False,,,,
POF1B,5,1.412897060228172,0.7371470622824198,0.9996299973032251,False,,,,
POGZ,13,1.0477174106268148e-07,0.993749914258452,0.9996299973032251,False,,,,
POLA1,11,1.164034400913724e-07,0.9942782300690544,0.9996299973032251,False,,,,
POLE,10,3.2546330459470683e-07,0.9916161496838858,0.9996299973032251,False,,,,
POLG,5,1.5585531718230108,0.6602118054199227,0.9996299973032251,False,,,,
POLN,5,3.168889995827583e-07,0.9940399717612305,0.9996299973032251,False,,,,
POLQ,13,1.165967642332276,0.8309941416078035,0.9996299973032251,False,,,,
POLR1A,11,0.6558446966615049,0.6800911606733835,0.9996299973032251,False,,,,
POLR2A,5,2.9776023454873017e-07,0.993963453086009,0.9996299973032251,False,,,,
POLR2B,5,1.8167183646259135,0.5586931009999763,0.9996299973032251,False,,,,
POLR3A,7,3.8584366238717226e-07,0.9930722817688598,0.9996299973032251,False,,,,
POLRMT,5,1.2195466990067605,0.8499197385488582,0.9996299973032251,False,,,,
POM121,7,3.5048011303460583e-07,0.9929940893683596,0.9996299973032251,False,,,,
POMT2,6,2.606408566869208,0.18200542980770504,0.9996299973032251,False,,,,
PON1,5,3.5043645655835693e-07,0.9941014138446718,0.9996299973032251,False,,,,
POP1,7,3.338427037418794e-07,0.9929455535533727,0.9996299973032251,False,,,,
POSTN,7,1.066673393233885,0.9490790633623546,0.9996299973032251,False,,,,
POTEA,5,3.405459057610979e-07,0.994124865908348,0.9996299973032251,False,,,,
POTEF,6,2.6176433756615666e-07,0.9934210307156127,0.9996299973032251,False,,,,
POU2F2,5,3.1181270693206304e-07,0.9940785424192362,0.9996299973032251,False,,,,
POU3F4,8,2.83516935146286e-07,0.9924949742713877,0.9996299973032251,False,,,,
POU4F2,5,3.2409534053333076,0.10880616864949806,0.9996299973032251,False,,,,
POU5F2,5,1.5262975228052293,0.6838088668093445,0.9996299973032251,False,,,,
PPAN-P2RY11,6,3.643643794981053e-07,0.9935688022021276,0.9996299973032251,False,,,,
PPARG,6,3.0458863337337204e-07,0.9934727813937192,0.9996299973032251,False,,,,
PPARGC1A,9,1.5468943282826322,0.5461140332625216,0.9996299973032251,False,,,,
PPARGC1B,7,5.324389715551782,0.001148506353464539,0.516138789422766,False,,,,
PPEF1,12,1.988304284747311,0.24762340992025472,0.9996299973032251,False,,,,
PPEF2,7,1.0487105691860572,0.9627345790628885,0.9996299973032251,False,,,,
PPFIA1,8,0.8566809310711382,0.8780094606713214,0.9996299973032251,False,,,,
PPFIA2,12,0.5418478257278617,0.5452546458919623,0.9996299973032251,False,,,,
PPFIA3,5,3.0117800671531463e-07,0.9939798738472506,0.9996299973032251,False,,,,
PPFIA4,5,3.4836128366527034e-07,0.994146937670963,0.9996299973032251,False,,,,
PPFIBP1,7,1.0071716388440881,0.994422933775611,0.9996299973032251,False,,,,
PPIG,5,3.4356325109029226e-07,0.9940929204676867,0.9996299973032251,False,,,,
PPIP5K2,10,1.5390414368372405,0.5739087007153075,0.9996299973032251,False,,,,
PPL,9,3.7615241009829425e-07,0.9921306171453554,0.9996299973032251,False,,,,
PPM1B,5,2.82774572629911,0.15599369106439984,0.9996299973032251,False,,,,
PPM1E,7,4.199621698820424,0.017113816369845075,0.9261360626192904,False,,,,
PPM1F,5,1.3937609485595743,0.7466102434882722,0.9996299973032251,False,,,,
PPP1R10,6,3.4165340674490657e-07,0.9935043469415518,0.9996299973032251,False,,,,
PPP1R12A,7,0.9695146266067898,0.976199477686558,0.9996299973032251,False,,,,
PPP1R12B,5,3.113756663582188e-07,0.9941127639346223,0.9996299973032251,False,,,,
PPP1R13B,5,1.4979492157506955,0.688870081913057,0.9996299973032251,False,,,,
PPP1R15A,5,3.513593063679661e-07,0.994089187801167,0.9996299973032251,False,,,,
PPP1R15B,5,1.1177563519061302,0.9126224501472857,0.9996299973032251,False,,,,
PPP1R21,6,1.031361993312025,0.9761848509627582,0.9996299973032251,False,,,,
PPP1R32,5,3.7489881780664462,0.06583054263870734,0.9996299973032251,False,,,,
PPP1R3A,11,2.102019267734009,0.22359939789613223,0.9996299973032251,False,,,,
PPP1R3F,5,1.3447741862719576,0.774604755025486,0.9996299973032251,False,,,,
PPP1R9A,11,2.232915129178458,0.1790389408423722,0.9996299973032251,False,,,,
PPP2CA,5,1.9422880643467704,0.5115255568334951,0.9996299973032251,False,,,,
PPP2R3A,8,0.8107743310368613,0.8371445367746826,0.9996299973032251,False,,,,
PPP2R3C,8,0.7774054070565477,0.8071024020272998,0.9996299973032251,False,,,,
PPP2R5B,5,4.953652729566368,0.007700134852087952,0.7465922417003611,False,,,,
PPP2R5C,6,1.287657342581789,0.8089547951469558,0.9996299973032251,False,,,,
PPP2R5D,5,2.5920890541702566e-07,0.9939476316731131,0.9996299973032251,False,,,,
PPP3CA,5,1.491296404155536,0.6926614408865674,0.9996299973032251,False,,,,
PPP4R3A,8,0.8509260277739468,0.8754767449930575,0.9996299973032251,False,,,,
PPP4R3B,8,0.7362149380581487,0.7633636192046815,0.9996299973032251,False,,,,
PPP4R4,8,4.654540774362199,0.004969765217312255,0.6424802033714232,False,,,,
PPP6R3,5,1.510196575917418,0.6835713242719439,0.9996299973032251,False,,,,
PPRC1,13,2.917424555417737,0.04707825639767875,0.9996299973032251,False,,,,
PRAG1,5,1.831826836300657,0.5478162492097745,0.9996299973032251,False,,,,
PRAM1,6,1.1799961073203158,0.8716607626671639,0.9996299973032251,False,,,,
PRAMEF14,5,3.4514269607890116,0.08521172455259161,0.9996299973032251,False,,,,
PRAMEF15,5,3.328214726807915e-07,0.9940579781304434,0.9996299973032251,False,,,,
PRAMEF2,7,1.1956685355692869,0.8595397751417742,0.9996299973032251,False,,,,
PRAMEF4,7,2.1857801847828533,0.28246294251329274,0.9996299973032251,False,,,,
PRB2,6,1.0118668930360515,0.9906718012957336,0.9996299973032251,False,,,,
PRDM1,9,1.5843067454955682,0.522212024642534,0.9996299973032251,False,,,,
PRDM10,15,0.454510218373626,0.43797493958918954,0.9996299973032251,False,,,,
PRDM14,6,2.873213976538403e-07,0.9934273898517418,0.9996299973032251,False,,,,
PRDM16,5,1.8857247265004173,0.5289406600482467,0.9996299973032251,False,,,,
PRDM2,9,1.6283087693678675,0.5203008880675009,0.9996299973032251,False,,,,
PRDM4,5,2.9057023663911277e-07,0.9940318884703846,0.9996299973032251,False,,,,
PREP,5,2.6768789265955926e-07,0.9940241539505236,0.9996299973032251,False,,,,
PREPL,8,3.6298151701602516e-07,0.9926016968066517,0.9996299973032251,False,,,,
PREX1,11,1.2394521357383466,0.7701898620626002,0.9996299973032251,False,,,,
PREX2,22,0.9074296474490711,0.8688262648434824,0.9996299973032251,False,,,,
PRICKLE2,7,3.2363525853420733e-07,0.9929786285106631,0.9996299973032251,False,,,,
PRKAA2,5,3.292603225382035e-07,0.9940754549159104,0.9996299973032251,False,,,,
PRKACA,5,3.5306392447212394e-07,0.9941091436554245,0.9996299973032251,False,,,,
PRKAR1A,5,1.643243566491487,0.6216355674832514,0.9996299973032251,False,,,,
PRKCA,5,3.113528127539407e-07,0.994102541778189,0.9996299973032251,False,,,,
PRKCB,7,0.8705227157317847,0.8908127501889416,0.9996299973032251,False,,,,
PRKCE,6,3.6352589194657483e-07,0.9935338995754359,0.9996299973032251,False,,,,
PRKCQ,7,2.5032419752923105,0.2019102368340468,0.9996299973032251,False,,,,
PRKD1,8,0.8188686345937114,0.8429647525087189,0.9996299973032251,False,,,,
PRKD2,5,1.6758324011270187,0.6106867094056481,0.9996299973032251,False,,,,
PRKD3,7,0.977023713833958,0.9820556169034261,0.9996299973032251,False,,,,
PRKDC,27,1.4358466346140808,0.4445875150646653,0.9996299973032251,False,,,,
PRKG1,6,1.144284668436622,0.8958806653723643,0.9996299973032251,False,,,,
PRKG2,10,0.6457331822594141,0.6657677737133104,0.9996299973032251,False,,,,
PRKX,5,3.463562921695509,0.09242449993244438,0.9996299973032251,False,,,,
PRMT3,5,1.5974203677064478,0.642806425006293,0.9996299973032251,False,,,,
PRMT5,6,2.353750296496179,0.23883404985268153,0.9996299973032251,False,,,,
PRMT9,6,1.1839239577799265,0.8673887025310059,0.9996299973032251,False,,,,
PROM1,5,1.3146033941858497,0.7864226603431046,0.9996299973032251,False,,,,
PROM2,5,3.3679982853100596,0.09633772988104143,0.9996299973032251,False,,,,
PROS1,8,0.6355329742517004,0.6574438629667503,0.9996299973032251,False,,,,
PROSER1,6,3.0736122410583567e-07,0.9935302170962945,0.9996299973032251,False,,,,
PROX1,11,0.6348709803424675,0.6571459630853811,0.9996299973032251,False,,,,
PROX2,6,3.524707415183202e-07,0.9935180990308061,0.9996299973032251,False,,,,
PRPF19,5,3.155738216784812,0.10963722179599478,0.9996299973032251,False,,,,
PRPF3,6,5.424141915467417,0.007216968736084963,0.7463949443942093,False,,,,
PRPF38B,6,3.7986278477376645e-07,0.9936376022723943,0.9996299973032251,False,,,,
PRPF39,5,3.1572466339992396e-07,0.99406927906443,0.9996299973032251,False,,,,
PRPF40A,5,3.070740714004424e-07,0.994101465507661,0.9996299973032251,False,,,,
PRPF4B,10,1.5220629861332213,0.5585348253001612,0.9996299973032251,False,,,,
PRPF6,6,2.6376427026143614e-07,0.993329527091046,0.9996299973032251,False,,,,
PRPF8,10,3.2493729870162565e-07,0.9916615318048607,0.9996299973032251,False,,,,
PRR12,5,1.4965097520483643,0.6939808594581268,0.9996299973032251,False,,,,
PRR14,7,6.226765849848733,0.0005486505343870208,0.3752791223987348,False,,,,
PRR27,5,1.5962283533337258,0.6435001488352327,0.9996299973032251,False,,,,
PRRC2A,5,1.2715482958939122,0.8136970412706845,0.9996299973032251,False,,,,
PRRC2B,12,1.2182049146417888,0.783982771640313,0.9996299973032251,False,,,,
PRRC2C,14,0.9419814703630435,0.9339322813701905,0.9996299973032251,False,,,,
PRRX1,7,3.142481913205427e-07,0.9929580658904228,0.9996299973032251,False,,,,
PRSS12,6,1.2828950661514664,0.8067242212531095,0.9996299973032251,False,,,,
PRTG,11,1.1023450141147974e-07,0.9942678980662724,0.9996299973032251,False,,,,
PRUNE1,5,3.4298082836822688,0.0843386144279895,0.9996299973032251,False,,,,
PRUNE2,29,0.449967813364454,0.27449490729340825,0.9996299973032251,False,,,,
PRX,9,3.0866113052018547e-07,0.9920324817398778,0.9996299973032251,False,,,,
PSD2,7,2.794379807562222e-07,0.9928413444402787,0.9996299973032251,False,,,,
PSG11,6,3.209679437001821,0.113595427902367,0.9996299973032251,False,,,,
PSG6,7,2.0091850784253973,0.34319382460717973,0.9996299973032251,False,,,,
PSG8,6,1.202949352626011,0.856663558946092,0.9996299973032251,False,,,,
PSIP1,6,2.4885531979371445,0.2054446712774709,0.9996299973032251,False,,,,
PSMB5,5,1.3184447800842585,0.7867211471166589,0.9996299973032251,False,,,,
PSMC4,6,2.9415276567732387,0.1453042189012841,0.9996299973032251,False,,,,
PSMC5,5,3.1169943553005663e-07,0.9940644385150524,0.9996299973032251,False,,,,
PSMD1,9,1.5273425301649497,0.5634580002564811,0.9996299973032251,False,,,,
PSME4,5,2.7742391576219965e-07,0.9940353462299667,0.9996299973032251,False,,,,
PTBP1,6,1.1807718940984893,0.8702790434552738,0.9996299973032251,False,,,,
PTBP3,7,1.0812793084933208,0.9388987133502108,0.9996299973032251,False,,,,
PTCD1,6,1.299916946736603,0.7959705615410424,0.9996299973032251,False,,,,
PTCD3,5,3.203265291741187e-07,0.9940634220741419,0.9996299973032251,False,,,,
PTCH1,8,0.8535624895946257,0.875965114673696,0.9996299973032251,False,,,,
PTCHD1,10,3.667417190480478e-07,0.9916586579271472,0.9996299973032251,False,,,,
PTCHD3,10,1.4661281446301675,0.5967051729626829,0.9996299973032251,False,,,,
PTCHD4,11,0.5105172793873758,0.5078367588983185,0.9996299973032251,False,,,,
PTDSS1,5,3.193224308424917e-07,0.9939666977241539,0.9996299973032251,False,,,,
PTEN,52,1.264606718793487,0.5058003041014933,0.9996299973032251,False,0.0282429942362831,0.5333333333333333,0.7590909090909091,False
PTGIS,7,1.0830633469869761,0.9372328457064715,0.9996299973032251,False,,,,
PTGS2,8,0.8432898544879812,0.867850902207058,0.9996299973032251,False,,,,
PTK2,9,0.860518989908521,0.8823673753331935,0.9996299973032251,False,,,,
PTK2B,7,2.1153117722347594,0.31232413858643315,0.9996299973032251,False,,,,
PTK7,7,1.9747750296547955,0.348382481104092,0.9996299973032251,False,,,,
PTPN12,7,0.9052365947246184,0.9223995022376252,0.9996299973032251,False,,,,
PTPN13,11,0.6728238169854127,0.6981107892025313,0.9996299973032251,False,,,,
PTPN14,7,1.0690568361017951,0.9472586421694815,0.9996299973032251,False,,,,
PTPN21,5,1.5221799125060294,0.6801344196059369,0.9996299973032251,False,,,,
PTPN22,10,1.3164582024848392,0.707229558061464,0.9996299973032251,False,,,,
PTPN23,8,1.6941522111126661,0.47700597905042075,0.9996299973032251,False,,,,
PTPN3,7,0.8801171693717373,0.8999088182669095,0.9996299973032251,False,,,,
PTPN4,6,2.89534098598481,0.1466974376118081,0.9996299973032251,False,,,,
PTPRA,7,1.0823481269443158,0.9373844207756332,0.9996299973032251,False,,,,
PTPRB,14,0.945852851443299,0.9387015677640098,0.9996299973032251,False,,,,
PTPRC,9,0.7569414420825362,0.7871340301141481,0.9996299973032251,False,,,,
PTPRD,24,0.7928520463161045,0.6977993653427972,0.9996299973032251,False,,,,
PTPRE,6,2.974838181976997e-07,0.9934610602011286,0.9996299973032251,False,,,,
PTPRF,12,2.0765960024326366,0.2312253460757485,0.9996299973032251,False,,,,
PTPRG,11,1.2991496243459202,0.7197879730532026,0.9996299973032251,False,,,,
PTPRH,7,1.211751759028587,0.8491649797914631,0.9996299973032251,False,,,,
PTPRJ,8,0.9770320294981693,0.981635785436376,0.9996299973032251,False,,,,
PTPRK,6,1.2871037571260804,0.8025321102777718,0.9996299973032251,False,,,,
PTPRM,8,2.785586423395199e-07,0.9924089035388066,0.9996299973032251,False,,,,
PTPRN2,6,3.689642737042693e-07,0.9936184403002848,0.9996299973032251,False,,,,
PTPRO,7,3.760416354008453,0.03197349147586861,0.9996299973032251,False,,,,
PTPRT,11,1.3151864130819422,0.714535798942967,0.9996299973032251,False,,,,
PTPRU,10,2.482664582338789,0.13033147149738322,0.9996299973032251,False,,,,
PTPRZ1,10,3.04787105816624e-07,0.9915555365296799,0.9996299973032251,False,,,,
PUM2,9,2.9513297746490237e-07,0.9919217871814637,0.9996299973032251,False,,,,
PUM3,5,1.3656783700767656,0.766251004717787,0.9996299973032251,False,,,,
PUS10,5,2.946723577674086e-07,0.9940491845969619,0.9996299973032251,False,,,,
PUS7,6,1.241790502690872,0.834513148468187,0.9996299973032251,False,,,,
PWWP3A,5,3.1874459258435404e-07,0.9941235354163586,0.9996299973032251,False,,,,
PWWP3B,5,1.2709667291850564,0.8120698268481492,0.9996299973032251,False,,,,
PXDN,5,2.9688397134093674e-07,0.9940329507729605,0.9996299973032251,False,,,,
PXDNL,16,0.40006937579583873,0.367095125309701,0.9996299973032251,False,,,,
PYGB,6,3.398789989378172e-07,0.9935557885968636,0.9996299973032251,False,,,,
PYGM,9,3.7209755977034518,0.01432905274665341,0.8132611156454265,False,,,,
PYHIN1,9,0.7377378304436756,0.7640860588697899,0.9996299973032251,False,,,,
PZP,8,3.772230263628443e-07,0.9925615284923612,0.9996299973032251,False,,,,
QARS1,5,6.14338746604973,0.002493624682880071,0.5266088762427661,False,,,,
QRICH2,11,0.7407591562438565,0.7670586395484569,0.9996299973032251,False,,,,
QSER1,17,0.8086520533579983,0.7694902222594064,0.9996299973032251,False,,,,
RAB11FIP1,6,3.17057373827777e-07,0.9935432266686036,0.9996299973032251,False,,,,
RAB3GAP2,10,0.6082330824854604,0.6244674574205524,0.9996299973032251,False,,,,
RAB40A,5,3.065214310938924,0.1165403680252574,0.9996299973032251,False,,,,
RAB9B,6,3.0222704237177503e-07,0.9934202657072169,0.9996299973032251,False,,,,
RABEP1,8,3.2317900042318167e-07,0.9925407167315969,0.9996299973032251,False,,,,
RABEP2,6,1.1374250878340306,0.8995596583549634,0.9996299973032251,False,,,,
RABGAP1,6,2.5363151109866897,0.20034042002299568,0.9996299973032251,False,,,,
RAD17,5,1.3430798738047534,0.7703127138553632,0.9996299973032251,False,,,,
RAD21,7,2.3701824984578903,0.23129256545357033,0.9996299973032251,False,,,,
RAD50,9,2.7510113566994603,0.10483062042197511,0.9996299973032251,False,,,,
RAD51AP2,7,3.2071998058579317e-07,0.9929821826215256,0.9996299973032251,False,,,,
RAD54B,17,0.8117772588761706,0.7730349023956369,0.9996299973032251,False,,,,
RAD54L2,5,2.4624752455132453,0.216078402910546,0.9996299973032251,False,,,,
RADX,9,0.6456904818365671,0.6662112063125912,0.9996299973032251,False,,,,
RAE1,5,2.939748317626299e-07,0.9940168000563103,0.9996299973032251,False,,,,
RAF1,5,1.518884852997558,0.6810051904821603,0.9996299973032251,False,,,,
RAG1,5,3.9461859433348143e-07,0.9941439967714714,0.9996299973032251,False,,,,
RAI1,6,3.462443797009019e-07,0.9935727373324834,0.9996299973032251,False,,,,
RAI14,6,1.5412292263633516,0.6693519559670043,0.9996299973032251,False,,,,
RAI2,9,3.143208284799719e-07,0.9920299521705797,0.9996299973032251,False,,,,
RALGAPA1,9,3.3187903209372135e-07,0.992017967378676,0.9996299973032251,False,,,,
RALGAPA2,9,1.6240791032610962,0.5210446488638338,0.9996299973032251,False,,,,
RALGAPB,13,1.905598199156769,0.30398489018524505,0.9996299973032251,False,,,,
RALY,5,1.4327326944765304,0.7224664252124113,0.9996299973032251,False,,,,
RANBP17,6,3.7471904801081566e-07,0.9936332323870368,0.9996299973032251,False,,,,
RANBP2,18,1.800295649058595,0.2732035855367715,0.9996299973032251,False,,,,
RANBP6,10,0.6762744112874686,0.699374963546368,0.9996299973032251,False,,,,
RAPGEF1,10,1.4467716506044723,0.6133219537533705,0.9996299973032251,False,,,,
RAPGEF2,8,1.8633358429563407,0.39716138711074567,0.9996299973032251,False,,,,
RAPGEF4,5,2.8292429979423307e-07,0.993987245116034,0.9996299973032251,False,,,,
RAPGEF5,5,3.187762788866704e-07,0.9941072492871513,0.9996299973032251,False,,,,
RAPGEF6,18,1.2127817521643447,0.745768775417342,0.9996299973032251,False,,,,
RAPH1,5,3.535068161527016,0.08118749024365354,0.9996299973032251,False,,,,
RARB,8,0.866168485654241,0.8872168520878977,0.9996299973032251,False,,,,
RARG,6,1.2890468125511665,0.8013746843043341,0.9996299973032251,False,,,,
RARS1,5,3.011253329135553,0.12324119480845112,0.9996299973032251,False,,,,
RARS2,6,2.7920630346165705e-07,0.9934722023414477,0.9996299973032251,False,,,,
RASA2,5,3.7740005833440042,0.06928418217845508,0.9996299973032251,False,,,,
RASA3,7,2.8151293895852176,0.15149028426020086,0.9996299973032251,False,,,,
RASAL1,6,2.7403364840070217,0.18670126589717737,0.9996299973032251,False,,,,
RASAL2,11,0.640937192766265,0.660208736314827,0.9996299973032251,False,,,,
RASAL3,7,2.87039754175581e-07,0.9928994889585844,0.9996299973032251,False,,,,
RASEF,6,2.5587630426865167e-07,0.9934391675802489,0.9996299973032251,False,,,,
RASGEF1C,5,1.4121992673346186,0.7315845710416243,0.9996299973032251,False,,,,
RASGRF1,11,0.7045013268428212,0.7301491762501469,0.9996299973032251,False,,,,
RASGRF2,7,3.7905909600750696,0.026141595750728,0.9996299973032251,False,,,,
RASGRP2,8,3.224500244358439e-07,0.992558175660117,0.9996299973032251,False,,,,
RASSF5,6,1.1664659156441584,0.8822351278875323,0.9996299973032251,False,,,,
RB1,22,0.32843689415860267,0.26869860330917217,0.9996299973032251,False,,,,
RB1CC1,12,1.1599360996951607e-07,0.994104370666756,0.9996299973032251,False,,,,
RBAK,6,1.2759586221763994,0.8102141827139249,0.9996299973032251,False,,,,
RBBP6,14,1.4296169941109482,0.5554765311519307,0.9996299973032251,False,,,,
RBBP8,6,1.1451847194132887,0.8950442832978004,0.9996299973032251,False,,,,
RBFOX1,8,1.7492048791810246,0.43487923994813227,0.9996299973032251,False,,,,
RBL1,8,0.8574026182005852,0.8792912810030442,0.9996299973032251,False,,,,
RBM12,11,1.1836245958119136,0.8157912048714463,0.9996299973032251,False,,,,
RBM14,5,3.6574077473375155e-07,0.9941449056744263,0.9996299973032251,False,,,,
RBM15,7,2.477816718312166,0.21577478987298812,0.9996299973032251,False,,,,
RBM19,6,1.3046760805457192,0.7911260993109088,0.9996299973032251,False,,,,
RBM25,9,0.6807238896864496,0.7072933032167161,0.9996299973032251,False,,,,
RBM26,8,1.9151081495663445,0.3794022686408528,0.9996299973032251,False,,,,
RBM27,8,0.8150249405956392,0.8429609488040793,0.9996299973032251,False,,,,
RBM33,7,0.9734297122025567,0.9789801546445717,0.9996299973032251,False,,,,
RBM6,11,1.3653144838521505,0.6673802079062621,0.9996299973032251,False,,,,
RBMS3,6,1.0733133710935578,0.9447549501221106,0.9996299973032251,False,,,,
RBMX,5,1.4640474479374692,0.7092100358091598,0.9996299973032251,False,,,,
RBP3,6,2.8136369222458475,0.1486311045503992,0.9996299973032251,False,,,,
RBPJL,5,3.3230935656252097e-07,0.994132155085149,0.9996299973032251,False,,,,
RBSN,5,1.5370065858175987,0.6820930194503959,0.9996299973032251,False,,,,
RC3H1,12,1.1810178048104834,0.820429698513636,0.9996299973032251,False,,,,
RC3H2,6,3.530883724347989e-07,0.9935904170549823,0.9996299973032251,False,,,,
RCN1,6,1.121227176229763,0.9108746660624003,0.9996299973032251,False,,,,
RCOR2,5,6.806200199566697,0.0015056238641562596,0.516138789422766,False,,,,
RDX,5,1.5036583178110647,0.6907219934200972,0.9996299973032251,False,,,,
REC8,6,3.364320654021079e-07,0.99351848940974,0.9996299973032251,False,,,,
RECQL,5,7.01018746051538,0.0021810368976481766,0.5266088762427661,False,,,,
RECQL5,6,1.189336618448499,0.8636246441069715,0.9996299973032251,False,,,,
RELN,31,1.437341382009356,0.4137248975380583,0.9996299973032251,False,,,,
RERE,8,1.9286150852091961,0.3745447690933237,0.9996299973032251,False,,,,
RESF1,9,1.7280520429595114,0.4497294903519248,0.9996299973032251,False,,,,
REST,5,3.217894739867183e-07,0.9940615628729799,0.9996299973032251,False,,,,
RET,9,3.043407720379678e-07,0.9919996799259382,0.9996299973032251,False,,,,
RETSAT,5,2.9311499259564486e-07,0.9940173521124697,0.9996299973032251,False,,,,
REV1,7,2.6345209004042576e-07,0.9929466207643456,0.9996299973032251,False,,,,
REV3L,17,1.2392720771099444,0.7202582303467453,0.9996299973032251,False,,,,
REXO5,6,1.3318137586276475,0.7763479056044864,0.9996299973032251,False,,,,
RFC1,8,0.8712375369192173,0.8928972389542618,0.9996299973032251,False,,,,
RFTN2,7,1.0752082633805646,0.9440843841781286,0.9996299973032251,False,,,,
RFX1,6,3.0548583007706087e-07,0.9935083855634065,0.9996299973032251,False,,,,
RFX3,10,2.4510956163361977,0.13883855971047762,0.9996299973032251,False,,,,
RFX4,8,3.2968504412825853e-07,0.9925373304864721,0.9996299973032251,False,,,,
RFX5,7,3.6755401429811134,0.03683988830620367,0.9996299973032251,False,,,,
RFX6,11,1.279394331007586e-07,0.994353767375751,0.9996299973032251,False,,,,
RGS12,7,3.74265550454583,0.027749796450280632,0.9996299973032251,False,,,,
RGS20,5,1.9348954968823229,0.5193313802570674,0.9996299973032251,False,,,,
RGS22,11,1.4439207182062475,0.6183766103025634,0.9996299973032251,False,,,,
RGS3,7,5.158667731439696,0.0014502331523382579,0.516138789422766,False,,,,
RGS4,5,1.562352050012319,0.659696295976077,0.9996299973032251,False,,,,
RGS7,13,1.2214533431395756e-07,0.9938498815867679,0.9996299973032251,False,,,,
RGS9,7,1.0489327946063665,0.9622918227663932,0.9996299973032251,False,,,,
RHBDF2,6,3.6997662021200224e-07,0.9936015880384557,0.9996299973032251,False,,,,
RHOA,6,2.76199573916079e-07,0.9934068574894218,0.9996299973032251,False,,,,
RHOBTB2,5,3.339681337193965e-07,0.994118135061356,0.9996299973032251,False,,,,
RHOBTB3,5,3.3687037615561968,0.09273080942093406,0.9996299973032251,False,,,,
RHOT1,6,1.1256617435691951,0.9086515483016117,0.9996299973032251,False,,,,
RIC1,13,1.1870685972493338,0.8186676413035825,0.9996299973032251,False,,,,
RIC8A,6,1.1746056644814646,0.8744923409547751,0.9996299973032251,False,,,,
RICTOR,9,1.856660274670184,0.4070136180077264,0.9996299973032251,False,,,,
RIF1,12,0.6203071836086266,0.6373349965110071,0.9996299973032251,False,,,,
RIMBP2,14,0.45458419725264604,0.43796792872769785,0.9996299973032251,False,,,,
RIMS1,14,1.063042223253421,0.9330905411793009,0.9996299973032251,False,,,,
RIMS2,15,1.1205001061025919e-07,0.9933521028769172,0.9996299973032251,False,,,,
RIN1,5,3.577075444634285e-07,0.9933043878288538,0.9996299973032251,False,,,,
RIN3,7,0.9594661616986057,0.9674990708149904,0.9996299973032251,False,,,,
RIPK1,6,1.072865599823176,0.9453926846623315,0.9996299973032251,False,,,,
RIPOR1,5,3.444158579979518,0.0978451558661531,0.9996299973032251,False,,,,
RIPOR3,5,1.6578655086499887,0.61787609545303,0.9996299973032251,False,,,,
RLF,16,1.9307288638912263,0.22196590690338858,0.9996299973032251,False,,,,
RLN2,5,3.2161383594513744e-07,0.9940564430476428,0.9996299973032251,False,,,,
RMI1,5,3.376816812157368,0.09619345486687456,0.9996299973032251,False,,,,
RMND1,7,1.0383010745811236,0.9702699065494657,0.9996299973032251,False,,,,
RNASEL,6,1.3711328506444997,0.75662713407505,0.9996299973032251,False,,,,
RNF10,8,0.8169442195987966,0.8413286210005132,0.9996299973032251,False,,,,
RNF111,5,2.726266035936386e-07,0.993973385526921,0.9996299973032251,False,,,,
RNF113A,6,1.2545488077744629,0.8243131872167621,0.9996299973032251,False,,,,
RNF123,5,3.10978295839256e-07,0.9940986931579796,0.9996299973032251,False,,,,
RNF128,5,2.787676215689271e-07,0.9940316475716197,0.9996299973032251,False,,,,
RNF145,5,1.385070372066565,0.7504202394158755,0.9996299973032251,False,,,,
RNF17,6,1.1680843804738261,0.8794638519685628,0.9996299973032251,False,,,,
RNF182,5,2.4837972077757995e-07,0.9939009183897554,0.9996299973032251,False,,,,
RNF19A,6,3.274428652361581e-07,0.993542690992278,0.9996299973032251,False,,,,
RNF20,7,1.189018159089342,0.8647298399408864,0.9996299973032251,False,,,,
RNF207,5,1.5491452523229976,0.6726712454337584,0.9996299973032251,False,,,,
RNF213,16,0.8713580752305229,0.8526395222402519,0.9996299973032251,False,,,,
RNF214,6,3.03902591365565e-07,0.9935083005647468,0.9996299973032251,False,,,,
RNF220,5,1.5917953942908352,0.6472144384325584,0.9996299973032251,False,,,,
RNF31,5,1.466439603978703,0.7072383390168551,0.9996299973032251,False,,,,
RNF32,5,3.6280653574459816e-07,0.9940767788434783,0.9996299973032251,False,,,,
RNF40,7,2.2636613805692285,0.26017538118560807,0.9996299973032251,False,,,,
RNF43,10,1.3330700730856784,0.7035811339229971,0.9996299973032251,False,,,,
RNF6,7,3.2879700136461386e-07,0.9929691459281127,0.9996299973032251,False,,,,
RO60,6,1.2105672006438986,0.8505482439871224,0.9996299973032251,False,,,,
ROBO1,14,0.4978068462118921,0.49071527487494593,0.9996299973032251,False,,,,
ROBO2,10,1.74167439582671,0.44560040408173296,0.9996299973032251,False,,,,
ROBO3,8,0.9304587603076948,0.9438114811258683,0.9996299973032251,False,,,,
ROBO4,6,1.1524352222194887,0.8878903158117631,0.9996299973032251,False,,,,
ROCK1,8,0.9623577516530577,0.970154355651751,0.9996299973032251,False,,,,
ROCK2,10,3.161057846341094e-07,0.9916408933532623,0.9996299973032251,False,,,,
ROR1,10,1.4376718847941032,0.6160667580793341,0.9996299973032251,False,,,,
ROR2,7,2.92011215135772e-07,0.9929031599251064,0.9996299973032251,False,,,,
ROS1,17,2.1130583348678864,0.15526134555849835,0.9996299973032251,False,,,,
RP1,21,1.0890887072492386,0.8873947505526977,0.9996299973032251,False,,,,
RP1L1,10,0.7069643026228185,0.731736710444162,0.9996299973032251,False,,,,
RPGR,10,0.7372857310903586,0.762297552421904,0.9996299973032251,False,,,,
RPGRIP1,8,0.9560047906720212,0.9644094292312088,0.9996299973032251,False,,,,
RPGRIP1L,8,3.2327286526159334e-07,0.9925022202494114,0.9996299973032251,False,,,,
RPH3A,6,1.27764409758451,0.8078961232626796,0.9996299973032251,False,,,,
RPL22,6,1.2396762316523917,0.8342565928852871,0.9996299973032251,False,,,,
RPS6,6,3.512745763511449e-07,0.9934507546002486,0.9996299973032251,False,,,,
RPS6KA2,7,1.0507105215592811,0.960709394587098,0.9996299973032251,False,,,,
RPS6KA3,9,2.760665735607143e-07,0.9918538412344969,0.9996299973032251,False,,,,
RPS6KA5,8,2.0771946915052717,0.32745069774620317,0.9996299973032251,False,,,,
RPS6KA6,7,3.1097576969477306e-07,0.9929749241014553,0.9996299973032251,False,,,,
RPS6KB1,5,1.3298831817637948,0.7797175743943512,0.9996299973032251,False,,,,
RPS6KB2,5,1.2943689087871215,0.7982251134531259,0.9996299973032251,False,,,,
RPTN,9,1.5012272506765094,0.5729825817825149,0.9996299973032251,False,,,,
RPTOR,10,1.612470569598247,0.5275767831768833,0.9996299973032251,False,,,,
RREB1,9,0.7837840430000383,0.809578158770223,0.9996299973032251,False,,,,
RRM1,5,2.939500262331528e-07,0.9939767799215665,0.9996299973032251,False,,,,
RRN3,5,1.4773489871347472,0.7031463669507256,0.9996299973032251,False,,,,
RRNAD1,5,1.6660238356153578,0.6152839004512087,0.9996299973032251,False,,,,
RRP1,5,3.5919925396444344e-07,0.9940959352472628,0.9996299973032251,False,,,,
RSBN1,6,3.2680024394849026e-07,0.99356512953929,0.9996299973032251,False,,,,
RSF1,6,3.3051977069340953e-07,0.9934928227444363,0.9996299973032251,False,,,,
RSL1D1,6,3.450162765847893,0.09718328646592957,0.9996299973032251,False,,,,
RSPH4A,5,1.6039992949837738,0.6497371280446287,0.9996299973032251,False,,,,
RTF2,5,3.154094522524433e-07,0.9941233893970175,0.9996299973032251,False,,,,
RTL5,6,2.401204441524654,0.2266016594391896,0.9996299973032251,False,,,,
RTL9,16,0.8996156740092476,0.88456016191876,0.9996299973032251,False,,,,
RTN3,6,1.3362716898172116,0.7754570408530039,0.9996299973032251,False,,,,
RTN4,8,3.7551473516143895e-07,0.9926030532708615,0.9996299973032251,False,,,,
RTTN,9,2.038628660449582,0.3275037200790373,0.9996299973032251,False,,,,
RUBCN,9,1.386102967603793,0.6542192053732321,0.9996299973032251,False,,,,
RUFY1,10,2.3162483708976698,0.16920254171152357,0.9996299973032251,False,,,,
RUFY2,5,1.7493260452655774,0.5910663582762441,0.9996299973032251,False,,,,
RUFY3,5,1.5182627132399555,0.6807570039257904,0.9996299973032251,False,,,,
RUNX1,38,1.1921890615938044,0.6744187626635466,0.9996299973032251,False,,,,
RUNX1T1,8,0.8017472655840261,0.8277421496360532,0.9996299973032251,False,,,,
RUNX2,6,1.3268664479344225,0.7815196857632982,0.9996299973032251,False,,,,
RUSC2,5,3.6076676249332054e-07,0.9941319657046689,0.9996299973032251,False,,,,
RXFP1,5,2.7028535030699374e-07,0.9940442497202746,0.9996299973032251,False,,,,
RXFP2,5,1.4775493220035758,0.709761090603894,0.9996299973032251,False,,,,
RYR1,27,0.2297973984030529,0.14674426154595535,0.9996299973032251,False,,,,
RYR2,55,0.3384050563375336,0.06913236823161628,0.9996299973032251,False,-0.1046147194045461,0.0033333333333333,0.05,True
RYR3,37,1.1526724519035707,0.742207036974964,0.9996299973032251,False,,,,
SACS,22,0.5774873703541538,0.4620740538739323,0.9996299973032251,False,,,,
SAE1,6,1.0984696687328177,0.9274581245290637,0.9996299973032251,False,,,,
SAFB2,8,3.410039675225094e-07,0.9925338363156893,0.9996299973032251,False,,,,
SAGE1,14,1.0633651195904595e-07,0.9934823506721163,0.9996299973032251,False,,,,
SALL1,12,1.9679674224853885,0.24924897802345736,0.9996299973032251,False,,,,
SALL4,7,1.048429458486263,0.963305057022739,0.9996299973032251,False,,,,
SAMD14,8,3.4080415148976896e-07,0.9925622467322214,0.9996299973032251,False,,,,
SAMD15,6,1.4352600494904624,0.7269469910130678,0.9996299973032251,False,,,,
SAMD4A,5,3.1295203469265603e-07,0.9940872703637372,0.9996299973032251,False,,,,
SAMD9,12,1.231182784242231,0.7768108864833734,0.9996299973032251,False,,,,
SAMD9L,13,0.4524599174319171,0.43739943774853807,0.9996299973032251,False,,,,
SAMHD1,5,1.3972178186693092,0.743729868285934,0.9996299973032251,False,,,,
SARM1,6,1.1324511958039267,0.9024308019489415,0.9996299973032251,False,,,,
SARS1,6,1.3665084604601283,0.7565738123174559,0.9996299973032251,False,,,,
SASH1,7,3.3264253562160966e-07,0.9930265083345451,0.9996299973032251,False,,,,
SATB1,9,0.7291057617547527,0.7586120233279979,0.9996299973032251,False,,,,
SATB2,7,3.5637034469281224,0.03480942379177266,0.9996299973032251,False,,,,
SBF1,6,1.230925127479798,0.8394805128963694,0.9996299973032251,False,,,,
SBF2,12,0.5595859999728674,0.566314780475508,0.9996299973032251,False,,,,
SBNO1,10,2.139607228807279,0.2019605455830514,0.9996299973032251,False,,,,
SBNO2,5,3.35989312231721,0.09938138184438107,0.9996299973032251,False,,,,
SCAF11,9,1.7387082534116443,0.4543855895602624,0.9996299973032251,False,,,,
SCAF4,8,0.7665197580551265,0.79391975574961,0.9996299973032251,False,,,,
SCAF8,8,1.9414909682853343,0.37006821254535616,0.9996299973032251,False,,,,
SCAPER,9,0.7712229231376869,0.801268601322939,0.9996299973032251,False,,,,
SCARB2,6,3.327714041013426e-07,0.9935461336345403,0.9996299973032251,False,,,,
SCFD1,6,1.2817636514339967,0.8054447924502068,0.9996299973032251,False,,,,
SCFD2,5,3.622995016974465,0.07643857222301065,0.9996299973032251,False,,,,
SCLT1,9,0.7562579794631862,0.7854771609248136,0.9996299973032251,False,,,,
SCML1,6,1.3340578803046126,0.7759875011606779,0.9996299973032251,False,,,,
SCML2,7,2.636419734076922e-07,0.9929680085781164,0.9996299973032251,False,,,,
SCML4,5,3.3837115875994324e-07,0.9941210119821544,0.9996299973032251,False,,,,
SCN10A,22,0.6311055980204135,0.5322536125171109,0.9996299973032251,False,,,,
SCN11A,15,0.44336029662855514,0.4225467422056399,0.9996299973032251,False,,,,
SCN1A,16,0.9530894532973984,0.9468683463949227,0.9996299973032251,False,,,,
SCN2A,20,0.31709074712769164,0.25634805125418897,0.9996299973032251,False,,,,
SCN3A,16,0.9324160601090052,0.9238533700288314,0.9996299973032251,False,,,,
SCN4A,10,3.2273892124009334e-07,0.9916188448480481,0.9996299973032251,False,,,,
SCN5A,14,0.5401250736795881,0.5434687048862805,0.9996299973032251,False,,,,
SCN7A,14,0.45906776189668935,0.44062878891879853,0.9996299973032251,False,,,,
SCN8A,13,1.02815608572585,0.9692437019953276,0.9996299973032251,False,,,,
SCN9A,13,0.5291715324596532,0.5288771142422186,0.9996299973032251,False,,,,
SCNN1B,5,1.5711923995680677,0.6582907631771207,0.9996299973032251,False,,,,
SCRIB,7,2.1467726070266657,0.29576422167552874,0.9996299973032251,False,,,,
SCRN2,5,1.3441272505279014,0.7764192645706793,0.9996299973032251,False,,,,
SCUBE1,6,1.2887313326896779,0.8024170198979156,0.9996299973032251,False,,,,
SCYL2,11,0.653063996963215,0.6742564253776888,0.9996299973032251,False,,,,
SCYL3,8,3.029450837167673e-07,0.9924790418474719,0.9996299973032251,False,,,,
SDCCAG8,7,0.9481152022952636,0.9582145652981293,0.9996299973032251,False,,,,
SDK1,18,1.2990681871028957,0.6641709544937908,0.9996299973032251,False,,,,
SDK2,12,1.893051423945983,0.28253651990350037,0.9996299973032251,False,,,,
SDR16C5,6,2.235853619749835,0.2725768539436183,0.9996299973032251,False,,,,
SEC16A,7,2.1840306237761875,0.2769488087705933,0.9996299973032251,False,,,,
SEC16B,11,1.1393835034910259e-07,0.9942562012563714,0.9996299973032251,False,,,,
SEC23B,7,1.1428488031152877,0.8950161348722186,0.9996299973032251,False,,,,
SEC24A,7,0.8766121312077996,0.898564531238552,0.9996299973032251,False,,,,
SEC24B,8,0.9418874821298712,0.953055825212808,0.9996299973032251,False,,,,
SEC24C,8,3.063044763114949e-07,0.9925395501091558,0.9996299973032251,False,,,,
SEC24D,8,0.9493461841861847,0.9595747852220223,0.9996299973032251,False,,,,
SEC31A,11,1.239051913448154,0.7667441726004133,0.9996299973032251,False,,,,
SEC31B,6,3.319440957618575e-07,0.9935304162026741,0.9996299973032251,False,,,,
SEC61A1,6,4.164731431614491,0.016771632646128035,0.9182962157068221,False,,,,
SECISBP2L,5,1.4044683466201966,0.7486916246148644,0.9996299973032251,False,,,,
SEL1L2,6,2.673114532900684,0.17641652325398524,0.9996299973032251,False,,,,
SEL1L3,9,2.660351510446068,0.10445673544360146,0.9996299973032251,False,,,,
SELENOP,5,3.744931352951266e-07,0.994150348022909,0.9996299973032251,False,,,,
SELL,5,3.476974291383628e-07,0.9940771608574548,0.9996299973032251,False,,,,
SELP,13,0.4866636889125351,0.47632918894001375,0.9996299973032251,False,,,,
SEMA3A,7,3.674483062689488e-07,0.9930654788066711,0.9996299973032251,False,,,,
SEMA3C,9,1.5970889735269485,0.5244039590642972,0.9996299973032251,False,,,,
SEMA3D,18,0.758124000719399,0.7000787082198111,0.9996299973032251,False,,,,
SEMA4A,6,2.878990562748998e-07,0.9932618880364711,0.9996299973032251,False,,,,
SEMA4D,9,0.8319044111534978,0.8561339142263418,0.9996299973032251,False,,,,
SEMA4F,10,3.202802473358014e-07,0.9916123025566492,0.9996299973032251,False,,,,
SEMA5A,9,2.886166112117458,0.0742010629514062,0.9996299973032251,False,,,,
SEMA5B,9,0.6777057027753695,0.6990935251188573,0.9996299973032251,False,,,,
SEMA6A,8,0.9393655144264607,0.9514800263340555,0.9996299973032251,False,,,,
SEMG1,5,4.156633199924535,0.050030256488043476,0.9996299973032251,False,,,,
SEMG2,6,2.3092762012381373e-07,0.9933461406369816,0.9996299973032251,False,,,,
SENP1,5,1.5007937883419755,0.6867703066054579,0.9996299973032251,False,,,,
SENP6,6,3.2392817585801855e-07,0.9935423502757823,0.9996299973032251,False,,,,
SENP7,8,0.8430519593358731,0.8661691806692605,0.9996299973032251,False,,,,
SEPTIN4,5,1.505646703986556,0.6901704624338751,0.9996299973032251,False,,,,
SERAC1,5,3.7815564309671874,0.08834322884745292,0.9996299973032251,False,,,,
SERINC5,6,0.9930652601886314,0.994625770978634,0.9996299973032251,False,,,,
SERPINA5,5,1.1909597140896022,0.8626749235727597,0.9996299973032251,False,,,,
SERPINB3,5,1.4182116857685665,0.7292943435058408,0.9996299973032251,False,,,,
SERPINC1,7,3.7081523996992046e-07,0.9931126508411636,0.9996299973032251,False,,,,
SERPINE1,6,1.0418331215902341,0.9677829978867952,0.9996299973032251,False,,,,
SETBP1,9,2.8734802899688185e-07,0.9919596941424482,0.9996299973032251,False,,,,
SETD2,18,0.3610580817769603,0.31460031300256336,0.9996299973032251,False,,,,
SETD5,8,1.8843633132179594,0.3813395068763621,0.9996299973032251,False,,,,
SETD7,6,1.0916040246204908,0.9312837976609634,0.9996299973032251,False,,,,
SETDB1,13,2.4319382174228354,0.09499966142613028,0.9996299973032251,False,,,,
SETX,17,0.8447685708337964,0.8165307703198637,0.9996299973032251,False,,,,
SEZ6L,6,1.1620801863117853,0.8830963385208398,0.9996299973032251,False,,,,
SEZ6L2,5,3.2928785170822414e-07,0.9940896143067665,0.9996299973032251,False,,,,
SF3B1,15,0.4021897205617837,0.3651271663764071,0.9996299973032251,False,,,,
SF3B2,5,1.3494574256033804,0.767862178503849,0.9996299973032251,False,,,,
SF3B3,5,3.774664155446635,0.07638247550217335,0.9996299973032251,False,,,,
SFI1,6,2.522567604276505,0.19450780463818407,0.9996299973032251,False,,,,
SFMBT1,12,0.5765226452912654,0.5859419974888209,0.9996299973032251,False,,,,
SFMBT2,7,2.4455223798234846,0.22318681548373898,0.9996299973032251,False,,,,
SFSWAP,6,1.179780105433592,0.8711209769763562,0.9996299973032251,False,,,,
SGIP1,9,3.2282974492865454e-07,0.9921053494537332,0.9996299973032251,False,,,,
SGK2,5,1.3641135119707213,0.7589188981486108,0.9996299973032251,False,,,,
SGSM1,12,0.4948540818844788,0.48945286602100513,0.9996299973032251,False,,,,
SGSM2,5,2.9574458366896987e-07,0.9939834835850415,0.9996299973032251,False,,,,
SGSM3,6,3.4785032535276407e-07,0.9935481003318029,0.9996299973032251,False,,,,
SH2B1,7,2.151522130751325,0.2929485925666964,0.9996299973032251,False,,,,
SH3BP4,5,4.004761399067746,0.056929914561464186,0.9996299973032251,False,,,,
SH3D19,6,2.9608689906917625,0.1345798227410985,0.9996299973032251,False,,,,
SH3KBP1,9,2.922444840010146e-07,0.9920361572782742,0.9996299973032251,False,,,,
SH3PXD2A,9,2.973111470832056e-07,0.9920196249540977,0.9996299973032251,False,,,,
SH3PXD2B,8,2.827311494927662,0.08432485094492084,0.9996299973032251,False,,,,
SH3RF1,6,2.7735775949166913e-07,0.9934225166221581,0.9996299973032251,False,,,,
SHANK1,15,0.988697888060108,0.9873553587615557,0.9996299973032251,False,,,,
SHANK2,8,2.7327158861870506,0.08836568765833318,0.9996299973032251,False,,,,
SHC4,5,3.877991828927643,0.0649846275747968,0.9996299973032251,False,,,,
SHCBP1L,5,1.3642926542496137,0.7686158935049503,0.9996299973032251,False,,,,
SHE,5,3.130945639844492e-07,0.9938921545132178,0.9996299973032251,False,,,,
SHMT2,5,3.6994394804986474e-07,0.9939476217060562,0.9996299973032251,False,,,,
SHOC1,7,0.9560955397427375,0.9657373745490571,0.9996299973032251,False,,,,
SHOC2,5,1.8109507406465204,0.5673759979017134,0.9996299973032251,False,,,,
SHPRH,9,0.7348987859928758,0.7625350087142074,0.9996299973032251,False,,,,
SHROOM2,16,2.0527148350027833,0.16631200054868928,0.9996299973032251,False,,,,
SHROOM3,5,1.4942916114061109,0.6933828636087267,0.9996299973032251,False,,,,
SHROOM4,9,0.7418938555216601,0.7700179930723001,0.9996299973032251,False,,,,
SI,19,2.3839418795205645,0.0688664587254186,0.9996299973032251,False,,,,
SIDT2,8,1.86767538191221,0.3882157025866283,0.9996299973032251,False,,,,
SIGLEC1,7,3.3869063117151966e-07,0.993075025297238,0.9996299973032251,False,,,,
SIGLEC10,5,3.1495479707873487e-07,0.9940530778467886,0.9996299973032251,False,,,,
SIGLEC6,5,3.45863912487731,0.10048804912949379,0.9996299973032251,False,,,,
SIGLEC7,5,2.7855271802384083e-07,0.9939647315129301,0.9996299973032251,False,,,,
SIGLEC8,7,2.4494772648941376,0.21922127779600553,0.9996299973032251,False,,,,
SIGLEC9,7,1.04697207287263,0.9638026208904815,0.9996299973032251,False,,,,
SIK3,7,0.8943006068799917,0.9121962262644304,0.9996299973032251,False,,,,
SIM1,6,3.739723296342294e-07,0.9936066755563432,0.9996299973032251,False,,,,
SIMC1,6,1.2583839934165149,0.8202521958449249,0.9996299973032251,False,,,,
SIN3A,8,0.7961753631927895,0.8243747282518625,0.9996299973032251,False,,,,
SIN3B,7,5.942560241173389,0.0005644507642439071,0.3752791223987348,False,,,,
SIPA1L1,9,0.795796536821139,0.8223081790126073,0.9996299973032251,False,,,,
SIPA1L2,12,1.1262812522813406e-07,0.9940485385127708,0.9996299973032251,False,,,,
SIPA1L3,10,2.7513675979502794e-07,0.9915986111415067,0.9996299973032251,False,,,,
SIRPA,5,2.927120254949736e-07,0.9940433344184063,0.9996299973032251,False,,,,
SIRPB1,6,1.417778199623431,0.7292900539370804,0.9996299973032251,False,,,,
SIRPG,7,0.9847188694880858,0.987976943638709,0.9996299973032251,False,,,,
SKIL,5,1.5152439671590612,0.6815814733896273,0.9996299973032251,False,,,,
SKOR1,5,1.689800270216915,0.6033899825729029,0.9996299973032251,False,,,,
SLAMF1,5,4.6768587032960784,0.011301018256180378,0.794571452091377,False,,,,
SLC10A3,5,3.282269771753732e-07,0.9941248202887248,0.9996299973032251,False,,,,
SLC11A1,5,1.513212435882869,0.6825940942522296,0.9996299973032251,False,,,,
SLC12A2,7,3.097592015411303e-07,0.9930142692002922,0.9996299973032251,False,,,,
SLC12A5,11,1.1236190294420241e-07,0.9942767588566732,0.9996299973032251,False,,,,
SLC12A6,6,1.1597107399336901,0.8845550629465351,0.9996299973032251,False,,,,
SLC12A7,5,3.4090519923793595e-07,0.9941085644935248,0.9996299973032251,False,,,,
SLC13A1,8,0.7765396750312833,0.8037015478991547,0.9996299973032251,False,,,,
SLC13A3,8,0.8202483417908587,0.8478159794662972,0.9996299973032251,False,,,,
SLC15A1,7,3.7933957268785097,0.0292243866097211,0.9996299973032251,False,,,,
SLC16A1,7,0.9637258710793308,0.9715049403667533,0.9996299973032251,False,,,,
SLC16A2,6,1.2435439996722366,0.8310368582132142,0.9996299973032251,False,,,,
SLC17A6,6,3.8800195397041825e-07,0.9936215480146666,0.9996299973032251,False,,,,
SLC17A7,5,3.6182830957814462,0.07236713864910237,0.9996299973032251,False,,,,
SLC18A3,5,3.266387851980827e-07,0.9940230141347033,0.9996299973032251,False,,,,
SLC1A6,9,3.4979132502005885e-07,0.9921080739732703,0.9996299973032251,False,,,,
SLC1A7,6,1.3537263543209481,0.7665561939085028,0.9996299973032251,False,,,,
SLC20A2,6,1.2992468453785773,0.7953769864457648,0.9996299973032251,False,,,,
SLC22A16,6,1.0218831586374422,0.9829896024163485,0.9996299973032251,False,,,,
SLC22A2,8,0.7939557599279577,0.8210957982788382,0.9996299973032251,False,,,,
SLC22A25,7,0.9740622072275895,0.9792631327963022,0.9996299973032251,False,,,,
SLC22A6,7,0.9056667349191122,0.9217198142267216,0.9996299973032251,False,,,,
SLC22A7,6,3.163862504112335e-07,0.9935218760374498,0.9996299973032251,False,,,,
SLC24A1,6,1.2670759333455617,0.8196674762708657,0.9996299973032251,False,,,,
SLC24A3,6,1.2913869170053855,0.7996463163403278,0.9996299973032251,False,,,,
SLC24A4,9,0.7668531032023586,0.7946333571563342,0.9996299973032251,False,,,,
SLC25A12,7,2.386094793381736,0.25082567359516816,0.9996299973032251,False,,,,
SLC25A13,5,4.160965273070395e-07,0.9941818845434587,0.9996299973032251,False,,,,
SLC25A32,5,3.4764539543321706e-07,0.9941504969859154,0.9996299973032251,False,,,,
SLC25A41,5,1.5950106968123523,0.6461001180883565,0.9996299973032251,False,,,,
SLC26A3,7,2.630228109456371e-07,0.9928716594756326,0.9996299973032251,False,,,,
SLC26A4,10,2.459101647602905,0.1501145479897704,0.9996299973032251,False,,,,
SLC26A9,10,3.203087936511864e-07,0.9916765974805121,0.9996299973032251,False,,,,
SLC28A3,5,1.3127587138222903,0.7882089321579111,0.9996299973032251,False,,,,
SLC2A12,5,1.297602634620661,0.798878896170093,0.9996299973032251,False,,,,
SLC2A9,5,4.034251214060076,0.060372860800804916,0.9996299973032251,False,,,,
SLC30A1,5,4.0592824223719105e-07,0.9941952592205879,0.9996299973032251,False,,,,
SLC30A10,6,2.5037222998454722,0.2038793306485555,0.9996299973032251,False,,,,
SLC30A5,11,1.3443460943315924,0.690470079477091,0.9996299973032251,False,,,,
SLC34A2,5,4.2179255256749,0.05129186297300237,0.9996299973032251,False,,,,
SLC35B2,8,1.8154231139847266,0.40528147965660144,0.9996299973032251,False,,,,
SLC35F1,5,1.5029726042759146,0.689118753065089,0.9996299973032251,False,,,,
SLC35F3,5,3.7560508684543903,0.06819131169077869,0.9996299973032251,False,,,,
SLC36A1,5,3.513795372470393e-07,0.9941219322055357,0.9996299973032251,False,,,,
SLC38A11,5,2.695733743124103e-07,0.9940435630874825,0.9996299973032251,False,,,,
SLC38A4,7,0.9665389986168766,0.973555487711372,0.9996299973032251,False,,,,
SLC39A12,9,1.897138424507938,0.38518817250162196,0.9996299973032251,False,,,,
SLC39A5,5,1.4879109453984356,0.6961361166848625,0.9996299973032251,False,,,,
SLC39A6,6,4.947414268762212,0.00887540421529314,0.7943486772687359,False,,,,
SLC39A7,5,3.136039570617714e-07,0.9940744456884741,0.9996299973032251,False,,,,
SLC3A1,5,2.750515267300906e-07,0.9938371983927714,0.9996299973032251,False,,,,
SLC41A3,5,1.1251240694846774,0.9075235898256384,0.9996299973032251,False,,,,
SLC43A2,5,3.074109089019596e-07,0.9940716612521135,0.9996299973032251,False,,,,
SLC44A1,6,2.436916983616797e-07,0.9934560403620779,0.9996299973032251,False,,,,
SLC44A5,8,0.9055733026127583,0.9223101814802217,0.9996299973032251,False,,,,
SLC45A2,6,2.9176553032111645e-07,0.9932242273818477,0.9996299973032251,False,,,,
SLC45A3,5,3.422297291293314e-07,0.9940259238542712,0.9996299973032251,False,,,,
SLC4A1,5,3.206282222877949e-07,0.9941234745612467,0.9996299973032251,False,,,,
SLC4A2,11,1.2940655477792355,0.7255405997984627,0.9996299973032251,False,,,,
SLC4A3,6,2.65135533921429e-07,0.9934870952551796,0.9996299973032251,False,,,,
SLC4A4,11,0.5815871372859664,0.591239982403571,0.9996299973032251,False,,,,
SLC4A5,8,0.8194856988106157,0.8436615323203829,0.9996299973032251,False,,,,
SLC4A7,7,2.223970635053679,0.27670565516275375,0.9996299973032251,False,,,,
SLC5A12,5,1.480114462316907,0.6994963014017161,0.9996299973032251,False,,,,
SLC5A3,5,3.9564288355918467e-07,0.9941623786184045,0.9996299973032251,False,,,,
SLC6A14,6,3.284067405208256e-07,0.993558878463954,0.9996299973032251,False,,,,
SLC6A3,6,3.0629601957501525e-07,0.9935016479679935,0.9996299973032251,False,,,,
SLC6A4,6,2.7206436904064564,0.18368683066051963,0.9996299973032251,False,,,,
SLC6A6,5,3.618639171633659e-07,0.9941495294621291,0.9996299973032251,False,,,,
SLC7A14,6,1.1782822583350243,0.8702660788903663,0.9996299973032251,False,,,,
SLC7A3,5,2.8476696272446163e-07,0.9940293284607742,0.9996299973032251,False,,,,
SLC7A9,5,1.4637778797265832,0.7180658641651132,0.9996299973032251,False,,,,
SLC8A1,11,0.5846770120848466,0.5989344530931284,0.9996299973032251,False,,,,
SLC9A2,8,3.441178771372468e-07,0.9924602198129757,0.9996299973032251,False,,,,
SLC9A7,5,1.4744090978473186,0.705432102310662,0.9996299973032251,False,,,,
SLC9A8,8,3.248096676908233,0.052344541209918806,0.9996299973032251,False,,,,
SLC9C1,12,1.8052824128403782,0.3228687934192054,0.9996299973032251,False,,,,
SLC9C2,8,1.5277189598660679,0.5703084143265612,0.9996299973032251,False,,,,
SLCO1B1,5,3.7537593236279896e-07,0.9940893323971416,0.9996299973032251,False,,,,
SLCO1B3,8,1.8810851380433633,0.3764199057481602,0.9996299973032251,False,,,,
SLCO1C1,10,1.5783264032731386,0.5311904720132024,0.9996299973032251,False,,,,
SLCO2A1,8,0.8999517859577739,0.9188379196714369,0.9996299973032251,False,,,,
SLCO3A1,6,1.0697879332903883,0.947010239663278,0.9996299973032251,False,,,,
SLCO5A1,5,3.4380836255186255e-07,0.9941128339064536,0.9996299973032251,False,,,,
SLCO6A1,5,3.165332117940575,0.13319533102463288,0.9996299973032251,False,,,,
SLFN13,8,3.305748489507088e-07,0.992472301134442,0.9996299973032251,False,,,,
SLIT2,14,1.113533871187181e-07,0.9935715313730418,0.9996299973032251,False,,,,
SLITRK1,8,3.2692146365722475e-07,0.9925097129855165,0.9996299973032251,False,,,,
SLITRK2,11,2.176997319470772,0.18835382456351224,0.9996299973032251,False,,,,
SLITRK3,11,0.5714371804753102,0.5789044164709807,0.9996299973032251,False,,,,
SLITRK4,9,2.989949342551743,0.06694663890742392,0.9996299973032251,False,,,,
SLITRK5,5,3.2462553236323535,0.11018646887824031,0.9996299973032251,False,,,,
SLITRK6,9,0.7468403241338752,0.7729973125052788,0.9996299973032251,False,,,,
SLK,5,3.006936429918474e-07,0.9940615605435874,0.9996299973032251,False,,,,
SLMAP,9,0.8138551935331945,0.8393876905088351,0.9996299973032251,False,,,,
SLTM,5,3.92052987126269,0.060347896394332204,0.9996299973032251,False,,,,
SLX4,8,0.8993497336800158,0.9164351590923442,0.9996299973032251,False,,,,
SMAD2,6,1.2570355796739698,0.8238210096821659,0.9996299973032251,False,,,,
SMAD4,9,1.6607181934185504,0.4924546359842329,0.9996299973032251,False,,,,
SMARCA1,10,0.6145242874284997,0.6290463133259248,0.9996299973032251,False,,,,
SMARCA2,10,2.498790486375263,0.13732455819229525,0.9996299973032251,False,,,,
SMARCA4,14,1.1308488385544686,0.8684704878361349,0.9996299973032251,False,,,,
SMARCA5,7,2.883318797672157e-07,0.9929152617844454,0.9996299973032251,False,,,,
SMARCAL1,7,2.201643386234306,0.2827070365867166,0.9996299973032251,False,,,,
SMARCC1,9,3.019689947910489e-07,0.9919995909242025,0.9996299973032251,False,,,,
SMARCC2,8,3.0087904553713796e-07,0.9924704391731203,0.9996299973032251,False,,,,
SMC1A,9,3.2086792821388137e-07,0.992082911317629,0.9996299973032251,False,,,,
SMC1B,10,2.8520111080335484e-07,0.9915236706376278,0.9996299973032251,False,,,,
SMC2,5,1.4444699645334755,0.7257270775897078,0.9996299973032251,False,,,,
SMC3,7,3.435545246991679e-07,0.9930648099766883,0.9996299973032251,False,,,,
SMC4,7,2.183929732995582,0.2870633014026655,0.9996299973032251,False,,,,
SMC5,7,0.8817096873403582,0.9025505309972425,0.9996299973032251,False,,,,
SMC6,7,2.980086368711217e-07,0.9929002590684375,0.9996299973032251,False,,,,
SMCHD1,13,1.1325819919870313e-07,0.99381698327867,0.9996299973032251,False,,,,
SMCR8,6,2.614673495533054,0.1807126603511881,0.9996299973032251,False,,,,
SMG1,18,0.7749832986253359,0.7292392538650905,0.9996299973032251,False,,,,
SMG5,7,1.0025807926533135,0.997970698593106,0.9996299973032251,False,,,,
SMG6,5,1.5607956548222315,0.6657215856455052,0.9996299973032251,False,,,,
SMG7,5,1.296419078976157,0.8024025193548504,0.9996299973032251,False,,,,
SMG8,12,0.5504774203088438,0.5592711209008159,0.9996299973032251,False,,,,
SMO,6,1.1137035981781576,0.9151557726667993,0.9996299973032251,False,,,,
SMTN,7,0.9414805230736218,0.9532007327968831,0.9996299973032251,False,,,,
SMURF2,5,2.960585689627838e-07,0.9939016456345269,0.9996299973032251,False,,,,
SMYD3,9,1.7196091091107895,0.4524117507322609,0.9996299973032251,False,,,,
SMYD4,5,1.5525344810956847,0.6693248016299098,0.9996299973032251,False,,,,
SNAP25,5,3.277345221686145e-07,0.9941175707727362,0.9996299973032251,False,,,,
SNAP91,8,2.4252327875495996,0.22742841829488042,0.9996299973032251,False,,,,
SNAPC1,6,1.1156764970517918,0.9137271326166283,0.9996299973032251,False,,,,
SNCAIP,6,1.1652821342808315,0.8813587954366371,0.9996299973032251,False,,,,
SNRK,5,1.5501095448641473,0.6669880336595241,0.9996299973032251,False,,,,
SNRNP200,14,0.4779816429588498,0.4654164990350492,0.9996299973032251,False,,,,
SNTG1,8,0.893581218571017,0.9108277813200747,0.9996299973032251,False,,,,
SNUPN,5,3.3512560938534373,0.08987702765491078,0.9996299973032251,False,,,,
SNX13,5,3.077335464590282e-07,0.9940708926399868,0.9996299973032251,False,,,,
SNX14,5,1.4277553240785605,0.7314123693508654,0.9996299973032251,False,,,,
SNX25,7,0.9920848043653911,0.9937094755586606,0.9996299973032251,False,,,,
SNX29,5,2.977466608980461e-07,0.9938872404392534,0.9996299973032251,False,,,,
SNX7,5,2.5585391469695275e-07,0.994029376930889,0.9996299973032251,False,,,,
SOBP,5,3.016767630234055e-07,0.9939462425730298,0.9996299973032251,False,,,,
SOCS4,5,3.632334584318447e-07,0.9941424050000565,0.9996299973032251,False,,,,
SOCS6,5,1.6933358407099766,0.6060132810869618,0.9996299973032251,False,,,,
SOGA3,5,1.2174662696079692,0.846681653371099,0.9996299973032251,False,,,,
SON,9,1.733232865363606,0.46355986126102533,0.9996299973032251,False,,,,
SORBS1,9,0.720307003633043,0.7482777362751418,0.9996299973032251,False,,,,
SORBS2,6,2.2842013932202105,0.25733589982441685,0.9996299973032251,False,,,,
SORCS1,9,2.9176149829743725,0.07369134167690473,0.9996299973032251,False,,,,
SORCS3,9,1.7155824204691128,0.4542279777670444,0.9996299973032251,False,,,,
SORL1,5,3.0793161774309716e-07,0.9940965833222085,0.9996299973032251,False,,,,
SOS2,6,1.1047511152402245,0.922114948502045,0.9996299973032251,False,,,,
SOX13,8,3.1965269423653613e-07,0.9924822753818118,0.9996299973032251,False,,,,
SOX6,9,0.7909139896854005,0.8165249771767018,0.9996299973032251,False,,,,
SOX9,6,7.502423470687582,0.0002880275590464859,0.3487406574700898,False,,,,
SP1,5,2.7398727629217687e-07,0.9940407978221761,0.9996299973032251,False,,,,
SP100,9,3.0723808412838704e-07,0.9920199378405186,0.9996299973032251,False,,,,
SP140,6,2.7570338635961322,0.16651981812380326,0.9996299973032251,False,,,,
SP3,11,4.052920328757796,0.0036585546092401835,0.6281415345698461,False,,,,
SP4,6,4.668757442416385,0.012891886487758705,0.794571452091377,False,,,,
SPACA1,5,1.441413577800109,0.718078052568395,0.9996299973032251,False,,,,
SPAG17,15,1.0637904952250482e-07,0.9933474682579793,0.9996299973032251,False,,,,
SPAG5,10,2.957945115077698e-07,0.991560489177558,0.9996299973032251,False,,,,
SPAG6,7,0.9315026304971226,0.944273056947205,0.9996299973032251,False,,,,
SPAG9,9,4.106707306882473,0.006817334655669369,0.7282424286839542,False,,,,
SPAM1,7,3.792361900166262e-07,0.9931016810911135,0.9996299973032251,False,,,,
SPANXN2,6,1.310588673768014,0.7889851885779,0.9996299973032251,False,,,,
SPARCL1,6,1.1934168519326078,0.8611205813484869,0.9996299973032251,False,,,,
SPAST,5,3.2429590583179025e-07,0.9941283922734289,0.9996299973032251,False,,,,
SPATA2,5,1.5945942267808333,0.64859654532753,0.9996299973032251,False,,,,
SPATA31A1,8,0.7908002473339034,0.8157963614304145,0.9996299973032251,False,,,,
SPATA31A3,5,2.90597701592522e-07,0.9940556230376768,0.9996299973032251,False,,,,
SPATA31D1,16,0.40978167060492665,0.3785683303186522,0.9996299973032251,False,,,,
SPECC1,6,1.219216609508549,0.8451049969487358,0.9996299973032251,False,,,,
SPECC1L,9,0.7161285797579405,0.7432007162428806,0.9996299973032251,False,,,,
SPEF2,8,0.9983116496630925,0.99869667562959,0.9996299973032251,False,,,,
SPEG,9,3.63955213772843e-07,0.9920841739000519,0.9996299973032251,False,,,,
SPEN,32,0.5740895639514929,0.3565971966104212,0.9996299973032251,False,,,,
SPG11,11,0.6463132938569468,0.6650449001060764,0.9996299973032251,False,,,,
SPG7,6,1.0569861957962663,0.9579618668316495,0.9996299973032251,False,,,,
SPHKAP,22,1.2819921323857753,0.6338263071066481,0.9996299973032251,False,,,,
SPICE1,8,1.8817637029488734,0.38891773750559533,0.9996299973032251,False,,,,
SPIDR,9,2.8508661584156786e-07,0.9920058956628375,0.9996299973032251,False,,,,
SPINK5,8,0.9068580844834656,0.9228982051807394,0.9996299973032251,False,,,,
SPON1,5,3.152997306326496e-07,0.994064634368866,0.9996299973032251,False,,,,
SPOP,6,3.4674114600546735e-07,0.9935299130128111,0.9996299973032251,False,,,,
SPOUT1,7,2.242127769136649,0.2713634132016927,0.9996299973032251,False,,,,
SPPL3,6,2.6331628022755065,0.17654443016797206,0.9996299973032251,False,,,,
SPRED1,5,3.069703342028667e-07,0.9941038309657212,0.9996299973032251,False,,,,
SPRY3,7,1.5992706914520296,0.5251594068793137,0.9996299973032251,False,,,,
SPTA1,46,1.4723906779163094,0.2815517003946815,0.9996299973032251,False,,,,
SPTAN1,12,1.106648506695027,0.8893962472847962,0.9996299973032251,False,,,,
SPTB,18,1.6652240651415333,0.3211165084732826,0.9996299973032251,False,,,,
SPTBN1,8,2.078298063643945,0.31573051285065473,0.9996299973032251,False,,,,
SPTBN2,17,0.803779091424077,0.7630515988537012,0.9996299973032251,False,,,,
SPTBN4,9,0.7948168753115572,0.8229128585080016,0.9996299973032251,False,,,,
SPTBN5,7,1.1514879616690934,0.8893633202785918,0.9996299973032251,False,,,,
SPTLC2,5,1.558619732489198,0.6659447670475553,0.9996299973032251,False,,,,
SPTY2D1,6,1.1797572646798238,0.8733927206110086,0.9996299973032251,False,,,,
SRBD1,7,1.1104765914111563,0.9172836344946041,0.9996299973032251,False,,,,
SRCAP,22,1.6752626208899726,0.28064741101318785,0.9996299973032251,False,,,,
SRGAP1,13,1.0535213868657989,0.9428541884018178,0.9996299973032251,False,,,,
SRGAP2,10,2.9942255395297455e-07,0.9916203147393504,0.9996299973032251,False,,,,
SRGAP3,5,1.296635467826375,0.7974613808269978,0.9996299973032251,False,,,,
SRPK1,5,4.507338927178144,0.04531663350490456,0.9996299973032251,False,,,,
SRPRA,6,1.3126089915483938,0.7870382386932331,0.9996299973032251,False,,,,
SRRM1,5,1.2721036438029116,0.812338797304391,0.9996299973032251,False,,,,
SRRM2,12,1.1031280949065083,0.8932762648871185,0.9996299973032251,False,,,,
SRRM4,7,3.076897254724444e-07,0.9929591922522906,0.9996299973032251,False,,,,
SRRT,6,3.9290261659794183e-07,0.9936430046466348,0.9996299973032251,False,,,,
SRSF11,7,3.1538091982056997,0.05146594671807005,0.9996299973032251,False,,,,
SS18,5,1.5011372008840127,0.6920938831733601,0.9996299973032251,False,,,,
SSH2,6,3.4304633878861313e-07,0.9935316536007978,0.9996299973032251,False,,,,
SSH3,8,1.8969620257994257,0.3860839874052604,0.9996299973032251,False,,,,
SSRP1,7,1.1282121902149573,0.9047972385316985,0.9996299973032251,False,,,,
SSTR4,5,3.5333227262728273,0.08663055384590143,0.9996299973032251,False,,,,
ST18,13,0.479935745237523,0.47079457057757945,0.9996299973032251,False,,,,
ST3GAL3,5,3.0528989158124606e-07,0.9939696744632568,0.9996299973032251,False,,,,
ST6GALNAC1,5,1.5702023294532454,0.6577969610119152,0.9996299973032251,False,,,,
ST8SIA2,5,1.2308826821425958,0.8437476899927282,0.9996299973032251,False,,,,
STAB1,10,2.368616043304977,0.1434248848747272,0.9996299973032251,False,,,,
STAB2,14,1.6065198681887711,0.44104282064148204,0.9996299973032251,False,,,,
STAG1,13,1.1941655185242162,0.8065613242923062,0.9996299973032251,False,,,,
STAG2,15,1.3838763825632832,0.5881811859039644,0.9996299973032251,False,,,,
STAG3,7,3.6082216537583057e-07,0.993088775061462,0.9996299973032251,False,,,,
STAMBPL1,5,1.5411737663736704,0.672755886948428,0.9996299973032251,False,,,,
STAP1,5,3.55590709669943e-07,0.9940873642991556,0.9996299973032251,False,,,,
STARD7,5,1.72351521395012,0.593135059163172,0.9996299973032251,False,,,,
STARD8,6,1.1717092804732252,0.8752870324004627,0.9996299973032251,False,,,,
STAT2,6,2.8038798372280986,0.16056943051572262,0.9996299973032251,False,,,,
STAT3,8,0.8046114040850078,0.830634103278246,0.9996299973032251,False,,,,
STAT4,13,1.7644095181804575,0.3405959908993307,0.9996299973032251,False,,,,
STAT5A,9,3.1804301691250594e-07,0.9919745555220503,0.9996299973032251,False,,,,
STAT5B,6,1.2651469984153392,0.8169086696085552,0.9996299973032251,False,,,,
STAT6,6,3.7300386226901973e-07,0.9936060420127754,0.9996299973032251,False,,,,
STK10,8,2.2383478064310744,0.2737022844195756,0.9996299973032251,False,,,,
STK11IP,6,3.449351765726966e-07,0.9935306039693264,0.9996299973032251,False,,,,
STK31,9,0.804816069179296,0.8305821644193181,0.9996299973032251,False,,,,
STON1,8,3.0564812347669475e-07,0.9923510976152803,0.9996299973032251,False,,,,
STON2,5,3.44956616627227,0.09433241784320022,0.9996299973032251,False,,,,
STOX1,6,3.263263177241824e-07,0.9935128223523071,0.9996299973032251,False,,,,
STRA6,6,2.7133774110645203e-07,0.9935007316076431,0.9996299973032251,False,,,,
STRIP1,5,1.4957203118424096,0.6912415059636657,0.9996299973032251,False,,,,
STXBP2,6,3.048135925712752e-07,0.9934214135257393,0.9996299973032251,False,,,,
STXBP3,5,1.3391247235243506,0.7784296811597115,0.9996299973032251,False,,,,
STXBP5,6,3.5476193519431705e-07,0.9935794114622033,0.9996299973032251,False,,,,
STYXL2,11,1.1878746194011523e-07,0.994325890370719,0.9996299973032251,False,,,,
SUCO,13,1.0722264954165925,0.9241696841886875,0.9996299973032251,False,,,,
SUGP1,9,3.147050165265717e-07,0.9919890751230586,0.9996299973032251,False,,,,
SULF1,6,4.430034497626809,0.011822093808360934,0.794571452091377,False,,,,
SULF2,6,2.268005094833497,0.2678274660814882,0.9996299973032251,False,,,,
SUOX,7,3.677740886468331e-07,0.9929727324437924,0.9996299973032251,False,,,,
SUPT16H,10,1.5593809450648004,0.5507342908929344,0.9996299973032251,False,,,,
SUPT20HL1,7,1.991086841990701,0.3476045438770219,0.9996299973032251,False,,,,
SUPT20HL2,8,0.7943783778650114,0.8195002631696133,0.9996299973032251,False,,,,
SUPT5H,11,0.5783702621891371,0.587686526591627,0.9996299973032251,False,,,,
SUPT6H,11,0.6195930785188202,0.636930610822857,0.9996299973032251,False,,,,
SUSD2,5,1.3850609462959633,0.755050742043818,0.9996299973032251,False,,,,
SUSD4,6,3.085054943701138e-07,0.9934207252706603,0.9996299973032251,False,,,,
SUSD5,5,1.4323022808101296,0.7300038875685918,0.9996299973032251,False,,,,
SUZ12,6,3.0911921409017064e-07,0.9935026386069347,0.9996299973032251,False,,,,
SVEP1,26,0.5243903860940945,0.37259677842992966,0.9996299973032251,False,,,,
SVIL,17,2.4710137865243254,0.060293511944635676,0.9996299973032251,False,,,,
SWT1,6,3.115471819038447e-07,0.9935226509483521,0.9996299973032251,False,,,,
SYBU,12,1.2775564846132825,0.7346031465240402,0.9996299973032251,False,,,,
SYCP1,12,0.510319386959636,0.5093783643444303,0.9996299973032251,False,,,,
SYCP2,14,1.5955213238107537,0.43561729541414107,0.9996299973032251,False,,,,
SYCP2L,8,3.5371044946463134e-07,0.9925656527555471,0.9996299973032251,False,,,,
SYDE1,5,3.157544409555022,0.11142430710160012,0.9996299973032251,False,,,,
SYDE2,5,1.4713281807699703,0.7043552448310074,0.9996299973032251,False,,,,
SYMPK,10,2.408078800202598,0.14324836681826328,0.9996299973032251,False,,,,
SYN1,8,3.1526970800896245e-07,0.9925289375006137,0.9996299973032251,False,,,,
SYNCRIP,8,3.2959522168722707e-07,0.9924797712755449,0.9996299973032251,False,,,,
SYNE1,53,0.784352815989427,0.5759656671276778,0.9996299973032251,False,-0.0513320182035123,0.2666666666666666,0.56875,False
SYNE2,38,0.476574531523128,0.21944161955063976,0.9996299973032251,False,,,,
SYNE3,7,1.0206060324807684,0.9842488175756225,0.9996299973032251,False,,,,
SYNGAP1,6,3.1832319483709667e-07,0.9934622004494099,0.9996299973032251,False,,,,
SYNM,6,3.32797193429171e-07,0.9935705867024275,0.9996299973032251,False,,,,
SYNPO2,7,1.130951296248179,0.9054850369756285,0.9996299973032251,False,,,,
SYP,5,3.624188136778453e-07,0.9941576071113748,0.9996299973032251,False,,,,
SYT11,6,2.8127668008369566e-07,0.9934540573426982,0.9996299973032251,False,,,,
SYT14,6,3.2948442606662143,0.10867134507685444,0.9996299973032251,False,,,,
SYT16,10,0.6706449047891109,0.6951110059173611,0.9996299973032251,False,,,,
SYT17,8,3.219988622036202e-07,0.992516758130441,0.9996299973032251,False,,,,
SYT2,8,0.8063413368407923,0.8316517627751281,0.9996299973032251,False,,,,
SYT9,5,3.156947133552312e-07,0.994031845102771,0.9996299973032251,False,,,,
SYTL2,6,2.656795955892738e-07,0.9934131316378466,0.9996299973032251,False,,,,
SZT2,14,1.4334065264039924,0.5487695051293807,0.9996299973032251,False,,,,
TAB3,8,2.8329849680795243e-07,0.9924115470679326,0.9996299973032251,False,,,,
TACC2,15,1.4348835387666126,0.5493122746988182,0.9996299973032251,False,,,,
TAF1,25,0.8038197055142929,0.7138168633899857,0.9996299973032251,False,,,,
TAF1L,17,0.3683808493585041,0.3250341317656431,0.9996299973032251,False,,,,
TAF2,5,1.5694579726492714,0.6664058883976368,0.9996299973032251,False,,,,
TAF3,5,3.2092206335248443,0.10226507263376694,0.9996299973032251,False,,,,
TAF4B,7,2.2296757493480888,0.26815840543699915,0.9996299973032251,False,,,,
TAF5,6,1.0726074661214262,0.9454763761127185,0.9996299973032251,False,,,,
TAF5L,5,3.372757570561632e-07,0.9940630240559573,0.9996299973032251,False,,,,
TANC1,11,3.4323045122598486,0.02229080567192871,0.9996299973032251,False,,,,
TANC2,12,2.547489087280782,0.07913556915876534,0.9996299973032251,False,,,,
TANGO6,5,3.034272586516645,0.13373371527727138,0.9996299973032251,False,,,,
TAOK1,6,2.9398247025475946e-07,0.9934936928555461,0.9996299973032251,False,,,,
TAOK2,8,0.7476608718280728,0.776039563360619,0.9996299973032251,False,,,,
TAOK3,8,0.8013607488216726,0.825973612407807,0.9996299973032251,False,,,,
TARBP1,10,3.29384897467981e-07,0.9915360738054027,0.9996299973032251,False,,,,
TARBP2,5,3.3265169040238315e-07,0.9941283993680737,0.9996299973032251,False,,,,
TARS1,7,1.0004691073275689,0.9996299973032251,0.9996299973032251,False,,,,
TARS2,9,1.6193835994300254,0.5042915710044609,0.9996299973032251,False,,,,
TAS2R1,6,2.8678382003932675e-07,0.9934616869736175,0.9996299973032251,False,,,,
TAS2R10,5,4.2474363911067274e-07,0.9942150903217902,0.9996299973032251,False,,,,
TAS2R16,6,4.532123258273644,0.010818860209083543,0.794571452091377,False,,,,
TASOR,8,1.9617647983707047,0.3543957641238684,0.9996299973032251,False,,,,
TASOR2,16,1.23762211334602,0.730345347502459,0.9996299973032251,False,,,,
TASP1,6,1.037432570099697,0.9711445736326612,0.9996299973032251,False,,,,
TBATA,5,1.3095478721954188,0.7897067107452627,0.9996299973032251,False,,,,
TBC1D1,5,2.843284552315826e-07,0.9940552637766773,0.9996299973032251,False,,,,
TBC1D12,5,3.355653239591344e-07,0.9941112790045153,0.9996299973032251,False,,,,
TBC1D15,6,3.149109620956485e-07,0.9935532584717399,0.9996299973032251,False,,,,
TBC1D17,5,3.525708557782931e-07,0.9941515099537068,0.9996299973032251,False,,,,
TBC1D21,5,1.5708263281245978,0.6558426942156812,0.9996299973032251,False,,,,
TBC1D22B,6,1.2029740575759273,0.8545286021558678,0.9996299973032251,False,,,,
TBC1D23,5,3.123779584357238,0.11931483422443594,0.9996299973032251,False,,,,
TBC1D25,11,1.3275246310842188,0.7023707851623915,0.9996299973032251,False,,,,
TBC1D2B,5,1.7793991372920455,0.5669709266210301,0.9996299973032251,False,,,,
TBC1D31,10,2.162711326088632,0.19648723393709883,0.9996299973032251,False,,,,
TBC1D32,6,3.2757753781451417e-07,0.9935845137075419,0.9996299973032251,False,,,,
TBC1D4,16,0.8811634360595023,0.8605510225541924,0.9996299973032251,False,,,,
TBC1D5,5,2.9170070097309416e-07,0.9940067416520995,0.9996299973032251,False,,,,
TBC1D8,13,0.9404180466489249,0.932137871615401,0.9996299973032251,False,,,,
TBC1D8B,10,3.0857888579957306e-07,0.9916355466978344,0.9996299973032251,False,,,,
TBCC,6,3.206949364059726e-07,0.9935473091562046,0.9996299973032251,False,,,,
TBCD,5,3.2106854657891427e-07,0.9940298220546951,0.9996299973032251,False,,,,
TBCE,5,3.0091380607622873e-07,0.9940476653444434,0.9996299973032251,False,,,,
TBL1X,6,2.948654430447097e-07,0.9935063429420962,0.9996299973032251,False,,,,
TBL1XR1,10,3.368720509568734,0.017430665154953957,0.9324404095535139,False,,,,
TBX18,8,0.87866317312175,0.8974784591911206,0.9996299973032251,False,,,,
TBX19,5,1.5579296954172004,0.6708249687354169,0.9996299973032251,False,,,,
TBX20,5,3.1747534033969567e-07,0.9939911040447137,0.9996299973032251,False,,,,
TBX22,5,2.5719743710301654e-07,0.9939668602051457,0.9996299973032251,False,,,,
TBX3,35,0.5592498284825832,0.32019587669615057,0.9996299973032251,False,,,,
TBXAS1,5,3.0071449640359844e-07,0.9940872439900689,0.9996299973032251,False,,,,
TC2N,6,2.5930108316214944,0.1818591663765953,0.9996299973032251,False,,,,
TCERG1,5,1.3028181896729125,0.799723193488866,0.9996299973032251,False,,,,
TCF12,8,0.878749250771294,0.8990959264240088,0.9996299973032251,False,,,,
TCF20,9,1.6175368473433613,0.5100116400128676,0.9996299973032251,False,,,,
TCF4,9,0.8257131075843035,0.8500499256155681,0.9996299973032251,False,,,,
TCF7L2,5,2.9459792163822214,0.1381843729193466,0.9996299973032251,False,,,,
TCHH,22,0.9414816977427224,0.9201952505859952,0.9996299973032251,False,,,,
TCHHL1,7,2.3619441703686586,0.2325115940185963,0.9996299973032251,False,,,,
TCP11L2,6,1.0319510866722037,0.9754008153350463,0.9996299973032251,False,,,,
TDRD1,7,2.6322080159654977,0.19521653538493824,0.9996299973032251,False,,,,
TDRD5,9,2.7280323783223435,0.10175416700405591,0.9996299973032251,False,,,,
TDRD6,13,0.48648497548174796,0.48195078284692405,0.9996299973032251,False,,,,
TDRKH,5,3.3174533496020645e-07,0.9940396913733193,0.9996299973032251,False,,,,
TEC,7,0.9037396064777292,0.9216857275084926,0.9996299973032251,False,,,,
TECPR2,6,3.359837390443138e-07,0.9935934092420703,0.9996299973032251,False,,,,
TECTA,12,1.4059021192151016,0.6419320753753488,0.9996299973032251,False,,,,
TEK,9,0.6678942074436595,0.6932771260250981,0.9996299973032251,False,,,,
TEKT5,6,1.4445197054918,0.7184155106105504,0.9996299973032251,False,,,,
TENM1,23,1.2107087138633459,0.713604358267121,0.9996299973032251,False,,,,
TENM2,18,1.0746847124219373e-07,0.9926981167062032,0.9996299973032251,False,,,,
TENM3,15,0.44238179310553394,0.4218703887897941,0.9996299973032251,False,,,,
TENM4,12,2.7593183500372063,0.056256112332297194,0.9996299973032251,False,,,,
TEP1,18,1.2091335258272584,0.7503163552615048,0.9996299973032251,False,,,,
TERT,5,2.9384590529402205e-07,0.9940187771758924,0.9996299973032251,False,,,,
TET1,10,3.0904137355928e-07,0.9916618285456594,0.9996299973032251,False,,,,
TET2,7,2.856707228501724e-07,0.9929721083856754,0.9996299973032251,False,,,,
TET3,10,1.5904198806925558,0.5236807039756624,0.9996299973032251,False,,,,
TEX11,6,1.253961873010803,0.8249181810871894,0.9996299973032251,False,,,,
TEX14,9,2.8277111587528405,0.08127254684682834,0.9996299973032251,False,,,,
TEX15,25,2.081813746598968,0.08863261895862136,0.9996299973032251,False,,,,
TEX55,8,3.1956049223268426e-07,0.9925136735198808,0.9996299973032251,False,,,,
TF,8,0.850190181851663,0.8775361955370731,0.9996299973032251,False,,,,
TFAP2A,7,3.419741385669886e-07,0.9930293734201828,0.9996299973032251,False,,,,
TFAP4,5,1.5141744062792801,0.6806486041441837,0.9996299973032251,False,,,,
TFB2M,5,3.715019605775506e-07,0.9941044343293036,0.9996299973032251,False,,,,
TFDP1,5,3.4006660637379507,0.09815254237503586,0.9996299973032251,False,,,,
TFDP2,5,3.32634234081425e-07,0.9940119219414898,0.9996299973032251,False,,,,
TFE3,6,1.217443744044034,0.8454674139548546,0.9996299973032251,False,,,,
TFIP11,5,1.3729313889086077,0.7555935226189578,0.9996299973032251,False,,,,
TG,24,1.2432279933772157,0.6769568176090828,0.9996299973032251,False,,,,
TGFBI,7,2.9124012300303225e-07,0.9928585789968213,0.9996299973032251,False,,,,
TGFBR2,5,2.75183711202021e-07,0.9940099864337092,0.9996299973032251,False,,,,
TGFBR3,6,3.456892867708134e-07,0.9934965206593146,0.9996299973032251,False,,,,
TGFBRAP1,5,3.1859606079492617,0.11840106997041706,0.9996299973032251,False,,,,
TGM1,6,1.1912804307940055,0.8638494696784695,0.9996299973032251,False,,,,
TGM2,6,3.0106376137628743,0.1431967618952099,0.9996299973032251,False,,,,
TGM5,5,2.893492648638775e-07,0.9940042373132527,0.9996299973032251,False,,,,
TGM7,6,1.1121761596248714,0.9177071298302999,0.9996299973032251,False,,,,
TGS1,13,1.4444421642609127,0.5453021992711593,0.9996299973032251,False,,,,
THADA,16,1.1937386571051098,0.7716509212580194,0.9996299973032251,False,,,,
THAP12,9,1.679333959506479,0.4681843187784658,0.9996299973032251,False,,,,
THAP5,5,2.6465062907340243e-07,0.994028024176353,0.9996299973032251,False,,,,
THBS1,6,3.0015714613608445e-07,0.9934980810030305,0.9996299973032251,False,,,,
THBS2,7,2.2701586652260426,0.2561919208695969,0.9996299973032251,False,,,,
THBS4,5,3.918470352273594,0.06354802899667018,0.9996299973032251,False,,,,
THEMIS,5,2.907783210748197e-07,0.9939496486843359,0.9996299973032251,False,,,,
THNSL1,5,3.635450461503618e-07,0.9940321363248122,0.9996299973032251,False,,,,
THOC1,6,2.2015970307547366,0.28581464839903326,0.9996299973032251,False,,,,
THOC2,7,1.1528883622272723,0.8879255072152984,0.9996299973032251,False,,,,
THRAP3,9,1.4068499754241068,0.63604774519971,0.9996299973032251,False,,,,
THSD4,10,1.601668648585524,0.5150160784133249,0.9996299973032251,False,,,,
THSD7A,18,1.767613706850941,0.28460010214595893,0.9996299973032251,False,,,,
THSD7B,18,1.4821538349167704,0.44857056147995567,0.9996299973032251,False,,,,
TIA1,5,3.6949871608508083e-07,0.9941809106949027,0.9996299973032251,False,,,,
TIAM1,6,1.2431884513208629,0.830990915239031,0.9996299973032251,False,,,,
TIAM2,11,1.1721138099752635,0.8276691890916007,0.9996299973032251,False,,,,
TICRR,7,2.1238459742074283,0.29762325629847725,0.9996299973032251,False,,,,
TIGAR,5,1.66912400888192,0.6139994034580307,0.9996299973032251,False,,,,
TIGD2,5,3.2719758590734936e-07,0.9941203578869627,0.9996299973032251,False,,,,
TIMELESS,6,2.8599344796563465e-07,0.9934840767118162,0.9996299973032251,False,,,,
TINAG,9,1.7028129721897176,0.4622499909542316,0.9996299973032251,False,,,,
TJP1,13,0.5065863247520469,0.5030297837024134,0.9996299973032251,False,,,,
TJP3,5,3.21397486228661,0.1100910940401232,0.9996299973032251,False,,,,
TKFC,5,1.2750760788548698,0.8100565492658918,0.9996299973032251,False,,,,
TLE3,5,1.5229940085551399,0.6801242783320941,0.9996299973032251,False,,,,
TLE6,5,3.2066992022775504e-07,0.9940446579529273,0.9996299973032251,False,,,,
TLK2,6,2.658575975228724,0.18065918713016327,0.9996299973032251,False,,,,
TLL1,9,1.8044753938894051,0.41742949995651935,0.9996299973032251,False,,,,
TLL2,5,3.2226455496972115e-07,0.9940730787249866,0.9996299973032251,False,,,,
TLN1,21,0.9561198232407601,0.9403385105141373,0.9996299973032251,False,,,,
TLN2,10,1.2983227857856754,0.7260481322833542,0.9996299973032251,False,,,,
TLR3,9,0.7081279755416267,0.7322445273698888,0.9996299973032251,False,,,,
TLR4,16,0.8701359643379428,0.8471539535469496,0.9996299973032251,False,,,,
TLR5,5,1.4232137744246496,0.7309161323538571,0.9996299973032251,False,,,,
TLR7,13,1.7527229341449757,0.34107630835249353,0.9996299973032251,False,,,,
TLR8,9,3.7445660106154826e-07,0.9921380571325952,0.9996299973032251,False,,,,
TM7SF3,5,3.1280928421417604e-07,0.993962408764668,0.9996299973032251,False,,,,
TM9SF2,6,1.2816642460479835,0.8099100764265155,0.9996299973032251,False,,,,
TMC2,10,0.726028806713229,0.7532472183218132,0.9996299973032251,False,,,,
TMC3,5,3.2592253552644626e-07,0.9941374848064907,0.9996299973032251,False,,,,
TMC5,8,2.8580644008172698,0.08064981221681258,0.9996299973032251,False,,,,
TMCC1,5,3.5170532994514325e-07,0.9941585577298372,0.9996299973032251,False,,,,
TMCC3,10,0.582898305435941,0.5997036775496898,0.9996299973032251,False,,,,
TMCO3,5,3.364420213420383e-07,0.9939620955385471,0.9996299973032251,False,,,,
TMEM131,11,0.5760901056667974,0.5874187531546302,0.9996299973032251,False,,,,
TMEM131L,8,0.8459796788130908,0.8692654249540306,0.9996299973032251,False,,,,
TMEM132B,7,3.326688006216898e-07,0.9930176004378606,0.9996299973032251,False,,,,
TMEM132D,15,1.3993355244053973,0.5745044801288772,0.9996299973032251,False,,,,
TMEM132E,8,0.8898496525295689,0.9080296010721463,0.9996299973032251,False,,,,
TMEM145,6,1.2076263744903373,0.8540943381871571,0.9996299973032251,False,,,,
TMEM185A,5,2.6794460191641433e-07,0.9939192508889567,0.9996299973032251,False,,,,
TMEM214,5,1.3594627453504449,0.761000987947557,0.9996299973032251,False,,,,
TMEM59L,5,1.6717287422120155,0.613861804661589,0.9996299973032251,False,,,,
TMEM63A,5,1.4498432897608389,0.7181077808251484,0.9996299973032251,False,,,,
TMEM67,9,1.6294452108757846,0.5113637621253881,0.9996299973032251,False,,,,
TMEM68,5,1.2734997509440003,0.8155475042567311,0.9996299973032251,False,,,,
TMEM71,5,1.5665978948365669,0.655237827294826,0.9996299973032251,False,,,,
TMEM74,7,3.151513696431469e-07,0.9928249557051496,0.9996299973032251,False,,,,
TMEM87B,6,3.167107688236596e-07,0.9935272266145542,0.9996299973032251,False,,,,
TMEM94,9,0.7531903436544647,0.782532138800598,0.9996299973032251,False,,,,
TMF1,5,1.6356072038654346,0.6349452729570747,0.9996299973032251,False,,,,
TMPO,5,3.3412470107316875e-07,0.9941338255449337,0.9996299973032251,False,,,,
TMPRSS15,12,0.5371652078459285,0.5378752991525069,0.9996299973032251,False,,,,
TMPRSS6,5,1.4870432390022381,0.6967698568758702,0.9996299973032251,False,,,,
TMPRSS7,5,1.3745306572096572,0.7623390634387549,0.9996299973032251,False,,,,
TMTC1,6,1.3931455466125624,0.7421269187562116,0.9996299973032251,False,,,,
TMTC2,5,1.6168431728489754,0.633474032353667,0.9996299973032251,False,,,,
TMTC4,8,0.8449709082668154,0.8677793375437277,0.9996299973032251,False,,,,
TNC,12,0.5265303894852628,0.526313934169039,0.9996299973032251,False,,,,
TNFAIP3,7,1.0943650018060065,0.9294492107118686,0.9996299973032251,False,,,,
TNIK,10,0.738976140862944,0.7673630037863509,0.9996299973032251,False,,,,
TNKS,5,2.8122047827080195e-07,0.994050298094925,0.9996299973032251,False,,,,
TNKS1BP1,9,0.7128948984930588,0.7382072462782895,0.9996299973032251,False,,,,
TNKS2,8,0.9082435448883913,0.9260168459413731,0.9996299973032251,False,,,,
TNN,14,2.3881508377414407,0.09816714923178631,0.9996299973032251,False,,,,
TNNI3,5,1.3373563158862343,0.7740845520577638,0.9996299973032251,False,,,,
TNNT1,5,3.5517529046146707,0.08454364683553502,0.9996299973032251,False,,,,
TNPO3,7,1.0129371141284884,0.9900016244737078,0.9996299973032251,False,,,,
TNR,13,1.2340993646005194e-07,0.9938174670918837,0.9996299973032251,False,,,,
TNRC18,7,1.9467760387907185,0.3600551640072649,0.9996299973032251,False,,,,
TNRC6A,13,0.5379743236350303,0.5431025679690702,0.9996299973032251,False,,,,
TNRC6B,17,0.8551485465033783,0.8287832618827765,0.9996299973032251,False,,,,
TNRC6C,11,0.5252830421419243,0.5270236238703445,0.9996299973032251,False,,,,
TNS1,7,0.9206020794685096,0.9346633504825284,0.9996299973032251,False,,,,
TNS3,9,1.427695768105387,0.6256978296552032,0.9996299973032251,False,,,,
TNXB,16,0.8883979755691491,0.8709447189804078,0.9996299973032251,False,,,,
TOB1,5,1.6945870771926366,0.6033925935682891,0.9996299973032251,False,,,,
TOGARAM1,13,1.0759538336211638,0.9198692432992053,0.9996299973032251,False,,,,
TOGARAM2,5,2.7547131718221127e-07,0.9939842979444041,0.9996299973032251,False,,,,
TOP1,5,1.2484080995134308,0.8312048820391944,0.9996299973032251,False,,,,
TOP3A,5,3.3175246549883616e-07,0.9940985140535302,0.9996299973032251,False,,,,
TOPBP1,12,2.13600891000496,0.21988441661923028,0.9996299973032251,False,,,,
TOPORS,5,2.6789687874191146e-07,0.9940269371474508,0.9996299973032251,False,,,,
TOR1AIP1,5,3.4593514452435845e-07,0.9941075046655586,0.9996299973032251,False,,,,
TOX4,7,0.9258250067605122,0.9395269780022288,0.9996299973032251,False,,,,
TP53,331,1.3935009311028674,0.07994625354143615,0.9996299973032251,False,0.0350936255938358,0.1133333333333333,0.425,False
TP53BP1,12,1.9035621281340065,0.2919800186279832,0.9996299973032251,False,,,,
TP53BP2,12,0.5803218298531911,0.592664038080343,0.9996299973032251,False,,,,
TPCN1,7,3.5158825586696056,0.0362708201052056,0.9996299973032251,False,,,,
TPO,10,0.7150372368116837,0.7412649568602008,0.9996299973032251,False,,,,
TPP1,6,3.041022867491114e-07,0.993449762814392,0.9996299973032251,False,,,,
TPP2,7,2.271734971643471,0.2583743056118566,0.9996299973032251,False,,,,
TPR,20,1.1860068809958884,0.7745940944455114,0.9996299973032251,False,,,,
TPTE,10,2.2968218290794544,0.1760075091055626,0.9996299973032251,False,,,,
TPTE2,5,3.4763368613935034e-07,0.9941422686669683,0.9996299973032251,False,,,,
TRA2B,7,0.9559582395609814,0.9644899120572071,0.9996299973032251,False,,,,
TRABD2A,10,2.8398151684852883e-07,0.991527247236743,0.9996299973032251,False,,,,
TRAF3,5,3.425255213978688e-07,0.9940390334542767,0.9996299973032251,False,,,,
TRAF3IP3,7,2.0447359183833878,0.33005130639183927,0.9996299973032251,False,,,,
TRAF5,5,1.7513255091743307,0.5799343287987393,0.9996299973032251,False,,,,
TRAF6,6,3.5248628235075366e-07,0.9936036214634322,0.9996299973032251,False,,,,
TRAF7,7,3.425931525235567e-07,0.99298799279306,0.9996299973032251,False,,,,
TRAFD1,7,0.8931277419587793,0.9107925611446397,0.9996299973032251,False,,,,
TRAK2,9,1.5395090518454577,0.5610759271201182,0.9996299973032251,False,,,,
TRANK1,10,0.7055232237243397,0.7304588864143818,0.9996299973032251,False,,,,
TRAPPC10,8,3.0678722775330325e-07,0.9924710275366527,0.9996299973032251,False,,,,
TRAPPC8,10,0.6644072959214806,0.6880830930873312,0.9996299973032251,False,,,,
TRAPPC9,8,2.0478432206203285,0.32914066674956066,0.9996299973032251,False,,,,
TRDN,12,1.3176087656047275,0.7017117814491988,0.9996299973032251,False,,,,
TRHDE,10,0.7222760268012708,0.7472865112141431,0.9996299973032251,False,,,,
TRIM13,5,3.525961423467076e-07,0.9941551548350085,0.9996299973032251,False,,,,
TRIM21,5,1.8256868058787399,0.5499438646138679,0.9996299973032251,False,,,,
TRIM23,6,3.328694336187271e-07,0.9935194271047578,0.9996299973032251,False,,,,
TRIM24,8,3.2732650840754794e-07,0.9925683512713234,0.9996299973032251,False,,,,
TRIM25,5,1.4722493953820002,0.7055149642815597,0.9996299973032251,False,,,,
TRIM28,7,3.52975824403243e-07,0.9930892596756372,0.9996299973032251,False,,,,
TRIM33,6,1.1793924360597376,0.8706015982010545,0.9996299973032251,False,,,,
TRIM37,5,3.430699411220556e-07,0.9941212935819549,0.9996299973032251,False,,,,
TRIM38,5,3.3373535042653497e-07,0.994067538930642,0.9996299973032251,False,,,,
TRIM42,8,0.7984752709103942,0.8246111298737395,0.9996299973032251,False,,,,
TRIM46,6,1.1894311025969984,0.8663244099897277,0.9996299973032251,False,,,,
TRIM49,5,1.455864583684681,0.7115494539398842,0.9996299973032251,False,,,,
TRIM55,6,2.924998434049797e-07,0.9934267084843291,0.9996299973032251,False,,,,
TRIM58,5,1.5333389152378467,0.6710856474543117,0.9996299973032251,False,,,,
TRIM6,6,2.742515946681395,0.16140179766727303,0.9996299973032251,False,,,,
TRIM60,5,3.5268424457635184,0.0773193049305273,0.9996299973032251,False,,,,
TRIM67,7,1.1412796537676588,0.896306659191851,0.9996299973032251,False,,,,
TRIO,13,1.1232167402849194e-07,0.9938351934277082,0.9996299973032251,False,,,,
TRIOBP,9,1.617338526796362,0.5062947333476235,0.9996299973032251,False,,,,
TRIP10,6,2.6754569975909637,0.16791648896835482,0.9996299973032251,False,,,,
TRIP11,12,0.545190967083996,0.5489912799220558,0.9996299973032251,False,,,,
TRIP12,11,1.059382466253264,0.9373984227373335,0.9996299973032251,False,,,,
TRMT1,5,2.677423702854307e-07,0.9939245359597174,0.9996299973032251,False,,,,
TRMT2B,5,1.4692442339607656,0.7017497333448565,0.9996299973032251,False,,,,
TRO,9,0.865098350391276,0.8863766449682593,0.9996299973032251,False,,,,
TRPA1,13,1.1190200682895686,0.8782027729361498,0.9996299973032251,False,,,,
TRPC1,7,2.2605064377860424,0.2885758081926511,0.9996299973032251,False,,,,
TRPC3,8,2.842772285417895e-07,0.9924027549301406,0.9996299973032251,False,,,,
TRPC4,8,2.8317486909495186e-07,0.9923726282967028,0.9996299973032251,False,,,,
TRPC5,12,0.5543247930211299,0.5584867411555761,0.9996299973032251,False,,,,
TRPC6,9,3.03910681956649e-07,0.9919676810813944,0.9996299973032251,False,,,,
TRPC7,8,0.8753340124430457,0.8949025673631951,0.9996299973032251,False,,,,
TRPM1,6,2.688214417126656,0.17203452358633592,0.9996299973032251,False,,,,
TRPM2,6,3.271654399886927e-07,0.9935332088772516,0.9996299973032251,False,,,,
TRPM3,9,0.7569556419446791,0.7830839876022239,0.9996299973032251,False,,,,
TRPM4,6,2.5355059046462496,0.20848858478612575,0.9996299973032251,False,,,,
TRPM5,7,2.4459324987222018,0.21485697697772058,0.9996299973032251,False,,,,
TRPM6,19,0.3729421140476892,0.3310845526415004,0.9996299973032251,False,,,,
TRPM7,6,1.1176302393627897,0.9139025510906533,0.9996299973032251,False,,,,
TRPM8,11,1.7511489068865445,0.3522626439256529,0.9996299973032251,False,,,,
TRPS1,13,1.0316300511809306e-07,0.9937156452105939,0.9996299973032251,False,,,,
TRPV2,8,3.0782196128039425e-07,0.9924869305405427,0.9996299973032251,False,,,,
TRPV3,5,3.368462605231817e-07,0.994114329594461,0.9996299973032251,False,,,,
TRPV6,5,3.5953660602650136e-07,0.9940812011564673,0.9996299973032251,False,,,,
TRRAP,14,0.4571759332448745,0.4383819300905899,0.9996299973032251,False,,,,
TSC1,8,0.9364718576490828,0.9480854333936317,0.9996299973032251,False,,,,
TSC2,8,2.9836995857587727,0.07176617515283544,0.9996299973032251,False,,,,
TSC22D1,8,0.984615089791701,0.9876880735447502,0.9996299973032251,False,,,,
TSGA10,5,1.6136347798929782,0.6495305060341152,0.9996299973032251,False,,,,
TSHR,7,2.2789204881496063,0.2540386221404469,0.9996299973032251,False,,,,
TSHZ1,7,3.1822998003211985e-07,0.9930368779988694,0.9996299973032251,False,,,,
TSHZ2,10,0.640809939384193,0.6591510933018063,0.9996299973032251,False,,,,
TSHZ3,16,2.048816650903195,0.16964337267107021,0.9996299973032251,False,,,,
TSNARE1,5,1.429297664647013,0.7220229610105646,0.9996299973032251,False,,,,
TSPAN12,5,1.3386577043857617,0.7725382672089893,0.9996299973032251,False,,,,
TSPEAR,6,2.967527139553134e-07,0.99349772209794,0.9996299973032251,False,,,,
TSPOAP1,11,1.2225172032184832e-07,0.9943458501860677,0.9996299973032251,False,,,,
TSPYL2,9,1.7275785289919168,0.4544997575885509,0.9996299973032251,False,,,,
TSR1,6,1.1044863825003335,0.9242753613804474,0.9996299973032251,False,,,,
TSSK1B,5,1.1724419841243654,0.8778822930164364,0.9996299973032251,False,,,,
TTBK1,6,2.56499714233374e-07,0.9933264372969345,0.9996299973032251,False,,,,
TTBK2,5,2.9505697123788006e-07,0.9940447479792539,0.9996299973032251,False,,,,
TTC14,6,2.906290234950405e-07,0.9935064789208705,0.9996299973032251,False,,,,
TTC17,6,1.1682421093396238,0.8813074374820733,0.9996299973032251,False,,,,
TTC21A,9,0.6172535135310441,0.6369827379445552,0.9996299973032251,False,,,,
TTC21B,11,1.245324540470103,0.7655436942883529,0.9996299973032251,False,,,,
TTC23,5,1.8698115170751273,0.5367526930673819,0.9996299973032251,False,,,,
TTC23L,5,1.4588125737468816,0.7111715545612398,0.9996299973032251,False,,,,
TTC29,7,2.3623779383213734,0.2336695925148607,0.9996299973032251,False,,,,
TTC3,8,0.7767223011988723,0.8049021843393744,0.9996299973032251,False,,,,
TTC37,8,0.8896963278200248,0.908425106205826,0.9996299973032251,False,,,,
TTC4,5,1.2793903408665666,0.8080640475182276,0.9996299973032251,False,,,,
TTC7A,8,3.3584779309328085e-07,0.9925269724924902,0.9996299973032251,False,,,,
TTC7B,9,3.5914140186546203e-07,0.9921508335372621,0.9996299973032251,False,,,,
TTF2,7,1.0833010086855204,0.9368821001417819,0.9996299973032251,False,,,,
TTI1,5,1.2580529555787197,0.8206632378192574,0.9996299973032251,False,,,,
TTK,6,2.914759802066826e-07,0.9934817270751009,0.9996299973032251,False,,,,
TTLL4,9,0.8268858996096115,0.8511382195181968,0.9996299973032251,False,,,,
TTLL5,6,2.9500966037248833e-07,0.993472548071654,0.9996299973032251,False,,,,
TTLL7,7,1.0349125722602428,0.9732249305827487,0.9996299973032251,False,,,,
TTN,167,1.258254804491561,0.3303651238577604,0.9996299973032251,False,0.029207553256475,0.3033333333333333,0.56875,False
TTYH2,5,1.2566586541512759,0.8230027947879786,0.9996299973032251,False,,,,
TUBA1C,6,2.5108404390617864,0.20477093586053152,0.9996299973032251,False,,,,
TUBD1,5,1.1143718397880145,0.9159714477621206,0.9996299973032251,False,,,,
TUBGCP2,8,3.0929757263120517e-07,0.9924152220319792,0.9996299973032251,False,,,,
TUBGCP5,5,3.997629121427336e-07,0.9933273122734702,0.9996299973032251,False,,,,
TUBGCP6,9,2.8349788947789163e-07,0.9919916471170445,0.9996299973032251,False,,,,
TULP4,5,1.4642540384020164,0.7131642368445827,0.9996299973032251,False,,,,
TUT4,8,2.034888390501664,0.32912618448819814,0.9996299973032251,False,,,,
TUT7,12,3.787381364505634,0.006462063472084837,0.7282424286839542,False,,,,
TWNK,8,2.1295152349374753,0.29966896209283045,0.9996299973032251,False,,,,
TXNDC11,8,0.8420609647481255,0.8650580872176,0.9996299973032251,False,,,,
TXNDC16,5,1.3969012665511473,0.7468214756803924,0.9996299973032251,False,,,,
TXNDC5,6,2.900005585600279e-07,0.993521301345971,0.9996299973032251,False,,,,
TYK2,5,5.5923252670088965,0.004948895088401023,0.6424802033714232,False,,,,
TYR,6,2.5095946733336434,0.20010265644509606,0.9996299973032251,False,,,,
TYRP1,5,2.566006480409921e-07,0.9939064958045054,0.9996299973032251,False,,,,
TYW1,6,1.2512983719937731,0.8255220439064879,0.9996299973032251,False,,,,
TYW3,5,3.3635610731388906e-07,0.9941337417789979,0.9996299973032251,False,,,,
U2SURP,5,3.3547324677719153e-07,0.9941148591157236,0.9996299973032251,False,,,,
UACA,9,0.7064186835462318,0.7357500995830182,0.9996299973032251,False,,,,
UBA1,6,1.2599699377075593,0.82226447025398,0.9996299973032251,False,,,,
UBA6,6,2.6089478309434855e-07,0.993470993889266,0.9996299973032251,False,,,,
UBA7,5,3.571491875227372,0.0785407774061142,0.9996299973032251,False,,,,
UBAP2,6,1.0717107366764325,0.9453192877121566,0.9996299973032251,False,,,,
UBC,12,1.2280810681846472,0.7741291082335532,0.9996299973032251,False,,,,
UBE2Q1,5,3.4798524154118844e-07,0.9940482617834592,0.9996299973032251,False,,,,
UBE3A,5,3.502981644491346,0.07915530850463047,0.9996299973032251,False,,,,
UBE3B,6,2.5436504917291733,0.20257038060785348,0.9996299973032251,False,,,,
UBE3C,10,0.7153857470871087,0.7422963453515221,0.9996299973032251,False,,,,
UBE4A,7,2.559396571005618,0.19688272562502127,0.9996299973032251,False,,,,
UBE4B,9,0.6678957089507123,0.6905952969931277,0.9996299973032251,False,,,,
UBN2,9,0.7931588975514656,0.8193975249919128,0.9996299973032251,False,,,,
UBP1,5,2.875993991031068e-07,0.9940696834304262,0.9996299973032251,False,,,,
UBQLN4,6,1.2107245975864136,0.8511623134473555,0.9996299973032251,False,,,,
UBR1,8,2.928162724385768e-07,0.9924565736974191,0.9996299973032251,False,,,,
UBR2,12,1.1581995977277633,0.8415618775866178,0.9996299973032251,False,,,,
UBR3,5,1.2766228866792069,0.811608710217006,0.9996299973032251,False,,,,
UBR4,24,0.5529150602052229,0.41582435695366404,0.9996299973032251,False,,,,
UBR5,21,0.28178902711539566,0.2115143128930971,0.9996299973032251,False,,,,
UBTF,8,3.06192723143161,0.06856870549272842,0.9996299973032251,False,,,,
UCP2,6,4.5810090585061705,0.011176782104417075,0.794571452091377,False,,,,
UFL1,7,2.2344146353723544,0.26499548978389337,0.9996299973032251,False,,,,
UGGT1,8,0.8010541837095091,0.8284972749320908,0.9996299973032251,False,,,,
UGGT2,17,1.9447419003711854,0.20788618601790346,0.9996299973032251,False,,,,
UGT1A1,5,1.4960095160066555,0.6923422558603356,0.9996299973032251,False,,,,
UGT1A6,5,2.8927805373803197e-07,0.9939710012130698,0.9996299973032251,False,,,,
UGT2B10,6,3.3203105892661253,0.11158689239225054,0.9996299973032251,False,,,,
UGT8,7,2.0597739577624696,0.31586814275055464,0.9996299973032251,False,,,,
UHRF1BP1,8,0.7948849507968079,0.8199148503223985,0.9996299973032251,False,,,,
UHRF1BP1L,13,0.5212627678793978,0.5193336612638607,0.9996299973032251,False,,,,
ULK2,5,1.4336341144171083,0.724859923721936,0.9996299973032251,False,,,,
ULK4,8,0.8234511498899305,0.8492500003846619,0.9996299973032251,False,,,,
UMODL1,11,1.0894769857576083e-07,0.994273068779764,0.9996299973032251,False,,,,
UNC13A,11,0.671924527140223,0.6927292247196996,0.9996299973032251,False,,,,
UNC13B,10,2.2600029178558763,0.17520448827212226,0.9996299973032251,False,,,,
UNC13C,23,1.3337989453374794,0.5825308436661122,0.9996299973032251,False,,,,
UNC13D,5,3.1262253825828687e-07,0.9940854590582646,0.9996299973032251,False,,,,
UNC5C,6,3.1798858598064754,0.1170328559879387,0.9996299973032251,False,,,,
UNC5D,17,1.3218429209207205,0.6413500468422226,0.9996299973032251,False,,,,
UNC79,15,0.408568750894878,0.37877354897336146,0.9996299973032251,False,,,,
UNK,5,3.0470721863835177e-07,0.9940712248052391,0.9996299973032251,False,,,,
UPF2,11,1.2483354977827896,0.7650615804724462,0.9996299973032251,False,,,,
UPF3B,11,0.5948663635204944,0.6097873257748976,0.9996299973032251,False,,,,
UPRT,5,3.5381077132161005e-07,0.9941389942461372,0.9996299973032251,False,,,,
URB2,6,2.9589438931996047e-07,0.9934995310934829,0.9996299973032251,False,,,,
URGCP,5,1.4774708703257484,0.7017882503763765,0.9996299973032251,False,,,,
URI1,5,3.142177825187163e-07,0.9940762881176336,0.9996299973032251,False,,,,
USF3,14,0.4383360114292444,0.4142480608387227,0.9996299973032251,False,,,,
USH1C,6,3.0032672770951125e-07,0.9934528830513758,0.9996299973032251,False,,,,
USH2A,51,1.0983954988101767,0.8078214946870421,0.9996299973032251,False,0.0286447736028669,0.5566666666666666,0.7590909090909091,False
USO1,9,2.708567356237656,0.10221546655800093,0.9996299973032251,False,,,,
USP1,8,3.1534893538666565e-07,0.9924917573756031,0.9996299973032251,False,,,,
USP12,8,3.353620069937559,0.04229907542755116,0.9996299973032251,False,,,,
USP13,7,3.433711140539214e-07,0.9930583556399534,0.9996299973032251,False,,,,
USP15,13,1.4694111712052842,0.5250904780151857,0.9996299973032251,False,,,,
USP20,5,1.462350588477687,0.707679398611931,0.9996299973032251,False,,,,
USP24,7,1.059775124271516,0.9540596553747833,0.9996299973032251,False,,,,
USP25,6,2.9295016695599877e-07,0.9934747370537121,0.9996299973032251,False,,,,
USP26,5,1.4924081271363234,0.6969254227417461,0.9996299973032251,False,,,,
USP28,8,0.8025437685958307,0.8304171596391099,0.9996299973032251,False,,,,
USP29,7,2.7722719824727984e-07,0.9929196975880096,0.9996299973032251,False,,,,
USP31,7,1.0337516231340393,0.9739736774322606,0.9996299973032251,False,,,,
USP32,9,0.7339436245408238,0.7631355144064194,0.9996299973032251,False,,,,
USP33,5,3.74724408630688e-07,0.9941639578933502,0.9996299973032251,False,,,,
USP34,22,1.3304355397526295,0.6008348581100239,0.9996299973032251,False,,,,
USP36,5,3.204403660495342e-07,0.9940221309073396,0.9996299973032251,False,,,,
USP37,7,2.5425775263595707,0.22872313908631195,0.9996299973032251,False,,,,
USP4,5,1.481979600652626,0.7077008567840655,0.9996299973032251,False,,,,
USP40,5,3.470966507128772,0.10152006157287286,0.9996299973032251,False,,,,
USP42,5,3.3759537881566977e-07,0.9940040888048367,0.9996299973032251,False,,,,
USP45,6,1.056073290265157,0.9579647034083564,0.9996299973032251,False,,,,
USP47,7,2.083707293477834,0.31413098591960137,0.9996299973032251,False,,,,
USP48,5,3.0141897670938925e-07,0.9940525086227603,0.9996299973032251,False,,,,
USP5,5,1.3631768397855892,0.7598637596728356,0.9996299973032251,False,,,,
USP53,9,0.7070732740090161,0.7328674872117414,0.9996299973032251,False,,,,
USP54,6,3.23606160875829e-07,0.9933573672334642,0.9996299973032251,False,,,,
USP6,5,3.732351708172233e-07,0.9941459920064226,0.9996299973032251,False,,,,
USP7,6,1.047823532239707,0.9638532552071342,0.9996299973032251,False,,,,
USP9X,23,0.8418953149947261,0.772321471987699,0.9996299973032251,False,,,,
USPL1,9,0.9175556579113725,0.9325977286468885,0.9996299973032251,False,,,,
UST,5,3.242740663118126e-07,0.9940994432681551,0.9996299973032251,False,,,,
UTP14A,6,1.163172313245229,0.8810416429900387,0.9996299973032251,False,,,,
UTP20,16,0.8919182952370526,0.8750816835539262,0.9996299973032251,False,,,,
UTP25,8,2.7144931425530834e-07,0.992429845987238,0.9996299973032251,False,,,,
UTRN,25,1.200590913320027,0.7319420327870827,0.9996299973032251,False,,,,
VANGL1,6,1.410634663301677,0.7338971771504499,0.9996299973032251,False,,,,
VANGL2,8,3.035612223267477e-07,0.992391154220332,0.9996299973032251,False,,,,
VAV1,6,3.174189798630955e-07,0.9935560619172581,0.9996299973032251,False,,,,
VAV3,5,2.858035034177404e-07,0.9939252133900571,0.9996299973032251,False,,,,
VCAM1,9,2.697974141399616e-07,0.9919696838567839,0.9996299973032251,False,,,,
VCAN,17,0.7766466362216001,0.7283130787986382,0.9996299973032251,False,,,,
VCL,6,3.3994137804750233e-07,0.9935428431984265,0.9996299973032251,False,,,,
VCP,6,3.2414480419563316e-07,0.993534710273678,0.9996299973032251,False,,,,
VCPIP1,12,0.5454390625130858,0.5498352580006088,0.9996299973032251,False,,,,
VEPH1,5,3.6137336638845523e-07,0.994142156419497,0.9996299973032251,False,,,,
VIL1,7,1.9218285357251315,0.37892963957051107,0.9996299973032251,False,,,,
VILL,5,1.4997764513255352,0.6897352024080352,0.9996299973032251,False,,,,
VIRMA,12,0.6029019506375659,0.61520901840491,0.9996299973032251,False,,,,
VIT,8,2.0445689032516072,0.32244942288292683,0.9996299973032251,False,,,,
VLDLR,7,3.4363107826306933e-07,0.9930260657952594,0.9996299973032251,False,,,,
VN1R5,5,1.7797427063466398,0.5718743944612528,0.9996299973032251,False,,,,
VNN2,7,1.1554876946327353,0.8879222719887883,0.9996299973032251,False,,,,
VPS13A,18,0.7608638838776465,0.7120346392650778,0.9996299973032251,False,,,,
VPS13B,25,1.565988220334366,0.34480929905462,0.9996299973032251,False,,,,
VPS13C,27,0.8088154548636739,0.724154288725523,0.9996299973032251,False,,,,
VPS13D,20,1.5122179477880926,0.4459073551370516,0.9996299973032251,False,,,,
VPS18,5,1.799682403388815,0.5593109761315679,0.9996299973032251,False,,,,
VPS26A,5,1.5795333407834533,0.6507289522634492,0.9996299973032251,False,,,,
VPS33A,6,1.146336491326284,0.8933325115101036,0.9996299973032251,False,,,,
VPS33B,5,2.790759778661322e-07,0.9940320088672316,0.9996299973032251,False,,,,
VPS35L,7,0.9139952775450395,0.9295615817714621,0.9996299973032251,False,,,,
VPS39,8,0.8500861075387475,0.873518824437771,0.9996299973032251,False,,,,
VPS41,6,3.1466361583992303e-07,0.9935531135186313,0.9996299973032251,False,,,,
VPS4B,6,3.719373491728656e-07,0.9933956420727229,0.9996299973032251,False,,,,
VPS50,5,3.259450753933662e-07,0.994093842238464,0.9996299973032251,False,,,,
VPS54,6,2.7999868740195737,0.1623343985952426,0.9996299973032251,False,,,,
VPS8,9,2.712781785861046,0.09678864907501494,0.9996299973032251,False,,,,
VRK3,6,2.44448447591483,0.2147572841160364,0.9996299973032251,False,,,,
VRTN,5,3.1073209700892215,0.11441798770620651,0.9996299973032251,False,,,,
VWA3A,8,0.9477738881890124,0.9578042352075964,0.9996299973032251,False,,,,
VWA3B,8,0.8123239102078169,0.8390823188132814,0.9996299973032251,False,,,,
VWA7,5,2.890776019420634e-07,0.9940470400229112,0.9996299973032251,False,,,,
VWA8,10,2.7397073198647317,0.11220656563428368,0.9996299973032251,False,,,,
VWCE,6,3.144983488788618,0.12350429011029401,0.9996299973032251,False,,,,
VWF,13,1.9263431036391818,0.2670664452256121,0.9996299973032251,False,,,,
WAC,7,2.2735820768434487,0.2561215247484338,0.9996299973032251,False,,,,
WAS,9,1.369676107161542,0.6617065713722119,0.9996299973032251,False,,,,
WASF1,5,3.439922029958166e-07,0.9941192811309271,0.9996299973032251,False,,,,
WASHC2A,7,3.428017320949926,0.04215366551636071,0.9996299973032251,False,,,,
WASHC2C,6,1.2053747223038447,0.8544833359300904,0.9996299973032251,False,,,,
WASHC4,10,0.6592354550213607,0.6879712172700132,0.9996299973032251,False,,,,
WASHC5,7,0.869200455992853,0.8913910999232636,0.9996299973032251,False,,,,
WASL,5,1.6150873732022466,0.6493796309418944,0.9996299973032251,False,,,,
WDFY3,17,0.3527947834640058,0.3017548015880334,0.9996299973032251,False,,,,
WDHD1,5,1.2686120202538587,0.8211619310329092,0.9996299973032251,False,,,,
WDR11,7,1.0492614288304272,0.9625759938156475,0.9996299973032251,False,,,,
WDR13,5,3.8795570047410872,0.058018214506741245,0.9996299973032251,False,,,,
WDR17,15,0.9747186065777242,0.9716675899120975,0.9996299973032251,False,,,,
WDR19,5,2.7636065676659576,0.16375640381750278,0.9996299973032251,False,,,,
WDR3,6,1.405468514233948,0.7385452086788478,0.9996299973032251,False,,,,
WDR33,10,0.6273157978534946,0.6467652095579699,0.9996299973032251,False,,,,
WDR35,6,1.2314780162290242,0.8384928053779039,0.9996299973032251,False,,,,
WDR44,16,1.0920728986859009e-07,0.9931073917214961,0.9996299973032251,False,,,,
WDR46,5,1.3838874167517534,0.7487625707805795,0.9996299973032251,False,,,,
WDR47,7,2.340067498484836,0.2474980132415544,0.9996299973032251,False,,,,
WDR49,9,3.0301379000146653e-07,0.9920476662723762,0.9996299973032251,False,,,,
WDR6,8,2.008408419517781,0.3605970255156087,0.9996299973032251,False,,,,
WDR62,7,1.040471945431708,0.9693735511027257,0.9996299973032251,False,,,,
WDR7,13,1.9013847069233025,0.2894137085066776,0.9996299973032251,False,,,,
WDR72,11,1.197801204431595e-07,0.9943341702491569,0.9996299973032251,False,,,,
WDR76,8,0.7773800871746442,0.8056917453408868,0.9996299973032251,False,,,,
WDR93,7,1.0796752896204516,0.9396668999735107,0.9996299973032251,False,,,,
WEE1,5,1.6342225979482212,0.6267844838503676,0.9996299973032251,False,,,,
WIZ,5,3.6226628191027744e-07,0.9941439927218942,0.9996299973032251,False,,,,
WLS,7,0.96001980554251,0.9685325212513924,0.9996299973032251,False,,,,
WNK1,13,0.47603784947312694,0.4671352467575347,0.9996299973032251,False,,,,
WNK2,5,1.290259735255974,0.8011337318671349,0.9996299973032251,False,,,,
WNK3,16,0.40527184921638776,0.37193593212902887,0.9996299973032251,False,,,,
WNK4,7,3.359349378691099e-07,0.9930268945041276,0.9996299973032251,False,,,,
WNT7A,5,3.672042858592987e-07,0.9941304194978786,0.9996299973032251,False,,,,
WRN,7,1.8012640181552462,0.4243115705549082,0.9996299973032251,False,,,,
WSCD2,12,0.5732937289993464,0.5800298983921479,0.9996299973032251,False,,,,
WTAP,7,2.0414035203034233,0.32199362108790536,0.9996299973032251,False,,,,
WWC1,11,0.6413746321054106,0.6613906796565608,0.9996299973032251,False,,,,
WWC3,11,0.6532707697752946,0.6735644734335953,0.9996299973032251,False,,,,
WWP1,9,1.625561522744549,0.5035662901859477,0.9996299973032251,False,,,,
WWP2,11,0.6753583159129452,0.698714546359991,0.9996299973032251,False,,,,
XDH,10,3.1079062327507355e-07,0.9916273324734693,0.9996299973032251,False,,,,
XIRP1,9,1.8043488871912248,0.41904039537980364,0.9996299973032251,False,,,,
XIRP2,28,1.018140647405546,0.9726809167991373,0.9996299973032251,False,,,,
XKR4,10,0.7300187661591068,0.75649080365971,0.9996299973032251,False,,,,
XKR6,5,3.450624275860024e-07,0.9941220173584047,0.9996299973032251,False,,,,
XPC,8,1.8191469061697914,0.42126647649856375,0.9996299973032251,False,,,,
XPNPEP3,6,3.214953126038452e-07,0.9934344801968764,0.9996299973032251,False,,,,
XPO1,13,1.1195377989499373,0.8778851905924979,0.9996299973032251,False,,,,
XPO4,6,3.0166287848619006e-07,0.9934994617182403,0.9996299973032251,False,,,,
XPO5,8,4.54565465466375,0.004930343242238396,0.6424802033714232,False,,,,
XPO6,6,2.337819604065767,0.2449658591771713,0.9996299973032251,False,,,,
XPO7,7,2.518987185546465,0.20274874520068245,0.9996299973032251,False,,,,
XPOT,11,1.031475043198196e-07,0.9942425899660278,0.9996299973032251,False,,,,
XPR1,5,1.4140196388452104,0.7339499400676309,0.9996299973032251,False,,,,
XRCC4,6,1.2306438123780292,0.842015309196037,0.9996299973032251,False,,,,
XRN1,12,1.9584005398152007,0.2670647853168415,0.9996299973032251,False,,,,
XRRA1,6,1.2312648251395646,0.8360904559820596,0.9996299973032251,False,,,,
XYLT1,7,0.8821687601949412,0.9017977413306177,0.9996299973032251,False,,,,
YEATS2,9,0.8169851849966021,0.841834634060549,0.9996299973032251,False,,,,
YLPM1,17,0.7687926889411303,0.7148417240010603,0.9996299973032251,False,,,,
YME1L1,6,1.0884368494770142,0.9340857362699461,0.9996299973032251,False,,,,
YTHDC1,6,2.9678017073269633e-07,0.9934060158332523,0.9996299973032251,False,,,,
YTHDF1,6,1.080014502829062,0.9399857878943331,0.9996299973032251,False,,,,
YTHDF3,8,3.320270615791407,0.04845276421870397,0.9996299973032251,False,,,,
YY1AP1,6,2.8872826505475406,0.13942162788257448,0.9996299973032251,False,,,,
ZAN,16,0.8644053508552277,0.8400660399739698,0.9996299973032251,False,,,,
ZBBX,11,0.67125883422061,0.6941538751678453,0.9996299973032251,False,,,,
ZBED4,9,0.6962308432108106,0.724323095548834,0.9996299973032251,False,,,,
ZBED8,6,3.3489634316104223e-07,0.9935373757034377,0.9996299973032251,False,,,,
ZBED9,7,0.9285457630020749,0.9424850863378672,0.9996299973032251,False,,,,
ZBTB10,6,2.6111909959867247e-07,0.9933112461898127,0.9996299973032251,False,,,,
ZBTB11,6,1.1748490832629122,0.873762207750265,0.9996299973032251,False,,,,
ZBTB2,6,1.046766365753417,0.9639870458186097,0.9996299973032251,False,,,,
ZBTB20,5,2.646844270163561,0.18226471509703535,0.9996299973032251,False,,,,
ZBTB24,6,1.2048584076976925,0.8545697443443019,0.9996299973032251,False,,,,
ZBTB4,5,3.8993747890200593e-07,0.9942087693421099,0.9996299973032251,False,,,,
ZBTB40,6,1.0974282812367548,0.9270285382816947,0.9996299973032251,False,,,,
ZBTB41,9,1.558713919692478,0.5475537083227402,0.9996299973032251,False,,,,
ZBTB49,6,2.512855404832981,0.22319945156385015,0.9996299973032251,False,,,,
ZBTB5,7,2.1628059207316572,0.30789726881695195,0.9996299973032251,False,,,,
ZC3H11A,13,0.49108267868795596,0.4857271532752163,0.9996299973032251,False,,,,
ZC3H12A,7,1.0559283237541917,0.9572449924522267,0.9996299973032251,False,,,,
ZC3H12B,10,1.495113861520126,0.5792984843909854,0.9996299973032251,False,,,,
ZC3H12C,9,4.083923311011512,0.009939988180584804,0.794571452091377,False,,,,
ZC3H13,7,3.912680408583366,0.023561529809045984,0.9996299973032251,False,,,,
ZC3H14,5,1.5156560355153523,0.6801593596524899,0.9996299973032251,False,,,,
ZC3H15,5,1.8044089327128494,0.5591719879180576,0.9996299973032251,False,,,,
ZC3H6,8,1.6123949604902932,0.5171619691382656,0.9996299973032251,False,,,,
ZC3H7A,6,3.0017973383520955e-07,0.9934990607963813,0.9996299973032251,False,,,,
ZC3H7B,5,3.1073841988423654,0.12656719709675696,0.9996299973032251,False,,,,
ZC3HAV1,6,3.1436038738491003,0.12309321604574389,0.9996299973032251,False,,,,
ZCCHC2,6,1.2651660060463372,0.8169893918822053,0.9996299973032251,False,,,,
ZCCHC8,5,3.5365489363672955e-07,0.9941592322352555,0.9996299973032251,False,,,,
ZCWPW1,8,2.939257479679555e-07,0.9923936559285513,0.9996299973032251,False,,,,
ZDBF2,20,0.7057452777288385,0.632198915351801,0.9996299973032251,False,,,,
ZDHHC1,5,1.5082330202074838,0.6849212248981889,0.9996299973032251,False,,,,
ZDHHC15,5,4.158656289443868,0.062143762413856024,0.9996299973032251,False,,,,
ZDHHC17,6,3.3678519005550904e-07,0.9935635076191696,0.9996299973032251,False,,,,
ZDHHC5,5,3.091544613750983e-07,0.9941015237363284,0.9996299973032251,False,,,,
ZEB1,10,2.1231729745279284,0.20577199859030287,0.9996299973032251,False,,,,
ZEB2,14,1.505914311654292,0.488322264532401,0.9996299973032251,False,,,,
ZFAND4,6,1.211685226906066,0.8495238707724628,0.9996299973032251,False,,,,
ZFAT,6,1.0963130302094442,0.9285761626612823,0.9996299973032251,False,,,,
ZFC3H1,10,2.3517629570359264,0.15995451801813712,0.9996299973032251,False,,,,
ZFHX3,16,0.4196277051126444,0.38918848037045073,0.9996299973032251,False,,,,
ZFHX4,47,0.7415508250089757,0.5248811900740131,0.9996299973032251,False,,,,
ZFP3,5,2.7665965468583065,0.18203105308374004,0.9996299973032251,False,,,,
ZFP30,6,1.07446801034114,0.9435523281154162,0.9996299973032251,False,,,,
ZFP36L1,11,3.1253471072017867,0.025104441067343483,0.9996299973032251,False,,,,
ZFP37,8,1.9245395431263284,0.3650953916218139,0.9996299973032251,False,,,,
ZFP64,7,0.8489989697522975,0.8716448932344476,0.9996299973032251,False,,,,
ZFP69,5,1.568492781886954,0.6545045581831993,0.9996299973032251,False,,,,
ZFP91,7,1.0283877524591327,0.9780960856794811,0.9996299973032251,False,,,,
ZFPM2,13,0.5491624372966736,0.5518961271480416,0.9996299973032251,False,,,,
ZFR,6,1.0785264459279988,0.9411783906823472,0.9996299973032251,False,,,,
ZFYVE16,7,3.4962466698524873e-07,0.9930586112834509,0.9996299973032251,False,,,,
ZFYVE26,8,0.8569533174759761,0.878458011189695,0.9996299973032251,False,,,,
ZFYVE9,5,3.5682751049620305,0.08027520781873983,0.9996299973032251,False,,,,
ZGRF1,10,2.5932867394933887,0.12137393847576015,0.9996299973032251,False,,,,
ZHX1,6,2.822069397617544e-07,0.9934879193111756,0.9996299973032251,False,,,,
ZHX2,8,0.8108095431454097,0.8388405372381507,0.9996299973032251,False,,,,
ZIC4,6,2.8309149099938774e-07,0.9933746722951988,0.9996299973032251,False,,,,
ZIM3,9,0.7367329903441883,0.766551959648965,0.9996299973032251,False,,,,
ZKSCAN1,5,2.9707998528817073e-07,0.9940740113606895,0.9996299973032251,False,,,,
ZKSCAN2,6,1.3405182178151043,0.7737399389700182,0.9996299973032251,False,,,,
ZKSCAN7,10,1.8231073384348224,0.4141197828682929,0.9996299973032251,False,,,,
ZMAT1,5,1.3410378058767332,0.7719473936069641,0.9996299973032251,False,,,,
ZMIZ1,8,3.61502460965782e-07,0.992608413250627,0.9996299973032251,False,,,,
ZMYM2,12,1.1327628095850909e-07,0.9940529308447762,0.9996299973032251,False,,,,
ZMYM3,14,0.5073970256031625,0.49971635834515205,0.9996299973032251,False,,,,
ZMYM4,12,0.512337871864754,0.5113017780839558,0.9996299973032251,False,,,,
ZMYM5,6,1.3113904546425976,0.7912701932706165,0.9996299973032251,False,,,,
ZMYM6,6,2.6011394152791465,0.21185510386720063,0.9996299973032251,False,,,,
ZMYND8,6,2.3752662802895843,0.25534587155066346,0.9996299973032251,False,,,,
ZNF106,11,1.168455831904517,0.8318197912810306,0.9996299973032251,False,,,,
ZNF112,6,3.6350938183698225e-07,0.993554521561255,0.9996299973032251,False,,,,
ZNF12,5,5.536077265142248,0.004046610631028474,0.6281415345698461,False,,,,
ZNF131,6,2.9527211499356384e-07,0.9934801637529154,0.9996299973032251,False,,,,
ZNF135,5,1.389197413035888,0.7458451456233073,0.9996299973032251,False,,,,
ZNF142,5,3.303336929559706e-07,0.9940866473027478,0.9996299973032251,False,,,,
ZNF148,6,2.8093548708772342,0.16774590447956333,0.9996299973032251,False,,,,
ZNF160,6,1.1672727518384673,0.8783513628192136,0.9996299973032251,False,,,,
ZNF17,6,1.281448046206129,0.8123728556527117,0.9996299973032251,False,,,,
ZNF175,5,3.33349447051314e-07,0.994069487287349,0.9996299973032251,False,,,,
ZNF180,7,1.023222435874605,0.9820739317267112,0.9996299973032251,False,,,,
ZNF184,5,2.7314312533853835e-07,0.9940225112739549,0.9996299973032251,False,,,,
ZNF185,5,2.716634058768582e-07,0.9939063847858123,0.9996299973032251,False,,,,
ZNF189,6,2.780378416410285,0.17297391209309726,0.9996299973032251,False,,,,
ZNF197,5,1.626515668258738,0.6417357280218859,0.9996299973032251,False,,,,
ZNF200,6,2.689362790171421,0.1775117034908288,0.9996299973032251,False,,,,
ZNF208,16,1.8766829902097013,0.22728517376757842,0.9996299973032251,False,,,,
ZNF215,5,1.6106705469529072,0.63573675046256,0.9996299973032251,False,,,,
ZNF217,8,0.8398596306480612,0.8627340666476586,0.9996299973032251,False,,,,
ZNF229,6,2.5987887897535034,0.18812943314717998,0.9996299973032251,False,,,,
ZNF233,7,2.1100137733388444,0.3062224189808302,0.9996299973032251,False,,,,
ZNF235,6,2.767237963292297e-07,0.99343032286623,0.9996299973032251,False,,,,
ZNF236,7,3.0744794995468643e-07,0.9929554211480112,0.9996299973032251,False,,,,
ZNF239,6,1.2515531580311026,0.82416898750772,0.9996299973032251,False,,,,
ZNF250,5,1.559396441083572,0.6605940642374741,0.9996299973032251,False,,,,
ZNF251,8,0.881432050656068,0.9014120328277473,0.9996299973032251,False,,,,
ZNF267,6,2.764332754664027e-07,0.9934687619127027,0.9996299973032251,False,,,,
ZNF274,5,1.2809788155832555,0.8118039163537858,0.9996299973032251,False,,,,
ZNF280C,6,2.6285205641283054,0.17612928714163342,0.9996299973032251,False,,,,
ZNF281,6,1.2939495098348528,0.7990503408432652,0.9996299973032251,False,,,,
ZNF285,5,1.4078620642120865,0.7344824150690461,0.9996299973032251,False,,,,
ZNF286A,5,1.3322162035763645,0.7815782640188427,0.9996299973032251,False,,,,
ZNF292,19,0.7305660651243197,0.6637930143073729,0.9996299973032251,False,,,,
ZNF300,7,0.97740132404699,0.9826087741592321,0.9996299973032251,False,,,,
ZNF318,10,2.8940437419661156e-07,0.991625385317464,0.9996299973032251,False,,,,
ZNF330,6,3.253732598612622e-07,0.9934579585367349,0.9996299973032251,False,,,,
ZNF334,7,0.8993541610624627,0.9172581252496008,0.9996299973032251,False,,,,
ZNF335,5,1.4488730983107043,0.7177189609625569,0.9996299973032251,False,,,,
ZNF34,5,2.9145080602890176e-07,0.9940550545906063,0.9996299973032251,False,,,,
ZNF347,6,2.9114581466750606,0.1364920544451252,0.9996299973032251,False,,,,
ZNF350,8,0.8396478805287516,0.8641742240703628,0.9996299973032251,False,,,,
ZNF358,5,3.3288547676304715e-07,0.9940340356118194,0.9996299973032251,False,,,,
ZNF366,7,1.168370892960037,0.8772776116699182,0.9996299973032251,False,,,,
ZNF394,6,1.0339569612498172,0.973877763551849,0.9996299973032251,False,,,,
ZNF407,10,0.6778864221766535,0.700003018548853,0.9996299973032251,False,,,,
ZNF41,9,3.2062174264149663e-07,0.9919560231618616,0.9996299973032251,False,,,,
ZNF415,7,2.163526158285794,0.28565245267325284,0.9996299973032251,False,,,,
ZNF418,6,1.242817989762743,0.8320784651064078,0.9996299973032251,False,,,,
ZNF420,6,1.1706579603940006,0.8763129731775592,0.9996299973032251,False,,,,
ZNF423,8,0.7508162646289013,0.7788673549319152,0.9996299973032251,False,,,,
ZNF425,8,0.9267041322294762,0.9396048983931702,0.9996299973032251,False,,,,
ZNF429,10,3.4977589936489147e-07,0.9916860651178084,0.9996299973032251,False,,,,
ZNF43,8,2.0472625956901407,0.331770734979365,0.9996299973032251,False,,,,
ZNF431,7,2.9580602741006807e-07,0.9929543679895416,0.9996299973032251,False,,,,
ZNF432,8,2.0741888758789107,0.3286498273159398,0.9996299973032251,False,,,,
ZNF438,7,2.980455447477754e-07,0.9929358754972083,0.9996299973032251,False,,,,
ZNF439,5,1.6520080144297618,0.6216752706251405,0.9996299973032251,False,,,,
ZNF440,5,3.044345642835438e-07,0.9940930636619808,0.9996299973032251,False,,,,
ZNF441,6,2.82464957529667e-07,0.993477880599504,0.9996299973032251,False,,,,
ZNF445,7,2.755375559822999e-07,0.9929867582907002,0.9996299973032251,False,,,,
ZNF451,6,3.091206322733611e-07,0.9935199375357429,0.9996299973032251,False,,,,
ZNF454,8,1.9123808931705732,0.3787169279424917,0.9996299973032251,False,,,,
ZNF461,5,3.391496280513902e-07,0.994138637332351,0.9996299973032251,False,,,,
ZNF462,15,0.43824813415473557,0.4189026128141654,0.9996299973032251,False,,,,
ZNF470,5,3.755734488726283e-07,0.9941407435810141,0.9996299973032251,False,,,,
ZNF473,7,2.2664372736422624,0.25876491222684866,0.9996299973032251,False,,,,
ZNF483,5,3.081964936493547,0.12247528374212882,0.9996299973032251,False,,,,
ZNF486,6,2.6891364508493176e-07,0.9934757848698168,0.9996299973032251,False,,,,
ZNF496,5,1.4232036654561333,0.7272708210304148,0.9996299973032251,False,,,,
ZNF502,6,1.066503449350336,0.9496782705824394,0.9996299973032251,False,,,,
ZNF510,5,2.9948295923038006e-07,0.994078660244216,0.9996299973032251,False,,,,
ZNF512,5,3.475554528393099,0.08089972321543148,0.9996299973032251,False,,,,
ZNF518A,7,2.993717589096414e-07,0.9929651579764988,0.9996299973032251,False,,,,
ZNF518B,6,3.39305361453919e-07,0.9935139537897173,0.9996299973032251,False,,,,
ZNF527,6,1.0310264393250754,0.9761992831088825,0.9996299973032251,False,,,,
ZNF528,8,2.9579494371068596e-07,0.9925265276387849,0.9996299973032251,False,,,,
ZNF532,7,2.515565160541591,0.2031476402703433,0.9996299973032251,False,,,,
ZNF536,18,0.35977233384149065,0.31119009994684754,0.9996299973032251,False,,,,
ZNF540,9,1.9337144879639856,0.36931524821951645,0.9996299973032251,False,,,,
ZNF543,5,1.4113028151100844,0.7343453431397933,0.9996299973032251,False,,,,
ZNF544,7,1.1090630272195738,0.918405005240667,0.9996299973032251,False,,,,
ZNF546,10,0.7047402329163304,0.7320542677283901,0.9996299973032251,False,,,,
ZNF548,5,3.6229650297239867e-07,0.9941809300286781,0.9996299973032251,False,,,,
ZNF549,5,2.475537952860586e-07,0.9939752799887465,0.9996299973032251,False,,,,
ZNF551,6,1.035275818149507,0.9728082242327634,0.9996299973032251,False,,,,
ZNF555,5,1.0954877013058246,0.9284557044983088,0.9996299973032251,False,,,,
ZNF560,8,3.0971338776453135e-07,0.9924693441194046,0.9996299973032251,False,,,,
ZNF561,5,3.3814483304577646e-07,0.9941222391905384,0.9996299973032251,False,,,,
ZNF564,6,0.8622501313445492,0.8853285729466175,0.9996299973032251,False,,,,
ZNF565,7,1.1062038851941236,0.9203734088730308,0.9996299973032251,False,,,,
ZNF569,5,1.6544219761040304,0.6216094364962512,0.9996299973032251,False,,,,
ZNF572,5,2.8873766781394973e-07,0.9938227944855011,0.9996299973032251,False,,,,
ZNF578,7,3.479335084667626e-07,0.9930452204284177,0.9996299973032251,False,,,,
ZNF582,7,1.0951964708461865,0.9282000117994714,0.9996299973032251,False,,,,
ZNF585B,8,2.1838981040244394,0.28632061208517257,0.9996299973032251,False,,,,
ZNF586,6,3.400182159928174e-07,0.9935792349528567,0.9996299973032251,False,,,,
ZNF587,8,0.8971191844052059,0.9142137493979022,0.9996299973032251,False,,,,
ZNF592,12,0.566559562399729,0.577649625985145,0.9996299973032251,False,,,,
ZNF606,6,1.1571655114283008,0.8860541220746244,0.9996299973032251,False,,,,
ZNF608,10,4.434427638235089,0.0018853372196362317,0.516138789422766,False,,,,
ZNF609,8,3.5683163306585204e-07,0.9925675529758711,0.9996299973032251,False,,,,
ZNF611,5,1.4289137050563852,0.7236031968916843,0.9996299973032251,False,,,,
ZNF613,5,1.491924840161327,0.6975626432977555,0.9996299973032251,False,,,,
ZNF615,5,3.404389318196253e-07,0.9941236209605339,0.9996299973032251,False,,,,
ZNF618,6,1.2821935221540437,0.8049146994306622,0.9996299973032251,False,,,,
ZNF619,7,2.9176144804833204e-07,0.9929614201747494,0.9996299973032251,False,,,,
ZNF623,7,0.9890075823288765,0.99123267722768,0.9996299973032251,False,,,,
ZNF624,5,3.1297762045361985e-07,0.9940567345338481,0.9996299973032251,False,,,,
ZNF625,5,1.6634449031164014,0.6205805490088907,0.9996299973032251,False,,,,
ZNF626,7,1.0106047365146629,0.991741499624064,0.9996299973032251,False,,,,
ZNF638,9,0.707036774075884,0.7352736696281259,0.9996299973032251,False,,,,
ZNF644,9,1.490077138696419,0.5822457157644572,0.9996299973032251,False,,,,
ZNF646,6,2.809565292481106e-07,0.9933620285686792,0.9996299973032251,False,,,,
ZNF648,10,0.682312251454288,0.7057977785634715,0.9996299973032251,False,,,,
ZNF649,5,3.424182768157722e-07,0.9940572406226191,0.9996299973032251,False,,,,
ZNF652,7,2.162100655271135,0.28914762540072525,0.9996299973032251,False,,,,
ZNF658,7,0.8613960310637717,0.8832422675281427,0.9996299973032251,False,,,,
ZNF662,5,1.3283290253005329,0.7800453260734894,0.9996299973032251,False,,,,
ZNF665,5,3.337236397993009e-07,0.9941118455883636,0.9996299973032251,False,,,,
ZNF667,5,1.3993278857293163,0.7395603795981558,0.9996299973032251,False,,,,
ZNF675,7,1.0699534595232691,0.946724378420649,0.9996299973032251,False,,,,
ZNF676,6,2.805486239333969e-07,0.9934637680853047,0.9996299973032251,False,,,,
ZNF677,5,1.5855876430529652,0.6503093179915711,0.9996299973032251,False,,,,
ZNF681,6,1.0758539702238799,0.9430981894633182,0.9996299973032251,False,,,,
ZNF687,13,0.5425642426846419,0.5484352330233788,0.9996299973032251,False,,,,
ZNF689,5,1.310977325163806,0.7889658561817938,0.9996299973032251,False,,,,
ZNF692,6,3.14387574282399e-07,0.9933937444996589,0.9996299973032251,False,,,,
ZNF695,7,2.2296588792102874,0.27423701869463785,0.9996299973032251,False,,,,
ZNF7,5,1.3610195642748357,0.7629160746168863,0.9996299973032251,False,,,,
ZNF700,7,0.9030857508481601,0.9203187460003504,0.9996299973032251,False,,,,
ZNF710,7,0.9275432621530671,0.9403177750586085,0.9996299973032251,False,,,,
ZNF711,10,0.6392403076090166,0.6572072512418481,0.9996299973032251,False,,,,
ZNF714,5,1.4517849645186314,0.7221767897918454,0.9996299973032251,False,,,,
ZNF718,6,2.7061836083694155,0.17627026964561401,0.9996299973032251,False,,,,
ZNF721,6,3.0836048672966516e-07,0.9935075235962831,0.9996299973032251,False,,,,
ZNF75D,6,3.1164046877968865e-07,0.9934578764464859,0.9996299973032251,False,,,,
ZNF761,6,1.1035813046970777,0.9238134503503765,0.9996299973032251,False,,,,
ZNF770,6,2.544186784362238,0.1950065537199827,0.9996299973032251,False,,,,
ZNF772,5,3.1018365619390645e-07,0.9940841050184197,0.9996299973032251,False,,,,
ZNF776,5,3.093303744071387e-07,0.994031837185322,0.9996299973032251,False,,,,
ZNF780A,8,2.7298721793229653e-07,0.9923500687369804,0.9996299973032251,False,,,,
ZNF780B,7,0.9073946849683264,0.9238204516158828,0.9996299973032251,False,,,,
ZNF786,5,1.6663142472934158,0.6167640266616666,0.9996299973032251,False,,,,
ZNF790,6,1.395365159091227,0.7488444616482478,0.9996299973032251,False,,,,
ZNF791,5,1.4192865822505354,0.7297743638443173,0.9996299973032251,False,,,,
ZNF799,5,1.48480868812881,0.7003775423533868,0.9996299973032251,False,,,,
ZNF800,5,2.5542623870155627e-07,0.9939834608437039,0.9996299973032251,False,,,,
ZNF804B,10,3.6638955559469113,0.013180612274199905,0.794571452091377,False,,,,
ZNF808,6,1.145724176762747,0.8937801166325546,0.9996299973032251,False,,,,
ZNF813,5,1.4782720348781206,0.6991372372378775,0.9996299973032251,False,,,,
ZNF816,6,2.686066595408694e-07,0.9934002477166058,0.9996299973032251,False,,,,
ZNF823,6,2.8938755811490746,0.1573819606760434,0.9996299973032251,False,,,,
ZNF827,5,3.840295213767707,0.0671167890314009,0.9996299973032251,False,,,,
ZNF829,5,1.3899435759716536,0.7451064521413875,0.9996299973032251,False,,,,
ZNF831,9,2.6367479609533357,0.11310979004726325,0.9996299973032251,False,,,,
ZNF835,6,2.7684487100286117,0.16217242622476719,0.9996299973032251,False,,,,
ZNF85,5,1.4283945933628357,0.7253662464976198,0.9996299973032251,False,,,,
ZNF875,7,1.1331244940459717,0.9027710959726141,0.9996299973032251,False,,,,
ZNF878,5,2.9636631886885314e-07,0.99401447161053,0.9996299973032251,False,,,,
ZNF91,10,2.3393012168203193,0.15640075773397888,0.9996299973032251,False,,,,
ZNF99,5,1.512539184347761,0.6823235060430808,0.9996299973032251,False,,,,
ZNFX1,9,2.907943546851643e-07,0.9920381753332491,0.9996299973032251,False,,,,
ZNRF3,5,1.394300671655279,0.7442596071189651,0.9996299973032251,False,,,,
ZNRF4,5,3.3220257802802134e-07,0.9941269455939996,0.9996299973032251,False,,,,
ZP4,16,1.267921152842382,0.6903469470249437,0.9996299973032251,False,,,,
ZPLD1,7,2.4028473154337604,0.22973344019251746,0.9996299973032251,False,,,,
ZRANB1,5,3.960664491465321e-07,0.9941692927194726,0.9996299973032251,False,,,,
ZRANB3,11,1.0271385694298767e-07,0.9942778703556368,0.9996299973032251,False,,,,
ZSCAN21,6,2.9141707877954297,0.1442742424682147,0.9996299973032251,False,,,,
ZSCAN25,5,1.5156935804736134,0.6806079866506478,0.9996299973032251,False,,,,
ZSCAN5A,6,1.1541652416279347,0.8889079069036616,0.9996299973032251,False,,,,
ZSWIM2,5,3.247637870173983e-07,0.9941343740702034,0.9996299973032251,False,,,,
ZSWIM3,7,2.5336704414587174,0.20693070912971126,0.9996299973032251,False,,,,
ZSWIM4,7,2.2542808999925557,0.26840742630729614,0.9996299973032251,False,,,,
ZSWIM8,9,2.856890770314918e-07,0.9918100727968028,0.9996299973032251,False,,,,
ZXDB,9,0.8807804893521114,0.9000340191545901,0.9996299973032251,False,,,,
ZZEF1,9,2.717400924946222,0.10278956215819028,0.9996299973032251,False,,,,
ZZZ3,7,0.8298722917099456,0.8543374337231324,0.9996299973032251,False,,,,
