gene,n_mutated,n_patients,coef,se,hr,hr_lower,hr_upper,p_value,method,q_value,significant_fdr,exon_count,is_known_driver,is_known_passenger,mutation_freq,size_category,nominally_significant
CNGA2,9,967,1.8025785727321384,0.4660233141369078,6.065267049867701,2.4331163323512217,15.119484381850986,0.0001097312849277,Cox_PH,0.3239797602270929,False,27.0,False,False,0.009307135470527405,Medium (20-50),True
CPT1A,6,967,1.9555189139861815,0.513321721655021,7.06758554130122,2.5841802496456685,19.32944321142424,0.0001392263688126,Cox_PH,0.3239797602270929,False,18.0,False,False,0.0062047569803516025,Small (<20),True
NELL2,6,967,1.94931264533045,0.5391499494908663,7.023858039353974,2.4414173317427124,20.207352964837774,0.0002997341276064,Cox_PH,0.3487406574700898,False,18.0,False,False,0.0062047569803516025,Small (<20),True
SOX9,6,967,2.0152260977722065,0.5557961860664804,7.502423470687582,2.52405206662604,22.299998751120533,0.0002880275590464,Cox_PH,0.3487406574700898,False,18.0,False,False,0.0062047569803516025,Small (<20),True
PRR14,7,967,1.8288570727822884,0.5292129244988437,6.226765849848733,2.2069241102771304,17.56862085483022,0.000548650534387,Cox_PH,0.3752791223987348,False,21.0,False,False,0.007238883143743537,Medium (20-50),True
SIN3B,7,967,1.7821400575459516,0.5168402190769241,5.942560241173389,2.1578950402794863,16.36503238609832,0.0005644507642439,Cox_PH,0.3752791223987348,False,21.0,False,False,0.007238883143743537,Medium (20-50),True
KLHL41,7,967,1.8244599191701456,0.5259012434622435,6.199445912898968,2.211549678937438,17.37837046709496,0.0005219984108451,Cox_PH,0.3752791223987348,False,21.0,False,False,0.007238883143743537,Medium (20-50),True
COL23A1,7,967,1.6840176529720796,0.5313207240865196,5.387156275224034,1.9014733513798152,15.26261344268964,0.0015270480292916,Cox_PH,0.516138789422766,False,21.0,False,False,0.007238883143743537,Medium (20-50),True
CDHR3,5,967,1.8688496348824355,0.5945354480576633,6.480836780901578,2.020934759672531,20.783078315448712,0.001670100301324,Cox_PH,0.516138789422766,False,15.0,False,False,0.005170630816959669,Small (<20),True
DISP3,7,967,1.6328016131347494,0.5192729361998004,5.118193849953674,1.8497059086999483,14.162201765422925,0.0016642800847408,Cox_PH,0.516138789422766,False,21.0,False,False,0.007238883143743537,Medium (20-50),True
CPQ,8,967,1.6486917052903556,0.5283376461847915,5.20017201730059,1.846237748149726,14.646970053893105,0.0018052796184944,Cox_PH,0.516138789422766,False,24.0,False,False,0.008273009307135471,Medium (20-50),True
FRG1,5,967,2.036465565895724,0.6465548412443378,7.663475227308038,2.158078143071437,27.21349676243857,0.0016342800379611,Cox_PH,0.516138789422766,False,15.0,False,False,0.005170630816959669,Small (<20),True
PPARGC1B,7,967,1.672298097619442,0.5143365852524041,5.324389715551782,1.9429324238866277,14.59089646893854,0.0011485063534645,Cox_PH,0.516138789422766,False,21.0,False,False,0.007238883143743537,Medium (20-50),True
RCOR2,5,967,1.917833990804295,0.6043091678354157,6.806200199566697,2.082122949173983,22.24861945590652,0.0015056238641562,Cox_PH,0.516138789422766,False,15.0,False,False,0.005170630816959669,Small (<20),True
ZNF608,10,967,1.4893985517928063,0.4792569436487739,4.434427638235089,1.7333482492888697,11.34460342104405,0.0018853372196362,Cox_PH,0.516138789422766,False,30.0,False,False,0.010341261633919338,Medium (20-50),True
FGA,5,967,1.880876496439096,0.5930986692929668,6.559251503954075,2.0511551138367508,20.97539089164566,0.0015177358074952,Cox_PH,0.516138789422766,False,15.0,False,False,0.005170630816959669,Small (<20),True
RGS3,7,967,1.6406783545748322,0.5152136588972838,5.158667731439696,1.8792252355207713,14.161076735446509,0.0014502331523382,Cox_PH,0.516138789422766,False,21.0,False,False,0.007238883143743537,Medium (20-50),True
QARS1,5,967,1.815376294594398,0.6003002215032089,6.14338746604973,1.8941834724918671,19.92479086958086,0.00249362468288,Cox_PH,0.5266088762427661,False,15.0,False,False,0.005170630816959669,Small (<20),True
GABRG1,5,967,1.8195981798841885,0.5991360096648715,6.169378971192016,1.9065428979252417,19.963483083231782,0.002389161928611,Cox_PH,0.5266088762427661,False,15.0,False,False,0.005170630816959669,Small (<20),True
MAPK8IP3,5,967,1.8193709153247175,0.6003761379259165,6.167977049307535,1.9014821955853745,20.007518855085888,0.0024424208186182,Cox_PH,0.5266088762427661,False,15.0,False,False,0.005170630816959669,Small (<20),True
OR51Q1,5,967,1.8178308011720477,0.603697296779597,6.158484971878175,1.8862374911560156,20.107190810635995,0.0026024933720635,Cox_PH,0.5266088762427661,False,15.0,False,False,0.005170630816959669,Small (<20),True
KRT9,5,967,1.8202418019378084,0.6042989983449804,6.173350997659814,1.88856213647049,20.179512129545927,0.0025940074138916,Cox_PH,0.5266088762427661,False,15.0,False,False,0.005170630816959669,Small (<20),True
RECQL,5,967,1.9473644425598944,0.6354788834801096,7.01018746051538,2.017432838092845,24.359040511119836,0.0021810368976481,Cox_PH,0.5266088762427661,False,15.0,False,False,0.005170630816959669,Small (<20),True
EOMES,5,967,1.7461417121894485,0.5979737194636078,5.732442540227559,1.775555305271252,18.507391675975093,0.0034992161000405,Cox_PH,0.6281415345698461,False,15.0,False,False,0.005170630816959669,Small (<20),True
KCNG4,5,967,1.7294130745184793,0.6016782399208481,5.637344236277495,1.7334674766046274,18.33299468677569,0.0040490429817566,Cox_PH,0.6281415345698461,False,15.0,False,False,0.005170630816959669,Small (<20),True
NNT,5,967,1.7646274165959035,0.609332986089215,5.839396290580036,1.768859102432337,19.277142533032382,0.0037795420095023,Cox_PH,0.6281415345698461,False,15.0,False,False,0.005170630816959669,Small (<20),True
SP3,11,967,1.3994376901023085,0.4815363558745792,4.052920328757796,1.5771610587294944,10.415019506308726,0.0036585546092401,Cox_PH,0.6281415345698461,False,33.0,False,False,0.011375387797311272,Medium (20-50),True
PEG3,19,967,1.2100155245816482,0.4122282417766953,3.353536714399436,1.4948833405176174,7.523134541676583,0.0033322022406417,Cox_PH,0.6281415345698461,False,57.0,False,False,0.01964839710444674,Large (50-100),True
ZNF12,5,967,1.7112861750717023,0.5953324262222811,5.536077265142248,1.723633598318318,17.781129072633004,0.0040466106310284,Cox_PH,0.6281415345698461,False,15.0,False,False,0.005170630816959669,Small (<20),True
GPRASP1,11,967,1.4629237198122589,0.5068136513416587,4.318567369445292,1.5993046854247677,11.66133276192102,0.0038953781064981,Cox_PH,0.6281415345698461,False,33.0,False,False,0.011375387797311272,Medium (20-50),True
MGAT5,5,967,1.729061442254939,0.6055794679932089,5.635362312637906,1.7196584318800012,18.467218725512403,0.0043007287185244,Cox_PH,0.6344963058423928,False,15.0,False,False,0.005170630816959669,Small (<20),True
ABRA,5,967,1.7796705442737994,0.6242982603865559,5.927903115219652,1.743763927959889,20.151830634862836,0.00436267335345,Cox_PH,0.6344963058423928,False,15.0,False,False,0.005170630816959669,Small (<20),True
MAML2,9,967,1.4514480115341892,0.5112130865800488,4.2692920256321685,1.567481767435654,11.628112542543274,0.0045223523979197,Cox_PH,0.6377887290884461,False,27.0,False,False,0.009307135470527405,Medium (20-50),True
XPO5,8,967,1.5141717556867715,0.5385540979856431,4.54565465466375,1.581866887086427,13.062398870694151,0.0049303432422383,Cox_PH,0.6424802033714232,False,24.0,False,False,0.008273009307135471,Medium (20-50),True
PPP4R4,8,967,1.5378432537384648,0.5474725406610559,4.654540774362199,1.591691160660452,13.611151682975196,0.0049697652173122,Cox_PH,0.6424802033714232,False,24.0,False,False,0.008273009307135471,Medium (20-50),True
TYK2,5,967,1.7213951697293353,0.6125216957539458,5.5923252670088965,1.6834624355283985,18.57724962078524,0.004948895088401,Cox_PH,0.6424802033714232,False,15.0,False,False,0.005170630816959669,Small (<20),True
CASZ1,9,967,1.4422720225161565,0.5182903597169506,4.230296234979678,1.5317684498059736,11.682840339184438,0.0053900473833896,Cox_PH,0.6601389611130317,False,27.0,False,False,0.009307135470527405,Medium (20-50),True
OR9G4,5,967,1.7454307309333803,0.6261758026586869,5.728368329545309,1.6788787463721937,19.545308909201637,0.0053125439801249,Cox_PH,0.6601389611130317,False,15.0,False,False,0.005170630816959669,Small (<20),True
EVC2,6,967,1.6683451486432916,0.6057833950267456,5.303384218857702,1.6177069675093405,17.386266324940287,0.0058866518880804,Cox_PH,0.7024737919776035,False,18.0,False,False,0.0062047569803516025,Small (<20),True
KIAA1549,9,967,1.4270175189658656,0.5199582654410309,4.166254867541262,1.5036557635339325,11.543652504956835,0.0060605974255713,Cox_PH,0.7051505104652221,False,27.0,False,False,0.009307135470527405,Medium (20-50),True
CARF,5,967,1.7342623535728594,0.6391413564252001,5.664747681380512,1.6185736443889205,19.825706667688248,0.0066591571578099,Cox_PH,0.7282424286839542,False,15.0,False,False,0.005170630816959669,Small (<20),True
MYO5C,7,967,1.5072936668232344,0.5577699432489507,4.514496515068453,1.5129548274102032,13.470778119299034,0.0068849735414898,Cox_PH,0.7282424286839542,False,21.0,False,False,0.007238883143743537,Medium (20-50),True
TUT7,12,967,1.3316748474421125,0.4889814198643127,3.787381364505634,1.4524782922071136,9.87571220662289,0.0064620634720848,Cox_PH,0.7282424286839542,False,36.0,False,False,0.012409513960703205,Medium (20-50),True
SPAG9,9,967,1.4126215655447438,0.5221029726991074,4.106707306882473,1.475946883961042,11.426593387385788,0.0068173346556693,Cox_PH,0.7282424286839542,False,27.0,False,False,0.009307135470527405,Medium (20-50),True
PRPF3,6,967,1.6908597146519009,0.6293530684135704,5.424141915467417,1.57984651602077,18.622894832363414,0.0072169687360849,Cox_PH,0.7463949443942093,False,18.0,False,False,0.0062047569803516025,Small (<20),True
PPP2R5B,5,967,1.600125229612615,0.6004350431937496,4.953652729566368,1.526950401885407,16.070381418310063,0.0077001348520879,Cox_PH,0.7465922417003611,False,15.0,False,False,0.005170630816959669,Small (<20),True
IFT140,6,967,1.5842535673080729,0.5938859975070008,4.875650674853526,1.522322321817955,15.615595437641089,0.0076393895028714,Cox_PH,0.7465922417003611,False,18.0,False,False,0.0062047569803516025,Small (<20),True
GRK2,6,967,1.6082822029488812,0.6011306068398324,4.9942247904489445,1.5373593141850486,16.224106510036442,0.0074633700178107,Cox_PH,0.7465922417003611,False,18.0,False,False,0.0062047569803516025,Small (<20),True
HPSE,6,967,1.5767417327188369,0.5963663422179639,4.839162810446999,1.5036022091865846,15.574263301117153,0.0081953308569785,Cox_PH,0.7645806241205585,False,18.0,False,False,0.0062047569803516025,Small (<20),True
IFT52,6,967,1.5649130451838449,0.5920670443163355,4.782259077356201,1.4984955502846524,15.261975171438737,0.0082142310283686,Cox_PH,0.7645806241205585,False,18.0,False,False,0.0062047569803516025,Small (<20),True
SLC39A6,6,967,1.5988650701508584,0.6109962525882363,4.947414268762212,1.4937838762145983,16.385842916432416,0.0088754042152931,Cox_PH,0.7943486772687359,False,18.0,False,False,0.0062047569803516025,Small (<20),True
NCAN,9,967,1.3799175809694786,0.5271894435633394,3.974574033456369,1.414288066952102,11.169746190017625,0.0088576876011941,Cox_PH,0.7943486772687359,False,27.0,False,False,0.009307135470527405,Medium (20-50),True
SULF1,6,967,1.4884073713013983,0.5912453533677379,4.430034497626809,1.3903652448442363,14.115144004741166,0.0118220938083609,Cox_PH,0.794571452091377,False,18.0,False,False,0.0062047569803516025,Small (<20),True
FLT1,6,967,1.6040655702730433,0.6147297539733425,4.97321031530476,1.4906246383605903,16.592252807155507,0.0090705571555768,Cox_PH,0.794571452091377,False,18.0,False,False,0.0062047569803516025,Small (<20),True
LINGO2,10,967,1.280941448059513,0.5148631569529063,3.6000273694548546,1.3123371878435235,9.875660905503006,0.0128490456077783,Cox_PH,0.794571452091377,False,30.0,False,False,0.010341261633919338,Medium (20-50),True
KCNN2,6,967,1.4787053457172152,0.5996063727843681,4.38726201496403,1.3545602393635492,14.209827978554944,0.0136582974145488,Cox_PH,0.794571452091377,False,18.0,False,False,0.0062047569803516025,Small (<20),True
SP4,6,967,1.5408929639895828,0.6196432846702075,4.668757442416385,1.385958732836177,15.727233098429393,0.0128918864877587,Cox_PH,0.794571452091377,False,18.0,False,False,0.0062047569803516025,Small (<20),True
PACS2,6,967,1.4802052112111337,0.5974523914879284,4.393847255125786,1.362332799272565,14.171202302172446,0.0132295914650064,Cox_PH,0.794571452091377,False,18.0,False,False,0.0062047569803516025,Small (<20),True
TAS2R16,6,967,1.5111905401202008,0.592973535225232,4.532123258273644,1.4175959034397096,14.489419148535571,0.0108188602090835,Cox_PH,0.794571452091377,False,18.0,False,False,0.0062047569803516025,Small (<20),True
ABCC8,9,967,1.325862836934974,0.5191372550413315,3.765432908333425,1.3611825133331306,10.416299686690383,0.0106501335472166,Cox_PH,0.794571452091377,False,27.0,False,False,0.009307135470527405,Medium (20-50),True
ZNF804B,10,967,1.2985269409325906,0.5238421401678423,3.6638955559469113,1.312319715203051,10.229314159781906,0.0131806122741999,Cox_PH,0.794571452091377,False,30.0,False,False,0.010341261633919338,Medium (20-50),True
BAZ2A,9,967,1.3416664217466376,0.5195368325196212,3.8254129481300265,1.3817823585830582,10.590513138933837,0.0098107853708536,Cox_PH,0.794571452091377,False,27.0,False,False,0.009307135470527405,Medium (20-50),True
AEBP1,6,967,1.6219478427569034,0.6433526843174766,5.062942534107238,1.4347298612561985,17.86635086916539,0.0116993049475844,Cox_PH,0.794571452091377,False,18.0,False,False,0.0062047569803516025,Small (<20),True
UCP2,6,967,1.5219192923106768,0.5998603782941463,4.5810090585061705,1.4136753593718618,14.844740594078225,0.011176782104417,Cox_PH,0.794571452091377,False,18.0,False,False,0.0062047569803516025,Small (<20),True
MYO3B,9,967,1.341697259208915,0.5343990625311297,3.825530915976415,1.3421530746976058,10.90388798787994,0.0120503840854863,Cox_PH,0.794571452091377,False,27.0,False,False,0.009307135470527405,Medium (20-50),True
LHCGR,10,967,1.4132863308062338,0.5522879368485512,4.1094382108436704,1.392084096978053,12.13107918221428,0.0104983856512985,Cox_PH,0.794571452091377,False,30.0,False,False,0.010341261633919338,Medium (20-50),True
SLAMF1,5,967,1.5426266673179805,0.6089515072624118,4.6768587032960784,1.4177650355618383,15.427808404040896,0.0113010182561803,Cox_PH,0.794571452091377,False,15.0,False,False,0.005170630816959669,Small (<20),True
ADH1C,6,967,1.4942119277532742,0.5897635689223466,4.455823657861048,1.4025266116391588,14.156140999528017,0.0112904650831837,Cox_PH,0.794571452091377,False,18.0,False,False,0.0062047569803516025,Small (<20),True
DENND4C,6,967,1.6075490201944838,0.6370429053366563,4.990564452973129,1.4318179430787936,17.39448348141592,0.0116207976513388,Cox_PH,0.794571452091377,False,18.0,False,False,0.0062047569803516025,Small (<20),True
GRIP2,6,967,1.5334678294480188,0.5949475385787775,4.634219672737505,1.4439330192496618,14.873260524471752,0.0099522455984047,Cox_PH,0.794571452091377,False,18.0,False,False,0.0062047569803516025,Small (<20),True
ZC3H12C,9,967,1.4070581222151208,0.5458135153457532,4.083923311011512,1.4011083922532046,11.903739712387042,0.0099399881805848,Cox_PH,0.794571452091377,False,27.0,False,False,0.009307135470527405,Medium (20-50),True
PLA2G6,6,967,1.5296500140258058,0.5886514900130425,4.616560807993293,1.456291438574132,14.63486849498139,0.009361392369668,Cox_PH,0.794571452091377,False,18.0,False,False,0.0062047569803516025,Small (<20),True
HECW2,14,967,1.188215312236132,0.4806159824569605,3.281220025518947,1.2791655952054988,8.416740487877904,0.0134255856806523,Cox_PH,0.794571452091377,False,42.0,False,False,0.014477766287487074,Medium (20-50),True
KLHL1,10,967,1.3429676413791931,0.5298874243841994,3.830393890507972,1.3557953951299706,10.821630910639213,0.0112627359961561,Cox_PH,0.794571452091377,False,30.0,False,False,0.010341261633919338,Medium (20-50),True
MAD1L1,6,967,1.5288032000033016,0.602239827964749,4.612653094352211,1.4168174688350217,15.017155728840422,0.0111319612609872,Cox_PH,0.794571452091377,False,18.0,False,False,0.0062047569803516025,Small (<20),True
CCDC185,7,967,1.4821411719757247,0.5915455195909335,4.40236181028033,1.3808675396595755,14.035227095998389,0.0122264444848706,Cox_PH,0.794571452091377,False,21.0,False,False,0.007238883143743537,Medium (20-50),True
OSMR,6,967,1.4784691317099306,0.5890501613047235,4.386225804610985,1.3825516527386232,13.915557347116698,0.0120758312149139,Cox_PH,0.794571452091377,False,18.0,False,False,0.0062047569803516025,Small (<20),True
MARF1,14,967,1.1931213094311195,0.4804509487989598,3.2973572339429778,1.2858724659493388,8.455398973185918,0.0130158121612236,Cox_PH,0.794571452091377,False,42.0,False,False,0.014477766287487074,Medium (20-50),True
CRAMP1,6,967,1.5176805947610874,0.6113418337828529,4.5616326410324834,1.3763713788930008,15.118370427368967,0.0130449397884118,Cox_PH,0.794571452091377,False,18.0,False,False,0.0062047569803516025,Small (<20),True
IFT88,6,967,1.4708645534676243,0.5961330984041967,4.352996913277755,1.3531614650270625,14.00319371836878,0.0136120073604731,Cox_PH,0.794571452091377,False,18.0,False,False,0.0062047569803516025,Small (<20),True
PLCB2,7,967,1.4765331920422928,0.6016051610879279,4.377742550268424,1.3463363335015517,14.23465248582226,0.0141150258286527,Cox_PH,0.8110040766240731,False,21.0,False,False,0.007238883143743537,Medium (20-50),True
PYGM,9,967,1.3139858913487468,0.5365601915007959,3.720975597703452,1.299952747860381,10.650894366347863,0.0143290527466534,Cox_PH,0.8132611156454265,False,27.0,False,False,0.009307135470527405,Medium (20-50),True
ABCA8,18,967,1.0748436467462907,0.4412827777892449,2.929534822422293,1.2335909681719968,6.957066399815131,0.0148619642446631,Cox_PH,0.8333443565621987,False,54.0,False,False,0.01861427094105481,Large (50-100),True
DOCK3,13,967,1.160663556205476,0.477403988327973,3.192050678566682,1.2522622794071403,8.13662417378082,0.0150489938017314,Cox_PH,0.8337859184911666,False,39.0,False,False,0.01344364012409514,Medium (20-50),True
SEC61A1,6,967,1.426651791334335,0.5965070884950662,4.164731431614491,1.2936890914929264,13.407385137229117,0.016771632646128,Cox_PH,0.918296215706822,False,18.0,False,False,0.0062047569803516025,Small (<20),True
PPM1E,7,967,1.4349944495232,0.6018632438290327,4.199621698820424,1.290903668856315,13.662384605993736,0.017113816369845,Cox_PH,0.9261360626192904,False,21.0,False,False,0.007238883143743537,Medium (20-50),True
TBL1XR1,10,967,1.214533001519965,0.5108455953605026,3.368720509568734,1.237725764292671,9.16865286235218,0.0174306651549539,Cox_PH,0.932440409553514,False,30.0,False,False,0.010341261633919338,Medium (20-50),True
ANK3,24,967,0.9854963610360756,0.4156320782563837,2.6791413758289866,1.1863216714891476,6.050465640291979,0.017736254836729,Cox_PH,0.9380060228424631,False,72.0,False,False,0.02481902792140641,Large (50-100),True
FRRS1,7,967,1.402659789002492,0.5944201886255426,4.066000300055918,1.2681970159449336,13.036112080532336,0.0182891824897609,Cox_PH,0.9563803967117698,False,21.0,False,False,0.007238883143743537,Medium (20-50),True
CIT,17,967,1.0085001539749407,0.4289462018601353,2.741486122871842,1.1826593608248577,6.354954275808508,0.0187174468929545,Cox_PH,0.9678999759978918,False,51.0,False,False,0.017580144777662874,Large (50-100),True
HIP1,6,967,1.4741384892697302,0.6286314205407488,4.367271700336259,1.273820821774697,14.973112213682631,0.0190272575368259,Cox_PH,0.9731083140262404,False,18.0,False,False,0.0062047569803516025,Small (<20),True
COL12A1,24,967,0.9692475576589494,0.4145708345654157,2.6359603048241484,1.1696314765786948,5.940577752689374,0.0193896324438761,Cox_PH,0.9808624934108626,False,72.0,False,False,0.02481902792140641,Large (50-100),True
PRPF8,10,967,-14.939633600301416,1429.505483464565,3.2493729870162565e-07,0.0,inf,0.9916615318048608,Cox_PH,0.9996299973032252,False,30.0,False,False,0.010341261633919338,Medium (20-50),False
PPIP5K2,10,967,0.4311597790149079,0.7667730258304906,1.5390414368372405,0.3424206415561832,6.917364950714862,0.5739087007153075,Cox_PH,0.9996299973032252,False,30.0,False,False,0.010341261633919338,Medium (20-50),False
POLR3A,7,967,-14.767833569246571,1700.8310611206591,3.8584366238717226e-07,0.0,inf,0.9930722817688598,Cox_PH,0.9996299973032252,False,21.0,False,False,0.007238883143743537,Medium (20-50),False
POM121,7,967,-14.863961870927108,1692.795400193988,3.504801130346059e-07,0.0,inf,0.9929940893683596,Cox_PH,0.9996299973032252,False,21.0,False,False,0.007238883143743537,Medium (20-50),False
PPM1F,5,967,0.3320058116641907,1.0275247240222114,1.3937609485595743,0.1860122685646237,10.443233646466728,0.7466102434882722,Cox_PH,0.9996299973032252,False,15.0,False,False,0.005170630816959669,Small (<20),False
POLRMT,5,967,0.1984792315091371,1.0489290534773827,1.2195466990067605,0.1560745169061385,9.52938494086596,0.8499197385488582,Cox_PH,0.9996299973032252,False,15.0,False,False,0.005170630816959669,Small (<20),False
PRPF4B,10,967,0.4200666423763894,0.7180391039332783,1.522062986133221,0.372585029039696,6.217844393071294,0.5585348253001612,Cox_PH,0.9996299973032252,False,30.0,False,False,0.010341261633919338,Medium (20-50),False
PRPF40A,5,967,-14.99617684354132,2028.4884323859028,3.070740714004424e-07,0.0,inf,0.994101465507661,Cox_PH,0.9996299973032252,False,15.0,False,False,0.005170630816959669,Small (<20),False
PROSER1,6,967,-14.995242155288873,1849.2646918694104,3.073612241058357e-07,0.0,inf,0.9935302170962944,Cox_PH,0.9996299973032252,False,18.0,False,False,0.0062047569803516025,Small (<20),False
PPM1B,5,967,1.039479831084956,0.7327115689350215,2.82774572629911,0.6725795772470977,11.888772961753478,0.1559936910643998,Cox_PH,0.9996299973032252,False,15.0,False,False,0.005170630816959669,Small (<20),False
PROX1,11,967,-0.4543334812964557,1.0236032431281787,0.6348709803424675,0.0853840607543909,4.7205667910363225,0.6571459630853811,Cox_PH,0.9996299973032252,False,33.0,False,False,0.011375387797311272,Medium (20-50),False
PPL,9,967,-14.793271429680914,1499.8801978179283,3.7615241009829425e-07,0.0,inf,0.9921306171453554,Cox_PH,0.9996299973032252,False,27.0,False,False,0.009307135470527405,Medium (20-50),False
PRPF6,6,967,-15.148210048363142,1811.922826288477,2.637642702614362e-07,0.0,inf,0.993329527091046,Cox_PH,0.9996299973032252,False,18.0,False,False,0.0062047569803516025,Small (<20),False
POU3F4,8,967,-15.07599397959699,1602.7560583361685,2.83516935146286e-07,0.0,inf,0.9924949742713876,Cox_PH,0.9996299973032252,False,24.0,False,False,0.008273009307135471,Medium (20-50),False
PPIG,5,967,-14.883894605145516,2010.3879012811844,3.4356325109029226e-07,0.0,inf,0.9940929204676868,Cox_PH,0.9996299973032252,False,15.0,False,False,0.005170630816959669,Small (<20),False
POU4F2,5,967,1.175867547423331,0.7332754878714858,3.2409534053333076,0.7700095136625845,13.641102855443789,0.108806168649498,Cox_PH,0.9996299973032252,False,15.0,False,False,0.005170630816959669,Small (<20),False
POU5F2,5,967,0.4228448829311551,1.0382392842876549,1.5262975228052291,0.1994674698641673,11.679017785244731,0.6838088668093445,Cox_PH,0.9996299973032252,False,15.0,False,False,0.005170630816959669,Small (<20),False
PPAN-P2RY11,6,967,-14.825111427441453,1839.2529366536544,3.643643794981053e-07,0.0,inf,0.9935688022021276,Cox_PH,0.9996299973032252,False,18.0,False,False,0.0062047569803516025,Small (<20),False
PPARG,6,967,-15.00430371374968,1834.0995558237616,3.045886333733721e-07,0.0,inf,0.9934727813937192,Cox_PH,0.9996299973032252,False,18.0,False,False,0.0062047569803516025,Small (<20),False
PPARGC1A,9,967,0.4362492617482541,0.7227535885224283,1.5468943282826322,0.3751805989450223,6.37794723288349,0.5461140332625216,Cox_PH,0.9996299973032252,False,27.0,False,False,0.009307135470527405,Medium (20-50),False
PRPF39,5,967,-14.968395321532652,2013.7419513453983,3.15724663399924e-07,0.0,inf,0.99406927906443,Cox_PH,0.9996299973032252,False,15.0,False,False,0.005170630816959669,Small (<20),False
PRPF38B,6,967,-14.783455742136262,1853.9183796454824,3.798627847737665e-07,0.0,inf,0.9936376022723944,Cox_PH,0.9996299973032252,False,18.0,False,False,0.0062047569803516025,Small (<20),False
POTEF,6,967,-15.155821212893969,1838.0476031043347,2.6176433756615666e-07,0.0,inf,0.9934210307156128,Cox_PH,0.9996299973032252,False,18.0,False,False,0.0062047569803516025,Small (<20),False
PRPF19,5,967,1.1492224517564549,0.7183422179668201,3.155738216784812,0.7720327593561531,12.8993019689752,0.1096372217959947,Cox_PH,0.9996299973032252,False,15.0,False,False,0.005170630816959669,Small (<20),False
POTEA,5,967,-14.892715901762427,2022.5173623784929,3.405459057610979e-07,0.0,inf,0.994124865908348,Cox_PH,0.9996299973032252,False,15.0,False,False,0.005170630816959669,Small (<20),False
PROX2,6,967,-14.858298220923915,1828.9505507039344,3.524707415183202e-07,0.0,inf,0.993518099030806,Cox_PH,0.9996299973032252,False,18.0,False,False,0.0062047569803516025,Small (<20),False
POSTN,7,967,0.0645448272744546,1.0106714272309791,1.066673393233885,0.1471399403170491,7.732721145471705,0.9490790633623546,Cox_PH,0.9996299973032252,False,21.0,False,False,0.007238883143743537,Medium (20-50),False
POP1,7,967,-14.912595901780625,1686.648994969488,3.338427037418794e-07,0.0,inf,0.9929455535533728,Cox_PH,0.9996299973032252,False,21.0,False,False,0.007238883143743537,Medium (20-50),False
PPEF1,12,967,0.6872821572598666,0.5944621319750057,1.988304284747311,0.620106760500473,6.375279517278381,0.2476234099202547,Cox_PH,0.9996299973032252,False,36.0,False,False,0.012409513960703205,Medium (20-50),False
PON1,5,967,-14.864086440606863,2010.603344329369,3.5043645655835693e-07,0.0,inf,0.9941014138446718,Cox_PH,0.9996299973032252,False,15.0,False,False,0.005170630816959669,Small (<20),False
PPEF2,7,967,0.0475613801769002,1.017959485192776,1.0487105691860572,0.142610347460065,7.711879800520908,0.9627345790628884,Cox_PH,0.9996299973032252,False,21.0,False,False,0.007238883143743537,Medium (20-50),False
PPFIA1,8,967,-0.1546897388438051,1.0077962883370584,0.8566809310711382,0.1188408038844059,6.175507011672221,0.8780094606713214,Cox_PH,0.9996299973032252,False,24.0,False,False,0.008273009307135471,Medium (20-50),False
PPFIA2,12,967,-0.6127700813039156,1.0130337430569742,0.5418478257278617,0.0743987440974946,3.946290623686726,0.5452546458919623,Cox_PH,0.9996299973032252,False,36.0,False,False,0.012409513960703205,Medium (20-50),False
PPFIA3,5,967,-15.015564362560138,1990.0867518978148,3.011780067153147e-07,0.0,inf,0.9939798738472506,Cox_PH,0.9996299973032252,False,15.0,False,False,0.005170630816959669,Small (<20),False
PPFIA4,5,967,-14.870025724247302,2027.05128786421,3.4836128366527034e-07,0.0,inf,0.994146937670963,Cox_PH,0.9996299973032252,False,15.0,False,False,0.005170630816959669,Small (<20),False
POU2F2,5,967,-14.98086312768276,2018.572202647055,3.1181270693206304e-07,0.0,inf,0.9940785424192362,Cox_PH,0.9996299973032252,False,15.0,False,False,0.005170630816959669,Small (<20),False
POMT2,6,967,0.9579732457192076,0.7177949577486954,2.606408566869208,0.6383268188986789,10.642456836092146,0.182005429807705,Cox_PH,0.9996299973032252,False,18.0,False,False,0.0062047569803516025,Small (<20),False
PPFIBP1,7,967,0.0071460449362232,1.0223426201070749,1.007171638844088,0.135790029031605,7.470318088346434,0.994422933775611,Cox_PH,0.9996299973032252,False,21.0,False,False,0.007238883143743537,Medium (20-50),False
PRKD1,8,967,-0.1998316053155693,1.0087275792920518,0.8188686345937114,0.1133882327478923,5.9137163043387595,0.8429647525087189,Cox_PH,0.9996299973032252,False,24.0,False,False,0.008273009307135471,Medium (20-50),False
PPP1R12A,7,967,-0.0309597176604858,1.0377342334350157,0.9695146266067898,0.1268285867043634,7.411251955330388,0.976199477686558,Cox_PH,0.9996299973032252,False,21.0,False,False,0.007238883143743537,Medium (20-50),False
PRAMEF15,5,967,-14.915659608804347,2002.8308157332704,3.328214726807915e-07,0.0,inf,0.9940579781304434,Cox_PH,0.9996299973032252,False,15.0,False,False,0.005170630816959669,Small (<20),False
PRAMEF2,7,967,0.1787054729440594,1.0098634119432288,1.1956685355692869,0.1651953089533386,8.654139491056716,0.8595397751417742,Cox_PH,0.9996299973032252,False,21.0,False,False,0.007238883143743537,Medium (20-50),False
PRAMEF4,7,967,0.7819728287892292,0.7275499209384031,2.1857801847828533,0.5251743290107748,9.097236388512323,0.2824629425132927,Cox_PH,0.9996299973032252,False,21.0,False,False,0.007238883143743537,Medium (20-50),False
PRB2,6,967,0.0117970335941238,1.0090325940982356,1.0118668930360517,0.1400288437457017,7.311883622218806,0.9906718012957336,Cox_PH,0.9996299973032252,False,18.0,False,False,0.0062047569803516025,Small (<20),False
PRDM1,9,967,0.4601469271033404,0.7190477049941589,1.5843067454955682,0.3870557363736213,6.484926143556371,0.522212024642534,Cox_PH,0.9996299973032252,False,27.0,False,False,0.009307135470527405,Medium (20-50),False
PRKG2,10,967,-0.4373688910783329,1.0125129952162522,0.6457331822594141,0.0887533272044089,4.698092520075754,0.6657677737133104,Cox_PH,0.9996299973032252,False,30.0,False,False,0.010341261633919338,Medium (20-50),False
PRDM10,15,967,-0.7885348829470907,1.0166544878857635,0.454510218373626,0.0619654889220206,3.3337837270356667,0.4379749395891895,Cox_PH,0.9996299973032252,False,45.0,False,False,0.015511892450879007,Medium (20-50),False
PRDM14,6,967,-15.062664395301413,1828.5173122830688,2.873213976538403e-07,0.0,inf,0.9934273898517418,Cox_PH,0.9996299973032252,False,18.0,False,False,0.0062047569803516025,Small (<20),False
PRDM16,5,967,0.6343122173022083,1.0074461631281986,1.8857247265004171,0.2617717698157865,13.584191093781676,0.5289406600482467,Cox_PH,0.9996299973032252,False,15.0,False,False,0.005170630816959669,Small (<20),False
PRDM2,9,967,0.4875419113707024,0.7583696016253499,1.6283087693678675,0.3682981392485527,7.1990302579589205,0.5203008880675009,Cox_PH,0.9996299973032252,False,27.0,False,False,0.009307135470527405,Medium (20-50),False
PRDM4,5,967,-15.051420511430251,2012.2251399681213,2.9057023663911277e-07,0.0,inf,0.9940318884703846,Cox_PH,0.9996299973032252,False,15.0,False,False,0.005170630816959669,Small (<20),False
PRKG1,6,967,0.1347796980490503,1.0298997218656103,1.144284668436622,0.1520077523995935,8.61395147121859,0.8958806653723643,Cox_PH,0.9996299973032252,False,18.0,False,False,0.0062047569803516025,Small (<20),False
PRAMEF14,5,967,1.2387877573523791,0.719716822703645,3.4514269607890116,0.8420994036245074,14.146011758693746,0.0852117245525916,Cox_PH,0.9996299973032252,False,15.0,False,False,0.005170630816959669,Small (<20),False
PREP,5,967,-15.133444114713866,2020.5722206403204,2.676878926595593e-07,0.0,inf,0.9940241539505236,Cox_PH,0.9996299973032252,False,15.0,False,False,0.005170630816959669,Small (<20),False
PREPL,8,967,-14.828913921289116,1599.230474264934,3.6298151701602516e-07,0.0,inf,0.9926016968066516,Cox_PH,0.9996299973032252,False,24.0,False,False,0.008273009307135471,Medium (20-50),False
PREX1,11,967,0.2146694559656089,0.7348508740312573,1.2394521357383466,0.2935702671967758,5.232960447444183,0.7701898620626002,Cox_PH,0.9996299973032252,False,33.0,False,False,0.011375387797311272,Medium (20-50),False
PREX2,22,967,-0.0971392393203288,0.5881895112944966,0.9074296474490712,0.2865074666797434,2.8740213112490007,0.8688262648434824,Cox_PH,0.9996299973032252,False,66.0,False,False,0.022750775594622543,Large (50-100),False
PRICKLE2,7,967,-14.94364870054603,1698.12303857738,3.2363525853420733e-07,0.0,inf,0.9929786285106632,Cox_PH,0.9996299973032252,False,21.0,False,False,0.007238883143743537,Medium (20-50),False
PRKAA2,5,967,-14.926417145141874,2010.1878167056825,3.292603225382035e-07,0.0,inf,0.9940754549159104,Cox_PH,0.9996299973032252,False,15.0,False,False,0.005170630816959669,Small (<20),False
PRKACA,5,967,-14.856616707251618,2012.2299220244824,3.5306392447212394e-07,0.0,inf,0.9941091436554244,Cox_PH,0.9996299973032252,False,15.0,False,False,0.005170630816959669,Small (<20),False
PRKAR1A,5,967,0.496672073041447,1.006359080679078,1.643243566491487,0.2285976688706738,11.812235147259068,0.6216355674832514,Cox_PH,0.9996299973032252,False,15.0,False,False,0.005170630816959669,Small (<20),False
PRKCA,5,967,-14.982339121610812,2026.986503634055,3.113528127539407e-07,0.0,inf,0.994102541778189,Cox_PH,0.9996299973032252,False,15.0,False,False,0.005170630816959669,Small (<20),False
PRKD3,7,967,-0.0232443551418409,1.033457009993337,0.977023713833958,0.1288868882252423,7.406302926064033,0.982055616903426,Cox_PH,0.9996299973032252,False,21.0,False,False,0.007238883143743537,Medium (20-50),False
PRKCB,7,967,-0.1386614250749778,1.0100932852430404,0.8705227157317847,0.1202185113513792,6.3036032478399795,0.8908127501889416,Cox_PH,0.9996299973032252,False,21.0,False,False,0.007238883143743537,Medium (20-50),False
PRKCE,6,967,-14.827415312945377,1829.6091120872272,3.6352589194657483e-07,0.0,inf,0.993533899575436,Cox_PH,0.9996299973032252,False,18.0,False,False,0.0062047569803516025,Small (<20),False
PRKCQ,7,967,0.9175866818849912,0.7190396292310158,2.5032419752923105,0.6115668604463494,10.246173872619542,0.2019102368340468,Cox_PH,0.9996299973032252,False,21.0,False,False,0.007238883143743537,Medium (20-50),False
PRKDC,27,967,0.361754664514441,0.4732100783153389,1.4358466346140808,0.5679413691117897,3.630049984484893,0.4445875150646653,Cox_PH,0.9996299973032252,False,81.0,False,False,0.027921406411582212,Large (50-100),False
PPP1R10,6,967,-14.889469044322224,1828.9071368808384,3.4165340674490657e-07,0.0,inf,0.9935043469415518,Cox_PH,0.9996299973032252,False,18.0,False,False,0.0062047569803516025,Small (<20),False
PRAM1,6,967,0.1655111395910438,1.024523844717418,1.1799961073203158,0.1584120711017244,8.789676213481068,0.8716607626671639,Cox_PH,0.9996299973032252,False,18.0,False,False,0.0062047569803516025,Small (<20),False
PRKX,5,967,1.2422978053995248,0.7382567967821468,3.463562921695509,0.8149035500075176,14.721089523334706,0.0924244999324443,Cox_PH,0.9996299973032252,False,15.0,False,False,0.005170630816959669,Small (<20),False
PPP1R12B,5,967,-14.982265723315876,2030.4961280279656,3.113756663582188e-07,0.0,inf,0.9941127639346224,Cox_PH,0.9996299973032252,False,15.0,False,False,0.005170630816959669,Small (<20),False
PPP1R13B,5,967,0.4040969831523364,1.0092611467304464,1.4979492157506955,0.2072032953676328,10.829228603661656,0.688870081913057,Cox_PH,0.9996299973032252,False,15.0,False,False,0.005170630816959669,Small (<20),False
PPP1R15A,5,967,-14.861456472202136,2006.0894867825975,3.513593063679661e-07,0.0,inf,0.994089187801167,Cox_PH,0.9996299973032252,False,15.0,False,False,0.005170630816959669,Small (<20),False
PRKD2,5,967,0.5163099977320708,1.0141752529244918,1.6758324011270187,0.2295869399283021,12.232465128653182,0.6106867094056481,Cox_PH,0.9996299973032252,False,15.0,False,False,0.005170630816959669,Small (<20),False
PROS1,8,967,-0.4532913025992673,1.0222040166153403,0.6355329742517004,0.0857078228998847,4.712547206256896,0.6574438629667503,Cox_PH,0.9996299973032252,False,24.0,False,False,0.008273009307135471,Medium (20-50),False
PPP1R15B,5,967,0.1113234188768261,1.0145089430227334,1.1177563519061302,0.1530311001261358,8.16421800011044,0.9126224501472856,Cox_PH,0.9996299973032252,False,15.0,False,False,0.005170630816959669,Small (<20),False
PPP1R21,6,967,0.0308802523455438,1.034434741612798,1.031361993312025,0.1357945983422162,7.833209672802316,0.9761848509627582,Cox_PH,0.9996299973032252,False,18.0,False,False,0.0062047569803516025,Small (<20),False
PPP1R32,5,967,1.3214859843922937,0.7183645259151933,3.7489881780664462,0.9171277656372478,15.324922966993803,0.0658305426387073,Cox_PH,0.9996299973032252,False,15.0,False,False,0.005170630816959669,Small (<20),False
PPP1R3A,11,967,0.7428984387942941,0.6104278626672667,2.102019267734009,0.6353748291994824,6.954139192910632,0.2235993978961322,Cox_PH,0.9996299973032252,False,33.0,False,False,0.011375387797311272,Medium (20-50),False
PPP1R3F,5,967,0.296226107710874,1.0344645839709674,1.3447741862719576,0.1770497563000497,10.214177358135665,0.774604755025486,Cox_PH,0.9996299973032252,False,15.0,False,False,0.005170630816959669,Small (<20),False
PPP1R9A,11,967,0.803307964602558,0.5978239160194736,2.232915129178458,0.6918217724532227,7.206928392024796,0.1790389408423722,Cox_PH,0.9996299973032252,False,33.0,False,False,0.011375387797311272,Medium (20-50),False
PPP2CA,5,967,0.6638666927239403,1.0112764572120336,1.9422880643467704,0.2676071683818839,14.097092195678671,0.5115255568334951,Cox_PH,0.9996299973032252,False,15.0,False,False,0.005170630816959669,Small (<20),False
PRAG1,5,967,0.6053137401145369,1.0071178825461076,1.831826836300657,0.2544534646838613,13.187439056333275,0.5478162492097745,Cox_PH,0.9996299973032252,False,15.0,False,False,0.005170630816959669,Small (<20),False
PROM2,5,967,1.2143185872677356,0.7302530694596339,3.3679982853100596,0.8049481376864863,14.09210347694421,0.0963377298810414,Cox_PH,0.9996299973032252,False,15.0,False,False,0.005170630816959669,Small (<20),False
PPP2R3A,8,967,-0.2097655237154313,1.0205218484093084,0.8107743310368613,0.1097019269087525,5.9921920643658515,0.8371445367746826,Cox_PH,0.9996299973032252,False,24.0,False,False,0.008273009307135471,Medium (20-50),False
PPP2R3C,8,967,-0.2517933052800628,1.0312389793881709,0.7774054070565477,0.1030004723458603,5.867537819549102,0.8071024020272998,Cox_PH,0.9996299973032252,False,24.0,False,False,0.008273009307135471,Medium (20-50),False
PRMT9,6,967,0.168834309551275,1.0111274276715505,1.1839239577799263,0.1631679160377547,8.590389408913929,0.8673887025310059,Cox_PH,0.9996299973032252,False,18.0,False,False,0.0062047569803516025,Small (<20),False
PPP2R5C,6,967,0.2528245539195012,1.0457033888090383,1.287657342581789,0.1658363055751119,9.998181195334286,0.8089547951469558,Cox_PH,0.9996299973032252,False,18.0,False,False,0.0062047569803516025,Small (<20),False
PPP2R5D,5,967,-15.16563151573972,1999.2681448359165,2.592089054170257e-07,0.0,inf,0.9939476316731132,Cox_PH,0.9996299973032252,False,15.0,False,False,0.005170630816959669,Small (<20),False
PPP3CA,5,967,0.3996458115690048,1.0111321547749597,1.491296404155536,0.2055279567355737,10.820741860965027,0.6926614408865674,Cox_PH,0.9996299973032252,False,15.0,False,False,0.005170630816959669,Small (<20),False
PRMT5,6,967,0.8560099269567919,0.726721713656812,2.353750296496179,0.5664510376535611,9.780440126308278,0.2388340498526815,Cox_PH,0.9996299973032252,False,18.0,False,False,0.0062047569803516025,Small (<20),False
PPP4R3A,8,967,-0.1614300780717666,1.0301476792846416,0.8509260277739468,0.1129828174869135,6.408718784402901,0.8754767449930575,Cox_PH,0.9996299973032252,False,24.0,False,False,0.008273009307135471,Medium (20-50),False
PRMT3,5,967,0.4683900579560152,1.0099433773607729,1.5974203677064478,0.220667339710325,11.563794780474284,0.642806425006293,Cox_PH,0.9996299973032252,False,15.0,False,False,0.005170630816959669,Small (<20),False
PPP4R3B,8,967,-0.306233167482206,1.0171604791657374,0.7362149380581487,0.1002721081787829,5.405415771787382,0.7633636192046815,Cox_PH,0.9996299973032252,False,24.0,False,False,0.008273009307135471,Medium (20-50),False
POLR2B,5,967,0.5970317771943794,1.0209444600124598,1.8167183646259135,0.245607790132893,13.437951681350349,0.5586931009999763,Cox_PH,0.9996299973032252,False,15.0,False,False,0.005170630816959669,Small (<20),False
PPRC1,13,967,1.070701225518676,0.5392343127604566,2.917424555417737,1.013897659446777,8.39469936364043,0.0470782563976787,Cox_PH,0.9996299973032252,False,39.0,False,False,0.01344364012409514,Medium (20-50),True
PROM1,5,967,0.2735350187593028,1.009507498445836,1.3146033941858497,0.1817542683350889,9.508343874592349,0.7864226603431046,Cox_PH,0.9996299973032252,False,15.0,False,False,0.005170630816959669,Small (<20),False
PPP6R3,5,967,0.412239825080564,1.0113966621673858,1.510196575917418,0.2080248713216268,10.963562594332856,0.6835713242719439,Cox_PH,0.9996299973032252,False,15.0,False,False,0.005170630816959669,Small (<20),False
A1CF,6,967,0.0701706398198173,1.013816633473729,1.0726912094725254,0.147060683893145,7.824432747203248,0.9448190161512664,Cox_PH,0.9996299973032252,False,18.0,False,False,0.0062047569803516025,Small (<20),False
POLR1A,11,967,-0.4218312609601181,1.023021182541317,0.6558446966615049,0.0883055094412007,4.87095617092193,0.6800911606733835,Cox_PH,0.9996299973032252,False,33.0,False,False,0.011375387797311272,Medium (20-50),False
PI4KB,5,967,1.133547274060334,0.7517657617594031,3.1066571417374007,0.7118318088589105,13.558425566538496,0.1315938515025619,Cox_PH,0.9996299973032252,False,15.0,False,False,0.005170630816959669,Small (<20),False
PIGG,6,967,0.176497691351274,1.027006970391644,1.1930316724653678,0.1593844659533128,8.930133579783332,0.8635504467486337,Cox_PH,0.9996299973032252,False,18.0,False,False,0.0062047569803516025,Small (<20),False
PIGN,5,967,-14.940297638818627,2014.069929997377,3.247215994438429e-07,0.0,inf,0.9940813755676108,Cox_PH,0.9996299973032252,False,15.0,False,False,0.005170630816959669,Small (<20),False
PIGQ,5,967,0.6269385445056032,1.0208804702749683,1.8718711480295,0.2530958072301723,13.8441708425408,0.5391389908148997,Cox_PH,0.9996299973032252,False,15.0,False,False,0.005170630816959669,Small (<20),False
PIGR,7,967,0.0041599693436306,1.0145639348687971,1.0041686340268732,0.1374650820299315,7.335351135525736,0.9967284801891012,Cox_PH,0.9996299973032252,False,21.0,False,False,0.007238883143743537,Medium (20-50),False
PIGW,6,967,1.0172658047568488,0.7239912366226859,2.7656226645487423,0.6691433150349461,11.430538945556426,0.1599974093051079,Cox_PH,0.9996299973032252,False,18.0,False,False,0.0062047569803516025,Small (<20),False
PIK3C2A,7,967,-0.0385735309031471,1.0170957863799812,0.9621609535747616,0.1310624604338215,7.063454306592567,0.9697473444900964,Cox_PH,0.9996299973032252,False,21.0,False,False,0.007238883143743537,Medium (20-50),False
PIK3C2B,12,967,0.9667053853926256,0.5204300476632419,2.629267750059948,0.9480599806248262,7.291784320385723,0.0632382563086163,Cox_PH,0.9996299973032252,False,36.0,False,False,0.012409513960703205,Medium (20-50),False
PIK3C2G,8,967,-14.90591559002234,1605.9981428191286,3.360803428229297e-07,0.0,inf,0.992594618360058,Cox_PH,0.9996299973032252,False,24.0,False,False,0.008273009307135471,Medium (20-50),False
PIK3C3,5,967,0.3004324649372962,1.0260714592618767,1.3504427004280728,0.1807450877747068,10.089875800180227,0.7696759656908961,Cox_PH,0.9996299973032252,False,15.0,False,False,0.005170630816959669,Small (<20),False
PIK3CA,328,967,-0.0629550936331098,0.1853504695590149,0.9389856391759942,0.6529582979678622,1.3503068010970376,0.7341168418436516,Cox_PH,0.9996299973032252,False,21.0,True,False,0.3391933815925543,Medium (20-50),False
PIK3CB,10,967,0.3446283050062889,0.7218076616362782,1.411465187609529,0.3429691725506817,5.808784390204059,0.6330404970655167,Cox_PH,0.9996299973032252,False,30.0,False,False,0.010341261633919338,Medium (20-50),False
PIK3CD,5,967,-14.842954957657025,2015.4242537880464,3.579204944838469e-07,0.0,inf,0.9941238885467648,Cox_PH,0.9996299973032252,False,15.0,False,False,0.005170630816959669,Small (<20),False
PIK3CG,5,967,1.1836917253557768,0.7230454761439734,3.2664106626332376,0.7917754834198448,13.47533339991857,0.1016113170489709,Cox_PH,0.9996299973032252,False,15.0,False,False,0.005170630816959669,Small (<20),False
PIK3R1,30,967,-0.0071884715248955,0.5087438482099675,0.9928373037379756,0.3662912803985617,2.6910984903083808,0.9887263902691384,Cox_PH,0.9996299973032252,False,90.0,False,False,0.031023784901758014,Large (50-100),False
PIK3R3,5,967,-14.936869330565784,2028.0087574813576,3.2583675564045865e-07,0.0,inf,0.9941234032496832,Cox_PH,0.9996299973032252,False,15.0,False,False,0.005170630816959669,Small (<20),False
PIK3R4,8,967,-14.91524641997373,1592.317486600224,3.329590192102812e-07,0.0,inf,0.9925263203394792,Cox_PH,0.9996299973032252,False,24.0,False,False,0.008273009307135471,Medium (20-50),False
PKD1,9,967,-14.951965242746144,1511.677498233007,3.2095489338301764e-07,0.0,inf,0.992108271958034,Cox_PH,0.9996299973032252,False,27.0,False,False,0.009307135470527405,Medium (20-50),False
PJA2,6,967,-14.87335298523568,1825.5231561521352,3.472041209150549e-07,0.0,inf,0.9934993498259136,Cox_PH,0.9996299973032252,False,18.0,False,False,0.0062047569803516025,Small (<20),False
PJA1,10,967,-0.3811414090443371,1.0228332538158702,0.6830812889176837,0.092006634856923,5.071373906838796,0.7094216193147165,Cox_PH,0.9996299973032252,False,30.0,False,False,0.010341261633919338,Medium (20-50),False
PIWIL4,5,967,1.3432522607853723,0.7201203837686276,3.8314842501039097,0.934088873722986,15.71614005023243,0.0621370873595711,Cox_PH,0.9996299973032252,False,15.0,False,False,0.005170630816959669,Small (<20),False
PIWIL3,6,967,-14.914079874588165,1845.585311046803,3.333476576558442e-07,0.0,inf,0.9935524061182248,Cox_PH,0.9996299973032252,False,18.0,False,False,0.0062047569803516025,Small (<20),False
PIWIL2,7,967,0.0709331712671594,1.0206614217765282,1.0735094821927271,0.1452116108270446,7.9361602133199876,0.9445938143137336,Cox_PH,0.9996299973032252,False,21.0,False,False,0.007238883143743537,Medium (20-50),False
PI4KA,10,967,-0.3929486220241769,1.0197512214909223,0.6750634300877573,0.0914776118251269,4.981663005293655,0.699987210357597,Cox_PH,0.9996299973032252,False,30.0,False,False,0.010341261633919338,Medium (20-50),False
PIWIL1,20,967,-0.3195869374506673,0.7212041479413555,0.7264490440026878,0.1767273609750686,2.9861149434968777,0.6576719643317837,Cox_PH,0.9996299973032252,False,60.0,False,False,0.020682523267838676,Large (50-100),False
PITRM1,6,967,0.1684389311689006,1.020435839014486,1.1834559523663537,0.1601546587716012,8.745096782908591,0.8688922892754533,Cox_PH,0.9996299973032252,False,18.0,False,False,0.0062047569803516025,Small (<20),False
PITPNM1,5,967,-15.019735988138947,2005.2591761878025,2.999242218175457e-07,0.0,inf,0.994023763342099,Cox_PH,0.9996299973032252,False,15.0,False,False,0.005170630816959669,Small (<20),False
PIP5K1A,6,967,0.9630987151193814,0.7573473908032747,2.6198019285349634,0.5937468844702594,11.55940742472948,0.2034890992424593,Cox_PH,0.9996299973032252,False,18.0,False,False,0.0062047569803516025,Small (<20),False
PIP4K2C,7,967,0.7502308844610265,0.7198043090022224,2.1174888554509774,0.5165487750048597,8.680223959328734,0.2972862290318455,Cox_PH,0.9996299973032252,False,21.0,False,False,0.007238883143743537,Medium (20-50),False
PINK1,6,967,0.2872683065642684,1.024579663169659,1.332781759602383,0.1789036594761424,9.92884787225776,0.7791884799207753,Cox_PH,0.9996299973032252,False,18.0,False,False,0.0062047569803516025,Small (<20),False
PIKFYVE,11,967,0.3252567759626343,0.7339732054394135,1.3843860774133596,0.3284631228069437,5.834824911113077,0.6576606413339149,Cox_PH,0.9996299973032252,False,33.0,False,False,0.011375387797311272,Medium (20-50),False
PITX2,5,967,1.3349537763787045,0.7337165841228009,3.7998203009052345,0.9020090474819852,16.007194561382615,0.0688442302294038,Cox_PH,0.9996299973032252,False,15.0,False,False,0.005170630816959669,Small (<20),False
PHRF1,5,967,-14.910948823366102,2025.247326918714,3.3439302193725674e-07,0.0,inf,0.9941256022360004,Cox_PH,0.9996299973032252,False,15.0,False,False,0.005170630816959669,Small (<20),False
PHLPP2,5,967,0.502534466266398,1.0085888083463612,1.6529051989162444,0.2289390202303206,11.933726255383489,0.6183042863658503,Cox_PH,0.9996299973032252,False,15.0,False,False,0.005170630816959669,Small (<20),False
PHLPP1,6,967,-14.978247367111017,1853.018273629482,3.1262940199032457e-07,0.0,inf,0.993550639865255,Cox_PH,0.9996299973032252,False,18.0,False,False,0.0062047569803516025,Small (<20),False
PGM5,10,967,-15.007052161640292,1429.7495767428625,3.0375263675929525e-07,0.0,inf,0.9916253338648392,Cox_PH,0.9996299973032252,False,30.0,False,False,0.010341261633919338,Medium (20-50),False
PGLYRP3,5,967,-15.051628655922729,2030.4478587838776,2.9050976233859317e-07,0.0,inf,0.9940853678769236,Cox_PH,0.9996299973032252,False,15.0,False,False,0.005170630816959669,Small (<20),False
PGK1,5,967,0.2694678876468667,1.0182466453118937,1.3092675878879536,0.1779423714223725,9.633352657895498,0.7912874872490058,Cox_PH,0.9996299973032252,False,15.0,False,False,0.005170630816959669,Small (<20),False
PGAP1,7,967,1.4148546483122788,0.6221489662066583,4.11588817120058,1.2158490928246188,13.933090494374744,0.0229574932378683,Cox_PH,0.9996299973032252,False,21.0,False,False,0.007238883143743537,Medium (20-50),True
PFKP,8,967,-15.05710037594362,1602.887508165511,2.8892451522507745e-07,0.0,inf,0.9925049941598004,Cox_PH,0.9996299973032252,False,24.0,False,False,0.008273009307135471,Medium (20-50),False
PFKM,5,967,0.2901881567390516,1.0128809830777237,1.336678969521825,0.1835884759186547,9.73215044474574,0.7744968907637527,Cox_PH,0.9996299973032252,False,15.0,False,False,0.005170630816959669,Small (<20),False
PGR,6,967,-14.952850591201154,1849.8306225983424,3.2067086221586325e-07,0.0,inf,0.9935504804839976,Cox_PH,0.9996299973032252,False,18.0,False,False,0.0062047569803516025,Small (<20),False
PEX5L,8,967,0.7604227533667856,0.7405181662752455,2.1391803750718807,0.5010783251295956,9.13248976776064,0.3044773171363721,Cox_PH,0.9996299973032252,False,24.0,False,False,0.008273009307135471,Medium (20-50),False
PER3,7,967,0.8300891031037848,0.735912493692865,2.2935230911859237,0.5421029317831807,9.703412140753596,0.2593315057817992,Cox_PH,0.9996299973032252,False,21.0,False,False,0.007238883143743537,Medium (20-50),False
PER2,8,967,-15.18011998440518,1603.8668106284474,2.5548044040902624e-07,0.0,inf,0.9924483738576028,Cox_PH,0.9996299973032252,False,24.0,False,False,0.008273009307135471,Medium (20-50),False
PER1,6,967,-0.0044171449979975,1.0185402780520356,0.9955925962388724,0.135232996258971,7.329606272921016,0.9965397924604704,Cox_PH,0.9996299973032252,False,18.0,False,False,0.0062047569803516025,Small (<20),False
PELP1,7,967,-0.0364027502889472,1.017668323300755,0.964251862551778,0.1311999656930047,7.086752267985896,0.9714651632162796,Cox_PH,0.9996299973032252,False,21.0,False,False,0.007238883143743537,Medium (20-50),False
PELI2,6,967,0.1526831118684495,1.0175674952739184,1.1649557597911848,0.1585398688406568,8.56013021957685,0.8807274088028699,Cox_PH,0.9996299973032252,False,18.0,False,False,0.0062047569803516025,Small (<20),False
PEF1,5,967,0.4109888814232878,1.0120071462696574,1.5083085862201056,0.2075163545590507,10.96296624957298,0.6846598478099593,Cox_PH,0.9996299973032252,False,15.0,False,False,0.005170630816959669,Small (<20),False
PEX1,10,967,-0.4787371859301175,1.0270464152663366,0.6195652937740181,0.0827651533155071,4.637956167204539,0.6411224226145817,Cox_PH,0.9996299973032252,False,30.0,False,False,0.010341261633919338,Medium (20-50),False
PKD1L1,19,967,0.1433411842990639,0.602214464215129,1.154123503318293,0.3545169339645341,3.757228310693174,0.8118628807298498,Cox_PH,0.9996299973032252,False,57.0,False,False,0.01964839710444674,Large (50-100),False
PHACTR1,8,967,0.5575802951813006,0.7369093075945421,1.74644151054867,0.4119876327402083,7.403275504851938,0.4492613116271637,Cox_PH,0.9996299973032252,False,24.0,False,False,0.008273009307135471,Medium (20-50),False
PHACTR4,5,967,0.429670904637932,1.0145959373007558,1.5367517024632291,0.2103595367434976,11.226521181700752,0.6719380294806476,Cox_PH,0.9996299973032252,False,15.0,False,False,0.005170630816959669,Small (<20),False
PHLDB2,8,967,1.0755612575135751,0.5949638242332655,2.931637842638725,0.9134123677459008,9.409222760581573,0.0706413874818888,Cox_PH,0.9996299973032252,False,24.0,False,False,0.008273009307135471,Medium (20-50),False
PHLDB1,9,967,0.9756440684379296,0.586176317668774,2.6528752941090437,0.8409176741802428,8.369127611635465,0.0960283618756961,Cox_PH,0.9996299973032252,False,27.0,False,False,0.009307135470527405,Medium (20-50),False
PHKA2,18,967,-1.0491725421867977,1.010999569613465,0.3502274276676561,0.0482802985704114,2.5405652972882597,0.2993828956978009,Cox_PH,0.9996299973032252,False,54.0,False,False,0.01861427094105481,Large (50-100),False
PHKA1,6,967,0.1740232528960541,1.0176721196434966,1.1900832383804656,0.1619262812055346,8.746561112438663,0.8642227453601479,Cox_PH,0.9996299973032252,False,18.0,False,False,0.0062047569803516025,Small (<20),False
PHIP,11,967,-0.5352348002621039,1.0156836424999267,0.5855317909850127,0.0799803148020198,4.28664827217532,0.5982144277430488,Cox_PH,0.9996299973032252,False,33.0,False,False,0.011375387797311272,Medium (20-50),False
PHF8,10,967,0.7998706934281345,0.5943692702258444,2.225253170029389,0.694132040688465,7.1337315963898185,0.1783841063067935,Cox_PH,0.9996299973032252,False,30.0,False,False,0.010341261633919338,Medium (20-50),False
PHACTR2,6,967,1.12872047717188,0.7260966873713125,3.091698069955721,0.7449568139941275,12.831075273369176,0.1200641539047546,Cox_PH,0.9996299973032252,False,18.0,False,False,0.0062047569803516025,Small (<20),False
PHF3,16,967,0.1930860024745741,0.6005777300724846,1.2129871089263575,0.3737955276941047,3.9362100865625975,0.7478311813936914,Cox_PH,0.9996299973032252,False,48.0,False,False,0.016546018614270942,Medium (20-50),False
PHF20,6,967,0.8083073151448757,0.7311941552952497,2.244106205388249,0.5353507019214243,9.406941361965751,0.2689594740029113,Cox_PH,0.9996299973032252,False,18.0,False,False,0.0062047569803516025,Small (<20),False
PHF2,6,967,-14.986885446373796,1823.06845952733,3.09940514566976e-07,0.0,inf,0.9934409101497296,Cox_PH,0.9996299973032252,False,18.0,False,False,0.0062047569803516025,Small (<20),False
PHF12,9,967,-14.914515930683203,1510.4806126610092,3.332023310655309e-07,0.0,inf,0.9921217998248988,Cox_PH,0.9996299973032252,False,27.0,False,False,0.009307135470527405,Medium (20-50),False
PHEX,6,967,0.1533283038948997,1.016943955713707,1.1657076224803935,0.158836191604914,8.55519291528299,0.8801543102205034,Cox_PH,0.9996299973032252,False,18.0,False,False,0.0062047569803516025,Small (<20),False
PHC3,6,967,-14.89871218125672,1853.207363167078,3.385100073376208e-07,0.0,inf,0.9935855400692888,Cox_PH,0.9996299973032252,False,18.0,False,False,0.0062047569803516025,Small (<20),False
PHC2,5,967,0.2611532742081671,1.0064161502823687,1.2984266655015293,0.1806087155426022,9.334609354927531,0.7952584635231337,Cox_PH,0.9996299973032252,False,15.0,False,False,0.005170630816959669,Small (<20),False
PHF20L1,14,967,0.1372629026911459,0.7335292556379442,1.1471296923635332,0.272407972269733,4.830646181672942,0.8515613010300325,Cox_PH,0.9996299973032252,False,42.0,False,False,0.014477766287487074,Medium (20-50),False
PKD1L2,5,967,1.070294196950357,0.7288864033443226,2.916237321913135,0.6988472035200759,12.169241108617792,0.1419965691229686,Cox_PH,0.9996299973032252,False,15.0,False,False,0.005170630816959669,Small (<20),False
PKD2,6,967,-15.081938323062817,1842.4083804804832,2.818366122614572e-07,0.0,inf,0.993468597154068,Cox_PH,0.9996299973032252,False,18.0,False,False,0.0062047569803516025,Small (<20),False
PKDREJ,8,967,-0.1363071609789049,1.031777272908424,0.872574570462499,0.1154877730249979,6.592787799735373,0.8948980028012999,Cox_PH,0.9996299973032252,False,24.0,False,False,0.008273009307135471,Medium (20-50),False
PLXNB2,8,967,1.1153088701581784,0.5992022540350953,3.050510245269124,0.9425865366970634,9.872422737014553,0.0626985928135482,Cox_PH,0.9996299973032252,False,24.0,False,False,0.008273009307135471,Medium (20-50),False
PLXNB1,6,967,-14.99576837130475,1845.1456378093087,3.071995282542559e-07,0.0,inf,0.9935155469018574,Cox_PH,0.9996299973032252,False,18.0,False,False,0.0062047569803516025,Small (<20),False
PLXNA4,15,967,-0.2395449511283118,0.7331427035329591,0.7869858966428345,0.1870265581437013,3.3115446686392676,0.7438667059668895,Cox_PH,0.9996299973032252,False,45.0,False,False,0.015511892450879007,Medium (20-50),False
PLXNA3,13,967,-0.7215454875758235,1.018017760752465,0.4860005674081596,0.0660819065094299,3.5742998953480187,0.4784641451076817,Cox_PH,0.9996299973032252,False,39.0,False,False,0.01344364012409514,Medium (20-50),False
PLXNA2,18,967,0.7876318427160716,0.4864981515118914,2.198184610595055,0.8471271019557624,5.704003060581179,0.1054510951972144,Cox_PH,0.9996299973032252,False,54.0,False,False,0.01861427094105481,Large (50-100),False
PLXNA1,9,967,-0.1778610468974807,1.0063552689992348,0.8370587273153435,0.1164471945804591,6.017039014973063,0.8597143242101398,Cox_PH,0.9996299973032252,False,27.0,False,False,0.009307135470527405,Medium (20-50),False
PRR12,5,967,0.4031355648602921,1.024594844955239,1.4965097520483643,0.2008754265931633,11.148906941771632,0.6939808594581268,Cox_PH,0.9996299973032252,False,15.0,False,False,0.005170630816959669,Small (<20),False
PLVAP,6,967,-14.980515201017074,1839.900511323934,3.1192121376261977e-07,0.0,inf,0.9935036760646838,Cox_PH,0.9996299973032252,False,18.0,False,False,0.0062047569803516025,Small (<20),False
PLK4,6,967,0.1691931848072719,1.005669199604846,1.1843489150421178,0.1649820751531567,8.502028788638393,0.8663949443395367,Cox_PH,0.9996299973032252,False,18.0,False,False,0.0062047569803516025,Small (<20),False
PLK2,9,967,-0.2225525184304856,1.0092164093277125,0.8004729660624592,0.1107348492562732,5.786407564559279,0.8254661085893876,Cox_PH,0.9996299973032252,False,27.0,False,False,0.009307135470527405,Medium (20-50),False
PLIN4,7,967,0.1350917300360827,1.008833745267712,1.1446417775672832,0.1584648604795222,8.268109377609948,0.8934746807456797,Cox_PH,0.9996299973032252,False,21.0,False,False,0.007238883143743537,Medium (20-50),False
PLG,11,967,0.8044826489607833,0.6109110152729593,2.235539640838552,0.675094268398391,7.402873524044386,0.1878864513742907,Cox_PH,0.9996299973032252,False,33.0,False,False,0.011375387797311272,Medium (20-50),False
PLEKHM1,5,967,0.4169802183510953,1.033243956100336,1.517372496508215,0.2002521541865648,11.497600625132472,0.686533253060781,Cox_PH,0.9996299973032252,False,15.0,False,False,0.005170630816959669,Small (<20),False
PLEKHH2,12,967,-16.05360612667276,2135.325702396436,1.0666144046382009e-07,0.0,inf,0.9940014753739206,Cox_PH,0.9996299973032252,False,36.0,False,False,0.012409513960703205,Medium (20-50),False
PLS3,6,967,-15.00079434275472,1839.9640766232296,3.056594256935201e-07,0.0,inf,0.9934951069052924,Cox_PH,0.9996299973032252,False,18.0,False,False,0.0062047569803516025,Small (<20),False
PLEKHH1,6,967,0.1925043669085193,1.006365079940308,1.2122817976195948,0.1686430058416368,8.714426960699692,0.848300893549939,Cox_PH,0.9996299973032252,False,18.0,False,False,0.0062047569803516025,Small (<20),False
PLXND1,7,967,-0.154033010160744,1.0101887865690635,0.8572437227913094,0.1183625352526673,6.208609833309085,0.8788088133690087,Cox_PH,0.9996299973032252,False,21.0,False,False,0.007238883143743537,Medium (20-50),False
PMEL,5,967,0.1228678862006046,1.0154472178956686,1.1307350253787862,0.1545235664105267,8.274218148845833,0.9036919924030856,Cox_PH,0.9996299973032252,False,15.0,False,False,0.005170630816959669,Small (<20),False
POLQ,13,967,0.1535513365417559,0.7194569502057678,1.165967642332276,0.2846245641645125,4.77639920839759,0.8309941416078035,Cox_PH,0.9996299973032252,False,39.0,False,False,0.01344364012409514,Medium (20-50),False
POLN,5,967,-14.96471428343405,2003.3467905790976,3.168889995827583e-07,0.0,inf,0.9940399717612304,Cox_PH,0.9996299973032252,False,15.0,False,False,0.005170630816959669,Small (<20),False
POLG,5,967,0.4437579369503056,1.0094107960242331,1.5585531718230108,0.2155230912390832,11.270662347288535,0.6602118054199227,Cox_PH,0.9996299973032252,False,15.0,False,False,0.005170630816959669,Small (<20),False
POLE,10,967,-14.938016117153044,1421.6132981641613,3.254633045947069e-07,0.0,inf,0.9916161496838858,Cox_PH,0.9996299973032252,False,30.0,False,False,0.010341261633919338,Medium (20-50),False
POLA1,11,967,-15.966203748036197,2226.422668309695,1.164034400913724e-07,0.0,inf,0.9942782300690544,Cox_PH,0.9996299973032252,False,33.0,False,False,0.011375387797311272,Medium (20-50),False
POGZ,13,967,-16.07148174776904,2051.660816208645,1.0477174106268149e-07,0.0,inf,0.993749914258452,Cox_PH,0.9996299973032252,False,39.0,False,False,0.01344364012409514,Medium (20-50),False
PM20D1,5,967,-15.111614409787892,2030.880827679355,2.735956884837817e-07,0.0,inf,0.9940630624901672,Cox_PH,0.9996299973032252,False,15.0,False,False,0.005170630816959669,Small (<20),False
POF1B,5,967,0.3456422491222839,1.0298196723940625,1.412897060228172,0.1877199022515636,10.634344461389055,0.7371470622824198,Cox_PH,0.9996299973032252,False,15.0,False,False,0.005170630816959669,Small (<20),False
PNN,6,967,0.7534206725190109,0.7226141381180542,2.124253980035697,0.5153530711379928,8.756045562575544,0.2971187316261953,Cox_PH,0.9996299973032252,False,18.0,False,False,0.0062047569803516025,Small (<20),False
PNMA8A,5,967,-15.032092061556051,2005.2848051814472,2.962411372038519e-07,0.0,inf,0.9940189234902472,Cox_PH,0.9996299973032252,False,15.0,False,False,0.005170630816959669,Small (<20),False
PNLIPRP1,5,967,-15.012558033730215,1997.6264622440124,3.0208480923013826e-07,0.0,inf,0.9940037961307608,Cox_PH,0.9996299973032252,False,15.0,False,False,0.005170630816959669,Small (<20),False
PMS2,7,967,0.9873672123255384,0.7615749602545479,2.6841583424625406,0.6033126596364651,11.941910868823063,0.1948099364972269,Cox_PH,0.9996299973032252,False,21.0,False,False,0.007238883143743537,Medium (20-50),False
PMS1,10,967,0.3480433443764307,0.7204166436609798,1.4162936367741514,0.3450819764771272,5.812785953194826,0.6290148157330533,Cox_PH,0.9996299973032252,False,30.0,False,False,0.010341261633919338,Medium (20-50),False
PMFBP1,11,967,0.3696261601063466,0.7332952660885095,1.4471934948613272,0.3438215310138095,6.091442282260159,0.6142179225088552,Cox_PH,0.9996299973032252,False,33.0,False,False,0.011375387797311272,Medium (20-50),False
PNPT1,7,967,1.2678589398354962,0.6107989706774046,3.5532367186816844,1.0732516411993247,11.763775329408489,0.0379181430025283,Cox_PH,0.9996299973032252,False,21.0,False,False,0.007238883143743537,Medium (20-50),True
POLR2A,5,967,-15.026977256342107,1986.181659159628,2.9776023454873017e-07,0.0,inf,0.993963453086009,Cox_PH,0.9996299973032252,False,15.0,False,False,0.005170630816959669,Small (<20),False
PLEKHG4B,8,967,-0.2330748105284173,1.008790981043621,0.7920943143135251,0.1096671802929047,5.721068063317443,0.8172808451269467,Cox_PH,0.9996299973032252,False,24.0,False,False,0.008273009307135471,Medium (20-50),False
PLEKHG1,8,967,1.0694204700143584,0.6444790174982877,2.913690439615072,0.8238569205308801,10.304692193923325,0.0970439690934325,Cox_PH,0.9996299973032252,False,24.0,False,False,0.008273009307135471,Medium (20-50),False
PLAT,5,967,0.5291951015531868,1.0349391189169606,1.6975653908309027,0.2232896276459597,12.90578647350357,0.609120216814377,Cox_PH,0.9996299973032252,False,15.0,False,False,0.005170630816959669,Small (<20),False
PLA2R1,7,967,0.776652412943758,0.7417842556206612,2.174181806709684,0.508014784707247,9.304978262298889,0.2950969062987938,Cox_PH,0.9996299973032252,False,21.0,False,False,0.007238883143743537,Medium (20-50),False
PLA2G4F,7,967,0.7877963486160173,0.7167097506697775,2.198546254678145,0.5395851029028266,8.958004229464018,0.2716875375175768,Cox_PH,0.9996299973032252,False,21.0,False,False,0.007238883143743537,Medium (20-50),False
PLA2G4D,6,967,-15.06070269096575,1809.807764112608,2.878855904941855e-07,0.0,inf,0.9933603094775794,Cox_PH,0.9996299973032252,False,18.0,False,False,0.0062047569803516025,Small (<20),False
PLA2G4A,10,967,-0.41221671414106,1.0207837124513046,0.662180756567447,0.0895504799829998,4.8964936251763,0.6863423250792797,Cox_PH,0.9996299973032252,False,30.0,False,False,0.010341261633919338,Medium (20-50),False
PLA1A,5,967,0.2892012710624843,1.019741521148459,1.3353604709033478,0.1809576758055521,9.854169375867388,0.7767150012479326,Cox_PH,0.9996299973032252,False,15.0,False,False,0.005170630816959669,Small (<20),False
PLB1,5,967,0.3422066975131006,1.053320787416541,1.408051308141191,0.1786544035426316,11.097450983820927,0.7452691349035476,Cox_PH,0.9996299973032252,False,15.0,False,False,0.005170630816959669,Small (<20),False
PKP4,10,967,-14.961502856922245,1414.7559167487702,3.179083011473253e-07,0.0,inf,0.99156226916079,Cox_PH,0.9996299973032252,False,30.0,False,False,0.010341261633919338,Medium (20-50),False
PKP1,5,967,0.4899742005549956,1.0215184345824335,1.6322741076460718,0.2204240845289275,12.08723977774818,0.6314742792673855,Cox_PH,0.9996299973032252,False,15.0,False,False,0.005170630816959669,Small (<20),False
PKNOX2,5,967,0.5975989867536378,1.006242398299518,1.8177491169474596,0.2529316173574628,13.063656836122217,0.552584565233667,Cox_PH,0.9996299973032252,False,15.0,False,False,0.005170630816959669,Small (<20),False
PKN2,9,967,-14.965211752727948,1492.2254723454953,3.16731396240554e-07,0.0,inf,0.9919983196407004,Cox_PH,0.9996299973032252,False,27.0,False,False,0.009307135470527405,Medium (20-50),False
PKLR,5,967,0.3555081118070999,1.005742595222954,1.426905497646119,0.1987420800930917,10.244731756148568,0.7237299471284191,Cox_PH,0.9996299973032252,False,15.0,False,False,0.005170630816959669,Small (<20),False
PKHD1L1,36,967,-0.1274121158390695,0.474654983379837,0.8803707830820724,0.3472411154043762,2.232030371178716,0.7883675737730311,Cox_PH,0.9996299973032252,False,108.0,False,False,0.03722854188210962,Very Large (>100),False
PKHD1,22,967,0.010087674334372,0.6063322650462928,1.0101387264423842,0.3077943034198978,3.31513687979671,0.9867260431750025,Cox_PH,0.9996299973032252,False,66.0,False,False,0.022750775594622543,Large (50-100),False
PKP2,6,967,0.1678224772036652,1.0214521617402563,1.1827266310714342,0.1597374482834077,8.757134278016911,0.8694966100659542,Cox_PH,0.9996299973032252,False,18.0,False,False,0.0062047569803516025,Small (<20),False
PLEKHG2,7,967,0.802730759584548,0.725328783756857,2.23162665125484,0.5385291475357726,9.247702809363863,0.2684180536607232,Cox_PH,0.9996299973032252,False,21.0,False,False,0.007238883143743537,Medium (20-50),False
PLCB1,10,967,-0.4917967668334992,1.0171226920587622,0.6115266356986744,0.0832957923351103,4.489600443014309,0.6287282355475474,Cox_PH,0.9996299973032252,False,30.0,False,False,0.010341261633919338,Medium (20-50),False
PLCB4,17,967,-0.2539904040527497,0.7334753106356358,0.7756992455798047,0.184224157988754,3.266180321637347,0.7291296610656903,Cox_PH,0.9996299973032252,False,51.0,False,False,0.017580144777662874,Large (50-100),False
PLEKHA8,6,967,0.2412054970562177,1.0207993227578491,1.2727825615054715,0.1721203778834326,9.411874809905118,0.8132070189612474,Cox_PH,0.9996299973032252,False,18.0,False,False,0.0062047569803516025,Small (<20),False
PLEKHA6,12,967,-0.5618868702836027,1.011590842860238,0.570132282633223,0.0785040610595145,4.140560568632823,0.5785877549201492,Cox_PH,0.9996299973032252,False,36.0,False,False,0.012409513960703205,Medium (20-50),False
PLEKHA4,6,967,0.2098303776170004,1.0476553205988246,1.2334688182908955,0.1582508177116955,9.614138793694815,0.8412571469282508,Cox_PH,0.9996299973032252,False,18.0,False,False,0.0062047569803516025,Small (<20),False
PLEC,13,967,-0.7160312627268749,1.0209758010539456,0.4886878862443507,0.0660631726887335,3.614961868198304,0.4831030209641087,Cox_PH,0.9996299973032252,False,39.0,False,False,0.01344364012409514,Medium (20-50),False
PLD5,6,967,-14.778639720438637,1618.856915925213,3.816966245489155e-07,0.0,inf,0.9927161662261648,Cox_PH,0.9996299973032252,False,18.0,False,False,0.0062047569803516025,Small (<20),False
PLD1,9,967,-0.3496263047026831,1.0112223436768737,0.7049514775542491,0.0971380517559158,5.115982632168181,0.7295334440648489,Cox_PH,0.9996299973032252,False,27.0,False,False,0.009307135470527405,Medium (20-50),False
PLCB3,6,967,1.0473925735362826,0.7266094077058675,2.8502097085938183,0.6860794335812247,11.840750480681326,0.1494492617168972,Cox_PH,0.9996299973032252,False,18.0,False,False,0.0062047569803516025,Small (<20),False
PLCZ1,8,967,-15.06175508229994,1584.299886021381,2.8758278155820833e-07,0.0,inf,0.9924147183741392,Cox_PH,0.9996299973032252,False,24.0,False,False,0.008273009307135471,Medium (20-50),False
PLCL2,15,967,-0.8032673117973231,1.0100718267926294,0.4478632620486162,0.0618521702205303,3.242917763073885,0.4264636634553487,Cox_PH,0.9996299973032252,False,45.0,False,False,0.015511892450879007,Medium (20-50),False
PLCL1,5,967,0.1601425655668716,1.0091407317544023,1.1736781851606994,0.1623869407365503,8.482951129407287,0.8739115378186417,Cox_PH,0.9996299973032252,False,15.0,False,False,0.005170630816959669,Small (<20),False
PLCH1,16,967,-0.2667483550172404,0.7246307893340583,0.7658657734974752,0.1850693420737078,3.169354666972769,0.7127865687987661,Cox_PH,0.9996299973032252,False,48.0,False,False,0.016546018614270942,Medium (20-50),False
PLCG2,8,967,-14.883634231067694,1603.53642056569,3.436527177018569e-07,0.0,inf,0.9925943363067644,Cox_PH,0.9996299973032252,False,24.0,False,False,0.008273009307135471,Medium (20-50),False
PLCG1,10,967,0.4262786283941561,0.719126561927686,1.5315474482949505,0.3741084939037187,6.269939401542837,0.553333248014342,Cox_PH,0.9996299973032252,False,30.0,False,False,0.010341261633919338,Medium (20-50),False
PLCE1,15,967,-15.92092022656098,1912.7275800819384,1.2179576814587177e-07,0.0,inf,0.9933587459652428,Cox_PH,0.9996299973032252,False,45.0,False,False,0.015511892450879007,Medium (20-50),False
PLCXD2,6,967,0.2023168957942662,1.0050584040511397,1.2242359018556517,0.1707426928051439,8.777848813142109,0.8404650613040143,Cox_PH,0.9996299973032252,False,18.0,False,False,0.0062047569803516025,Small (<20),False
PLXNC1,7,967,-15.06147152871196,1707.0338970916555,2.87664338250061e-07,0.0,inf,0.9929602102827232,Cox_PH,0.9996299973032252,False,21.0,False,False,0.007238883143743537,Medium (20-50),False
PTBP1,6,967,0.1661683721574227,1.0175397965354454,1.1807718940984893,0.1607010248171575,8.675876631647201,0.8702790434552738,Cox_PH,0.9996299973032252,False,18.0,False,False,0.0062047569803516025,Small (<20),False
PRRC2A,5,967,0.2402352885593249,1.01941774168344,1.2715482958939122,0.1724197298284411,9.37732050966252,0.8136970412706845,Cox_PH,0.9996299973032252,False,15.0,False,False,0.005170630816959669,Small (<20),False
RIN1,5,967,-14.843550099309152,1768.8151797477,3.577075444634285e-07,0.0,inf,0.9933043878288538,Cox_PH,0.9996299973032252,False,15.0,False,False,0.005170630816959669,Small (<20),False
RIN3,7,967,-0.0413782307549028,1.0155376936100144,0.9594661616986055,0.1310951202842508,7.022193606051775,0.9674990708149904,Cox_PH,0.9996299973032252,False,21.0,False,False,0.007238883143743537,Medium (20-50),False
RIPK1,6,967,0.0703331993477488,1.0268574109467308,1.072865599823176,0.1433727601307711,8.028307429068619,0.9453926846623316,Cox_PH,0.9996299973032252,False,18.0,False,False,0.0062047569803516025,Small (<20),False
RIPOR1,5,967,1.236679630795653,0.7470618299215888,3.444158579979518,0.7964733923912956,14.893439551611278,0.0978451558661531,Cox_PH,0.9996299973032252,False,15.0,False,False,0.005170630816959669,Small (<20),False
RIPOR3,5,967,0.5055309368065605,1.013366827884995,1.6578655086499887,0.2274856667555954,12.082159214559312,0.61787609545303,Cox_PH,0.9996299973032252,False,15.0,False,False,0.005170630816959669,Small (<20),False
RLF,16,967,0.6578975813096736,0.5386786734575741,1.9307288638912263,0.6717207209495085,5.54949970963142,0.2219659069033885,Cox_PH,0.9996299973032252,False,48.0,False,False,0.016546018614270942,Medium (20-50),False
RLN2,5,967,-14.949914278349562,2006.9119495399425,3.216138359451375e-07,0.0,inf,0.9940564430476428,Cox_PH,0.9996299973032252,False,15.0,False,False,0.005170630816959669,Small (<20),False
RMI1,5,967,1.2169334941983991,0.731508404979313,3.376816812157368,0.8050724709739703,14.163807848346272,0.0961934548668745,Cox_PH,0.9996299973032252,False,15.0,False,False,0.005170630816959669,Small (<20),False
RMND1,7,967,0.0375857952695496,1.008479323648536,1.0383010745811236,0.1438428810257072,7.494768693374868,0.9702699065494657,Cox_PH,0.9996299973032252,False,21.0,False,False,0.007238883143743537,Medium (20-50),False
RNASEL,6,967,0.315637296428657,1.0184707314215553,1.3711328506444995,0.1862686416830651,10.09297795447142,0.75662713407505,Cox_PH,0.9996299973032252,False,18.0,False,False,0.0062047569803516025,Small (<20),False
RNF10,8,967,-0.2021844611178308,1.0099411227102997,0.8169442195987966,0.1128530147251632,5.913868225507623,0.8413286210005132,Cox_PH,0.9996299973032252,False,24.0,False,False,0.008273009307135471,Medium (20-50),False
RNF111,5,967,-15.115162730392807,2001.1302123913044,2.726266035936386e-07,0.0,inf,0.993973385526921,Cox_PH,0.9996299973032252,False,15.0,False,False,0.005170630816959669,Small (<20),False
RNF113A,6,967,0.2267759922249187,1.0215093638493056,1.2545488077744629,0.1694186580394925,9.289960912814228,0.8243131872167621,Cox_PH,0.9996299973032252,False,18.0,False,False,0.0062047569803516025,Small (<20),False
RNF123,5,967,-14.983542715500706,2025.8272819068368,3.10978295839256e-07,0.0,inf,0.9940986931579796,Cox_PH,0.9996299973032252,False,15.0,False,False,0.005170630816959669,Small (<20),False
RNF128,5,967,-15.092887299779385,2017.6873928195416,2.787676215689271e-07,0.0,inf,0.9940316475716195,Cox_PH,0.9996299973032252,False,15.0,False,False,0.005170630816959669,Small (<20),False
RNF145,5,967,0.3257509485048742,1.0240993718877591,1.385070372066565,0.1860976356031303,10.308674418990542,0.7504202394158755,Cox_PH,0.9996299973032252,False,15.0,False,False,0.005170630816959669,Small (<20),False
RNF17,6,967,0.1553651253529532,1.0245053627925351,1.168084380473826,0.1568186266484254,8.700631736597481,0.8794638519685628,Cox_PH,0.9996299973032252,False,18.0,False,False,0.0062047569803516025,Small (<20),False
ROBO1,14,967,-0.6975431362065105,1.012147217599921,0.4978068462118921,0.0684705411306003,3.6192448904815246,0.4907152748749459,Cox_PH,0.9996299973032252,False,42.0,False,False,0.014477766287487074,Medium (20-50),False
RO60,6,967,0.1910890106373251,1.0141708586961258,1.2105672006438986,0.1658476186071308,8.836261621255472,0.8505482439871224,Cox_PH,0.9996299973032252,False,18.0,False,False,0.0062047569803516025,Small (<20),False
RNF6,7,967,-14.92782529374328,1694.0370347784956,3.2879700136461386e-07,0.0,inf,0.9929691459281128,Cox_PH,0.9996299973032252,False,21.0,False,False,0.007238883143743537,Medium (20-50),False
RNF43,10,967,0.2874846077711728,0.7555625980291415,1.3330700730856784,0.3031831852513764,5.861393065988271,0.7035811339229971,Cox_PH,0.9996299973032252,False,30.0,False,False,0.010341261633919338,Medium (20-50),False
RNF40,7,967,0.8169835822683112,0.7255776973150952,2.2636613805692285,0.5459932289692889,9.385030022357313,0.260175381185608,Cox_PH,0.9996299973032252,False,21.0,False,False,0.007238883143743537,Medium (20-50),False
RNF32,5,967,-14.829396104136164,1997.568080636333,3.6280653574459816e-07,0.0,inf,0.9940767788434784,Cox_PH,0.9996299973032252,False,15.0,False,False,0.005170630816959669,Small (<20),False
RIMS2,15,967,-16.004320542007296,1920.825831495696,1.120500106102592e-07,0.0,inf,0.9933521028769172,Cox_PH,0.9996299973032252,False,45.0,False,False,0.015511892450879007,Medium (20-50),False
RNF31,5,967,0.3828374248018879,1.0193567450731311,1.466439603978703,0.1988704252877834,10.813297698767055,0.7072383390168551,Cox_PH,0.9996299973032252,False,15.0,False,False,0.005170630816959669,Small (<20),False
RNF214,6,967,-15.00655861002624,1844.412151608071,3.03902591365565e-07,0.0,inf,0.9935083005647468,Cox_PH,0.9996299973032252,False,18.0,False,False,0.0062047569803516025,Small (<20),False
RNF213,16,967,-0.137702278424858,0.7413246580221443,0.8713580752305229,0.2037831973919189,3.725846414163439,0.8526395222402519,Cox_PH,0.9996299973032252,False,48.0,False,False,0.016546018614270942,Medium (20-50),False
RNF207,5,967,0.4377033287124247,1.0360216582590258,1.5491452523229976,0.2033352627740377,11.802433970647725,0.6726712454337584,Cox_PH,0.9996299973032252,False,15.0,False,False,0.005170630816959669,Small (<20),False
RNF20,7,967,0.173127890165058,1.01626863451433,1.189018159089342,0.1622270091677489,8.714727528400166,0.8647298399408864,Cox_PH,0.9996299973032252,False,21.0,False,False,0.007238883143743537,Medium (20-50),False
RNF19A,6,967,-14.931952254384722,1845.0168785791395,3.274428652361581e-07,0.0,inf,0.993542690992278,Cox_PH,0.9996299973032252,False,18.0,False,False,0.0062047569803516025,Small (<20),False
RNF182,5,967,-15.208307129601486,1989.538106845006,2.4837972077758e-07,0.0,inf,0.9939009183897554,Cox_PH,0.9996299973032252,False,15.0,False,False,0.005170630816959669,Small (<20),False
RNF220,5,967,0.464862557988539,1.0157924920810006,1.5917953942908352,0.2173838212168025,11.65593908094236,0.6472144384325584,Cox_PH,0.9996299973032252,False,15.0,False,False,0.005170630816959669,Small (<20),False
RIMS1,14,967,0.0611348194114303,0.7281673617269865,1.063042223253421,0.255106746020154,4.429748668152815,0.9330905411793008,Cox_PH,0.9996299973032252,False,42.0,False,False,0.014477766287487074,Medium (20-50),False
RIMBP2,14,967,-0.7883721300406561,1.016429095404893,0.454584197252646,0.0620029597586178,3.332853676603891,0.4379679287276978,Cox_PH,0.9996299973032252,False,42.0,False,False,0.014477766287487074,Medium (20-50),False
RIF1,12,967,-0.477540466208239,1.0129654674082695,0.6203071836086266,0.0851830522379552,4.517107475341419,0.6373349965110071,Cox_PH,0.9996299973032252,False,36.0,False,False,0.012409513960703205,Medium (20-50),False
RFX1,6,967,-15.001362442136951,1843.797648018489,3.054858300770609e-07,0.0,inf,0.9935083855634064,Cox_PH,0.9996299973032252,False,18.0,False,False,0.0062047569803516025,Small (<20),False
RFTN2,7,967,0.0725143761930082,1.033891856860873,1.0752082633805646,0.1417183469493761,8.157538064248063,0.9440843841781286,Cox_PH,0.9996299973032252,False,21.0,False,False,0.007238883143743537,Medium (20-50),False
RFC1,8,967,-0.1378406218370156,1.023778671723552,0.8712375369192173,0.1171328148416809,6.480292023742605,0.8928972389542618,Cox_PH,0.9996299973032252,False,24.0,False,False,0.008273009307135471,Medium (20-50),False
REXO5,6,967,0.2865417414922365,1.0086602515057708,1.3318137586276475,0.1844397639509909,9.616841019928945,0.7763479056044864,Cox_PH,0.9996299973032252,False,18.0,False,False,0.0062047569803516025,Small (<20),False
REV3L,17,967,0.2145241726559244,0.5990392866436867,1.2392720771099444,0.3830488205347895,4.009398277118335,0.7202582303467453,Cox_PH,0.9996299973032252,False,51.0,False,False,0.017580144777662874,Large (50-100),False
REV1,7,967,-15.149394306974983,1713.6906981735794,2.6345209004042576e-07,0.0,inf,0.9929466207643456,Cox_PH,0.9996299973032252,False,21.0,False,False,0.007238883143743537,Medium (20-50),False
RFX3,10,967,0.8965351149381398,0.6057137693908934,2.4510956163361977,0.7477669804019402,8.034414300017865,0.1388385597104776,Cox_PH,0.9996299973032252,False,30.0,False,False,0.010341261633919338,Medium (20-50),False
RETSAT,5,967,-15.042700838727315,2006.1729372067443,2.931149925956449e-07,0.0,inf,0.9940173521124696,Cox_PH,0.9996299973032252,False,15.0,False,False,0.005170630816959669,Small (<20),False
REST,5,967,-14.949368312721992,2008.5688863554,3.217894739867183e-07,0.0,inf,0.99406156287298,Cox_PH,0.9996299973032252,False,15.0,False,False,0.005170630816959669,Small (<20),False
RESF1,9,967,0.5469947873817634,0.7236662668943754,1.7280520429595114,0.4183691527144799,7.137629157889846,0.4497294903519248,Cox_PH,0.9996299973032252,False,27.0,False,False,0.009307135470527405,Medium (20-50),False
RERE,8,967,0.6568021729080012,0.7396483079962979,1.928615085209196,0.452526700585257,8.219528576072832,0.3745447690933237,Cox_PH,0.9996299973032252,False,24.0,False,False,0.008273009307135471,Medium (20-50),False
RELN,31,967,0.362795144651124,0.4438641853735133,1.437341382009356,0.602192174012335,3.430715870436149,0.4137248975380583,Cox_PH,0.9996299973032252,False,93.0,False,False,0.03205791106514995,Large (50-100),False
RECQL5,6,967,0.1733956881942402,1.0095113708907562,1.189336618448499,0.1644339023819984,8.602371965219302,0.8636246441069715,Cox_PH,0.9996299973032252,False,18.0,False,False,0.0062047569803516025,Small (<20),False
REC8,6,967,-14.904869594121164,1834.7936593301097,3.364320654021079e-07,0.0,inf,0.99351848940974,Cox_PH,0.9996299973032252,False,18.0,False,False,0.0062047569803516025,Small (<20),False
RET,9,967,-15.00511780269625,1496.4590289562234,3.043407720379678e-07,0.0,inf,0.9919996799259382,Cox_PH,0.9996299973032252,False,27.0,False,False,0.009307135470527405,Medium (20-50),False
ROBO2,10,967,0.5548469469681582,0.72741027825344,1.74167439582671,0.4185842067550452,7.2468804415583055,0.4456004040817329,Cox_PH,0.9996299973032252,False,30.0,False,False,0.010341261633919338,Medium (20-50),False
RFX4,8,967,-14.925128049959312,1595.7232982824587,3.2968504412825853e-07,0.0,inf,0.992537330486472,Cox_PH,0.9996299973032252,False,24.0,False,False,0.008273009307135471,Medium (20-50),False
RFX6,11,967,-15.87170886391158,2242.8558304202197,1.279394331007586e-07,0.0,inf,0.994353767375751,Cox_PH,0.9996299973032252,False,33.0,False,False,0.011375387797311272,Medium (20-50),False
RICTOR,9,967,0.6187793225381463,0.7462721095316426,1.856660274670184,0.4300241056804356,8.016265437221966,0.4070136180077264,Cox_PH,0.9996299973032252,False,27.0,False,False,0.009307135470527405,Medium (20-50),False
RIC8A,6,967,0.1609324865716372,1.0188508972976176,1.1746056644814646,0.1594515328631014,8.652776440954602,0.8744923409547751,Cox_PH,0.9996299973032252,False,18.0,False,False,0.0062047569803516025,Small (<20),False
RIC1,13,967,0.171486904395246,0.7480052112724687,1.1870685972493338,0.2740065385113187,5.142694266462888,0.8186676413035825,Cox_PH,0.9996299973032252,False,39.0,False,False,0.01344364012409514,Medium (20-50),False
RHOT1,6,967,0.1183710792308165,1.0316500114002392,1.1256617435691951,0.1490217600473012,8.50288146196263,0.9086515483016115,Cox_PH,0.9996299973032252,False,18.0,False,False,0.0062047569803516025,Small (<20),False
RHOBTB3,5,967,1.214528029883368,0.7224322451324283,3.3687037615561968,0.817553307344185,13.880642315529602,0.092730809420934,Cox_PH,0.9996299973032252,False,15.0,False,False,0.005170630816959669,Small (<20),False
RHOBTB2,5,967,-14.912220256547103,2022.8486487189296,3.339681337193965e-07,0.0,inf,0.994118135061356,Cox_PH,0.9996299973032252,False,15.0,False,False,0.005170630816959669,Small (<20),False
RFX5,7,967,1.3017000995465744,0.6235587449950222,3.6755401429811134,1.0827725844989364,12.476853899027487,0.0368398883062036,Cox_PH,0.9996299973032252,False,21.0,False,False,0.007238883143743537,Medium (20-50),True
RHOA,6,967,-15.10214213863686,1827.6002523101424,2.76199573916079e-07,0.0,inf,0.9934068574894218,Cox_PH,0.9996299973032252,False,18.0,False,False,0.0062047569803516025,Small (<20),False
RGS9,7,967,0.0477732612096596,1.0104798242361086,1.0489327946063665,0.1447471004311911,7.601257671643346,0.9622918227663932,Cox_PH,0.9996299973032252,False,21.0,False,False,0.007238883143743537,Medium (20-50),False
RGS7,13,967,-15.918054236337634,2065.1055950098475,1.2214533431395756e-07,0.0,inf,0.993849881586768,Cox_PH,0.9996299973032252,False,39.0,False,False,0.01344364012409514,Medium (20-50),False
RGS4,5,967,0.4461924101531127,1.0133078916155482,1.562352050012319,0.2144044579309296,11.38476294631917,0.659696295976077,Cox_PH,0.9996299973032252,False,15.0,False,False,0.005170630816959669,Small (<20),False
RGS22,11,967,0.3673621346740365,0.7374492514350038,1.4439207182062477,0.3402623306493305,6.127351906649698,0.6183766103025634,Cox_PH,0.9996299973032252,False,33.0,False,False,0.011375387797311272,Medium (20-50),False
RGS20,5,967,0.6600533182441652,1.0243288113028457,1.9348954968823229,0.2598550893727475,14.40733984811508,0.5193313802570674,Cox_PH,0.9996299973032252,False,15.0,False,False,0.005170630816959669,Small (<20),False
RGS12,7,967,1.319795387429278,0.5996874283692682,3.74265550454583,1.1553554295259365,12.12394893184925,0.0277497964502806,Cox_PH,0.9996299973032252,False,21.0,False,False,0.007238883143743537,Medium (20-50),True
RHBDF2,6,967,-14.809826021920836,1846.771503807567,3.699766202120023e-07,0.0,inf,0.9936015880384556,Cox_PH,0.9996299973032252,False,18.0,False,False,0.0062047569803516025,Small (<20),False
RDX,5,967,0.4079010174113658,1.0251977395112664,1.5036583178110647,0.2015966112845291,11.215408445191027,0.6907219934200972,Cox_PH,0.9996299973032252,False,15.0,False,False,0.005170630816959669,Small (<20),False
ROBO3,8,967,-0.0720775238092376,1.0226638352450628,0.9304587603076948,0.1253684044217307,6.905675386287891,0.9438114811258684,Cox_PH,0.9996299973032252,False,24.0,False,False,0.008273009307135471,Medium (20-50),False
ROCK1,8,967,-0.0383690142326181,1.0255065245742176,0.9623577516530576,0.1289459696348876,7.182329504280635,0.970154355651751,Cox_PH,0.9996299973032252,False,24.0,False,False,0.008273009307135471,Medium (20-50),False
RUFY1,10,967,0.8399487952810469,0.6109737352700468,2.3162483708976698,0.6993809265762105,7.671079252833316,0.1692025417115235,Cox_PH,0.9996299973032252,False,30.0,False,False,0.010341261633919338,Medium (20-50),False
RUFY2,5,967,0.5592305967677306,1.0408329946020032,1.7493260452655774,0.2274551796217787,13.45382249695534,0.5910663582762441,Cox_PH,0.9996299973032252,False,15.0,False,False,0.005170630816959669,Small (<20),False
RUFY3,5,967,0.4175667293748185,1.01491474893391,1.5182627132399555,0.2076988305618233,11.098385388976045,0.6807570039257904,Cox_PH,0.9996299973032252,False,15.0,False,False,0.005170630816959669,Small (<20),False
RUNX1,38,967,0.1757911647857596,0.4184594335820352,1.1921890615938044,0.5249830382356363,2.7073536763409973,0.6744187626635466,Cox_PH,0.9996299973032252,False,114.0,False,False,0.03929679420889348,Very Large (>100),False
RUNX1T1,8,967,-0.2209618509740575,1.0154578584635146,0.8017472655840261,0.1095625945237879,5.86695377802412,0.8277421496360532,Cox_PH,0.9996299973032252,False,24.0,False,False,0.008273009307135471,Medium (20-50),False
RUNX2,6,967,0.2828201081861604,1.0197625841352675,1.3268664479344223,0.1797992089223127,9.791892751957638,0.7815196857632982,Cox_PH,0.9996299973032252,False,18.0,False,False,0.0062047569803516025,Small (<20),False
RUSC2,5,967,-14.835034174693975,2017.121479825389,3.607667624933206e-07,0.0,inf,0.9941319657046688,Cox_PH,0.9996299973032252,False,15.0,False,False,0.005170630816959669,Small (<20),False
RXFP1,5,967,-15.123787583035122,2026.0964593272463,2.702853503069938e-07,0.0,inf,0.9940442497202746,Cox_PH,0.9996299973032252,False,15.0,False,False,0.005170630816959669,Small (<20),False
RXFP2,5,967,0.3903848518076654,1.0489226407753207,1.4775493220035758,0.1890954199032765,11.545239964404855,0.709761090603894,Cox_PH,0.9996299973032252,False,15.0,False,False,0.005170630816959669,Small (<20),False
RYR1,27,967,-1.4705572347671063,1.013389158116971,0.2297973984030529,0.0315304988321555,1.6747861996701985,0.1467442615459553,Cox_PH,0.9996299973032252,False,81.0,False,False,0.027921406411582212,Large (50-100),False
RYR2,55,967,-1.083511709465913,0.5961373731845667,0.3384050563375336,0.1051948471956938,1.0886272969413762,0.0691323682316162,Cox_PH,0.9996299973032252,False,105.0,False,True,0.05687693898655636,Very Large (>100),False
RYR3,37,967,0.1420831175829133,0.4319527723634657,1.1526724519035707,0.4943337828124658,2.68776650023419,0.742207036974964,Cox_PH,0.9996299973032252,False,111.0,False,False,0.038262668045501554,Very Large (>100),False
SACS,22,967,-0.5490687063419466,0.7465894621210506,0.5774873703541538,0.1336696191612853,2.4948949881884954,0.4620740538739323,Cox_PH,0.9996299973032252,False,66.0,False,False,0.022750775594622543,Large (50-100),False
SAE1,6,967,0.0939180009299776,1.0315742268298995,1.0984696687328177,0.1454435145849887,8.296249004770155,0.9274581245290636,Cox_PH,0.9996299973032252,False,18.0,False,False,0.0062047569803516025,Small (<20),False
SAFB2,8,967,-14.89137172476721,1591.3691009505285,3.410039675225094e-07,0.0,inf,0.9925338363156893,Cox_PH,0.9996299973032252,False,24.0,False,False,0.008273009307135471,Medium (20-50),False
SAGE1,14,967,-16.056657130244684,1965.6191517445727,1.0633651195904597e-07,0.0,inf,0.9934823506721164,Cox_PH,0.9996299973032252,False,42.0,False,False,0.014477766287487074,Medium (20-50),False
SALL1,12,967,0.6770012448779009,0.5875851952129165,1.9679674224853885,0.6220929639156894,6.225590065488456,0.2492489780234573,Cox_PH,0.9996299973032252,False,36.0,False,False,0.012409513960703205,Medium (20-50),False
SBF2,12,967,-0.580558054422157,1.0123293605594197,0.5595859999728674,0.0769404447559845,4.069855488342207,0.566314780475508,Cox_PH,0.9996299973032252,False,36.0,False,False,0.012409513960703205,Medium (20-50),False
SBF1,6,967,0.2077660228341103,1.0257112175488576,1.230925127479798,0.164865059059849,9.19040503852985,0.8394805128963694,Cox_PH,0.9996299973032252,False,18.0,False,False,0.0062047569803516025,Small (<20),False
SATB2,7,967,1.2708002982139652,0.6021128154237235,3.5637034469281224,1.094895779263043,11.59926131617343,0.0348094237917726,Cox_PH,0.9996299973032252,False,21.0,False,False,0.007238883143743537,Medium (20-50),True
SATB1,9,967,-0.3159364796433685,1.0280911502887604,0.7291057617547527,0.0971989729228089,5.4691443318660085,0.7586120233279979,Cox_PH,0.9996299973032252,False,27.0,False,False,0.009307135470527405,Medium (20-50),False
SASH1,7,967,-14.916197390145674,1706.6417589941625,3.326425356216097e-07,0.0,inf,0.9930265083345452,Cox_PH,0.9996299973032252,False,21.0,False,False,0.007238883143743537,Medium (20-50),False
SARS1,6,967,0.3122589177024421,1.0073417659480095,1.3665084604601283,0.1897342360637028,9.841899971506214,0.7565738123174559,Cox_PH,0.9996299973032252,False,18.0,False,False,0.0062047569803516025,Small (<20),False
RUBCN,9,967,0.3264961892086847,0.7289349512939365,1.386102967603793,0.3321341533498874,5.784654837276141,0.6542192053732321,Cox_PH,0.9996299973032252,False,27.0,False,False,0.009307135470527405,Medium (20-50),False
SARM1,6,967,0.1243844832336015,1.014627933546199,1.1324511958039267,0.1550068039589516,8.27348011908791,0.9024308019489417,Cox_PH,0.9996299973032252,False,18.0,False,False,0.0062047569803516025,Small (<20),False
SAMD9L,13,967,-0.7930561000265759,1.021200260434186,0.4524599174319171,0.061138798735641,3.348446176832635,0.437399437748538,Cox_PH,0.9996299973032252,False,39.0,False,False,0.01344364012409514,Medium (20-50),False
SAMD9,12,967,0.2079753205356015,0.7336574419035279,1.231182784242231,0.2922945461039926,5.185902605501085,0.7768108864833734,Cox_PH,0.9996299973032252,False,36.0,False,False,0.012409513960703205,Medium (20-50),False
SAMD4A,5,967,-14.97721590194272,2021.059762845616,3.129520346926561e-07,0.0,inf,0.9940872703637372,Cox_PH,0.9996299973032252,False,15.0,False,False,0.005170630816959669,Small (<20),False
SAMD15,6,967,0.3613460519504931,1.0348133971698374,1.4352600494904624,0.1888337640021928,10.908914624184698,0.7269469910130678,Cox_PH,0.9996299973032252,False,18.0,False,False,0.0062047569803516025,Small (<20),False
SAMD14,8,967,-14.89195786046401,1597.510799440623,3.40804151489769e-07,0.0,inf,0.9925622467322214,Cox_PH,0.9996299973032252,False,24.0,False,False,0.008273009307135471,Medium (20-50),False
SALL4,7,967,0.0472932905903503,1.027969416369785,1.048429458486263,0.1398021925967762,7.862568597848625,0.963305057022739,Cox_PH,0.9996299973032252,False,21.0,False,False,0.007238883143743537,Medium (20-50),False
SAMHD1,5,967,0.3344829869964089,1.0231401616793152,1.3972178186693092,0.1880830365488922,10.379551865112214,0.743729868285934,Cox_PH,0.9996299973032252,False,15.0,False,False,0.005170630816959669,Small (<20),False
RTTN,9,967,0.7122773565415977,0.727441343543924,2.038628660449582,0.4899226895252848,8.482984977147023,0.3275037200790373,Cox_PH,0.9996299973032252,False,27.0,False,False,0.009307135470527405,Medium (20-50),False
RTN4,8,967,-14.794968125070232,1595.8621821069405,3.75514735161439e-07,0.0,inf,0.9926030532708616,Cox_PH,0.9996299973032252,False,24.0,False,False,0.008273009307135471,Medium (20-50),False
RTN3,6,967,0.2898834150811071,1.0162639248981873,1.3362716898172116,0.1823196383367998,9.793909450984971,0.7754570408530039,Cox_PH,0.9996299973032252,False,18.0,False,False,0.0062047569803516025,Small (<20),False
RPS6KA3,9,967,-15.102623791762054,1479.217548649419,2.760665735607143e-07,0.0,inf,0.9918538412344968,Cox_PH,0.9996299973032252,False,27.0,False,False,0.009307135470527405,Medium (20-50),False
RPS6KA2,7,967,0.0494666225191983,1.0041254260789063,1.0507105215592811,0.1468095349999262,7.519897124637928,0.960709394587098,Cox_PH,0.9996299973032252,False,21.0,False,False,0.007238883143743537,Medium (20-50),False
RPS6,6,967,-14.861697650486631,1810.557586647612,3.512745763511449e-07,0.0,inf,0.9934507546002486,Cox_PH,0.9996299973032252,False,18.0,False,False,0.0062047569803516025,Small (<20),False
RPL22,6,967,0.2148502420173545,1.026785473170153,1.2396762316523915,0.1656879157993916,9.27525192111516,0.8342565928852871,Cox_PH,0.9996299973032252,False,18.0,False,False,0.0062047569803516025,Small (<20),False
RPH3A,6,967,0.2450178332783184,1.0077188614640658,1.27764409758451,0.1772647085278521,9.208682617364053,0.8078961232626796,Cox_PH,0.9996299973032252,False,18.0,False,False,0.0062047569803516025,Small (<20),False
RPGRIP1L,8,967,-14.94476908626138,1590.3407966228783,3.232728652615934e-07,0.0,inf,0.9925022202494114,Cox_PH,0.9996299973032252,False,24.0,False,False,0.008273009307135471,Medium (20-50),False
RPS6KA5,8,967,0.7310182773836019,0.7464994189110544,2.0771946915052717,0.4808881445263504,8.972435348073454,0.3274506977462031,Cox_PH,0.9996299973032252,False,24.0,False,False,0.008273009307135471,Medium (20-50),False
RPGRIP1,8,967,-0.0449923547800895,1.0083231441272476,0.9560047906720212,0.1324823675812633,6.898617351680785,0.9644094292312088,Cox_PH,0.9996299973032252,False,24.0,False,False,0.008273009307135471,Medium (20-50),False
RP1L1,10,967,-0.3467751057000141,1.0115480798909584,0.7069643026228185,0.0973532325485057,5.133866766405996,0.731736710444162,Cox_PH,0.9996299973032252,False,30.0,False,False,0.010341261633919338,Medium (20-50),False
RP1,21,967,0.0853412981624838,0.602686229561127,1.0890887072492386,0.3342307314516168,3.548788608116127,0.8873947505526977,Cox_PH,0.9996299973032252,False,63.0,False,False,0.02171664943123061,Large (50-100),False
ROS1,17,967,0.7481363458571371,0.5264151942287304,2.1130583348678864,0.753039621154706,5.929323505857527,0.1552613455584983,Cox_PH,0.9996299973032252,False,51.0,False,False,0.017580144777662874,Large (50-100),False
ROR2,7,967,-15.04647362741648,1691.6248042191676,2.92011215135772e-07,0.0,inf,0.9929031599251064,Cox_PH,0.9996299973032252,False,21.0,False,False,0.007238883143743537,Medium (20-50),False
ROR1,10,967,0.3630250585718834,0.7239758980056896,1.4376718847941032,0.3478556439444627,5.941833873643926,0.6160667580793341,Cox_PH,0.9996299973032252,False,30.0,False,False,0.010341261633919338,Medium (20-50),False
ROCK2,10,967,-14.967188917879282,1428.6060697771184,3.161057846341094e-07,0.0,inf,0.9916408933532624,Cox_PH,0.9996299973032252,False,30.0,False,False,0.010341261633919338,Medium (20-50),False
RPGR,10,967,-0.3047797670961426,1.0076527536305635,0.7372857310903586,0.102306797223227,5.313334636831258,0.762297552421904,Cox_PH,0.9996299973032252,False,30.0,False,False,0.010341261633919338,Medium (20-50),False
ROBO4,6,967,0.1418772879918858,1.0064059758717656,1.152435222219489,0.1603047761535233,8.284886909047295,0.8878903158117631,Cox_PH,0.9996299973032252,False,18.0,False,False,0.0062047569803516025,Small (<20),False
RPS6KA6,7,967,-14.983550838751675,1701.7594667079509,3.1097576969477306e-07,0.0,inf,0.9929749241014552,Cox_PH,0.9996299973032252,False,21.0,False,False,0.007238883143743537,Medium (20-50),False
RPS6KB2,5,967,0.258023247246158,1.0093036740118666,1.2943689087871215,0.1790281981798672,9.358251320563038,0.7982251134531259,Cox_PH,0.9996299973032252,False,15.0,False,False,0.005170630816959669,Small (<20),False
RTL9,16,967,-0.1057876357392367,0.7286107202995734,0.8996156740092476,0.2157004482381427,3.75200129407984,0.88456016191876,Cox_PH,0.9996299973032252,False,48.0,False,False,0.016546018614270942,Medium (20-50),False
RTL5,6,967,0.8759704621042576,0.7244458845777696,2.401204441524654,0.580454726350735,9.9332170249464,0.2266016594391896,Cox_PH,0.9996299973032252,False,18.0,False,False,0.0062047569803516025,Small (<20),False
RTF2,5,967,-14.969394193771915,2032.419932473341,3.154094522524433e-07,0.0,inf,0.9941233893970176,Cox_PH,0.9996299973032252,False,15.0,False,False,0.005170630816959669,Small (<20),False
RSPH4A,5,967,0.4725000699079255,1.0404570668503303,1.6039992949837738,0.2087128738019885,12.327048597631498,0.6497371280446287,Cox_PH,0.9996299973032252,False,15.0,False,False,0.005170630816959669,Small (<20),False
RSL1D1,6,967,1.2384214084370333,0.746637385837234,3.450162765847893,0.7985259065734629,14.906996770990892,0.0971832864659295,Cox_PH,0.9996299973032252,False,18.0,False,False,0.0062047569803516025,Small (<20),False
RSF1,6,967,-14.922599358888904,1829.7303388348391,3.3051977069340953e-07,0.0,inf,0.9934928227444364,Cox_PH,0.9996299973032252,False,18.0,False,False,0.0062047569803516025,Small (<20),False
RPS6KB1,5,967,0.285091105115791,1.0193216015053734,1.3298831817637948,0.1803638221564849,9.80567641554942,0.7797175743943512,Cox_PH,0.9996299973032252,False,15.0,False,False,0.005170630816959669,Small (<20),False
RSBN1,6,967,-14.933916727484434,1851.6942167333,3.2680024394849026e-07,0.0,inf,0.99356512953929,Cox_PH,0.9996299973032252,False,18.0,False,False,0.0062047569803516025,Small (<20),False
RRNAD1,5,967,0.5104398507343569,1.0157088591359718,1.6660238356153578,0.2275581399156738,12.197478068097562,0.6152839004512087,Cox_PH,0.9996299973032252,False,15.0,False,False,0.005170630816959669,Small (<20),False
RRN3,5,967,0.3902492567054474,1.024070218382531,1.4773489871347472,0.1985075049366905,10.994848937747422,0.7031463669507256,Cox_PH,0.9996299973032252,False,15.0,False,False,0.005170630816959669,Small (<20),False
RRM1,5,967,-15.039856062854565,1992.282336812534,2.939500262331528e-07,0.0,inf,0.9939767799215664,Cox_PH,0.9996299973032252,False,15.0,False,False,0.005170630816959669,Small (<20),False
RREB1,9,967,-0.2436217519336182,1.011003357229596,0.7837840430000383,0.1080470679869446,5.685646427126687,0.809578158770223,Cox_PH,0.9996299973032252,False,27.0,False,False,0.009307135470527405,Medium (20-50),False
RPTOR,10,967,0.4777675181092917,0.7563090188560047,1.612470569598247,0.3661917561593014,7.100272723478277,0.5275767831768833,Cox_PH,0.9996299973032252,False,30.0,False,False,0.010341261633919338,Medium (20-50),False
RPTN,9,967,0.4062829407095688,0.7207887791159299,1.5012272506765094,0.3655094787932729,6.16586816192639,0.5729825817825149,Cox_PH,0.9996299973032252,False,27.0,False,False,0.009307135470527405,Medium (20-50),False
RRP1,5,967,-14.839388577456928,2005.3999205545765,3.591992539644435e-07,0.0,inf,0.9940959352472628,Cox_PH,0.9996299973032252,False,15.0,False,False,0.005170630816959669,Small (<20),False
RCN1,6,967,0.1144237785357638,1.0222309280575346,1.121227176229763,0.1512004497873597,8.314461911218899,0.9108746660624004,Cox_PH,0.9996299973032252,False,18.0,False,False,0.0062047569803516025,Small (<20),False
RC3H2,6,967,-14.856547464503866,1849.3687430211123,3.530883724347989e-07,0.0,inf,0.9935904170549824,Cox_PH,0.9996299973032252,False,18.0,False,False,0.0062047569803516025,Small (<20),False
RC3H1,12,967,0.166376613147716,0.7329613552071926,1.1810178048104834,0.2807676996850943,4.967818794126842,0.820429698513636,Cox_PH,0.9996299973032252,False,36.0,False,False,0.012409513960703205,Medium (20-50),False
PTPN21,5,967,0.4201434604075116,1.0190738267233532,1.5221799125060294,0.2065441186074144,11.218095686573024,0.6801344196059369,Cox_PH,0.9996299973032252,False,15.0,False,False,0.005170630816959669,Small (<20),False
PTPN22,10,967,0.2749449504831379,0.7320553297345079,1.3164582024848392,0.3135227054680106,5.527708738997348,0.707229558061464,Cox_PH,0.9996299973032252,False,30.0,False,False,0.010341261633919338,Medium (20-50),False
PTPN23,8,967,0.5271824452704513,0.7413344881918326,1.694152211112666,0.3962011858807309,7.244177495425119,0.4770059790504207,Cox_PH,0.9996299973032252,False,24.0,False,False,0.008273009307135471,Medium (20-50),False
PTPN3,7,967,-0.1277002333598238,1.0152945897011822,0.8801171693717373,0.1203107104040813,6.438381331315306,0.8999088182669095,Cox_PH,0.9996299973032252,False,21.0,False,False,0.007238883143743537,Medium (20-50),False
PTPN4,6,967,1.0631028885396263,0.7325196539414742,2.89534098598481,0.6889162053212361,12.16838762156069,0.1466974376118081,Cox_PH,0.9996299973032252,False,18.0,False,False,0.0062047569803516025,Small (<20),False
PTPRA,7,967,0.0791328726169496,1.007321444558833,1.0823481269443158,0.1502856956535078,7.79500312924509,0.9373844207756332,Cox_PH,0.9996299973032252,False,21.0,False,False,0.007238883143743537,Medium (20-50),False
PTPRB,14,967,-0.0556682701863172,0.7238865821593848,0.945852851443299,0.2288963561252465,3.9084834364680567,0.9387015677640098,Cox_PH,0.9996299973032252,False,42.0,False,False,0.014477766287487074,Medium (20-50),False
PTPRC,9,967,-0.2784693837777946,1.0312378980865653,0.7569414420825362,0.1002893607389909,5.713072079830611,0.7871340301141481,Cox_PH,0.9996299973032252,False,27.0,False,False,0.009307135470527405,Medium (20-50),False
PTPRD,24,967,-0.2321186493874084,0.5977928248206095,0.7928520463161045,0.2456634949892421,2.558843215086401,0.6977993653427972,Cox_PH,0.9996299973032252,False,72.0,False,False,0.02481902792140641,Large (50-100),False
PTPRE,6,967,-15.027906006052833,1833.6917496045205,2.974838181976997e-07,0.0,inf,0.9934610602011286,Cox_PH,0.9996299973032252,False,18.0,False,False,0.0062047569803516025,Small (<20),False
PTPRF,12,967,0.7307300158312544,0.6103615967548089,2.0765960024326366,0.6277716998948439,6.86913882553409,0.2312253460757485,Cox_PH,0.9996299973032252,False,36.0,False,False,0.012409513960703205,Medium (20-50),False
PTPRG,11,967,0.2617099153092458,0.7295208985966759,1.2991496243459202,0.3109413263237119,5.4280007305334435,0.7197879730532026,Cox_PH,0.9996299973032252,False,33.0,False,False,0.011375387797311272,Medium (20-50),False
PTPRH,7,967,0.1920670473854445,1.0099013995587738,1.211751759028587,0.1674049258471031,8.771201433164302,0.8491649797914631,Cox_PH,0.9996299973032252,False,21.0,False,False,0.007238883143743537,Medium (20-50),False
PTPRJ,8,967,-0.0232358439576133,1.0094569558949802,0.9770320294981693,0.1350957520505042,7.066037030597726,0.981635785436376,Cox_PH,0.9996299973032252,False,24.0,False,False,0.008273009307135471,Medium (20-50),False
PTPRK,6,967,0.2523945447320068,1.0092898075547816,1.2871037571260804,0.1780281708383817,9.305471565576026,0.8025321102777718,Cox_PH,0.9996299973032252,False,18.0,False,False,0.0062047569803516025,Small (<20),False
PTPRM,8,967,-15.093637234791368,1586.4372811843648,2.785586423395199e-07,0.0,inf,0.9924089035388066,Cox_PH,0.9996299973032252,False,24.0,False,False,0.008273009307135471,Medium (20-50),False
PTPRN2,6,967,-14.81256601682279,1851.9910929188004,3.689642737042693e-07,0.0,inf,0.9936184403002848,Cox_PH,0.9996299973032252,False,18.0,False,False,0.0062047569803516025,Small (<20),False
PYHIN1,9,967,-0.3041667607967663,1.013485733582826,0.7377378304436756,0.1012058417877808,5.3777242188153265,0.7640860588697899,Cox_PH,0.9996299973032252,False,27.0,False,False,0.009307135470527405,Medium (20-50),False
PYGB,6,967,-14.894676168155478,1844.1516273663883,3.398789989378172e-07,0.0,inf,0.9935557885968636,Cox_PH,0.9996299973032252,False,18.0,False,False,0.0062047569803516025,Small (<20),False
PXDNL,16,967,-0.9161173074234475,1.0157322144437446,0.4000693757958387,0.0546420007341269,2.9291662695233005,0.367095125309701,Cox_PH,0.9996299973032252,False,48.0,False,False,0.016546018614270942,Medium (20-50),False
PXDN,5,967,-15.029924443360416,2009.7090573001108,2.9688397134093674e-07,0.0,inf,0.9940329507729604,Cox_PH,0.9996299973032252,False,15.0,False,False,0.005170630816959669,Small (<20),False
PWWP3B,5,967,0.2397778149843316,1.008500894304422,1.2709667291850564,0.1760681861170908,9.174607078766057,0.8120698268481492,Cox_PH,0.9996299973032252,False,15.0,False,False,0.005170630816959669,Small (<20),False
PWWP3A,5,967,-14.958875705058915,2031.042286820734,3.1874459258435404e-07,0.0,inf,0.9941235354163586,Cox_PH,0.9996299973032252,False,15.0,False,False,0.005170630816959669,Small (<20),False
PTPN14,7,967,0.0667767981710006,1.0094799770283478,1.0690568361017951,0.1478134967756721,7.731922616988529,0.9472586421694816,Cox_PH,0.9996299973032252,False,21.0,False,False,0.007238883143743537,Medium (20-50),False
PUS7,6,967,0.2165542919011066,1.0365573186852173,1.241790502690872,0.1628219424728113,9.470736125327493,0.834513148468187,Cox_PH,0.9996299973032252,False,18.0,False,False,0.0062047569803516025,Small (<20),False
PUM3,5,967,0.3116512796012509,1.0483345114556222,1.3656783700767656,0.174979866044506,10.65881151161214,0.766251004717787,Cox_PH,0.9996299973032252,False,15.0,False,False,0.005170630816959669,Small (<20),False
PUM2,9,967,-15.035839811105882,1485.063559308967,2.9513297746490237e-07,0.0,inf,0.9919217871814636,Cox_PH,0.9996299973032252,False,27.0,False,False,0.009307135470527405,Medium (20-50),False
PTPRZ1,10,967,-15.003652317779984,1417.6103777064577,3.04787105816624e-07,0.0,inf,0.99155553652968,Cox_PH,0.9996299973032252,False,30.0,False,False,0.010341261633919338,Medium (20-50),False
PTPRU,10,967,0.9093324117542584,0.6010938549243734,2.482664582338789,0.7642872766782945,8.064537532519777,0.1303314714973832,Cox_PH,0.9996299973032252,False,30.0,False,False,0.010341261633919338,Medium (20-50),False
PTPRT,11,967,0.2739784145805453,0.7490431218109231,1.3151864130819422,0.3029625422145966,5.709337162645475,0.714535798942967,Cox_PH,0.9996299973032252,False,33.0,False,False,0.011375387797311272,Medium (20-50),False
PTPRO,7,967,1.3245296837204747,0.6175706755912607,3.760416354008453,1.1208542968134274,12.616029751321046,0.0319734914758686,Cox_PH,0.9996299973032252,False,21.0,False,False,0.007238883143743537,Medium (20-50),True
PUS10,5,967,-15.037401749473084,2016.1941924850444,2.946723577674086e-07,0.0,inf,0.994049184596962,Cox_PH,0.9996299973032252,False,15.0,False,False,0.005170630816959669,Small (<20),False
PTPN13,11,967,-0.3962717711499975,1.0216561432371638,0.6728238169854127,0.0908343453723711,4.983708385270251,0.6981107892025313,Cox_PH,0.9996299973032252,False,33.0,False,False,0.011375387797311272,Medium (20-50),False
PTPN12,7,967,-0.0995589388143071,1.022043566976183,0.9052365947246184,0.1221183857097887,6.710318742470383,0.9223995022376252,Cox_PH,0.9996299973032252,False,21.0,False,False,0.007238883143743537,Medium (20-50),False
PTK7,7,967,0.6804544828294117,0.7256390354221759,1.9747750296547957,0.4762568227793075,8.188305618364222,0.348382481104092,Cox_PH,0.9996299973032252,False,21.0,False,False,0.007238883143743537,Medium (20-50),False
PSMB5,5,967,0.2764528450727874,1.0217393470223302,1.3184447800842585,0.1779671537715547,9.767513843384666,0.7867211471166589,Cox_PH,0.9996299973032252,False,15.0,False,False,0.005170630816959669,Small (<20),False
PSIP1,6,967,0.9117014965993864,0.7200346716355887,2.4885531979371445,0.6067936721413995,10.205935399932905,0.2054446712774709,Cox_PH,0.9996299973032252,False,18.0,False,False,0.0062047569803516025,Small (<20),False
PSG8,6,967,0.1847763352135154,1.022994913034326,1.202949352626011,0.1619781718760995,8.933840456541553,0.856663558946092,Cox_PH,0.9996299973032252,False,18.0,False,False,0.0062047569803516025,Small (<20),False
PSG6,7,967,0.6977292062413479,0.7360994470680439,2.0091850784253973,0.474722094672255,8.50355339402154,0.3431938246071797,Cox_PH,0.9996299973032252,False,21.0,False,False,0.007238883143743537,Medium (20-50),False
PSG11,6,967,1.166171068292836,0.737039337773958,3.209679437001821,0.756974256230781,13.60950125253865,0.113595427902367,Cox_PH,0.9996299973032252,False,18.0,False,False,0.0062047569803516025,Small (<20),False
PSD2,7,967,-15.090485462510935,1681.9224957365532,2.794379807562222e-07,0.0,inf,0.9928413444402788,Cox_PH,0.9996299973032252,False,21.0,False,False,0.007238883143743537,Medium (20-50),False
PSMC4,6,967,1.0789290575468242,0.7408599510551063,2.9415276567732387,0.6885575019912953,12.566248905194922,0.1453042189012841,Cox_PH,0.9996299973032252,False,18.0,False,False,0.0062047569803516025,Small (<20),False
PRX,9,967,-14.991021826808932,1501.2084925338906,3.086611305201855e-07,0.0,inf,0.9920324817398778,Cox_PH,0.9996299973032252,False,27.0,False,False,0.009307135470527405,Medium (20-50),False
PRUNE1,5,967,1.2325043656455383,0.7140610907754713,3.4298082836822688,0.846152756637362,13.90243637515804,0.0843386144279895,Cox_PH,0.9996299973032252,False,15.0,False,False,0.005170630816959669,Small (<20),False
PRTG,11,967,-16.02065590926792,2229.9889630764596,1.1023450141147975e-07,0.0,inf,0.9942678980662724,Cox_PH,0.9996299973032252,False,33.0,False,False,0.011375387797311272,Medium (20-50),False
PRSS12,6,967,0.2491192944098626,1.0182507837637162,1.2828950661514664,0.1743566714723321,9.439385008086388,0.8067242212531095,Cox_PH,0.9996299973032252,False,18.0,False,False,0.0062047569803516025,Small (<20),False
PRRX1,7,967,-14.97308274503584,1696.4993231435972,3.142481913205427e-07,0.0,inf,0.9929580658904228,Cox_PH,0.9996299973032252,False,21.0,False,False,0.007238883143743537,Medium (20-50),False
PRRC2C,14,967,-0.0597696751267961,0.7209986490216413,0.9419814703630436,0.2292534710171598,3.870515401884161,0.9339322813701904,Cox_PH,0.9996299973032252,False,42.0,False,False,0.014477766287487074,Medium (20-50),False
PRRC2B,12,967,0.1973783937593336,0.7200108282016313,1.2182049146417888,0.297053557095394,4.9958102793592785,0.783982771640313,Cox_PH,0.9996299973032252,False,36.0,False,False,0.012409513960703205,Medium (20-50),False
PRUNE2,29,967,-0.7985792246326365,0.7307845281814783,0.449967813364454,0.107429882518414,1.884680764025628,0.2744949072934082,Cox_PH,0.9996299973032252,False,87.0,False,False,0.02998965873836608,Large (50-100),False
PZP,8,967,-14.790429242549662,1586.4662760688675,3.772230263628443e-07,0.0,inf,0.9925615284923612,Cox_PH,0.9996299973032252,False,24.0,False,False,0.008273009307135471,Medium (20-50),False
PSMC5,5,967,-14.981226461114584,2013.8244838565245,3.116994355300567e-07,0.0,inf,0.9940644385150524,Cox_PH,0.9996299973032252,False,15.0,False,False,0.005170630816959669,Small (<20),False
PSME4,5,967,-15.09771911878694,2019.5849167634497,2.7742391576219965e-07,0.0,inf,0.9940353462299668,Cox_PH,0.9996299973032252,False,15.0,False,False,0.005170630816959669,Small (<20),False
PTK2B,7,967,0.7492022116745243,0.741522046728102,2.1153117722347594,0.4945134149813299,9.048377168744535,0.3123241385864331,Cox_PH,0.9996299973032252,False,21.0,False,False,0.007238883143743537,Medium (20-50),False
PTK2,9,967,-0.1502195951155689,1.0152111443387064,0.860518989908521,0.117650908942626,6.293983944945908,0.8823673753331935,Cox_PH,0.9996299973032252,False,27.0,False,False,0.009307135470527405,Medium (20-50),False
PTGS2,8,967,-0.1704445432008394,1.0243744308268128,0.8432898544879812,0.1132431018125751,6.279744790630523,0.867850902207058,Cox_PH,0.9996299973032252,False,24.0,False,False,0.008273009307135471,Medium (20-50),False
PTGIS,7,967,0.0797934584476606,1.013272444179368,1.083063346986976,0.1486411106084444,7.891667445062742,0.9372328457064716,Cox_PH,0.9996299973032252,False,21.0,False,False,0.007238883143743537,Medium (20-50),False
PTEN,52,967,0.2347611796074546,0.3528167719289186,1.264606718793487,0.6333325157781041,2.525103501519792,0.5058003041014933,Cox_PH,0.9996299973032252,False,9.0,True,False,0.05377456049638056,Small (<20),False
PTDSS1,5,967,-14.957064489638311,1978.0041769778516,3.193224308424917e-07,0.0,inf,0.993966697724154,Cox_PH,0.9996299973032252,False,15.0,False,False,0.005170630816959669,Small (<20),False
PSMD1,9,967,0.4235293168411036,0.7331138900728169,1.5273425301649497,0.3629922090202969,6.42651590442326,0.5634580002564811,Cox_PH,0.9996299973032252,False,27.0,False,False,0.009307135470527405,Medium (20-50),False
PTCHD4,11,967,-0.6723307939828108,1.0152836296748005,0.5105172793873758,0.0697884533177354,3.734541749571264,0.5078367588983185,Cox_PH,0.9996299973032252,False,33.0,False,False,0.011375387797311272,Medium (20-50),False
PTCHD1,10,967,-14.818607999460996,1417.436553544347,3.667417190480478e-07,0.0,inf,0.9916586579271472,Cox_PH,0.9996299973032252,False,30.0,False,False,0.010341261633919338,Medium (20-50),False
PTCH1,8,967,-0.158336523734018,1.0144175058774971,0.8535624895946257,0.1168814816136726,6.233399111512871,0.875965114673696,Cox_PH,0.9996299973032252,False,24.0,False,False,0.008273009307135471,Medium (20-50),False
PTCD3,5,967,-14.953924957741457,2009.810350008247,3.203265291741187e-07,0.0,inf,0.994063422074142,Cox_PH,0.9996299973032252,False,15.0,False,False,0.005170630816959669,Small (<20),False
PTCD1,6,967,0.2623003753009317,1.0144448868714837,1.299916946736603,0.1779929025201762,9.49354746446403,0.7959705615410424,Cox_PH,0.9996299973032252,False,18.0,False,False,0.0062047569803516025,Small (<20),False
PTBP3,7,967,0.0781448850175781,1.019448099586361,1.0812793084933208,0.1466108633683469,7.974613313874087,0.9388987133502108,Cox_PH,0.9996299973032252,False,21.0,False,False,0.007238883143743537,Medium (20-50),False
PEAR1,7,967,-14.920093824356574,1688.3488806498983,3.313489377120264e-07,0.0,inf,0.9929491127687572,Cox_PH,0.9996299973032252,False,21.0,False,False,0.007238883143743537,Medium (20-50),False
PTCHD3,10,967,0.3826250107153903,0.723101096712048,1.4661281446301675,0.3553496165310092,6.049061646557653,0.5967051729626829,Cox_PH,0.9996299973032252,False,30.0,False,False,0.010341261633919338,Medium (20-50),False
QRICH2,11,967,-0.3000797318301595,1.013014560243278,0.7407591562438565,0.1017142090948238,5.394763744832916,0.7670586395484569,Cox_PH,0.9996299973032252,False,33.0,False,False,0.011375387797311272,Medium (20-50),False
QSER1,17,967,-0.2123865491776291,0.7247654387386204,0.8086520533579983,0.1953569640343268,3.3472988620216517,0.7694902222594064,Cox_PH,0.9996299973032252,False,51.0,False,False,0.017580144777662874,Large (50-100),False
RAB11FIP1,6,967,-14.964183089452856,1849.152776971172,3.17057373827777e-07,0.0,inf,0.9935432266686036,Cox_PH,0.9996299973032252,False,18.0,False,False,0.0062047569803516025,Small (<20),False
RBAK,6,967,0.2436977566353644,1.0147742253809813,1.2759586221763994,0.1745996351676184,9.32459225326171,0.8102141827139249,Cox_PH,0.9996299973032252,False,18.0,False,False,0.0062047569803516025,Small (<20),False
RB1CC1,12,967,-15.96973073382705,2161.2426634071353,1.1599360996951609e-07,0.0,inf,0.994104370666756,Cox_PH,0.9996299973032252,False,36.0,False,False,0.012409513960703205,Medium (20-50),False
RB1,22,967,-1.1134105625295725,1.0066416232412223,0.3284368941586026,0.0456647714361105,2.3622321989604376,0.2686986033091721,Cox_PH,0.9996299973032252,False,27.0,True,False,0.022750775594622543,Medium (20-50),False
RASSF5,6,967,0.1539785927161135,1.0394379691046465,1.1664659156441584,0.1520843729822875,8.946630779205902,0.8822351278875323,Cox_PH,0.9996299973032252,False,18.0,False,False,0.0062047569803516025,Small (<20),False
RASGRP2,8,967,-14.94731767570822,1602.5722372861546,3.224500244358439e-07,0.0,inf,0.992558175660117,Cox_PH,0.9996299973032252,False,24.0,False,False,0.008273009307135471,Medium (20-50),False
RASGRF2,7,967,1.332521933080297,0.5991281210264147,3.7905909600750696,1.1714365496499926,12.26577728934269,0.026141595750728,Cox_PH,0.9996299973032252,False,21.0,False,False,0.007238883143743537,Medium (20-50),True
RBBP6,14,967,0.3574065721112218,0.606211930626741,1.4296169941109482,0.4357141752689209,4.690700614891392,0.5554765311519307,Cox_PH,0.9996299973032252,False,42.0,False,False,0.014477766287487074,Medium (20-50),False
RASGRF1,11,967,-0.3502650642628887,1.0154756288619922,0.7045013268428212,0.0962701192169783,5.15551578787038,0.7301491762501469,Cox_PH,0.9996299973032252,False,33.0,False,False,0.011375387797311272,Medium (20-50),False
RASEF,6,967,-15.178571695689618,1845.8955751564376,2.558763042686517e-07,0.0,inf,0.9934391675802487,Cox_PH,0.9996299973032252,False,18.0,False,False,0.0062047569803516025,Small (<20),False
RASAL3,7,967,-15.063645114488065,1692.6797454337134,2.87039754175581e-07,0.0,inf,0.9928994889585844,Cox_PH,0.9996299973032252,False,21.0,False,False,0.007238883143743537,Medium (20-50),False
RASAL2,11,967,-0.4448238100660894,1.011825573273857,0.640937192766265,0.0882129118626839,4.656920131041249,0.660208736314827,Cox_PH,0.9996299973032252,False,33.0,False,False,0.011375387797311272,Medium (20-50),False
RASAL1,6,967,1.0080807172422628,0.7634657477919305,2.7403364840070217,0.6136612897350642,12.237115443312412,0.1867012658971773,Cox_PH,0.9996299973032252,False,18.0,False,False,0.0062047569803516025,Small (<20),False
RASA3,7,967,1.0350082248640005,0.7216184670797312,2.8151293895852176,0.6842965035174623,11.581169039108213,0.1514902842602008,Cox_PH,0.9996299973032252,False,21.0,False,False,0.007238883143743537,Medium (20-50),False
RASA2,5,967,1.328135601515505,0.7311258772389084,3.774000583344004,0.9004405658037347,15.817901751646968,0.069284182178455,Cox_PH,0.9996299973032252,False,15.0,False,False,0.005170630816959669,Small (<20),False
RASGEF1C,5,967,0.3451482532886298,1.006208969319809,1.4121992673346186,0.1965140543976808,10.148418019123469,0.7315845710416243,Cox_PH,0.9996299973032252,False,15.0,False,False,0.005170630816959669,Small (<20),False
RARS2,6,967,-15.091314889444648,1844.572006039101,2.7920630346165705e-07,0.0,inf,0.9934722023414476,Cox_PH,0.9996299973032252,False,18.0,False,False,0.0062047569803516025,Small (<20),False
RBBP8,6,967,0.1355659509929075,1.0276052311498554,1.1451847194132887,0.1528130038621728,8.582044776506924,0.8950442832978004,Cox_PH,0.9996299973032252,False,18.0,False,False,0.0062047569803516025,Small (<20),False
RBL1,8,967,-0.1538476711716687,1.013037445034093,0.8574026182005852,0.1177253319159842,6.244529004359547,0.8792912810030442,Cox_PH,0.9996299973032252,False,24.0,False,False,0.008273009307135471,Medium (20-50),False
RBSN,5,967,0.4298367493993275,1.0493838567096003,1.5370065858175987,0.1965269691020911,12.020687316555856,0.6820930194503959,Cox_PH,0.9996299973032252,False,15.0,False,False,0.005170630816959669,Small (<20),False
RBPJL,5,967,-14.91719950500808,2028.3589731143957,3.3230935656252097e-07,0.0,inf,0.994132155085149,Cox_PH,0.9996299973032252,False,15.0,False,False,0.005170630816959669,Small (<20),False
RBP3,6,967,1.0344779248687035,0.7162071994479171,2.8136369222458475,0.6912261800020414,11.452912171529302,0.1486311045503992,Cox_PH,0.9996299973032252,False,18.0,False,False,0.0062047569803516025,Small (<20),False
RBMX,5,967,0.3812048248072871,1.0222236399474185,1.4640474479374692,0.1974334902687446,10.856491099329672,0.7092100358091598,Cox_PH,0.9996299973032252,False,15.0,False,False,0.005170630816959669,Small (<20),False
RBMS3,6,967,0.0707504723552162,1.0210066778711142,1.0733133710935578,0.1450868694533046,7.940081669065043,0.9447549501221106,Cox_PH,0.9996299973032252,False,18.0,False,False,0.0062047569803516025,Small (<20),False
RBM6,11,967,0.3113847932014457,0.7245782023896619,1.3653144838521505,0.3299584691565447,5.649449291547273,0.6673802079062621,Cox_PH,0.9996299973032252,False,33.0,False,False,0.011375387797311272,Medium (20-50),False
RBFOX1,8,967,0.5591613299313253,0.7160752403458298,1.7492048791810246,0.429838319937137,7.118299061373078,0.4348792399481322,Cox_PH,0.9996299973032252,False,24.0,False,False,0.008273009307135471,Medium (20-50),False
RBM33,7,967,-0.0269296579038267,1.0220947003469156,0.9734297122025568,0.1313046253983343,7.216542461654763,0.9789801546445716,Cox_PH,0.9996299973032252,False,21.0,False,False,0.007238883143743537,Medium (20-50),False
RBM26,8,967,0.6497740960073287,0.7392212167890073,1.9151081495663445,0.4497337720770287,8.155134108779466,0.3794022686408528,Cox_PH,0.9996299973032252,False,24.0,False,False,0.008273009307135471,Medium (20-50),False
RBM25,9,967,-0.3845985033802278,1.024247451282464,0.6807238896864496,0.0914353139665386,5.067899850591957,0.7072933032167161,Cox_PH,0.9996299973032252,False,27.0,False,False,0.009307135470527405,Medium (20-50),False
RBM19,6,967,0.265954795823217,1.004176726895841,1.3046760805457192,0.1822763040723802,9.338458357550524,0.7911260993109088,Cox_PH,0.9996299973032252,False,18.0,False,False,0.0062047569803516025,Small (<20),False
RBM15,7,967,0.9073778169170996,0.7330322367153147,2.477816718312166,0.5889786363476884,10.42410591939184,0.2157747898729881,Cox_PH,0.9996299973032252,False,21.0,False,False,0.007238883143743537,Medium (20-50),False
RBM14,5,967,-14.821341020238506,2019.7134965758248,3.6574077473375155e-07,0.0,inf,0.9941449056744264,Cox_PH,0.9996299973032252,False,15.0,False,False,0.005170630816959669,Small (<20),False
RBM12,11,967,0.1685814218382403,0.7236445999839534,1.1836245958119136,0.2865729947989705,4.888692267719388,0.8157912048714463,Cox_PH,0.9996299973032252,False,33.0,False,False,0.011375387797311272,Medium (20-50),False
RBM27,8,967,-0.2045365642516651,1.0324523476629686,0.8150249405956392,0.1077282781010666,6.166121518899022,0.8429609488040793,Cox_PH,0.9996299973032252,False,24.0,False,False,0.008273009307135471,Medium (20-50),False
PRR27,5,967,0.4676435673227638,1.0104426955544514,1.5962283533337258,0.2202869826835418,11.566479893397991,0.6435001488352327,Cox_PH,0.9996299973032252,False,15.0,False,False,0.005170630816959669,Small (<20),False
RARS1,5,967,1.1023563805123116,0.7152071328092393,3.011253329135553,0.7412260794156089,12.23330757517192,0.1232411948084511,Cox_PH,0.9996299973032252,False,15.0,False,False,0.005170630816959669,Small (<20),False
RARB,8,967,-0.1436758331605752,1.0130376001037482,0.866168485654241,0.1189288897792488,6.308373406437596,0.8872168520878977,Cox_PH,0.9996299973032252,False,24.0,False,False,0.008273009307135471,Medium (20-50),False
RAE1,5,967,-15.039771679521712,2005.5972168700223,2.939748317626299e-07,0.0,inf,0.9940168000563104,Cox_PH,0.9996299973032252,False,15.0,False,False,0.005170630816959669,Small (<20),False
RADX,9,967,-0.4374350203030787,1.01409821080411,0.6456904818365671,0.0884721457780836,4.712400662012842,0.6662112063125912,Cox_PH,0.9996299973032252,False,27.0,False,False,0.009307135470527405,Medium (20-50),False
RAD54L2,5,967,0.9011670414301256,0.7284963696154281,2.4624752455132453,0.5905589350348612,10.267873323104606,0.216078402910546,Cox_PH,0.9996299973032252,False,15.0,False,False,0.005170630816959669,Small (<20),False
RAD54B,17,967,-0.2085292881796571,0.7230372270599079,0.8117772588761706,0.1967773773980705,3.348872348752886,0.7730349023956369,Cox_PH,0.9996299973032252,False,51.0,False,False,0.017580144777662874,Large (50-100),False
RAD51AP2,7,967,-14.952697429145358,1700.011833958328,3.2071998058579317e-07,0.0,inf,0.9929821826215256,Cox_PH,0.9996299973032252,False,21.0,False,False,0.007238883143743537,Medium (20-50),False
RAD50,9,967,1.0119686101416447,0.6239507245312074,2.7510113566994603,0.8097944653959136,9.34565968043426,0.1048306204219751,Cox_PH,0.9996299973032252,False,27.0,False,False,0.009307135470527405,Medium (20-50),False
RAF1,5,967,0.4179764162620942,1.0167470425561795,1.518884852997558,0.2070390642893031,11.14287878272935,0.6810051904821603,Cox_PH,0.9996299973032252,False,15.0,False,False,0.005170630816959669,Small (<20),False
RAD21,7,967,0.8629669557511473,0.7209198668468799,2.3701824984578903,0.5769290502139234,9.737358647329405,0.2312925654535703,Cox_PH,0.9996299973032252,False,21.0,False,False,0.007238883143743537,Medium (20-50),False
RABGAP1,6,967,0.930712283976886,0.72678833948819,2.5363151109866897,0.6103071881628845,10.540420409570132,0.2003404200229956,Cox_PH,0.9996299973032252,False,18.0,False,False,0.0062047569803516025,Small (<20),False
RABEP2,6,967,0.1287670128251071,1.0201983315649148,1.1374250878340306,0.1539970677949781,8.401041974102059,0.8995596583549634,Cox_PH,0.9996299973032252,False,18.0,False,False,0.0062047569803516025,Small (<20),False
RABEP1,8,967,-14.945059486348544,1598.5796613835334,3.231790004231817e-07,0.0,inf,0.9925407167315968,Cox_PH,0.9996299973032252,False,24.0,False,False,0.008273009307135471,Medium (20-50),False
RAB9B,6,967,-15.012087306095516,1820.404349773663,3.022270423717751e-07,0.0,inf,0.9934202657072168,Cox_PH,0.9996299973032252,False,18.0,False,False,0.0062047569803516025,Small (<20),False
RAB40A,5,967,1.120117488946657,0.7136952752758706,3.065214310938924,0.756747790661202,12.415680478928794,0.1165403680252574,Cox_PH,0.9996299973032252,False,15.0,False,False,0.005170630816959669,Small (<20),False
RAB3GAP2,10,967,-0.4971971111283053,1.0156649341927082,0.6082330824854604,0.0830842286991827,4.452679990196548,0.6244674574205524,Cox_PH,0.9996299973032252,False,30.0,False,False,0.010341261633919338,Medium (20-50),False
RAD17,5,967,0.2949653899384449,1.0102735044824829,1.3430798738047534,0.1854127832150631,9.728906044881832,0.7703127138553632,Cox_PH,0.9996299973032252,False,15.0,False,False,0.005170630816959669,Small (<20),False
RARG,6,967,0.2539030402496357,1.0092803292906167,1.2890468125511665,0.1783002405184945,9.31934628981034,0.8013746843043341,Cox_PH,0.9996299973032252,False,18.0,False,False,0.0062047569803516025,Small (<20),False
RAG1,5,967,-14.745346122487662,2009.0457484001508,3.946185943334815e-07,0.0,inf,0.9941439967714714,Cox_PH,0.9996299973032252,False,15.0,False,False,0.005170630816959669,Small (<20),False
RAI14,6,967,0.4325802969714225,1.012979459270723,1.5412292263633516,0.2116419296887746,11.223614959897828,0.6693519559670043,Cox_PH,0.9996299973032252,False,18.0,False,False,0.0062047569803516025,Small (<20),False
RAPH1,5,967,1.2627325810656174,0.7241115261447216,3.535068161527016,0.8551092758691476,14.61416366222917,0.0811874902436535,Cox_PH,0.9996299973032252,False,15.0,False,False,0.005170630816959669,Small (<20),False
RAPGEF6,18,967,0.1929166897541434,0.595011297585613,1.2127817521643447,0.3778320653982065,3.892839473094122,0.745768775417342,Cox_PH,0.9996299973032252,False,54.0,False,False,0.01861427094105481,Large (50-100),False
RAPGEF5,5,967,-14.958776300306036,2025.4154190880492,3.187762788866704e-07,0.0,inf,0.9941072492871512,Cox_PH,0.9996299973032252,False,15.0,False,False,0.005170630816959669,Small (<20),False
RAPGEF4,5,967,-15.07808646697868,2000.8230439078352,2.829242997942331e-07,0.0,inf,0.993987245116034,Cox_PH,0.9996299973032252,False,15.0,False,False,0.005170630816959669,Small (<20),False
RAPGEF2,8,967,0.62236834534397,0.7350502708749017,1.8633358429563407,0.4411677080031015,7.870069365143578,0.3971613871107456,Cox_PH,0.9996299973032252,False,24.0,False,False,0.008273009307135471,Medium (20-50),False
RAPGEF1,10,967,0.3693346263534239,0.7308675441916158,1.4467716506044723,0.3453607485592077,6.060758837607005,0.6133219537533705,Cox_PH,0.9996299973032252,False,30.0,False,False,0.010341261633919338,Medium (20-50),False
RAI1,6,967,-14.876121011487356,1846.7113491439115,3.462443797009019e-07,0.0,inf,0.9935727373324834,Cox_PH,0.9996299973032252,False,18.0,False,False,0.0062047569803516025,Small (<20),False
RANBP6,10,967,-0.391156351450829,1.0129271745014,0.6762744112874686,0.092875665216843,4.9242939826531895,0.699374963546368,Cox_PH,0.9996299973032252,False,30.0,False,False,0.010341261633919338,Medium (20-50),False
RANBP17,6,967,-14.797089297075043,1854.3544415789547,3.747190480108157e-07,0.0,inf,0.9936332323870368,Cox_PH,0.9996299973032252,False,18.0,False,False,0.0062047569803516025,Small (<20),False
RALY,5,967,0.3595835958400549,1.0124426469181256,1.4327326944765304,0.1969502752271329,10.422544327265731,0.7224664252124113,Cox_PH,0.9996299973032252,False,15.0,False,False,0.005170630816959669,Small (<20),False
RALGAPB,13,967,0.6447959745915676,0.627278919467061,1.905598199156769,0.5572893427663784,6.516012810515564,0.303984890185245,Cox_PH,0.9996299973032252,False,39.0,False,False,0.01344364012409514,Medium (20-50),False
RALGAPA2,9,967,0.4849409494578619,0.7556705469076592,1.6240791032610962,0.3692898941117402,7.142445476320748,0.5210446488638338,Cox_PH,0.9996299973032252,False,27.0,False,False,0.009307135470527405,Medium (20-50),False
RALGAPA1,9,967,-14.91849529558907,1491.228999179703,3.318790320937214e-07,0.0,inf,0.992017967378676,Cox_PH,0.9996299973032252,False,27.0,False,False,0.009307135470527405,Medium (20-50),False
RAI2,9,967,-14.972851625914585,1498.9130208865236,3.143208284799719e-07,0.0,inf,0.9920299521705797,Cox_PH,0.9996299973032252,False,27.0,False,False,0.009307135470527405,Medium (20-50),False
RANBP2,18,967,0.5879509008916478,0.5365911626582008,1.800295649058595,0.6289095842035431,5.153466420970228,0.2732035855367715,Cox_PH,0.9996299973032252,False,54.0,False,False,0.01861427094105481,Large (50-100),False
PEAK1,9,967,0.4674563913306598,0.7261632176889219,1.5959296056681338,0.3844953762987247,6.624244303705797,0.5197475466756625,Cox_PH,0.9996299973032252,False,27.0,False,False,0.009307135470527405,Medium (20-50),False
PDE3A,11,967,0.835480800917857,0.6066591829633396,2.3059224714410007,0.7021759974991225,7.57257220872637,0.1684556318942296,Cox_PH,0.9996299973032252,False,33.0,False,False,0.011375387797311272,Medium (20-50),False
PDZRN3,8,967,-14.918916214017091,1581.3649229191146,3.317393674890041e-07,0.0,inf,0.9924727074927618,Cox_PH,0.9996299973032252,False,24.0,False,False,0.008273009307135471,Medium (20-50),False
NEBL,7,967,0.888766556722457,0.7226775935566849,2.4321279086117755,0.5899712178079677,10.026330073908229,0.2187628592708717,Cox_PH,0.9996299973032252,False,21.0,False,False,0.007238883143743537,Medium (20-50),False
NEB,42,967,-0.1795320452843403,0.4651441008673995,0.8356611715142295,0.3358084123501282,2.079547646496795,0.6995182873044914,Cox_PH,0.9996299973032252,False,126.0,False,False,0.04343329886246122,Very Large (>100),False
NDUFS2,6,967,-15.03052615725793,1829.0036855275348,2.967053858635021e-07,0.0,inf,0.9934431571276156,Cox_PH,0.9996299973032252,False,18.0,False,False,0.0062047569803516025,Small (<20),False
NDUFS1,9,967,0.5996065142172896,0.7129515072267392,1.82140196358994,0.4503282850091955,7.366859296660761,0.400336700626561,Cox_PH,0.9996299973032252,False,27.0,False,False,0.009307135470527405,Medium (20-50),False
NDST3,5,967,0.4980330581437327,1.024158934655908,1.6454815190695251,0.2210605896379885,12.248268377612517,0.626765160871207,Cox_PH,0.9996299973032252,False,15.0,False,False,0.005170630816959669,Small (<20),False
NDNF,6,967,-14.934114558094404,1857.046256361496,3.2673559925145173e-07,0.0,inf,0.9935835895519232,Cox_PH,0.9996299973032252,False,18.0,False,False,0.0062047569803516025,Small (<20),False
NECAB1,7,967,-14.943514068979116,1668.1500590398218,3.23678832989355e-07,0.0,inf,0.992852537679152,Cox_PH,0.9996299973032252,False,21.0,False,False,0.007238883143743537,Medium (20-50),False
NCOR2,8,967,-0.0973157358747451,1.0074146861089486,0.9072695033757756,0.1259527401394691,6.535292132940137,0.923044468635154,Cox_PH,0.9996299973032252,False,24.0,False,False,0.008273009307135471,Medium (20-50),False
NCOA6,20,967,0.0303606374181957,0.6055441623335392,1.0308262214343882,0.3145834422834608,3.377808733618034,0.9600125968830532,Cox_PH,0.9996299973032252,False,60.0,False,False,0.020682523267838676,Large (50-100),False
NCOA5,6,967,-14.856476232234863,1850.6000686140103,3.531135246165381e-07,0.0,inf,0.9935947123899648,Cox_PH,0.9996299973032252,False,18.0,False,False,0.0062047569803516025,Small (<20),False
NCOA3,11,967,0.2241706527138719,0.7294926085167409,1.251284536311174,0.2995017974389776,5.22772485574307,0.7586175666375649,Cox_PH,0.9996299973032252,False,33.0,False,False,0.011375387797311272,Medium (20-50),False
NCOA2,6,967,0.9906734569498786,0.7266750641350572,2.6930475133424228,0.6481652052466789,11.189284537974618,0.172789134339814,Cox_PH,0.9996299973032252,False,18.0,False,False,0.0062047569803516025,Small (<20),False
NCOA1,6,967,0.3195123319090284,1.0124960389222524,1.3764563467958608,0.1891944599240209,10.014204831343775,0.7523296935140706,Cox_PH,0.9996299973032252,False,18.0,False,False,0.0062047569803516025,Small (<20),False
NCL,10,967,0.4328314399281611,0.7369373783612284,1.5416163438371513,0.3636491238670165,6.5353682866424885,0.5569766208218945,Cox_PH,0.9996299973032252,False,30.0,False,False,0.010341261633919338,Medium (20-50),False
NCOR1,49,967,-0.328363718947414,0.4637325406616066,0.7201010576691841,0.2901725599528521,1.7870247046810075,0.4788902473219179,Cox_PH,0.9996299973032252,False,147.0,False,False,0.050672182006204755,Very Large (>100),False
NCKIPSD,5,967,0.4020285895535812,1.0142374379323833,1.4948540692756394,0.2047681759431293,10.912773325922254,0.6918209699142938,Cox_PH,0.9996299973032252,False,15.0,False,False,0.005170630816959669,Small (<20),False
NECTIN3,5,967,0.6169083873901101,1.0068034944567466,1.853189831203999,0.2575796048139836,13.333014284877343,0.5400485228003846,Cox_PH,0.9996299973032252,False,15.0,False,False,0.005170630816959669,Small (<20),False
NEDD4L,9,967,-14.952884413027489,1488.2738958440204,3.206600167250595e-07,0.0,inf,0.9919836832954092,Cox_PH,0.9996299973032252,False,27.0,False,False,0.009307135470527405,Medium (20-50),False
NES,9,967,-0.2756209721843313,1.021992444455421,0.7591005964821,0.102414583111636,5.626481093531008,0.7873988825339407,Cox_PH,0.9996299973032252,False,27.0,False,False,0.009307135470527405,Medium (20-50),False
NEO1,6,967,1.1237987639894464,0.7315811430542132,3.0765190029563185,0.7333734124936787,12.906070787823824,0.1245081681128836,Cox_PH,0.9996299973032252,False,18.0,False,False,0.0062047569803516025,Small (<20),False
NEMF,5,967,1.2417682292145336,0.7302438602455265,3.4617291868509676,0.8273646609188221,14.484023223553717,0.0890398645787377,Cox_PH,0.9996299973032252,False,15.0,False,False,0.005170630816959669,Small (<20),False
NELL1,9,967,-0.3224218979092884,1.02444916104748,0.7243925061668265,0.0972624529713302,5.39513951129048,0.7529688779005113,Cox_PH,0.9996299973032252,False,27.0,False,False,0.009307135470527405,Medium (20-50),False
NELFCD,7,967,-0.0500459000365344,1.0067367906893414,0.9511857640373927,0.1322250333527621,6.84253453953467,0.9603526846813624,Cox_PH,0.9996299973032252,False,21.0,False,False,0.007238883143743537,Medium (20-50),False
NEK9,5,967,0.4173101314034039,1.0227885213101504,1.5178731800865095,0.2044656332141043,11.26809896904965,0.6832647635730029,Cox_PH,0.9996299973032252,False,15.0,False,False,0.005170630816959669,Small (<20),False
NEDD4,8,967,-0.1006626385829874,1.0183820797810952,0.9042380364600492,0.1228622444629081,6.654985265452896,0.9212608225178868,Cox_PH,0.9996299973032252,False,24.0,False,False,0.008273009307135471,Medium (20-50),False
NEK8,8,967,-0.1814553121833111,1.0103530213276233,0.8340555165907209,0.1151237969985276,6.042613455186083,0.85746978326425,Cox_PH,0.9996299973032252,False,24.0,False,False,0.008273009307135471,Medium (20-50),False
NEK11,6,967,-14.824798495723432,1832.7171081905867,3.64478418511649e-07,0.0,inf,0.9935460040217386,Cox_PH,0.9996299973032252,False,18.0,False,False,0.0062047569803516025,Small (<20),False
NEK10,10,967,0.326232333675889,0.7497528170382135,1.3857372849125884,0.3187707177627352,6.023978100228734,0.6634754355068735,Cox_PH,0.9996299973032252,False,30.0,False,False,0.010341261633919338,Medium (20-50),False
NEK1,5,967,-15.030050867397389,2031.8217750714005,2.968464404432212e-07,0.0,inf,0.9940978405128714,Cox_PH,0.9996299973032252,False,15.0,False,False,0.005170630816959669,Small (<20),False
NEIL1,6,967,-15.025377286152022,1852.0193453692211,2.982370233700403e-07,0.0,inf,0.9935268575495476,Cox_PH,0.9996299973032252,False,18.0,False,False,0.0062047569803516025,Small (<20),False
NEFH,5,967,0.3115701529853134,1.023577216235412,1.365567581706146,0.1836651179336438,10.153124562719055,0.7608281924687282,Cox_PH,0.9996299973032252,False,15.0,False,False,0.005170630816959669,Small (<20),False
NEDD9,12,967,-0.5074816271226337,1.0065074901790096,0.6020097564225695,0.0837234387466226,4.3287250530256225,0.6141204560733686,Cox_PH,0.9996299973032252,False,36.0,False,False,0.012409513960703205,Medium (20-50),False
NEK5,11,967,-0.5181458272112444,1.010640000390337,0.5956239143924844,0.0821671059465509,4.31763834577549,0.6081676283388622,Cox_PH,0.9996299973032252,False,33.0,False,False,0.011375387797311272,Medium (20-50),False
NETO1,5,967,0.3682818171526249,1.0068459987135856,1.445249277624019,0.2008621674298764,10.398899410472383,0.7145309587096575,Cox_PH,0.9996299973032252,False,15.0,False,False,0.005170630816959669,Small (<20),False
NCKAP5,16,967,-0.1063359676699061,0.7274217661456442,0.8991225212279222,0.2160851730565365,3.741216006374211,0.8837777158593365,Cox_PH,0.9996299973032252,False,48.0,False,False,0.016546018614270942,Medium (20-50),False
NCKAP1,12,967,-16.117530423519618,2156.356572702674,1.0005653872098317e-07,0.0,inf,0.9940363253898185,Cox_PH,0.9996299973032252,False,36.0,False,False,0.012409513960703205,Medium (20-50),False
NALCN,12,967,0.7398863989494999,0.5958209057823876,2.0956974275418574,0.6518618823490939,6.737543376487112,0.2143128414906387,Cox_PH,0.9996299973032252,False,36.0,False,False,0.012409513960703205,Medium (20-50),False
NAALADL2,7,967,-14.90013403645793,1713.2469792053346,3.380290371390464e-07,0.0,inf,0.9930608737817924,Cox_PH,0.9996299973032252,False,21.0,False,False,0.007238883143743537,Medium (20-50),False
NAALADL1,5,967,-15.01285138602928,2010.239534716163,3.019962049536079e-07,0.0,inf,0.9940413016555862,Cox_PH,0.9996299973032252,False,15.0,False,False,0.005170630816959669,Small (<20),False
NAALAD2,7,967,-14.869052575976,1715.2675774067552,3.4870045585190476e-07,0.0,inf,0.9930835054209116,Cox_PH,0.9996299973032252,False,21.0,False,False,0.007238883143743537,Medium (20-50),False
NAA25,5,967,0.3524585481703295,1.0577635197693989,1.4225606867831673,0.1789304760440188,11.309861530146206,0.7389749382868959,Cox_PH,0.9996299973032252,False,15.0,False,False,0.005170630816959669,Small (<20),False
NAA16,6,967,0.3713521454227175,1.044231296391756,1.4496934864371525,0.1872442816744871,11.223900595649862,0.7221232903491157,Cox_PH,0.9996299973032252,False,18.0,False,False,0.0062047569803516025,Small (<20),False
NAMPT,5,967,-14.838527437496912,2004.902416385808,3.595087080181425e-07,0.0,inf,0.9940948129124708,Cox_PH,0.9996299973032252,False,15.0,False,False,0.005170630816959669,Small (<20),False
NAA15,5,967,0.437888692838893,1.0304823250088548,1.549432434895318,0.2055930264176481,11.67715127374356,0.6708835739911135,Cox_PH,0.9996299973032252,False,15.0,False,False,0.005170630816959669,Small (<20),False
N4BP2,9,967,-0.1905821357696321,1.018724690267277,0.8264778715450891,0.1122212927780102,6.08677422300688,0.8515985857251623,Cox_PH,0.9996299973032252,False,27.0,False,False,0.009307135470527405,Medium (20-50),False
N4BP1,6,967,0.2478012482416582,1.0081321581995435,1.2812052650878591,0.1776148598088306,9.24183333002434,0.8058352419408263,Cox_PH,0.9996299973032252,False,18.0,False,False,0.0062047569803516025,Small (<20),False
MYT1L,15,967,-0.1150852513095686,0.7183113308666984,0.8912901570147952,0.2180620857311102,3.642990670881783,0.8727106155496382,Cox_PH,0.9996299973032252,False,45.0,False,False,0.015511892450879007,Medium (20-50),False
MYT1,7,967,-0.1359820790204757,1.0187010376796648,0.8728582748238266,0.1185244378753443,6.428054682948338,0.8938092278499735,Cox_PH,0.9996299973032252,False,21.0,False,False,0.007238883143743537,Medium (20-50),False
MYRIP,6,967,0.2234407322052487,1.0053673847316522,1.2503715313170682,0.1742822196205307,8.970673943287416,0.8241209523132339,Cox_PH,0.9996299973032252,False,18.0,False,False,0.0062047569803516025,Small (<20),False
MYPN,12,967,0.6337467584149246,0.6008217313809027,1.884658728112382,0.5805009536186363,6.11874709129875,0.2915168075490703,Cox_PH,0.9996299973032252,False,36.0,False,False,0.012409513960703205,Medium (20-50),False
N4BP2L2,7,967,0.1297247254694381,1.0233854710848578,1.1385149360200206,0.153184715051584,8.46178588447404,0.8991300593210878,Cox_PH,0.9996299973032252,False,21.0,False,False,0.007238883143743537,Medium (20-50),False
NCKAP1L,9,967,-14.921818378618813,1486.7099963463293,3.30778000936433e-07,0.0,inf,0.9919919226743176,Cox_PH,0.9996299973032252,False,27.0,False,False,0.009307135470527405,Medium (20-50),False
NARF,5,967,1.4064875808629946,0.7238647119516193,4.081593928451394,0.9877879255162072,16.865370153279873,0.0520130795380965,Cox_PH,0.9996299973032252,False,15.0,False,False,0.005170630816959669,Small (<20),False
NAT10,7,967,1.1635846156701948,0.5990625932581592,3.201388479910034,0.9894776838837208,10.357877055977228,0.0520956753205213,Cox_PH,0.9996299973032252,False,21.0,False,False,0.007238883143743537,Medium (20-50),False
NCF2,6,967,0.8540566383169774,0.7256540197185899,2.349157230033686,0.5665300016048609,9.740948715490214,0.2392164868157134,Cox_PH,0.9996299973032252,False,18.0,False,False,0.0062047569803516025,Small (<20),False
NCAPH,7,967,-15.05877483105058,1698.572607907027,2.884411289123162e-07,0.0,inf,0.9929264098021204,Cox_PH,0.9996299973032252,False,21.0,False,False,0.007238883143743537,Medium (20-50),False
NCAPD3,8,967,-14.917685175525348,1600.663243147554,3.321480028909585e-07,0.0,inf,0.9925640709033998,Cox_PH,0.9996299973032252,False,24.0,False,False,0.008273009307135471,Medium (20-50),False
NCAM2,7,967,-14.959600736052211,1697.5109710613915,3.185135766327666e-07,0.0,inf,0.9929685992196378,Cox_PH,0.9996299973032252,False,21.0,False,False,0.007238883143743537,Medium (20-50),False
NCAM1,8,967,-0.0738660649044757,1.025056734333268,0.928796083903224,0.1245588150985811,6.925741584738236,0.942553788772124,Cox_PH,0.9996299973032252,False,24.0,False,False,0.008273009307135471,Medium (20-50),False
NBPF11,6,967,-14.976600923009446,1850.382004230068,3.131445527923372e-07,0.0,inf,0.9935421614806004,Cox_PH,0.9996299973032252,False,18.0,False,False,0.0062047569803516025,Small (<20),False
NASP,5,967,1.5909954399212063,0.7268776371902952,4.908632746143782,1.1809453608971376,20.402870644422418,0.0286108127736903,Cox_PH,0.9996299973032252,False,15.0,False,False,0.005170630816959669,Small (<20),True
NBN,5,967,0.4373672967780738,1.0117623564639202,1.5486247775002475,0.2131653929442451,11.250600617497822,0.6655360069503007,Cox_PH,0.9996299973032252,False,15.0,False,False,0.005170630816959669,Small (<20),False
NBEAL1,12,967,0.5890230980040335,0.5958381732217503,1.8022269560408208,0.5605595927024437,5.7942492526468605,0.3228773859093803,Cox_PH,0.9996299973032252,False,36.0,False,False,0.012409513960703205,Medium (20-50),False
NBEA,14,967,0.0645034987487124,0.7434628551775607,1.0666293101060458,0.248407758031586,4.579961971367401,0.93086157587597,Cox_PH,0.9996299973032252,False,42.0,False,False,0.014477766287487074,Medium (20-50),False
NBAS,15,967,-16.047234023402186,1912.4225521335463,1.0734326820878646e-07,0.0,inf,0.9933049890016812,Cox_PH,0.9996299973032252,False,45.0,False,False,0.015511892450879007,Medium (20-50),False
NAV3,17,967,0.2449316137073899,0.5903990037046506,1.277533944407365,0.4016193885316452,4.063780349549637,0.6782460264102274,Cox_PH,0.9996299973032252,False,51.0,False,False,0.017580144777662874,Large (50-100),False
NAV2,11,967,0.703753328597327,0.6053578627194921,2.0213251852042298,0.6170852584730318,6.621055110684469,0.2450157849697878,Cox_PH,0.9996299973032252,False,33.0,False,False,0.011375387797311272,Medium (20-50),False
NAV1,13,967,-0.6245108115709787,1.0146720833539635,0.5355233362722214,0.0732946181556956,3.912773555664466,0.5382374886099732,Cox_PH,0.9996299973032252,False,39.0,False,False,0.01344364012409514,Medium (20-50),False
NBEAL2,9,967,-15.03845007179443,1494.903967935288,2.943636080201792e-07,0.0,inf,0.9919735681961344,Cox_PH,0.9996299973032252,False,27.0,False,False,0.009307135470527405,Medium (20-50),False
MYOM3,10,967,0.4354395236882872,0.7380362282096041,1.5456422560639522,0.3638143810419658,6.566562808452845,0.5551923309017179,Cox_PH,0.9996299973032252,False,30.0,False,False,0.010341261633919338,Medium (20-50),False
NEURL4,6,967,0.3749862281388923,1.0064095811093532,1.4549713768165056,0.2023863973015562,10.459901137530844,0.7094476386384929,Cox_PH,0.9996299973032252,False,18.0,False,False,0.0062047569803516025,Small (<20),False
NEXMIF,20,967,-1.05921404856145,1.0068903473426165,0.3467282148069031,0.0481844401092567,2.4950057460579735,0.2928153142860553,Cox_PH,0.9996299973032252,False,60.0,False,False,0.020682523267838676,Large (50-100),False
NOBOX,6,967,0.254431304456376,1.014927211843989,1.2897279497374077,0.1764308911650573,9.42804388363991,0.8020544008506652,Cox_PH,0.9996299973032252,False,18.0,False,False,0.0062047569803516025,Small (<20),False
NOA1,5,967,0.4093557921221472,1.0340825433165914,1.5058473938256107,0.1984047797820092,11.429041054266984,0.6922055453536787,Cox_PH,0.9996299973032252,False,15.0,False,False,0.005170630816959669,Small (<20),False
NMT1,5,967,0.3952099151760571,1.0233569142788208,1.4846958183962116,0.1997737831564366,11.034088849571717,0.6993561702048601,Cox_PH,0.9996299973032252,False,15.0,False,False,0.005170630816959669,Small (<20),False
NME7,5,967,1.2066094902020457,0.7260919414539785,3.3421338832980623,0.8053077994752822,13.870297668999328,0.0965556717428451,Cox_PH,0.9996299973032252,False,15.0,False,False,0.005170630816959669,Small (<20),False
NMBR,5,967,0.3606002483803808,1.012221429407424,1.4341900264845993,0.1972361073823642,10.428623132783512,0.721656040045472,Cox_PH,0.9996299973032252,False,15.0,False,False,0.005170630816959669,Small (<20),False
NLRX1,5,967,0.1919033493290156,1.0129129379746349,1.211553413855562,0.1663924691549803,8.821683349490291,0.8497347289179722,Cox_PH,0.9996299973032252,False,15.0,False,False,0.005170630816959669,Small (<20),False
NOC3L,5,967,-15.14926580764552,2011.262436137668,2.634859456325055e-07,0.0,inf,0.9939902168983448,Cox_PH,0.9996299973032252,False,15.0,False,False,0.005170630816959669,Small (<20),False
NLRP9,6,967,1.3826011480045697,0.6070547704492933,3.985254393632749,1.2126084679409033,13.097593330300867,0.0227530530763653,Cox_PH,0.9996299973032252,False,18.0,False,False,0.0062047569803516025,Small (<20),True
NLRP7,9,967,1.0174964890533589,0.6154937468938534,2.7662607238598276,0.827893087046296,9.242978969265852,0.0983026531124038,Cox_PH,0.9996299973032252,False,27.0,False,False,0.009307135470527405,Medium (20-50),False
NLRP5,8,967,-0.0799142426269985,1.013131828593709,0.9231955138140232,0.1267355525706903,6.724947652324706,0.9371293243778348,Cox_PH,0.9996299973032252,False,24.0,False,False,0.008273009307135471,Medium (20-50),False
NLRP4,5,967,1.1856203372054928,0.7258968026329592,3.2727163796289576,0.7888828912528302,13.57701202580522,0.1024021262375802,Cox_PH,0.9996299973032252,False,15.0,False,False,0.005170630816959669,Small (<20),False
NLRP3,10,967,-14.86449921898514,1416.4332372284323,3.502918338167544e-07,0.0,inf,0.9916269002814384,Cox_PH,0.9996299973032252,False,30.0,False,False,0.010341261633919338,Medium (20-50),False
NLRP2,12,967,-0.5884382399148349,1.009354967984425,0.5551936873423254,0.0767828495310606,4.014438541253626,0.5599037755934011,Cox_PH,0.9996299973032252,False,36.0,False,False,0.012409513960703205,Medium (20-50),False
NLRP14,5,967,1.4549101677064258,0.7645268570845644,4.284098597912653,0.9573727430610428,19.17069493534446,0.0570378898172306,Cox_PH,0.9996299973032252,False,15.0,False,False,0.005170630816959669,Small (<20),False
NLRP8,5,967,-14.767857925936744,2026.1484719983025,3.858342646270829e-07,0.0,inf,0.9941845616590244,Cox_PH,0.9996299973032252,False,15.0,False,False,0.005170630816959669,Small (<20),False
NLRP12,8,967,-15.03839488354906,1599.211879317153,2.943798538794925e-07,0.0,inf,0.992497100344198,Cox_PH,0.9996299973032252,False,24.0,False,False,0.008273009307135471,Medium (20-50),False
NOD1,6,967,-14.815678377844597,1838.4655791871196,3.678177088677513e-07,0.0,inf,0.9935701417421446,Cox_PH,0.9996299973032252,False,18.0,False,False,0.0062047569803516025,Small (<20),False
NOL11,6,967,0.1019007437677074,1.0089567922876472,1.1072735624715062,0.1532546182659574,8.000116120616022,0.9195535225183,Cox_PH,0.9996299973032252,False,18.0,False,False,0.0062047569803516025,Small (<20),False
NPAS3,7,967,-0.0303838733260234,1.0088833744045755,0.9700730768864828,0.1342844071031544,7.007826111762325,0.9759742703113852,Cox_PH,0.9996299973032252,False,21.0,False,False,0.007238883143743537,Medium (20-50),False
NPAS2,6,967,0.103797323782324,1.0285367306333124,1.1093755880805982,0.1477646212414674,8.328882685781865,0.9196159755286932,Cox_PH,0.9996299973032252,False,18.0,False,False,0.0062047569803516025,Small (<20),False
NPAP1,5,967,1.3140584662265655,0.7152883559144184,3.721245656852459,0.9158463107898174,15.120079728989882,0.0661946745265302,Cox_PH,0.9996299973032252,False,15.0,False,False,0.005170630816959669,Small (<20),False
NOTCH4,9,967,-0.1828491449400529,1.013481921229824,0.8328937925033794,0.1142605730307977,6.07131621336854,0.8568253818418762,Cox_PH,0.9996299973032252,False,27.0,False,False,0.009307135470527405,Medium (20-50),False
NOTCH3,6,967,-14.80374442926917,1837.176065515761,3.722335231327779e-07,0.0,inf,0.9935708114621123,Cox_PH,0.9996299973032252,False,18.0,False,False,0.0062047569803516025,Small (<20),False
NOTCH2,22,967,0.6660945064507198,0.4784729879259211,1.9466199438765732,0.7620732876635965,4.972394738458231,0.1638843603480781,Cox_PH,0.9996299973032252,False,66.0,False,False,0.022750775594622543,Large (50-100),False
NOL10,5,967,0.4513151832192499,1.0282870236294828,1.5703761603140916,0.2092705465375748,11.784177590610158,0.6607339907096408,Cox_PH,0.9996299973032252,False,15.0,False,False,0.005170630816959669,Small (<20),False
NOTCH1,9,967,-0.1017334058099453,1.0102703067556535,0.903270326193918,0.1246976580618582,6.543004053674598,0.9197892510624572,Cox_PH,0.9996299973032252,False,27.0,False,False,0.009307135470527405,Medium (20-50),False
NOS2,8,967,-0.1729328187925966,1.012092375665694,0.8411941253833827,0.1157139738963663,6.115143510785039,0.8643286320203967,Cox_PH,0.9996299973032252,False,24.0,False,False,0.008273009307135471,Medium (20-50),False
NOS1AP,5,967,-15.014073271458232,2011.7423582351616,3.01627425540155e-07,0.0,inf,0.9940452682715484,Cox_PH,0.9996299973032252,False,15.0,False,False,0.005170630816959669,Small (<20),False
NOS1,14,967,-0.0254027930473341,0.7309869479452477,0.9749171430843818,0.2326692850813211,4.085040427865726,0.9722780035902392,Cox_PH,0.9996299973032252,False,42.0,False,False,0.014477766287487074,Medium (20-50),False
NOMO1,8,967,0.7414134228576988,0.7336514217613257,2.098900052237981,0.498304788636318,8.840736693180398,0.3122175123566464,Cox_PH,0.9996299973032252,False,24.0,False,False,0.008273009307135471,Medium (20-50),False
NOL8,5,967,-15.004973442009357,1987.967735944519,3.043847100522538e-07,0.0,inf,0.9939777076099918,Cox_PH,0.9996299973032252,False,15.0,False,False,0.005170630816959669,Small (<20),False
NOL6,6,967,-15.00252430832065,1843.2902229497388,3.051311025343682e-07,0.0,inf,0.9935060956692142,Cox_PH,0.9996299973032252,False,18.0,False,False,0.0062047569803516025,Small (<20),False
NOS3,8,967,-0.1784759771717549,1.0151025921527297,0.8365441527925132,0.1143973851027517,6.117326186632479,0.8604348617854096,Cox_PH,0.9996299973032252,False,24.0,False,False,0.008273009307135471,Medium (20-50),False
NEUROD6,9,967,-0.2828068245917837,1.0153665478049292,0.7536653634126919,0.1030104068694017,5.514117430174981,0.7806079731279197,Cox_PH,0.9996299973032252,False,27.0,False,False,0.009307135470527405,Medium (20-50),False
NLRP11,12,967,-0.728925506279288,1.0197458319060686,0.4824270765644949,0.065374216797931,3.5600561750810984,0.4747258562991177,Cox_PH,0.9996299973032252,False,36.0,False,False,0.012409513960703205,Medium (20-50),False
NLRC5,14,967,-0.7789213701752583,1.022434083598743,0.4589007284612333,0.0618593404334167,3.40433436740119,0.4461612321186929,Cox_PH,0.9996299973032252,False,42.0,False,False,0.014477766287487074,Medium (20-50),False
NHLRC2,5,967,-15.123858871299566,1993.951805178955,2.702660828202469e-07,0.0,inf,0.9939482099020138,Cox_PH,0.9996299973032252,False,15.0,False,False,0.005170630816959669,Small (<20),False
NFX1,8,967,-14.986471573080369,1600.6940901251144,3.100688172171962e-07,0.0,inf,0.9925299283140836,Cox_PH,0.9996299973032252,False,24.0,False,False,0.008273009307135471,Medium (20-50),False
NFRKB,6,967,-15.0823696276507,1843.028860411636,2.8171508104792397e-07,0.0,inf,0.9934706092734892,Cox_PH,0.9996299973032252,False,18.0,False,False,0.0062047569803516025,Small (<20),False
NFKBIZ,7,967,-14.875014793436298,1712.6517133909454,3.46627613414749e-07,0.0,inf,0.9930701640411174,Cox_PH,0.9996299973032252,False,21.0,False,False,0.007238883143743537,Medium (20-50),False
NFKB2,7,967,-14.89245982379406,1714.7161879754915,3.4063312323154037e-07,0.0,inf,0.993070390034832,Cox_PH,0.9996299973032252,False,21.0,False,False,0.007238883143743537,Medium (20-50),False
NFKB1,5,967,1.2795130377678507,0.7283098854870311,3.5948887242306435,0.8624532471172267,14.984261445819644,0.0789476370297036,Cox_PH,0.9996299973032252,False,15.0,False,False,0.005170630816959669,Small (<20),False
NHS,12,967,-0.6465181777962109,1.010007484430677,0.5238666154166524,0.0723577403174854,3.792769502529372,0.5220996162473117,Cox_PH,0.9996299973032252,False,36.0,False,False,0.012409513960703205,Medium (20-50),False
NFE2L3,9,967,-0.2823500163902717,1.0074841015291138,0.7540097225789518,0.1046620327943675,5.432062100882332,0.7792837309945118,Cox_PH,0.9996299973032252,False,27.0,False,False,0.009307135470527405,Medium (20-50),False
NFATC4,5,967,0.2978013997634869,1.0055389385519569,1.3468942677955151,0.1876728634682987,9.666417057289978,0.767107144507745,Cox_PH,0.9996299973032252,False,15.0,False,False,0.005170630816959669,Small (<20),False
NFATC3,6,967,-15.02662407235001,1818.2485699506865,2.978654172703892e-07,0.0,inf,0.99340608590672,Cox_PH,0.9996299973032252,False,18.0,False,False,0.0062047569803516025,Small (<20),False
NFAT5,6,967,-14.999164564413933,1848.370730846564,3.061579889686309e-07,0.0,inf,0.9935253949394588,Cox_PH,0.9996299973032252,False,18.0,False,False,0.0062047569803516025,Small (<20),False
NFASC,14,967,0.045563481178759,0.7219614633446753,1.0466174430141248,0.2542388786049846,4.308578129481838,0.9496783673146584,Cox_PH,0.9996299973032252,False,42.0,False,False,0.014477766287487074,Medium (20-50),False
NF1,39,967,-0.4117493674522279,0.5186241523947744,0.6624902968771226,0.2397274307750173,1.830801723596816,0.4272383231714385,Cox_PH,0.9996299973032252,False,58.0,True,False,0.04033092037228542,Large (50-100),False
NEXN,5,967,-15.122079252035242,2011.4341846264,2.707474817741023e-07,0.0,inf,0.9940015139473306,Cox_PH,0.9996299973032252,False,15.0,False,False,0.005170630816959669,Small (<20),False
NFE2L1,7,967,0.7625268837513711,0.7378146558393411,2.1436862282860853,0.5048015780382593,9.103360300896554,0.3013728632669459,Cox_PH,0.9996299973032252,False,21.0,False,False,0.007238883143743537,Medium (20-50),False
NLRP1,9,967,-0.2747725159809342,1.0146799476648063,0.7597449333993613,0.1039811950097661,5.551122621468112,0.7865469928604086,Cox_PH,0.9996299973032252,False,27.0,False,False,0.009307135470527405,Medium (20-50),False
NHSL2,6,967,-14.837992010059104,1603.05143079214,3.597012503861801e-07,0.0,inf,0.9926148123127528,Cox_PH,0.9996299973032252,False,18.0,False,False,0.0062047569803516025,Small (<20),False
NIBAN3,6,967,1.1254492770219728,0.7609072667291725,3.0816010304881476,0.6935520653988819,13.692216323577725,0.1391166320022906,Cox_PH,0.9996299973032252,False,18.0,False,False,0.0062047569803516025,Small (<20),False
NLRC4,12,967,0.6687632300218556,0.5950929537288884,1.951821872572321,0.6079765545914132,6.266045283295414,0.2610994725629347,Cox_PH,0.9996299973032252,False,36.0,False,False,0.012409513960703205,Medium (20-50),False
NLRC3,7,967,-0.0262899633261439,1.023358816401243,0.9740526091218576,0.1310635127038522,7.239074138665381,0.9795046972376212,Cox_PH,0.9996299973032252,False,21.0,False,False,0.007238883143743537,Medium (20-50),False
NLN,6,967,-14.858673862224846,1843.2989593244488,3.5233836381525977e-07,0.0,inf,0.9935683910533778,Cox_PH,0.9996299973032252,False,18.0,False,False,0.0062047569803516025,Small (<20),False
NLGN4X,12,967,-0.6187554537418053,1.0084334016985947,0.5386143511143129,0.0746246109210639,3.887530074135445,0.5394923215972622,Cox_PH,0.9996299973032252,False,36.0,False,False,0.012409513960703205,Medium (20-50),False
NLGN3,12,967,-0.703630236049697,1.023155038412151,0.4947858501168274,0.0666024369451292,3.675736935534688,0.4916377086459537,Cox_PH,0.9996299973032252,False,36.0,False,False,0.012409513960703205,Medium (20-50),False
NLGN2,6,967,0.0903312600240326,1.016936898487828,1.0945367999449809,0.1491407092898086,8.032755188966124,0.9292195511065698,Cox_PH,0.9996299973032252,False,18.0,False,False,0.0062047569803516025,Small (<20),False
NIBAN2,6,967,0.198165916503372,1.0066915866273851,1.2191646565786685,0.1694919928185039,8.769514330049887,0.8439459501436589,Cox_PH,0.9996299973032252,False,18.0,False,False,0.0062047569803516025,Small (<20),False
NKTR,7,967,-15.011288214344876,1672.101983338128,3.024686460270422e-07,0.0,inf,0.9928370910747796,Cox_PH,0.9996299973032252,False,21.0,False,False,0.007238883143743537,Medium (20-50),False
NKAPL,5,967,-15.103207959037524,2008.9160293954424,2.759053515974718e-07,0.0,inf,0.994001489980854,Cox_PH,0.9996299973032252,False,15.0,False,False,0.005170630816959669,Small (<20),False
NIPBL,22,967,-0.0845499406036386,0.6076179521453795,0.9189257625236034,0.2792965588280219,3.0233976407476764,0.8893317449435342,Cox_PH,0.9996299973032252,False,66.0,False,False,0.022750775594622543,Large (50-100),False
NINL,11,967,-0.6243809995527745,1.0118650671420684,0.5355928581495882,0.0737085459098787,3.891810727776123,0.5371954500610581,Cox_PH,0.9996299973032252,False,33.0,False,False,0.011375387797311272,Medium (20-50),False
NIN,15,967,-0.8898782769405355,1.015769257294379,0.4107057420693218,0.0560906570546935,3.007260307259988,0.3809955641860015,Cox_PH,0.9996299973032252,False,45.0,False,False,0.015511892450879007,Medium (20-50),False
NID2,7,967,0.7684157250615905,0.7472745110776208,2.1563472992333375,0.4984548244525491,9.32849567664994,0.3038129187866301,Cox_PH,0.9996299973032252,False,21.0,False,False,0.007238883143743537,Medium (20-50),False
NID1,14,967,0.5855309778356207,0.6021669984428487,1.7959443391508068,0.5517190447872766,5.846120593084538,0.3308649802186196,Cox_PH,0.9996299973032252,False,42.0,False,False,0.014477766287487074,Medium (20-50),False
NKRF,5,967,-14.950332783985626,1997.9310272088296,3.214792669030735e-07,0.0,inf,0.9940295594673464,Cox_PH,0.9996299973032252,False,15.0,False,False,0.005170630816959669,Small (<20),False
NPAS4,11,967,-0.5675695470365132,1.0059978404538776,0.56690159334009,0.0789196277748247,4.072211509264767,0.5726277917721703,Cox_PH,0.9996299973032252,False,33.0,False,False,0.011375387797311272,Medium (20-50),False
MYOM2,14,967,-0.7914883368787644,1.0144609500688917,0.4531698237534078,0.0620489431931146,3.309691972054135,0.4352697374799835,Cox_PH,0.9996299973032252,False,42.0,False,False,0.014477766287487074,Medium (20-50),False
MYOF,11,967,-0.5114264508128324,1.0139435622917703,0.5996396120481509,0.0821871896363695,4.374984300207056,0.6139849481203766,Cox_PH,0.9996299973032252,False,33.0,False,False,0.011375387797311272,Medium (20-50),False
MROH2B,19,967,0.048681406520291,0.6022140852652851,1.0498858106779958,0.3224980463482096,3.417881838182837,0.9355712834697798,Cox_PH,0.9996299973032252,False,57.0,False,False,0.01964839710444674,Large (50-100),False
MROH1,7,967,-15.00611956824106,1673.252471058507,3.040360465958665e-07,0.0,inf,0.992844480536228,Cox_PH,0.9996299973032252,False,21.0,False,False,0.007238883143743537,Medium (20-50),False
MRGPRX4,5,967,0.2617133113375607,1.0057477678569782,1.2991540363023215,0.1809467818890098,9.327611093276513,0.7946958975150344,Cox_PH,0.9996299973032252,False,15.0,False,False,0.005170630816959669,Small (<20),False
MRGPRX1,5,967,-14.91926047676349,1990.060245031607,3.316251816393585e-07,0.0,inf,0.994018404157532,Cox_PH,0.9996299973032252,False,15.0,False,False,0.005170630816959669,Small (<20),False
MRE11,5,967,0.2954380935665149,1.0117342882520646,1.3437149026122746,0.1849700957789978,9.761414308070682,0.770277796163942,Cox_PH,0.9996299973032252,False,15.0,False,False,0.005170630816959669,Small (<20),False
MRC2,8,967,0.4981823250404003,0.737935566481906,1.6457271533214757,0.3874488707817366,6.990387809661093,0.4996104910900047,Cox_PH,0.9996299973032252,False,24.0,False,False,0.008273009307135471,Medium (20-50),False
MROH5,9,967,-0.1225304711239972,1.01032658307803,0.8846789473708688,0.1221176232209284,6.409040884338936,0.9034707791585728,Cox_PH,0.9996299973032252,False,27.0,False,False,0.009307135470527405,Medium (20-50),False
MRC1,18,967,0.1901081388201919,0.6031755499683307,1.2093803715527995,0.37079128859117,3.944539497285314,0.7526259101029035,Cox_PH,0.9996299973032252,False,54.0,False,False,0.01861427094105481,Large (50-100),False
MPP7,6,967,-15.105269097013714,1807.1329452451664,2.7533725825995445e-07,0.0,inf,0.9933308057448612,Cox_PH,0.9996299973032252,False,18.0,False,False,0.0062047569803516025,Small (<20),False
MPP1,5,967,0.5186264554079205,1.0284851150343914,1.6797188956682003,0.2237548222599836,12.609585527441784,0.6140769392686172,Cox_PH,0.9996299973032252,False,15.0,False,False,0.005170630816959669,Small (<20),False
MPHOSPH9,7,967,-0.0043128027331162,1.0228910017015644,0.9956964840451136,0.134098702270469,7.393147521593336,0.9966358991199096,Cox_PH,0.9996299973032252,False,21.0,False,False,0.007238883143743537,Medium (20-50),False
MPHOSPH10,5,967,-14.979535899100126,2004.10972326563,3.12226828425282e-07,0.0,inf,0.9940363399279112,Cox_PH,0.9996299973032252,False,15.0,False,False,0.005170630816959669,Small (<20),False
MPDZ,10,967,0.8343965768826765,0.6334981006320862,2.303423689738577,0.665471344713191,7.972936380507249,0.1877965214458943,Cox_PH,0.9996299973032252,False,30.0,False,False,0.010341261633919338,Medium (20-50),False
MOV10L1,8,967,-0.1243142339713039,1.00800872554012,0.8831022965363954,0.1224550400911131,6.368620397883097,0.9018485210003871,Cox_PH,0.9996299973032252,False,24.0,False,False,0.008273009307135471,Medium (20-50),False
MR1,7,967,0.0752930667603903,1.0313360619836718,1.0782000891940544,0.1428263653626811,8.139361590460378,0.9418018473906312,Cox_PH,0.9996299973032252,False,21.0,False,False,0.007238883143743537,Medium (20-50),False
MOV10,7,967,-0.0080943239634696,1.0154021798759096,0.9919383468678852,0.1355679082212781,7.257924806075582,0.9936396948425872,Cox_PH,0.9996299973032252,False,21.0,False,False,0.007238883143743537,Medium (20-50),False
MROH7,9,967,0.4966403941447734,0.7142571959779443,1.6431915111728663,0.405228687812238,6.663097711486916,0.4868520808291104,Cox_PH,0.9996299973032252,False,27.0,False,False,0.009307135470527405,Medium (20-50),False
MROH9,5,967,0.4886166324436318,1.0107307056609065,1.6300596878214928,0.2248289134571249,11.818295720970124,0.6287910922727108,Cox_PH,0.9996299973032252,False,15.0,False,False,0.005170630816959669,Small (<20),False
MTF1,5,967,1.1675591342458522,0.7273414509177011,3.214137777267751,0.7725719699601697,13.3718048970794,0.1084405308821653,Cox_PH,0.9996299973032252,False,15.0,False,False,0.005170630816959669,Small (<20),False
MTCL1,5,967,-14.951914580950776,1957.2709470728448,3.209711539460394e-07,0.0,inf,0.9939048879330888,Cox_PH,0.9996299973032252,False,15.0,False,False,0.005170630816959669,Small (<20),False
MTBP,7,967,0.0314387271034838,1.015799984280993,1.031938143819371,0.1409247467477483,7.556489241563136,0.975309636487816,Cox_PH,0.9996299973032252,False,21.0,False,False,0.007238883143743537,Medium (20-50),False
MTA3,5,967,-14.928503860387336,2000.7285837363736,3.285739663674348e-07,0.0,inf,0.9940466126596904,Cox_PH,0.9996299973032252,False,15.0,False,False,0.005170630816959669,Small (<20),False
MST1R,6,967,0.0923341889674641,1.0195906151534382,1.0967312763377466,0.1486644662522913,8.090833827474116,0.9278421676662064,Cox_PH,0.9996299973032252,False,18.0,False,False,0.0062047569803516025,Small (<20),False
MSN,7,967,0.7031133828504711,0.7154117474264439,2.0200320605578854,0.4970355918320984,8.209733050787564,0.3257012596850856,Cox_PH,0.9996299973032252,False,21.0,False,False,0.007238883143743537,Medium (20-50),False
MROH8,7,967,0.6626237493742678,0.7220607295802807,1.939875410020978,0.4711327956717622,7.987379866091549,0.3587842027079313,Cox_PH,0.9996299973032252,False,21.0,False,False,0.007238883143743537,Medium (20-50),False
MSL3,5,967,0.465223945118319,1.0188103393410046,1.5923707526168602,0.2161799059625917,11.729326102252818,0.6479337807248192,Cox_PH,0.9996299973032252,False,15.0,False,False,0.005170630816959669,Small (<20),False
MSH5,8,967,-0.1309510971174458,1.0167459598811568,0.8772606739177857,0.1195795811173587,6.43576673217641,0.8975204058380608,Cox_PH,0.9996299973032252,False,24.0,False,False,0.008273009307135471,Medium (20-50),False
MSH3,6,967,0.1093959665425215,1.0354721135044551,1.1156040047560778,0.1465879959457458,8.490274305192301,0.915861326167686,Cox_PH,0.9996299973032252,False,18.0,False,False,0.0062047569803516025,Small (<20),False
MSH2,6,967,0.7760581028797902,0.7374132906135147,2.172890052470354,0.512081264545069,9.220120920297948,0.2926133597563999,Cox_PH,0.9996299973032252,False,18.0,False,False,0.0062047569803516025,Small (<20),False
MS4A14,6,967,0.0821455745231727,1.0154762052378166,1.0856138360435064,0.1483489829904109,7.944492623082406,0.9355265317106448,Cox_PH,0.9996299973032252,False,18.0,False,False,0.0062047569803516025,Small (<20),False
MRTFB,8,967,0.5640963368208202,0.747497891526936,1.757858552717347,0.4061634839624213,7.607938215458635,0.4504613807245672,Cox_PH,0.9996299973032252,False,24.0,False,False,0.008273009307135471,Medium (20-50),False
MRPL2,5,967,-14.94166162621691,2023.7498718286352,3.242789852029972e-07,0.0,inf,0.994109147093561,Cox_PH,0.9996299973032252,False,15.0,False,False,0.005170630816959669,Small (<20),False
MSH6,10,967,0.3988169357164028,0.7445942022413757,1.490060816722094,0.3462522578357102,6.4123227712900395,0.5922236273198458,Cox_PH,0.9996299973032252,False,30.0,False,False,0.010341261633919338,Medium (20-50),False
MTHFD1,9,967,-0.0984573837959201,1.0094302569884113,0.9062343120577449,0.1253129979913661,6.553674730592253,0.9222994924772496,Cox_PH,0.9996299973032252,False,27.0,False,False,0.009307135470527405,Medium (20-50),False
MORN1,5,967,1.2636595440253366,0.728124566687805,3.53834655801414,0.8491965543527478,14.743225582389575,0.0826524374022657,Cox_PH,0.9996299973032252,False,15.0,False,False,0.005170630816959669,Small (<20),False
MORC2,6,967,1.0177256540669015,0.7258404215465408,2.7668947266789323,0.6670291224575159,11.47731961135068,0.1608751862297772,Cox_PH,0.9996299973032252,False,18.0,False,False,0.0062047569803516025,Small (<20),False
MKRN3,11,967,-15.99422496915263,2247.628676771212,1.1318694902158613e-07,0.0,inf,0.994322266131309,Cox_PH,0.9996299973032252,False,33.0,False,False,0.011375387797311272,Medium (20-50),False
MKI67,16,967,0.9610789585953586,0.4940448861441,2.614515906533859,0.9927771925133616,6.88542552857505,0.0517356095911497,Cox_PH,0.9996299973032252,False,48.0,False,False,0.016546018614270942,Medium (20-50),False
MIS18BP1,11,967,-15.907760400401555,2234.5460902575223,1.2340917205493097e-07,0.0,inf,0.9943198982262706,Cox_PH,0.9996299973032252,False,33.0,False,False,0.011375387797311272,Medium (20-50),False
MINDY1,6,967,0.1705910269433177,1.023712530573334,1.1860056054854389,0.1594722213116667,8.820403231819638,0.867653648146236,Cox_PH,0.9996299973032252,False,18.0,False,False,0.0062047569803516025,Small (<20),False
MIER1,5,967,-14.944013329899432,2006.5768375275045,3.235172731309276e-07,0.0,inf,0.9940577968081904,Cox_PH,0.9996299973032252,False,15.0,False,False,0.005170630816959669,Small (<20),False
MID1,10,967,-0.4190540899588397,1.0162184699101384,0.6576686210370791,0.0897396758104911,4.819808085892905,0.680071075755643,Cox_PH,0.9996299973032252,False,30.0,False,False,0.010341261633919338,Medium (20-50),False
MKS1,6,967,0.2046433476891177,1.0194679851065005,1.2270873433739409,0.1663745173713218,9.050324364926224,0.8409054518620181,Cox_PH,0.9996299973032252,False,18.0,False,False,0.0062047569803516025,Small (<20),False
MICU1,6,967,1.0439046968313168,0.7227060020949927,2.8402858452134496,0.6889413966303133,11.709593474826075,0.1486155417923784,Cox_PH,0.9996299973032252,False,18.0,False,False,0.0062047569803516025,Small (<20),False
MICAL3,8,967,0.786771443446859,0.7431312660074283,2.1962941075728404,0.5118284145575962,9.42446271008341,0.2897251652552954,Cox_PH,0.9996299973032252,False,24.0,False,False,0.008273009307135471,Medium (20-50),False
MICAL2,13,967,0.086008369187553,0.7187812872274377,1.0898154491368537,0.2663875824630519,4.458532571960618,0.9047535897309504,Cox_PH,0.9996299973032252,False,39.0,False,False,0.01344364012409514,Medium (20-50),False
MIB1,9,967,0.5086214974850296,0.721397582950652,1.6629971683694702,0.4044133562332294,6.83844769065923,0.4807790072613136,Cox_PH,0.9996299973032252,False,27.0,False,False,0.009307135470527405,Medium (20-50),False
MIA3,15,967,0.9973426604931164,0.4913787637542264,2.711068019779834,1.0348332302433785,7.102487234725114,0.0423888678183127,Cox_PH,0.9996299973032252,False,45.0,False,False,0.015511892450879007,Medium (20-50),True
MIA2,16,967,0.7596050732473056,0.5237901798198098,2.137431924741158,0.765654941154603,5.966937568525646,0.1470003310378452,Cox_PH,0.9996299973032252,False,48.0,False,False,0.016546018614270942,Medium (20-50),False
MGAT5B,7,967,0.6917210301968536,0.7276261349665316,1.9971497322121343,0.4797806808768217,8.313396541072965,0.3417798131708927,Cox_PH,0.9996299973032252,False,21.0,False,False,0.007238883143743537,Medium (20-50),False
MICALL1,6,967,1.050719716865521,0.7382024992600258,2.859708558066932,0.6729009199247322,12.153249898953922,0.1546350373332317,Cox_PH,0.9996299973032252,False,18.0,False,False,0.0062047569803516025,Small (<20),False
MORC4,5,967,1.2486016438551837,0.732755450977345,3.485465625857828,0.8289470151522634,14.655304147280193,0.0883845660995296,Cox_PH,0.9996299973032252,False,15.0,False,False,0.005170630816959669,Small (<20),False
MLH1,8,967,-0.1302409882676433,1.0442169670051522,0.8778838457196377,0.113391795136729,6.79661209742915,0.9007404861138965,Cox_PH,0.9996299973032252,False,24.0,False,False,0.008273009307135471,Medium (20-50),False
MLLT10,11,967,0.1744145670129382,0.7210535584435026,1.1905490258805795,0.2897170831481087,4.892383174728404,0.8088665576560945,Cox_PH,0.9996299973032252,False,33.0,False,False,0.011375387797311272,Medium (20-50),False
MORC1,14,967,-0.7825631002649117,1.0114705082847533,0.457232575195817,0.0629732468155456,3.319848322773622,0.4391150223277017,Cox_PH,0.9996299973032252,False,42.0,False,False,0.014477766287487074,Medium (20-50),False
MON2,7,967,-15.04697736519512,1712.4340697078003,2.9186415509787964e-07,0.0,inf,0.9929891628252608,Cox_PH,0.9996299973032252,False,21.0,False,False,0.007238883143743537,Medium (20-50),False
MOCOS,5,967,-15.019835867499843,2020.9728473825596,2.998942670739086e-07,0.0,inf,0.9940701900876208,Cox_PH,0.9996299973032252,False,15.0,False,False,0.005170630816959669,Small (<20),False
MOAP1,6,967,0.0176343784714117,1.0162197896846965,1.0177907821312773,0.1388784193823146,7.45902841347655,0.9861550696500484,Cox_PH,0.9996299973032252,False,18.0,False,False,0.0062047569803516025,Small (<20),False
MNDA,5,967,0.544476807387467,1.0315742772214034,1.7237063160090702,0.2282283135234388,13.018382417063366,0.5976301471024715,Cox_PH,0.9996299973032252,False,15.0,False,False,0.005170630816959669,Small (<20),False
MMUT,5,967,-14.96223215467151,2004.8094786591157,3.176765358620489e-07,0.0,inf,0.9940453078779355,Cox_PH,0.9996299973032252,False,15.0,False,False,0.005170630816959669,Small (<20),False
MLH3,11,967,-0.4145182173680228,1.0288084718872397,0.660658497833009,0.087950350528199,4.962682333130955,0.6870137223297649,Cox_PH,0.9996299973032252,False,33.0,False,False,0.011375387797311272,Medium (20-50),False
MMS22L,5,967,0.4591964217546481,1.0158264791277185,1.582801568912524,0.2161411792136552,11.590853791333776,0.6512385921056594,Cox_PH,0.9996299973032252,False,15.0,False,False,0.005170630816959669,Small (<20),False
MMRN1,13,967,-0.7174060230370617,1.0219887796157192,0.4880165191244463,0.0658415598687768,3.6171701188883976,0.4826975312645879,Cox_PH,0.9996299973032252,False,39.0,False,False,0.01344364012409514,Medium (20-50),False
MMP16,5,967,-14.867893561404829,1953.6354936543128,3.4910483905895773e-07,0.0,inf,0.993927860006599,Cox_PH,0.9996299973032252,False,15.0,False,False,0.005170630816959669,Small (<20),False
MMP15,5,967,0.578192169122282,1.0144529874765176,1.782812492180449,0.2441101584942712,13.020434716358816,0.5687084759844168,Cox_PH,0.9996299973032252,False,15.0,False,False,0.005170630816959669,Small (<20),False
MMEL1,6,967,0.1236511809978894,1.0101604693066255,1.1316210712135166,0.1562554143942032,8.195340006483216,0.9025763277701068,Cox_PH,0.9996299973032252,False,18.0,False,False,0.0062047569803516025,Small (<20),False
MMAA,5,967,0.3999717239241728,1.0071022952024935,1.491782515289377,0.2072252786829638,10.739110050023326,0.6912560838284527,Cox_PH,0.9996299973032252,False,15.0,False,False,0.005170630816959669,Small (<20),False
MLPH,7,967,0.0839079697708141,1.021356820220768,1.0875288036781894,0.1469076093145186,8.050766766598167,0.93452470277147,Cox_PH,0.9996299973032252,False,21.0,False,False,0.007238883143743537,Medium (20-50),False
MMS19,5,967,0.4421071320653922,1.0207246307742042,1.555982427116335,0.2104487456193564,11.504375121693084,0.6649198504988691,Cox_PH,0.9996299973032252,False,15.0,False,False,0.005170630816959669,Small (<20),False
MYOM1,12,967,-0.6289898506199173,1.0234468863800568,0.5331300701048484,0.071722860417057,3.962860237269703,0.5388322141316287,Cox_PH,0.9996299973032252,False,36.0,False,False,0.012409513960703205,Medium (20-50),False
MTHFD1L,8,967,0.7843889846311671,0.7188427528774151,2.1910677555707143,0.5355062001008208,8.964934315602386,0.2751923709800756,Cox_PH,0.9996299973032252,False,24.0,False,False,0.008273009307135471,Medium (20-50),False
MTM1,13,967,0.1411674420957229,0.7185849979469378,1.151617461082934,0.2816023938405164,4.709557893254984,0.8442564185174976,Cox_PH,0.9996299973032252,False,39.0,False,False,0.01344364012409514,Medium (20-50),False
MYNN,6,967,0.1811777440166977,1.0244978945504648,1.198628209352687,0.1609215774418558,8.928010818034274,0.8596298238755914,Cox_PH,0.9996299973032252,False,18.0,False,False,0.0062047569803516025,Small (<20),False
MYLK2,5,967,0.3416765913314786,1.0257328388040663,1.4073050892438042,0.1884806796213582,10.507748689097388,0.7390551326554711,Cox_PH,0.9996299973032252,False,15.0,False,False,0.005170630816959669,Small (<20),False
MYLK,16,967,0.2839321833943943,0.6029016824527663,1.32834284399538,0.4074833874145708,4.3302249016560515,0.6376816101274423,Cox_PH,0.9996299973032252,False,48.0,False,False,0.016546018614270942,Medium (20-50),False
MYH9,28,967,-0.2976037700046986,0.5954286828516567,0.7425955200818222,0.2311602725698426,2.385566085015658,0.6172058409563821,Cox_PH,0.9996299973032252,False,84.0,False,False,0.028955532574974147,Large (50-100),False
MYH8,20,967,-0.0338592459357866,0.5885461456247818,0.966707563080302,0.3050103125337193,3.063907920861997,0.9541227571496036,Cox_PH,0.9996299973032252,False,60.0,False,False,0.020682523267838676,Large (50-100),False
MYH7B,15,967,0.4404566467921093,0.5943280100247252,1.5534164191965392,0.4846025285250286,4.979550104235098,0.4586326478682319,Cox_PH,0.9996299973032252,False,45.0,False,False,0.015511892450879007,Medium (20-50),False
MYO10,19,967,0.1528456555180962,0.6063606644826687,1.165145131342213,0.3550057661835982,3.8240595122851375,0.8009865464058775,Cox_PH,0.9996299973032252,False,57.0,False,False,0.01964839710444674,Large (50-100),False
MYH7,17,967,0.803500463528627,0.4717749084606658,2.233345004316752,0.8858759432779335,5.6303932239660295,0.0885411794658636,Cox_PH,0.9996299973032252,False,51.0,False,False,0.017580144777662874,Large (50-100),False
MYH4,15,967,0.0313699986015523,0.7226441624638598,1.03186722269384,0.2503206557876674,4.253544166858785,0.9653746892620024,Cox_PH,0.9996299973032252,False,45.0,False,False,0.015511892450879007,Medium (20-50),False
MYH3,5,967,1.060967152713029,0.7614345062431749,2.8891639011694954,0.6495701259799038,12.850449418727091,0.1635050928084989,Cox_PH,0.9996299973032252,False,15.0,False,False,0.005170630816959669,Small (<20),False
MYH2,6,967,0.1397719278447797,1.0159921215383647,1.1500114833473971,0.1569900847054681,8.42426713962284,0.8905787949827197,Cox_PH,0.9996299973032252,False,18.0,False,False,0.0062047569803516025,Small (<20),False
MYH15,13,967,-0.7288437053984479,1.017812693137616,0.4824665411383954,0.0656277546095784,3.5468829415668224,0.4739368615588827,Cox_PH,0.9996299973032252,False,39.0,False,False,0.01344364012409514,Medium (20-50),False
MYH14,16,967,0.8228895629001745,0.4651228501943109,2.2770700776172306,0.9150731939840984,5.666266012891033,0.0768625786174196,Cox_PH,0.9996299973032252,False,48.0,False,False,0.016546018614270942,Medium (20-50),False
MYH13,11,967,-0.4486808115761424,1.010103308344784,0.6384698583609462,0.088170459715283,4.623359811798597,0.6569030579476569,Cox_PH,0.9996299973032252,False,33.0,False,False,0.011375387797311272,Medium (20-50),False
MYH6,14,967,-0.8486802779624315,1.0147771267296533,0.4279793732244781,0.0585635115371856,3.127653023151003,0.4029738675236591,Cox_PH,0.9996299973032252,False,42.0,False,False,0.014477766287487074,Medium (20-50),False
MYH11,9,967,-0.3997927988388882,1.0191233883543087,0.6704589515176861,0.0909655295834012,4.941599391866997,0.6948433101218354,Cox_PH,0.9996299973032252,False,27.0,False,False,0.009307135470527405,Medium (20-50),False
MYO15A,12,967,0.5865520968649268,0.5970246088223842,1.7977791487111396,0.5578773540175281,5.79340574458773,0.3258738573559924,Cox_PH,0.9996299973032252,False,36.0,False,False,0.012409513960703205,Medium (20-50),False
MYO18A,13,967,0.9274207745115752,0.5328449519216426,2.527980529992742,0.8896249307052053,7.183572918709116,0.0817698984017892,Cox_PH,0.9996299973032252,False,39.0,False,False,0.01344364012409514,Medium (20-50),False
MYOCD,6,967,0.0610440760193153,1.0257244193807058,1.0629457635727269,0.1423629087823762,7.936433063645555,0.9525434036674848,Cox_PH,0.9996299973032252,False,18.0,False,False,0.0062047569803516025,Small (<20),False
MYO9B,7,967,-0.1096997727978639,1.0318384815652004,0.8961031294502069,0.1185876183026508,6.771371498170182,0.9153325348474144,Cox_PH,0.9996299973032252,False,21.0,False,False,0.007238883143743537,Medium (20-50),False
MYO9A,13,967,-16.01990694859245,2057.864622712283,1.1031709364342305e-07,0.0,inf,0.9937887520990318,Cox_PH,0.9996299973032252,False,39.0,False,False,0.01344364012409514,Medium (20-50),False
MYO7B,17,967,0.3074930215999,0.5917291832871812,1.3600113177657298,0.4264346372338277,4.337430928333962,0.603306421087887,Cox_PH,0.9996299973032252,False,51.0,False,False,0.017580144777662874,Large (50-100),False
MYO7A,15,967,0.6999883072322821,0.5175666898163563,2.0137291612654873,0.7301959145079816,5.553448128593545,0.1762281682760112,Cox_PH,0.9996299973032252,False,45.0,False,False,0.015511892450879007,Medium (20-50),False
MYO6,12,967,0.5035855261276019,0.5899346789593493,1.6546434145495206,0.5206452117984354,5.258561429682439,0.3933104195665122,Cox_PH,0.9996299973032252,False,36.0,False,False,0.012409513960703205,Medium (20-50),False
MYO16,18,967,-1.0985522400325616,1.0136556037889248,0.3333533501461678,0.0457155295613708,2.4307813366679825,0.2784743562441373,Cox_PH,0.9996299973032252,False,54.0,False,False,0.01861427094105481,Large (50-100),False
MYO5B,14,967,-0.7842778539801469,1.007411218784077,0.4564492057735374,0.0633675205609971,3.287896947944187,0.4362694981624878,Cox_PH,0.9996299973032252,False,42.0,False,False,0.014477766287487074,Medium (20-50),False
MYO3A,14,967,-15.962842793838645,1994.515424620628,1.167953249065196e-07,0.0,inf,0.9936143036622804,Cox_PH,0.9996299973032252,False,42.0,False,False,0.014477766287487074,Medium (20-50),False
MYO1H,8,967,-0.2541640545408028,1.0214731289786072,0.7755645567219588,0.1047423883916568,5.742664368070112,0.8034991787394989,Cox_PH,0.9996299973032252,False,24.0,False,False,0.008273009307135471,Medium (20-50),False
MYO1E,7,967,-0.0335199446501025,1.017131949050163,0.9670356238519092,0.1317171360017573,7.099743633859256,0.9737101896874624,Cox_PH,0.9996299973032252,False,21.0,False,False,0.007238883143743537,Medium (20-50),False
MYO1B,5,967,-15.028806745210575,1946.06692745813,2.972159835165553e-07,0.0,inf,0.9938382727185464,Cox_PH,0.9996299973032252,False,15.0,False,False,0.005170630816959669,Small (<20),False
MYO1A,7,967,0.073050020722604,1.017820625758899,1.0757843470792876,0.1463318332502535,7.908818851750455,0.9427841389598152,Cox_PH,0.9996299973032252,False,21.0,False,False,0.007238883143743537,Medium (20-50),False
MYO18B,20,967,-1.2957758824611003,1.0250151920337,0.2736854342034399,0.036706344696605,2.0406204299076713,0.2061751682731596,Cox_PH,0.9996299973032252,False,60.0,False,False,0.020682523267838676,Large (50-100),False
MYO5A,9,967,0.987181372985919,0.605571128860926,2.6836595665962673,0.8189452562231405,8.794273627761644,0.1030664497355384,Cox_PH,0.9996299973032252,False,27.0,False,False,0.009307135470527405,Medium (20-50),False
MTIF2,6,967,0.2505986336933538,1.013588061184585,1.2847943076843602,0.1762179026975712,9.367359319280364,0.8047231612373835,Cox_PH,0.9996299973032252,False,18.0,False,False,0.0062047569803516025,Small (<20),False
MYH10,13,967,0.0260395229751525,0.7345586485137385,1.026381513322863,0.2432427341833994,4.330896108480045,0.971721546325343,Cox_PH,0.9996299973032252,False,39.0,False,False,0.01344364012409514,Medium (20-50),False
MYF6,6,967,-14.8468187280979,1837.587843855471,3.5654024006730313e-07,0.0,inf,0.9935535497805456,Cox_PH,0.9996299973032252,False,18.0,False,False,0.0062047569803516025,Small (<20),False
MUC2,10,967,-14.87918593370384,1432.5595041519737,3.451847922152941e-07,0.0,inf,0.9917129730035696,Cox_PH,0.9996299973032252,False,30.0,False,False,0.010341261633919338,Medium (20-50),False
MUC17,43,967,0.0092023628746429,0.4336372611699838,1.0092448347965917,0.4313969267210379,2.3611089311775735,0.9830690928776742,Cox_PH,0.9996299973032252,False,57.0,False,True,0.04446742502585315,Large (50-100),False
MUC16,99,967,0.1876626470296069,0.2806891567671897,1.2064264551437776,0.6959425951833409,2.09135753687752,0.5037645921113272,Cox_PH,0.9996299973032252,False,133.0,False,True,0.10237849017580145,Very Large (>100),False
MTUS2,6,967,-0.0050368884975586,1.0093915680513883,0.9949757753542516,0.1375944949549196,7.194886640385884,0.9960185531408512,Cox_PH,0.9996299973032252,False,18.0,False,False,0.0062047569803516025,Small (<20),False
MTTP,7,967,-14.905418076349008,1709.3888625533343,3.362475889889992e-07,0.0,inf,0.993042746148318,Cox_PH,0.9996299973032252,False,21.0,False,False,0.007238883143743537,Medium (20-50),False
MTSS1,8,967,-0.2711246172450019,1.0145729643400108,0.7625214671595547,0.1043830860836848,5.570241403027838,0.7892918636200262,Cox_PH,0.9996299973032252,False,24.0,False,False,0.008273009307135471,Medium (20-50),False
MUC20,5,967,-14.948776699403032,2016.126785422048,3.219799052507117e-07,0.0,inf,0.9940840581400504,Cox_PH,0.9996299973032252,False,15.0,False,False,0.005170630816959669,Small (<20),False
MTR,6,967,1.1615323456528486,0.7209217843862633,3.194825103532755,0.7776534028073642,13.125265581447568,0.1071412255506769,Cox_PH,0.9996299973032252,False,18.0,False,False,0.0062047569803516025,Small (<20),False
MTO1,8,967,-0.015095747574934,1.0192853080517257,0.9850176220392182,0.1336013448942788,7.262349914932219,0.9881836581666422,Cox_PH,0.9996299973032252,False,24.0,False,False,0.008273009307135471,Medium (20-50),False
MTMR9,5,967,0.2761187251704045,1.013607209886152,1.3180043350278663,0.1807660895874988,9.609852329694826,0.7853052787422711,Cox_PH,0.9996299973032252,False,15.0,False,False,0.005170630816959669,Small (<20),False
MTMR8,5,967,-14.974482210297111,2004.658748310634,3.1380871947788544e-07,0.0,inf,0.9940399845809156,Cox_PH,0.9996299973032252,False,15.0,False,False,0.005170630816959669,Small (<20),False
MTMR4,7,967,-14.914980689022302,1708.8516033603305,3.330475084838913e-07,0.0,inf,0.9930360941228432,Cox_PH,0.9996299973032252,False,21.0,False,False,0.007238883143743537,Medium (20-50),False
MTMR3,5,967,-14.871388015057558,2028.984611564321,3.4788703739389634e-07,0.0,inf,0.9941519789806688,Cox_PH,0.9996299973032252,False,15.0,False,False,0.005170630816959669,Small (<20),False
MTMR12,5,967,0.3970280779546643,1.008895021916946,1.4873976925499803,0.2058914553161527,10.74523414488411,0.6939298128462817,Cox_PH,0.9996299973032252,False,15.0,False,False,0.005170630816959669,Small (<20),False
MTOR,17,967,-15.995868247769486,1804.9139501625496,1.1300110406789162e-07,0.0,inf,0.9929289209371744,Cox_PH,0.9996299973032252,False,51.0,False,False,0.017580144777662874,Large (50-100),False
MYH1,16,967,0.3700913315395066,0.5996171137589683,1.4478668445327656,0.4470171977352238,4.689569909430988,0.5370944028304729,Cox_PH,0.9996299973032252,False,48.0,False,False,0.016546018614270942,Medium (20-50),False
MUC4,19,967,-0.3113479950056558,0.7176290159808679,0.7324589394608264,0.1794424264834033,2.989795158870632,0.6643926682612846,Cox_PH,0.9996299973032252,False,57.0,False,False,0.01964839710444674,Large (50-100),False
MUC6,9,967,0.4854305273396926,0.7139983481356935,1.624874411135083,0.4009148433276387,6.585480422843623,0.4965828139394455,Cox_PH,0.9996299973032252,False,27.0,False,False,0.009307135470527405,Medium (20-50),False
MYEF2,5,967,-14.904773545606783,2021.7125421162368,3.364643807540746e-07,0.0,inf,0.9941177686144536,Cox_PH,0.9996299973032252,False,15.0,False,False,0.005170630816959669,Small (<20),False
MYCT1,6,967,0.1908027396621813,1.010639158357262,1.2102206999897995,0.1669518200778557,8.772795301068223,0.8502541734549856,Cox_PH,0.9996299973032252,False,18.0,False,False,0.0062047569803516025,Small (<20),False
MYCBPAP,7,967,0.8167260754807592,0.7325555555701879,2.263078547443976,0.5384380593415923,9.511817419005986,0.2648933430735139,Cox_PH,0.9996299973032252,False,21.0,False,False,0.007238883143743537,Medium (20-50),False
MYCBP2,32,967,-0.4435506012677166,0.5979727231413087,0.6417537593588758,0.1987759160705944,2.071920460952543,0.4582344276479865,Cox_PH,0.9996299973032252,False,96.0,False,False,0.033092037228541885,Large (50-100),False
MYBPC3,6,967,0.9530742771414618,0.727851827286146,2.5936710789507367,0.6228090522663018,10.801271499356885,0.1903872190699976,Cox_PH,0.9996299973032252,False,18.0,False,False,0.0062047569803516025,Small (<20),False
MYBPC2,7,967,-0.0011323047793529,1.0236440958531698,0.9988683360358148,0.1343274594750756,7.427654454524149,0.9991174195005956,Cox_PH,0.9996299973032252,False,21.0,False,False,0.007238883143743537,Medium (20-50),False
MUC5B,30,967,-0.3594854810663181,0.5904586907581688,0.6980353861140502,0.2194162836360431,2.220680216586034,0.5426410374204523,Cox_PH,0.9996299973032252,False,90.0,False,False,0.031023784901758014,Large (50-100),False
MYBPC1,6,967,-14.93325379408769,1833.7332913767864,3.27016962571337e-07,0.0,inf,0.993502391539706,Cox_PH,0.9996299973032252,False,18.0,False,False,0.0062047569803516025,Small (<20),False
MYBL1,6,967,-14.854623691301402,1818.5453195316536,3.5376828817594e-07,0.0,inf,0.9934826242872352,Cox_PH,0.9996299973032252,False,18.0,False,False,0.0062047569803516025,Small (<20),False
MYB,11,967,-16.049160997694546,2245.950071738604,1.071366196576575e-07,0.0,inf,0.9942985069186692,Cox_PH,0.9996299973032252,False,33.0,False,False,0.011375387797311272,Medium (20-50),False
MXRA5,28,967,-1.526791495657254,1.013584784771745,0.2172315387011599,0.0297949109420831,1.583812131481208,0.1319829040677258,Cox_PH,0.9996299973032252,False,84.0,False,False,0.028955532574974147,Large (50-100),False
MX1,5,967,-14.829988535306796,2026.461509923187,3.6259166149930004e-07,0.0,inf,0.9941609977712684,Cox_PH,0.9996299973032252,False,15.0,False,False,0.005170630816959669,Small (<20),False
MUSK,9,967,-0.2718254373399463,1.0241651250785144,0.7619872640045602,0.1023671844088523,5.67197968624548,0.7906923011044819,Cox_PH,0.9996299973032252,False,27.0,False,False,0.009307135470527405,Medium (20-50),False
MUC7,5,967,0.4216175391350117,1.013855125699728,1.524425380125909,0.2089754480764129,11.1203146635785,0.6775155209830729,Cox_PH,0.9996299973032252,False,15.0,False,False,0.005170630816959669,Small (<20),False
MYBL2,5,967,0.4939637583449212,1.0172439378012064,1.6387991669233477,0.2231671225461021,12.034311680269354,0.6272576964976617,Cox_PH,0.9996299973032252,False,15.0,False,False,0.005170630816959669,Small (<20),False
NPAT,7,967,-14.92461449367159,1704.8229032504662,3.298543994386584e-07,0.0,inf,0.993015129397998,Cox_PH,0.9996299973032252,False,21.0,False,False,0.007238883143743537,Medium (20-50),False
NPC1,7,967,-14.91864016570794,1708.81611530864,3.318309562213542e-07,0.0,inf,0.9930342408761126,Cox_PH,0.9996299973032252,False,21.0,False,False,0.007238883143743537,Medium (20-50),False
NPC1L1,6,967,-14.952474060356018,1842.6329900055991,3.207916274211095e-07,0.0,inf,0.9935254511716604,Cox_PH,0.9996299973032252,False,18.0,False,False,0.0062047569803516025,Small (<20),False
PCDH17,5,967,0.3083872778052521,1.0562271323743877,1.3612280602846798,0.1717323872933369,10.789705199528688,0.7703090968797766,Cox_PH,0.9996299973032252,False,15.0,False,False,0.005170630816959669,Small (<20),False
PCDH15,19,967,0.1583596500568021,0.6107296286266325,1.1715874804493005,0.3539249400628695,3.8782721107523934,0.7954069914191251,Cox_PH,0.9996299973032252,False,57.0,False,False,0.01964839710444674,Large (50-100),False
PCDH12,5,967,-15.037619071241314,2008.4578881404557,2.946083260075695e-07,0.0,inf,0.9940261769682778,Cox_PH,0.9996299973032252,False,15.0,False,False,0.005170630816959669,Small (<20),False
PCDH11X,16,967,-0.2208011501907371,0.7267677031014018,0.801876117350643,0.1929612575579604,3.3323026379230583,0.7612707037939369,Cox_PH,0.9996299973032252,False,48.0,False,False,0.016546018614270942,Medium (20-50),False
PCDH10,8,967,-14.91230362585252,1602.3671710778494,3.339402921886383e-07,0.0,inf,0.9925746574847576,Cox_PH,0.9996299973032252,False,24.0,False,False,0.008273009307135471,Medium (20-50),False
PCDH1,7,967,0.7953767318171336,0.7377848502597215,2.215275404348802,0.5216900848006404,9.406820754487,0.2810067412552694,Cox_PH,0.9996299973032252,False,21.0,False,False,0.007238883143743537,Medium (20-50),False
PCDH18,8,967,-0.1978930855974767,1.024072808233871,0.820457567179391,0.1102421697629296,6.106108225096639,0.8467700530042468,Cox_PH,0.9996299973032252,False,24.0,False,False,0.008273009307135471,Medium (20-50),False
PCBP2,7,967,0.1731128132051532,1.0152308406762416,1.1890002324453712,0.1625548762012132,8.696888003563899,0.8646045761573384,Cox_PH,0.9996299973032252,False,21.0,False,False,0.007238883143743537,Medium (20-50),False
PC,10,967,0.8776990798857459,0.6010780608574624,2.405358795830149,0.7405116451052626,7.813180217922198,0.1442328776564149,Cox_PH,0.9996299973032252,False,30.0,False,False,0.010341261633919338,Medium (20-50),False
PBXIP1,5,967,-14.919396734078642,2021.8409796757571,3.315799983608176e-07,0.0,inf,0.994112371645394,Cox_PH,0.9996299973032252,False,15.0,False,False,0.005170630816959669,Small (<20),False
PBRM1,7,967,0.1101989038160769,1.027354205559172,1.1165001245098556,0.1490586630046777,8.36296598200001,0.9145789394759216,Cox_PH,0.9996299973032252,False,21.0,False,False,0.007238883143743537,Medium (20-50),False
PBDC1,5,967,0.2993112879439104,1.0357266880271216,1.34892946360314,0.1771580475902593,10.271115100484447,0.7725915182675804,Cox_PH,0.9996299973032252,False,15.0,False,False,0.005170630816959669,Small (<20),False
PAXBP1,9,967,-0.2032711508134524,1.0242171095208632,0.8160569369212479,0.1096198634014874,6.075075297788168,0.8426813407398817,Cox_PH,0.9996299973032252,False,27.0,False,False,0.009307135470527405,Medium (20-50),False
PAX5,5,967,0.4924940847365056,1.023594382508323,1.636392436025868,0.2200829177048538,12.167142423446784,0.6304156930587579,Cox_PH,0.9996299973032252,False,15.0,False,False,0.005170630816959669,Small (<20),False
PCARE,9,967,-0.2735394493422833,1.0151542237056157,0.7606823273464498,0.1040127565939844,5.563140734707504,0.7875787572460888,Cox_PH,0.9996299973032252,False,27.0,False,False,0.009307135470527405,Medium (20-50),False
PATJ,12,967,0.0608108448879693,0.7199820063235731,1.062697880437885,0.2591485349877755,4.357835884121227,0.9326894184873028,Cox_PH,0.9996299973032252,False,36.0,False,False,0.012409513960703205,Medium (20-50),False
PCDH19,18,967,-0.2548594175323631,0.7189899213880843,0.7750254452924398,0.1893648572075333,3.171995320084391,0.7229876624369014,Cox_PH,0.9996299973032252,False,54.0,False,False,0.01861427094105481,Large (50-100),False
PCDHA1,7,967,0.853919043344511,0.7173265329188913,2.3488340200458446,0.575773479048328,9.581930141769604,0.2338817985653269,Cox_PH,0.9996299973032252,False,21.0,False,False,0.007238883143743537,Medium (20-50),False
PCDHAC2,8,967,-14.88326909947574,1595.8506616310008,3.437782190766146e-07,0.0,inf,0.992558853550926,Cox_PH,0.9996299973032252,False,24.0,False,False,0.008273009307135471,Medium (20-50),False
PCDHAC1,7,967,-0.0256783496431707,1.0262587438772988,0.9746485352452412,0.1304004096974803,7.284791278336368,0.9800379570899936,Cox_PH,0.9996299973032252,False,21.0,False,False,0.007238883143743537,Medium (20-50),False
PCDHA9,9,967,0.9650578171346244,0.5856746062946708,2.624939418563053,0.8328810774248502,8.272858080087477,0.0993996071116093,Cox_PH,0.9996299973032252,False,27.0,False,False,0.009307135470527405,Medium (20-50),False
PCDHA8,10,967,-0.4874765277923526,1.02268451526813,0.6141742920810666,0.0827494279518129,4.558461253326587,0.6336016553663757,Cox_PH,0.9996299973032252,False,30.0,False,False,0.010341261633919338,Medium (20-50),False
PCDHA7,7,967,-15.00330711155642,1709.2738931321453,3.048923383848376e-07,0.0,inf,0.992996585604832,Cox_PH,0.9996299973032252,False,21.0,False,False,0.007238883143743537,Medium (20-50),False
PCDHA6,9,967,0.5476685145498682,0.7127386907240146,1.729216670845423,0.4277145183005341,6.991089071773493,0.442249493223338,Cox_PH,0.9996299973032252,False,27.0,False,False,0.009307135470527405,Medium (20-50),False
PCDH9,13,967,-15.979648663536098,2055.4027026963895,1.1484887956047275e-07,0.0,inf,0.9937969398886124,Cox_PH,0.9996299973032252,False,39.0,False,False,0.01344364012409514,Medium (20-50),False
PCDHA5,6,967,-14.833392602131484,1832.1036235458191,3.613594736681888e-07,0.0,inf,0.9935401003047784,Cox_PH,0.9996299973032252,False,18.0,False,False,0.0062047569803516025,Small (<20),False
PCDHA3,9,967,-14.998478450095442,1504.6862832363586,3.0636812042744053e-07,0.0,inf,0.99204694270369,Cox_PH,0.9996299973032252,False,27.0,False,False,0.009307135470527405,Medium (20-50),False
PCDHA2,7,967,-0.0786883010267558,1.00717430566355,0.924327991633564,0.1283813766224222,6.655032517918315,0.9377264028079996,Cox_PH,0.9996299973032252,False,21.0,False,False,0.007238883143743537,Medium (20-50),False
PCDHA13,6,967,0.2401014527340838,1.0137297939274823,1.2713781285658936,0.1743293516440927,9.272118151943388,0.8127735041328059,Cox_PH,0.9996299973032252,False,18.0,False,False,0.0062047569803516025,Small (<20),False
PCDHA12,6,967,-0.0715302389098378,1.024553277039457,0.9309681257080076,0.1249733628101456,6.935091059371894,0.9443400908703012,Cox_PH,0.9996299973032252,False,18.0,False,False,0.0062047569803516025,Small (<20),False
PCDHA11,11,967,0.1717410328842426,0.7255943539824066,1.1873703035327454,0.2863833729505234,4.922940264255545,0.8128971808735267,Cox_PH,0.9996299973032252,False,33.0,False,False,0.011375387797311272,Medium (20-50),False
PCDHA10,9,967,0.5514034290658758,0.7578328490506346,1.7356872232489429,0.3929987078336509,7.665699853203608,0.4668550481802211,Cox_PH,0.9996299973032252,False,27.0,False,False,0.009307135470527405,Medium (20-50),False
PCDHA4,7,967,1.1552958332346626,0.6037967933662937,3.1749625380467834,0.9722465234181448,10.36813902153198,0.0556987608405462,Cox_PH,0.9996299973032252,False,21.0,False,False,0.007238883143743537,Medium (20-50),False
PCDHB1,11,967,-16.02487658819426,2243.0952562552025,1.0977021746039507e-07,0.0,inf,0.9942998885929608,Cox_PH,0.9996299973032252,False,33.0,False,False,0.011375387797311272,Medium (20-50),False
PASK,7,967,0.7338356808652342,0.7317987121349648,2.083055238947896,0.4963421383880658,8.742193726690456,0.3159653269691928,Cox_PH,0.9996299973032252,False,21.0,False,False,0.007238883143743537,Medium (20-50),False
PARP9,9,967,-0.3865167633589079,1.0149704191245237,0.679419335928997,0.0929346440669592,4.967045805884935,0.7033399408215117,Cox_PH,0.9996299973032252,False,27.0,False,False,0.009307135470527405,Medium (20-50),False
PAK5,5,967,1.0509609926184684,0.7358910568454295,2.8603986196467064,0.6761194760758876,12.10123440129751,0.1532494003563796,Cox_PH,0.9996299973032252,False,15.0,False,False,0.005170630816959669,Small (<20),False
PAK2,6,967,-14.971198042673524,1840.525335025788,3.148410141008442e-07,0.0,inf,0.9935099203352784,Cox_PH,0.9996299973032252,False,18.0,False,False,0.0062047569803516025,Small (<20),False
PADI3,5,967,-15.041589135062411,2016.7281759182256,2.934410308025083e-07,0.0,inf,0.9940491035848203,Cox_PH,0.9996299973032252,False,15.0,False,False,0.005170630816959669,Small (<20),False
PADI2,5,967,-14.999727879817154,2011.1978345633752,3.059855740241818e-07,0.0,inf,0.994049347042705,Cox_PH,0.9996299973032252,False,15.0,False,False,0.005170630816959669,Small (<20),False
PACSIN2,5,967,0.4921953217747505,1.0079896695532675,1.6359036155994424,0.2268504179312463,11.7971157555567,0.6253416008887005,Cox_PH,0.9996299973032252,False,15.0,False,False,0.005170630816959669,Small (<20),False
PACS1,5,967,-15.069160340757511,2026.685716521921,2.8546102251591905e-07,0.0,inf,0.994067486883884,Cox_PH,0.9996299973032252,False,15.0,False,False,0.005170630816959669,Small (<20),False
PALB2,6,967,0.8973535977866584,0.7233527926709944,2.4531026172941353,0.5942721640921924,10.126189336443122,0.2147729058614468,Cox_PH,0.9996299973032252,False,18.0,False,False,0.0062047569803516025,Small (<20),False
PABPC4,6,967,-14.933172266414076,1837.2190148722352,3.2704362459035884e-07,0.0,inf,0.9935147544722472,Cox_PH,0.9996299973032252,False,18.0,False,False,0.0062047569803516025,Small (<20),False
P3H2,9,967,-0.3997503080417105,1.0217528648611405,0.6704874404582656,0.0905017652293727,4.967344080780114,0.6956200487545335,Cox_PH,0.9996299973032252,False,27.0,False,False,0.009307135470527405,Medium (20-50),False
P3H1,6,967,0.1816737697207852,1.015987331963073,1.199222907234695,0.1637095593242223,8.784676882479694,0.8580829707174659,Cox_PH,0.9996299973032252,False,18.0,False,False,0.0062047569803516025,Small (<20),False
P2RY10,7,967,-14.830201487989909,1714.200472662449,3.6251445485308266e-07,0.0,inf,0.9930972827365908,Cox_PH,0.9996299973032252,False,21.0,False,False,0.007238883143743537,Medium (20-50),False
OXR1,8,967,-0.1827122610700789,1.017899722168501,0.8330078100323768,0.1132909810476579,6.12495368261516,0.8575456873857276,Cox_PH,0.9996299973032252,False,24.0,False,False,0.008273009307135471,Medium (20-50),False
OVGP1,5,967,0.0816404313722795,1.0328328298023928,1.0850655841342207,0.1433147648317098,8.215254884973533,0.9369967067094588,Cox_PH,0.9996299973032252,False,15.0,False,False,0.005170630816959669,Small (<20),False
OVCH1,9,967,-0.2535888539166577,1.0108545100121042,0.7760107902636527,0.1070067145655144,5.62761644491878,0.8019178448050329,Cox_PH,0.9996299973032252,False,27.0,False,False,0.009307135470527405,Medium (20-50),False
PABPC3,6,967,-14.910643380590733,1833.1622445635944,3.3449517547017645e-07,0.0,inf,0.9935102083849816,Cox_PH,0.9996299973032252,False,18.0,False,False,0.0062047569803516025,Small (<20),False
PASD1,6,967,-14.93272433636414,1788.4334448692423,3.2719015007158685e-07,0.0,inf,0.9933380513573364,Cox_PH,0.9996299973032252,False,18.0,False,False,0.0062047569803516025,Small (<20),False
PALD1,5,967,1.1913269212343525,0.7143355906948843,3.2914458003313647,0.8115811991002855,13.348775783038183,0.0953671056700348,Cox_PH,0.9996299973032252,False,15.0,False,False,0.005170630816959669,Small (<20),False
PALM2AKAP2,9,967,0.3651897381958748,0.7271033538531656,1.4407873546095675,0.3464790806925698,5.991323334884828,0.6154896648721189,Cox_PH,0.9996299973032252,False,27.0,False,False,0.009307135470527405,Medium (20-50),False
PARP8,8,967,1.3657432162872034,0.6059523699714633,3.9186343628739624,1.1949168138782982,12.850848771687463,0.0242037920741621,Cox_PH,0.9996299973032252,False,24.0,False,False,0.008273009307135471,Medium (20-50),True
PARP6,5,967,-14.972493757058968,1984.6634726331731,3.144333342451098e-07,0.0,inf,0.9939807385717826,Cox_PH,0.9996299973032252,False,15.0,False,False,0.005170630816959669,Small (<20),False
PARP4,7,967,-15.09945203607964,1676.5462359616522,2.769435793729889e-07,0.0,inf,0.9928141219552078,Cox_PH,0.9996299973032252,False,21.0,False,False,0.007238883143743537,Medium (20-50),False
PARP14,9,967,-0.3282884588471422,1.0169703395859069,0.7201552545863973,0.0981213477027944,5.285532688353287,0.7468389429694977,Cox_PH,0.9996299973032252,False,27.0,False,False,0.009307135470527405,Medium (20-50),False
PARP10,5,967,0.4235145064405951,1.0149690054508589,1.5273199097778731,0.2089156401297279,11.165780146260843,0.6764820896580248,Cox_PH,0.9996299973032252,False,15.0,False,False,0.005170630816959669,Small (<20),False
PARP1,11,967,-0.5347781941797658,1.0237574188440597,0.5857992094099723,0.0787605741701396,4.357011326555951,0.6014140782425664,Cox_PH,0.9996299973032252,False,33.0,False,False,0.011375387797311272,Medium (20-50),False
PALLD,9,967,0.5074612117734811,0.7199731029890416,1.661068735499566,0.4050737741436491,6.811473662759675,0.4809138152596374,Cox_PH,0.9996299973032252,False,27.0,False,False,0.009307135470527405,Medium (20-50),False
PARD3B,6,967,0.3788208909820501,1.0255386487674374,1.4605614125943334,0.1956877777381715,10.901241071958054,0.711839107546723,Cox_PH,0.9996299973032252,False,18.0,False,False,0.0062047569803516025,Small (<20),False
PAPPA2,23,967,0.2315136045218519,0.5325022173712124,1.260506475048847,0.4438845639195218,3.579481475116444,0.6637326333144171,Cox_PH,0.9996299973032252,False,69.0,False,False,0.023784901758014478,Large (50-100),False
PAPPA,10,967,0.3114594584494155,0.7222303749121489,1.3654164292024842,0.3315051028114221,5.62393160565197,0.6662890083929107,Cox_PH,0.9996299973032252,False,30.0,False,False,0.010341261633919338,Medium (20-50),False
PANK4,6,967,0.8634889260280815,0.74472999787574,2.371419986210811,0.5509110757878665,10.207877456371046,0.2462663892652385,Cox_PH,0.9996299973032252,False,18.0,False,False,0.0062047569803516025,Small (<20),False
PAN2,7,967,-0.0146324204398883,1.0205666493918455,0.985474113176206,0.1333279957460876,7.283985799875996,0.9885606859871068,Cox_PH,0.9996299973032252,False,21.0,False,False,0.007238883143743537,Medium (20-50),False
PAMR1,5,967,1.290451604497025,0.7394777179091712,3.634427509001162,0.8530605727299131,15.484320504830674,0.0809700433359754,Cox_PH,0.9996299973032252,False,15.0,False,False,0.005170630816959669,Small (<20),False
PAM,7,967,0.7913931339499674,0.7423358307475297,2.206468191816222,0.5150016912644302,9.45337066669358,0.2863851954102295,Cox_PH,0.9996299973032252,False,21.0,False,False,0.007238883143743537,Medium (20-50),False
PARD3,6,967,0.0256628075112985,1.0113027389834075,1.0259949323550668,0.1413536234047585,7.447036558829669,0.9797550626807884,Cox_PH,0.9996299973032252,False,18.0,False,False,0.0062047569803516025,Small (<20),False
OTUD7B,8,967,-14.91200508602387,1605.774282825684,3.340400015491149e-07,0.0,inf,0.992590560363507,Cox_PH,0.9996299973032252,False,24.0,False,False,0.008273009307135471,Medium (20-50),False
PCDHB10,6,967,0.2447404590144616,1.013552637143732,1.277289761137649,0.175200769251031,9.311997549334226,0.8091924679732647,Cox_PH,0.9996299973032252,False,18.0,False,False,0.0062047569803516025,Small (<20),False
PCDHB12,10,967,0.7830138033212595,0.5860909733788597,2.188056710985152,0.693693884429896,6.9015920104611945,0.1815513574491297,Cox_PH,0.9996299973032252,False,30.0,False,False,0.010341261633919338,Medium (20-50),False
SBNO1,10,967,0.7606222742480874,0.5961056037472776,2.139607228807279,0.6651486635524603,6.882550239392167,0.2019605455830514,Cox_PH,0.9996299973032252,False,30.0,False,False,0.010341261633919338,Medium (20-50),False
PDE1C,7,967,0.8732943370693592,0.7206039547785925,2.394787108827013,0.5832791362721962,9.832351167670977,0.2255536350410037,Cox_PH,0.9996299973032252,False,21.0,False,False,0.007238883143743537,Medium (20-50),False
PDE1A,6,967,0.1945112771388121,1.0258837090056483,1.214717181342075,0.1626392383830246,9.072459053040204,0.8496197409916054,Cox_PH,0.9996299973032252,False,18.0,False,False,0.0062047569803516025,Small (<20),False
PDE11A,8,967,-14.925023641689998,1593.7129800093787,3.2971946777015977e-07,0.0,inf,0.9925279695785296,Cox_PH,0.9996299973032252,False,24.0,False,False,0.008273009307135471,Medium (20-50),False
PDE10A,8,967,-0.2831844433724779,1.0216376919165917,0.7533808189451572,0.1017135937641667,5.58020454640973,0.7816367042240668,Cox_PH,0.9996299973032252,False,24.0,False,False,0.008273009307135471,Medium (20-50),False
PDCD4,6,967,0.1063437644483745,1.0272841477359844,1.1122041470423445,0.1485055177128527,8.329643798757855,0.9175508105236722,Cox_PH,0.9996299973032252,False,18.0,False,False,0.0062047569803516025,Small (<20),False
PDE4B,10,967,0.4483010969349766,0.750920383394151,1.5656500371176478,0.359334038225197,6.821675037615754,0.5505059331025279,Cox_PH,0.9996299973032252,False,30.0,False,False,0.010341261633919338,Medium (20-50),False
PDCD11,8,967,-14.83834446911495,1596.1740689547462,3.595744927628304e-07,0.0,inf,0.9925828168314496,Cox_PH,0.9996299973032252,False,24.0,False,False,0.008273009307135471,Medium (20-50),False
PCYOX1,5,967,0.190014410625463,1.02746207348368,1.2092670238258554,0.1614094050106505,9.05973685248484,0.8532794748444592,Cox_PH,0.9996299973032252,False,15.0,False,False,0.005170630816959669,Small (<20),False
PCSK5,12,967,0.1894952379545947,0.7214272467288174,1.208639368380178,0.2939039794104212,4.9703618363006035,0.7928071393535019,Cox_PH,0.9996299973032252,False,36.0,False,False,0.012409513960703205,Medium (20-50),False
PCOLCE2,5,967,0.2281042762869567,1.0184544263835933,1.256216312175468,0.1706626634173374,9.24677601636104,0.8227798534319231,Cox_PH,0.9996299973032252,False,15.0,False,False,0.005170630816959669,Small (<20),False
PCNX3,8,967,0.538731759522306,0.7354066542585994,1.7138319322808244,0.4054874794084626,7.2436759240762,0.4638249595406909,Cox_PH,0.9996299973032252,False,24.0,False,False,0.008273009307135471,Medium (20-50),False
PCNX2,16,967,0.2631589471017464,0.6084932787984103,1.3010334980216076,0.3947558212250783,4.2879371803087825,0.6653952435207582,Cox_PH,0.9996299973032252,False,48.0,False,False,0.016546018614270942,Medium (20-50),False
PCNX1,11,967,0.8546846162892108,0.5951571537092507,2.3506329123269514,0.7321108039346429,7.547320786441989,0.1509837227410658,Cox_PH,0.9996299973032252,False,33.0,False,False,0.011375387797311272,Medium (20-50),False
PCYT1B,5,967,-14.820385931417462,2013.9844472569143,3.6609025652560977e-07,0.0,inf,0.9941286287416454,Cox_PH,0.9996299973032252,False,15.0,False,False,0.005170630816959669,Small (<20),False
PCNT,21,967,-0.4386506261616374,0.7342189701009167,0.6449060535784198,0.1529384375433662,2.7194198176907656,0.5502147048698107,Cox_PH,0.9996299973032252,False,63.0,False,False,0.02171664943123061,Large (50-100),False
PDE4D,7,967,0.7514137838020022,0.7215823642598831,2.119995113655963,0.5153610014752618,8.72083698428799,0.2977170039630122,Cox_PH,0.9996299973032252,False,21.0,False,False,0.007238883143743537,Medium (20-50),False
PDE5A,9,967,0.945225084457316,0.6345241543857273,2.57339254406955,0.7419731235223942,8.92532219285012,0.1363137265010675,Cox_PH,0.9996299973032252,False,27.0,False,False,0.009307135470527405,Medium (20-50),False
PDZD7,5,967,-15.080249996036072,2027.552732750257,2.823128465375403e-07,0.0,inf,0.9940656597897244,Cox_PH,0.9996299973032252,False,15.0,False,False,0.005170630816959669,Small (<20),False
PDZD2,23,967,0.1748038611060337,0.5290929283166587,1.1910125898093906,0.4222244313830234,3.359613711688941,0.7411097966370952,Cox_PH,0.9996299973032252,False,69.0,False,False,0.023784901758014478,Large (50-100),False
PDXDC1,7,967,-14.817183650660818,1698.0382958630132,3.672644593694474e-07,0.0,inf,0.9930376999944224,Cox_PH,0.9996299973032252,False,21.0,False,False,0.007238883143743537,Medium (20-50),False
PDS5B,7,967,0.159218926868989,1.0137251945819756,1.1725946310533093,0.1607857646404282,8.551616319081273,0.8751950366873879,Cox_PH,0.9996299973032252,False,21.0,False,False,0.007238883143743537,Medium (20-50),False
PDS5A,6,967,-14.853711744665382,1834.1535668309832,3.540910531261089e-07,0.0,inf,0.9935384812145712,Cox_PH,0.9996299973032252,False,18.0,False,False,0.0062047569803516025,Small (<20),False
PDP1,5,967,-15.115726332857028,2019.579529348884,2.7247299385951965e-07,0.0,inf,0.9940282163252528,Cox_PH,0.9996299973032252,False,15.0,False,False,0.005170630816959669,Small (<20),False
PDE4DIP,11,967,0.786719220604372,0.6127993236846883,2.1961794138464477,0.660758108562393,7.299500309268606,0.1992076893972987,Cox_PH,0.9996299973032252,False,33.0,False,False,0.011375387797311272,Medium (20-50),False
PDK4,5,967,-15.059686570383075,2028.5535898314668,2.8817826563957937e-07,0.0,inf,0.9940766755717072,Cox_PH,0.9996299973032252,False,15.0,False,False,0.005170630816959669,Small (<20),False
PDIK1L,6,967,-14.91880429186263,1830.9149756449344,3.3177649855158873e-07,0.0,inf,0.9934986866954918,Cox_PH,0.9996299973032252,False,18.0,False,False,0.0062047569803516025,Small (<20),False
PDIA5,6,967,0.1503052136162848,1.0398948878505097,1.1621889044800744,0.1513910936131601,8.921813149377918,0.8850749788332334,Cox_PH,0.9996299973032252,False,18.0,False,False,0.0062047569803516025,Small (<20),False
PDGFRB,7,967,0.952564673536088,0.7295160268220617,2.5923496715433356,0.6204645923653634,10.831040001705006,0.1916379981250817,Cox_PH,0.9996299973032252,False,21.0,False,False,0.007238883143743537,Medium (20-50),False
PDGFRA,7,967,0.0042432766053353,1.0209464545626938,1.0042522920506758,0.1357674512181135,7.428309635634399,0.9966838269253496,Cox_PH,0.9996299973032252,False,21.0,False,False,0.007238883143743537,Medium (20-50),False
PDE6C,6,967,0.2231172258448187,1.0048544791797738,1.2499670935964011,0.1744010837528224,8.958761616918846,0.8242832583355637,Cox_PH,0.9996299973032252,False,18.0,False,False,0.0062047569803516025,Small (<20),False
PDE6A,7,967,-0.1437723945914607,1.035856434490645,0.8660848512238735,0.113716018278335,6.596282396060532,0.8896116105631973,Cox_PH,0.9996299973032252,False,21.0,False,False,0.007238883143743537,Medium (20-50),False
PDILT,7,967,0.1179468285015651,1.0101176020732807,1.1251842820424574,0.1553796702681095,8.14803935656983,0.9070459294863176,Cox_PH,0.9996299973032252,False,21.0,False,False,0.007238883143743537,Medium (20-50),False
PCDHB11,8,967,0.6879896151556627,0.7166738120417288,1.989711423999999,0.4883655593926421,8.10653305634343,0.3370673250647484,Cox_PH,0.9996299973032252,False,24.0,False,False,0.008273009307135471,Medium (20-50),False
PCMTD2,5,967,-14.92529694482422,2007.471621359893,3.296293667192149e-07,0.0,inf,0.9940678841191758,Cox_PH,0.9996299973032252,False,15.0,False,False,0.005170630816959669,Small (<20),False
PCLO,35,967,0.1907490351980518,0.4469899278939694,1.2101557074808376,0.5039132123412436,2.9062084511424184,0.6695678107555483,Cox_PH,0.9996299973032252,False,105.0,False,False,0.03619441571871768,Very Large (>100),False
PCDHGA2,9,967,-0.5591973190525088,1.0127153629104693,0.5716677465447038,0.0785421834011343,4.160872518280157,0.5808276399983043,Cox_PH,0.9996299973032252,False,27.0,False,False,0.009307135470527405,Medium (20-50),False
PCDHGA12,9,967,0.5152402464015605,0.7283979340094054,1.6740406357287805,0.4015514118887395,6.97896201358072,0.4793422046031698,Cox_PH,0.9996299973032252,False,27.0,False,False,0.009307135470527405,Medium (20-50),False
PCDHGA11,8,967,-14.8473334012218,1592.3164046558743,3.563567856017431e-07,0.0,inf,0.9925603439146772,Cox_PH,0.9996299973032252,False,24.0,False,False,0.008273009307135471,Medium (20-50),False
PCDHGA1,11,967,-0.5137958948539041,1.0059321572362736,0.5982204814817726,0.0832903216664252,4.296630596499935,0.6095149538688855,Cox_PH,0.9996299973032252,False,33.0,False,False,0.011375387797311272,Medium (20-50),False
PCDHB9,11,967,-0.4207894302175846,1.0137049389238193,0.6565283318830741,0.0900265087361193,4.787805909796872,0.6780683311173956,Cox_PH,0.9996299973032252,False,33.0,False,False,0.011375387797311272,Medium (20-50),False
PCDHB8,7,967,-0.2297609708718416,1.0115883161493244,0.79472354187725,0.109429576837992,5.771616104748066,0.8203234897037521,Cox_PH,0.9996299973032252,False,21.0,False,False,0.007238883143743537,Medium (20-50),False
PCDHGA3,6,967,1.0393559243411934,0.7153116665881826,2.827395371240101,0.6958264924580014,11.488732711326682,0.1462206205635086,Cox_PH,0.9996299973032252,False,18.0,False,False,0.0062047569803516025,Small (<20),False
PCDHB7,12,967,0.6531440888012755,0.5907513373966137,1.9215729372556736,0.6036694298187643,6.116663145095744,0.2688927922093201,Cox_PH,0.9996299973032252,False,36.0,False,False,0.012409513960703205,Medium (20-50),False
PCDHB5,7,967,0.859023769193732,0.7193287053507139,2.3608548291475753,0.5764535624774885,9.668836983771936,0.2323989660582738,Cox_PH,0.9996299973032252,False,21.0,False,False,0.007238883143743537,Medium (20-50),False
PCDHB2,8,967,-0.1943807662944537,1.0155142331298284,0.8233443428010784,0.1125015068473252,6.025660685083145,0.8482034704071094,Cox_PH,0.9996299973032252,False,24.0,False,False,0.008273009307135471,Medium (20-50),False
PCDHB16,8,967,-0.2611192392412055,1.0118946902806334,0.7701890773784172,0.1059876361050768,5.5967963501414815,0.7963684606963719,Cox_PH,0.9996299973032252,False,24.0,False,False,0.008273009307135471,Medium (20-50),False
PCDHB15,6,967,0.997303742423296,0.7353604105242756,2.710962512298439,0.6414637131176015,11.45710597933712,0.1750321016289561,Cox_PH,0.9996299973032252,False,18.0,False,False,0.0062047569803516025,Small (<20),False
PCDHB14,7,967,-0.0830070508769455,1.0138666012279935,0.9203446579603164,0.1261623651491829,6.713842820198414,0.9347486851437912,Cox_PH,0.9996299973032252,False,21.0,False,False,0.007238883143743537,Medium (20-50),False
PCDHB13,6,967,-14.84993693468756,1831.5900699660465,3.5543020549922386e-07,0.0,inf,0.9935310822026884,Cox_PH,0.9996299973032252,False,18.0,False,False,0.0062047569803516025,Small (<20),False
PCDHB6,8,967,0.713530998116867,0.714823028073982,2.0411859727364323,0.5028204469576943,8.28613911885434,0.3181860139730058,Cox_PH,0.9996299973032252,False,24.0,False,False,0.008273009307135471,Medium (20-50),False
PCM1,6,967,-15.074310042417451,1843.6053778328733,2.83994762056745e-07,0.0,inf,0.9934761389964908,Cox_PH,0.9996299973032252,False,18.0,False,False,0.0062047569803516025,Small (<20),False
PCDHGA4,5,967,1.2699881415952934,0.7304037673401674,3.560810336575101,0.8507786905044065,14.903253213291917,0.0820790863810391,Cox_PH,0.9996299973032252,False,15.0,False,False,0.005170630816959669,Small (<20),False
PCDHGA6,7,967,-14.836533860447108,1708.6670292363608,3.60226131209249e-07,0.0,inf,0.9930719722758684,Cox_PH,0.9996299973032252,False,21.0,False,False,0.007238883143743537,Medium (20-50),False
PCK1,7,967,0.6456465938470413,0.7306724099834656,1.907219827274441,0.4554490927767344,7.986595049233924,0.376894107528692,Cox_PH,0.9996299973032252,False,21.0,False,False,0.007238883143743537,Medium (20-50),False
PCF11,8,967,-15.006024431452342,1593.267196725287,3.040649729849545e-07,0.0,inf,0.9924853168222644,Cox_PH,0.9996299973032252,False,24.0,False,False,0.008273009307135471,Medium (20-50),False
PCED1B,7,967,-14.92057176967094,1682.686928728083,3.311906088791028e-07,0.0,inf,0.9929251617475912,Cox_PH,0.9996299973032252,False,21.0,False,False,0.007238883143743537,Medium (20-50),False
PCDHGC4,5,967,-15.06364518434592,2021.9433752289624,2.870397341235998e-07,0.0,inf,0.9940557490944172,Cox_PH,0.9996299973032252,False,15.0,False,False,0.005170630816959669,Small (<20),False
PCDHGC3,5,967,0.1703555782926381,1.0179942304682827,1.185726394937092,0.1612316523872291,8.720043879931577,0.8670991133409599,Cox_PH,0.9996299973032252,False,15.0,False,False,0.005170630816959669,Small (<20),False
PCDHGB7,7,967,-14.764516011304814,1701.6830569624594,3.8712584677810995e-07,0.0,inf,0.9930773057170528,Cox_PH,0.9996299973032252,False,21.0,False,False,0.007238883143743537,Medium (20-50),False
PCDHGA5,6,967,-15.0197494612709,1849.818325313184,2.9992018092615066e-07,0.0,inf,0.993521582979301,Cox_PH,0.9996299973032252,False,18.0,False,False,0.0062047569803516025,Small (<20),False
PCDHGB6,11,967,0.6986889627140915,0.6030232831650837,2.011114332468292,0.6167838304567261,6.557533869304561,0.2466015600719411,Cox_PH,0.9996299973032252,False,33.0,False,False,0.011375387797311272,Medium (20-50),False
PCDHGB4,8,967,0.5209461902021915,0.733416022168005,1.6836199209577851,0.3998966208121954,7.088272045132157,0.4775174522927765,Cox_PH,0.9996299973032252,False,24.0,False,False,0.008273009307135471,Medium (20-50),False
PCDHGB3,5,967,0.5901119999080837,1.0119224993670382,1.8041904732495848,0.2482656097570201,13.111374011689986,0.5597860778745241,Cox_PH,0.9996299973032252,False,15.0,False,False,0.005170630816959669,Small (<20),False
PCDHGB2,7,967,-14.888686616677688,1706.8511648068038,3.4192083042138997e-07,0.0,inf,0.993040223553412,Cox_PH,0.9996299973032252,False,21.0,False,False,0.007238883143743537,Medium (20-50),False
PCDHGB1,5,967,0.2512105199476668,1.0175670667129866,1.285580696226486,0.1749559710331895,9.446477972430284,0.8050059911973786,Cox_PH,0.9996299973032252,False,15.0,False,False,0.005170630816959669,Small (<20),False
PCDHGA9,9,967,-0.4598798137682529,1.010070139825736,0.6313595216689867,0.08719421536485,4.571574432250496,0.6488970731263359,Cox_PH,0.9996299973032252,False,27.0,False,False,0.009307135470527405,Medium (20-50),False
PCDHGA7,7,967,-0.1055158807125544,1.0159378279879938,0.8998601823124173,0.1228545647541866,6.59111323483601,0.9172799993336436,Cox_PH,0.9996299973032252,False,21.0,False,False,0.007238883143743537,Medium (20-50),False
PCDHGB5,6,967,1.0737587924417915,0.7186072382047682,2.9263584272345313,0.7155445666961344,11.967910935564683,0.1351175868777364,Cox_PH,0.9996299973032252,False,18.0,False,False,0.0062047569803516025,Small (<20),False
OTUD7A,5,967,-15.06124128793348,1992.4103724436332,2.877305779364865e-07,0.0,inf,0.9939686032516428,Cox_PH,0.9996299973032252,False,15.0,False,False,0.005170630816959669,Small (<20),False
OTUD4,6,967,0.0426841068308632,1.0112573249725032,1.0436081740816374,0.1437930378873381,7.574205517956533,0.966332130245342,Cox_PH,0.9996299973032252,False,18.0,False,False,0.0062047569803516025,Small (<20),False
OTOP3,5,967,0.4668855158509516,1.0229971711149224,1.5950187885952205,0.2147697103552819,11.845641230149363,0.648109670031134,Cox_PH,0.9996299973032252,False,15.0,False,False,0.005170630816959669,Small (<20),False
NUP98,12,967,0.5903499055483832,0.6152320173299268,1.8046197514011677,0.540368022493966,6.026730508805371,0.3372784510839995,Cox_PH,0.9996299973032252,False,36.0,False,False,0.012409513960703205,Medium (20-50),False
NUP62,5,967,0.3049798174989864,1.0176396292701682,1.3565976231970234,0.1845944807350192,9.969729885399984,0.7644110805877823,Cox_PH,0.9996299973032252,False,15.0,False,False,0.005170630816959669,Small (<20),False
NUP58,6,967,1.0434497035323058,0.7297425509177916,2.8389938281384466,0.6791958893027998,11.866806149963208,0.1527493291718021,Cox_PH,0.9996299973032252,False,18.0,False,False,0.0062047569803516025,Small (<20),False
NUP214,7,967,0.767526671634194,0.7449464650258819,2.1544310432295006,0.500289474134652,9.27777488834731,0.3028639523919043,Cox_PH,0.9996299973032252,False,21.0,False,False,0.007238883143743537,Medium (20-50),False
NUP210L,15,967,-15.92512821994322,1930.159717900507,1.2128432918010005e-07,0.0,inf,0.9934169853111005,Cox_PH,0.9996299973032252,False,45.0,False,False,0.015511892450879007,Medium (20-50),False
NUP210,7,967,-15.01230175384181,1696.3944466184855,3.021622374125567e-07,0.0,inf,0.9929391849432532,Cox_PH,0.9996299973032252,False,21.0,False,False,0.007238883143743537,Medium (20-50),False
NUTM1,7,967,1.2008734321439298,0.6021285481542558,3.3230180863788235,1.0209172396436017,10.816204069837877,0.0461104884024216,Cox_PH,0.9996299973032252,False,21.0,False,False,0.007238883143743537,Medium (20-50),True
NUP205,8,967,-14.967072867214087,1588.7477312197782,3.161424710493884e-07,0.0,inf,0.992483501635501,Cox_PH,0.9996299973032252,False,24.0,False,False,0.008273009307135471,Medium (20-50),False
NUP160,14,967,0.8425143298405611,0.5203964691318584,2.3221984154004445,0.837392191900419,6.439760882233797,0.1054503862568765,Cox_PH,0.9996299973032252,False,42.0,False,False,0.014477766287487074,Medium (20-50),False
NUP155,10,967,-0.3741062503158249,1.0081865474584448,0.6879038179480101,0.0953546783291539,4.962647570515356,0.7105865266025491,Cox_PH,0.9996299973032252,False,30.0,False,False,0.010341261633919338,Medium (20-50),False
NUP153,10,967,-0.3473424976121091,1.0219437283654955,0.7065632905716259,0.0953355786143956,5.236572650412594,0.7339437569842292,Cox_PH,0.9996299973032252,False,30.0,False,False,0.010341261633919338,Medium (20-50),False
NUP133,5,967,0.5286742768071593,1.0249454355101857,1.6966814869668414,0.2275878919877731,12.648863008804822,0.6059890450250202,Cox_PH,0.9996299973032252,False,15.0,False,False,0.005170630816959669,Small (<20),False
NUP107,9,967,-0.2036925108737063,1.014018550163437,0.8157131555540914,0.1117860090012128,5.952336594616182,0.8407951329739516,Cox_PH,0.9996299973032252,False,27.0,False,False,0.009307135470527405,Medium (20-50),False
NUMB,5,967,1.17275774357073,0.7442067374108461,3.2308903311506305,0.7513471664810684,13.893247752316706,0.1150605136467834,Cox_PH,0.9996299973032252,False,15.0,False,False,0.005170630816959669,Small (<20),False
NUP188,11,967,0.2427638902208913,0.7372174766066225,1.2747676034856266,0.300537613257984,5.407085074245086,0.7419308148811681,Cox_PH,0.9996299973032252,False,33.0,False,False,0.011375387797311272,Medium (20-50),False
NUMA1,9,967,0.4648500659767214,0.7307175989770807,1.591775509688158,0.3800864971754018,6.666243847314903,0.5246750329358114,Cox_PH,0.9996299973032252,False,27.0,False,False,0.009307135470527405,Medium (20-50),False
NUTM2F,9,967,1.0613573870160655,0.6251446744577771,2.890291572044445,0.8488046826398115,9.841822909659962,0.0895495150488045,Cox_PH,0.9996299973032252,False,27.0,False,False,0.009307135470527405,Medium (20-50),False
NXF1,6,967,0.0804223156350819,1.0178769860128685,1.0837446533569128,0.1473983376729681,7.968220620544291,0.9370247824118698,Cox_PH,0.9996299973032252,False,18.0,False,False,0.0062047569803516025,Small (<20),False
OGT,8,967,-15.108115107488237,1583.9517544946852,2.7455475956683073e-07,0.0,inf,0.9923896993880024,Cox_PH,0.9996299973032252,False,24.0,False,False,0.008273009307135471,Medium (20-50),False
OGDHL,8,967,-14.843326045325284,1603.0386236387706,3.577876992429885e-07,0.0,inf,0.992612098502572,Cox_PH,0.9996299973032252,False,24.0,False,False,0.008273009307135471,Medium (20-50),False
OGDH,9,967,-0.2753121848913883,1.0101389509169116,0.7593350332940506,0.1048541933442053,5.4989664637913265,0.7852000541189315,Cox_PH,0.9996299973032252,False,27.0,False,False,0.009307135470527405,Medium (20-50),False
OGA,5,967,-14.926632665899236,2016.3381096539852,3.291893677505104e-07,0.0,inf,0.9940934405231316,Cox_PH,0.9996299973032252,False,15.0,False,False,0.005170630816959669,Small (<20),False
OFD1,7,967,0.6759369667052905,0.7173918067538866,1.965874071864508,0.4818362395976732,8.02069364823219,0.3460828286976635,Cox_PH,0.9996299973032252,False,21.0,False,False,0.007238883143743537,Medium (20-50),False
ODF2,7,967,0.7768422838566027,0.7182749117535496,2.1745946597871693,0.5320719559825798,8.88763611989672,0.2794574506369627,Cox_PH,0.9996299973032252,False,21.0,False,False,0.007238883143743537,Medium (20-50),False
NWD1,9,967,-14.852888636513727,1496.5695982892516,3.5438262834087113e-07,0.0,inf,0.9920814267546384,Cox_PH,0.9996299973032252,False,27.0,False,False,0.009307135470527405,Medium (20-50),False
OCRL,6,967,0.2045795618103522,1.008903173498348,1.2270090750256557,0.1698447221850349,8.864280566546622,0.8393115027802436,Cox_PH,0.9996299973032252,False,18.0,False,False,0.0062047569803516025,Small (<20),False
OBSCN,33,967,0.504571025514834,0.4079389762860305,1.6562748683869852,0.7445395033635204,3.6844874278093727,0.2161321234898142,Cox_PH,0.9996299973032252,False,97.0,False,True,0.03412616339193381,Large (50-100),False
OBI1,6,967,0.8365156492833473,0.7211512698987584,2.3083099866865755,0.5616138079775255,9.487471495448354,0.2460599982695342,Cox_PH,0.9996299973032252,False,18.0,False,False,0.0062047569803516025,Small (<20),False
OASL,5,967,0.2971781595084123,1.0241399579476482,1.3460550906001638,0.1808411679565162,10.019092043058926,0.7716835954658801,Cox_PH,0.9996299973032252,False,15.0,False,False,0.005170630816959669,Small (<20),False
OAS2,11,967,0.6782693012596178,0.5907339590051431,1.9704644990167963,0.6190499849725453,6.272078888844028,0.2508939954506957,Cox_PH,0.9996299973032252,False,33.0,False,False,0.011375387797311272,Medium (20-50),False
NYNRIN,9,967,0.4374059134340505,0.7255158037664627,1.5486845813652224,0.3735867414250317,6.419992110559601,0.5465821526910926,Cox_PH,0.9996299973032252,False,27.0,False,False,0.009307135470527405,Medium (20-50),False
NXF3,5,967,-14.95591214631933,2027.421052927834,3.19690612007085e-07,0.0,inf,0.9941142057541892,Cox_PH,0.9996299973032252,False,15.0,False,False,0.005170630816959669,Small (<20),False
OBSL1,7,967,-15.084606590292584,1692.861371269866,2.810855992620782e-07,0.0,inf,0.9928903715122804,Cox_PH,0.9996299973032252,False,21.0,False,False,0.007238883143743537,Medium (20-50),False
OLFML2B,8,967,-15.094419336403831,1576.8348262618122,2.783408663487582e-07,0.0,inf,0.9923622816992528,Cox_PH,0.9996299973032252,False,24.0,False,False,0.008273009307135471,Medium (20-50),False
NUFIP2,5,967,0.5056245398964989,1.0243734797332404,1.6580206972472535,0.2226515066406372,12.346795554980217,0.6215929827955315,Cox_PH,0.9996299973032252,False,15.0,False,False,0.005170630816959669,Small (<20),False
NUAK1,11,967,0.7813768384094101,0.5949361266716311,2.1844778689427287,0.6806561838399766,7.010798804440829,0.1890551437559307,Cox_PH,0.9996299973032252,False,33.0,False,False,0.011375387797311272,Medium (20-50),False
NRDC,10,967,-0.4473261819280285,1.0337997344614482,0.6393353346280674,0.0842831208259694,4.84972158242672,0.6652320011173918,Cox_PH,0.9996299973032252,False,30.0,False,False,0.010341261633919338,Medium (20-50),False
NRCAM,9,967,0.4646139011922094,0.7343911318055613,1.5913996327541158,0.3772705471742674,6.712829321288384,0.5269610257978856,Cox_PH,0.9996299973032252,False,27.0,False,False,0.009307135470527405,Medium (20-50),False
NRBP1,5,967,1.129867737552992,0.7569044519273516,3.095247088096424,0.7021101431254312,13.645372638716935,0.1355031183474893,Cox_PH,0.9996299973032252,False,15.0,False,False,0.005170630816959669,Small (<20),False
NRAP,7,967,0.8920211398911987,0.7258963271335729,2.440056366081097,0.5881721150234344,10.122674838836373,0.219126274703571,Cox_PH,0.9996299973032252,False,21.0,False,False,0.007238883143743537,Medium (20-50),False
NR4A2,5,967,-14.93992315633125,2022.2557464715471,3.248432247679632e-07,0.0,inf,0.9941054806670044,Cox_PH,0.9996299973032252,False,15.0,False,False,0.005170630816959669,Small (<20),False
NR3C2,7,967,-15.16352414727583,1688.078759083923,2.5975573006800236e-07,0.0,inf,0.9928329297224822,Cox_PH,0.9996299973032252,False,21.0,False,False,0.007238883143743537,Medium (20-50),False
NRDE2,7,967,-14.68699036705982,1562.3027335400443,4.183320394256565e-07,0.0,inf,0.9924993088708944,Cox_PH,0.9996299973032252,False,21.0,False,False,0.007238883143743537,Medium (20-50),False
NR1H4,5,967,-15.015351095643522,2011.897609206612,3.012422448698523e-07,0.0,inf,0.9940452210191072,Cox_PH,0.9996299973032252,False,15.0,False,False,0.005170630816959669,Small (<20),False
NPY1R,6,967,1.0206823347245293,0.7179130974368898,2.7750876567694376,0.6794800971515491,11.333829401387836,0.1551031319142743,Cox_PH,0.9996299973032252,False,18.0,False,False,0.0062047569803516025,Small (<20),False
NPR2,9,967,-0.3222783450611425,1.0242022670468418,0.7244965022385498,0.0973235009158028,5.393303537343911,0.7530176977322764,Cox_PH,0.9996299973032252,False,27.0,False,False,0.009307135470527405,Medium (20-50),False
NPHS1,5,967,1.3681695482850338,0.728667755536855,3.928153814821679,0.941746402373814,16.384870018089245,0.0604315901508127,Cox_PH,0.9996299973032252,False,15.0,False,False,0.005170630816959669,Small (<20),False
NPHP4,10,967,0.3926491416950682,0.722856867948357,1.4808987125560766,0.3591014573264171,6.10707907781279,0.5869984961692947,Cox_PH,0.9996299973032252,False,30.0,False,False,0.010341261633919338,Medium (20-50),False
NPHP1,5,967,0.5840922761661193,1.040385855679518,1.7933623688196123,0.2333854265304666,13.780417370998304,0.5745120069502527,Cox_PH,0.9996299973032252,False,15.0,False,False,0.005170630816959669,Small (<20),False
NPFFR2,6,967,-15.051800563675677,1808.5401826333225,2.904598257505068e-07,0.0,inf,0.993359583184364,Cox_PH,0.9996299973032252,False,18.0,False,False,0.0062047569803516025,Small (<20),False
NR1H2,5,967,-14.90964686720287,2014.1505214322635,3.348286705292558e-07,0.0,inf,0.9940937540306198,Cox_PH,0.9996299973032252,False,15.0,False,False,0.005170630816959669,Small (<20),False
NUDCD1,6,967,-0.0017012381765534,1.0222543598415166,0.9983002081088383,0.1346172404439714,7.40323677876121,0.9986721591982588,Cox_PH,0.9996299973032252,False,18.0,False,False,0.0062047569803516025,Small (<20),False
NRG3,6,967,0.150469032771138,1.025706858577591,1.1623793088797043,0.1556856435806758,8.678550100295595,0.8833704834615456,Cox_PH,0.9996299973032252,False,18.0,False,False,0.0062047569803516025,Small (<20),False
NRK,15,967,-15.829843832825246,1911.05828226661,1.3340932106895904e-07,0.0,inf,0.993390968931532,Cox_PH,0.9996299973032252,False,45.0,False,False,0.015511892450879007,Medium (20-50),False
NTRK3,6,967,-14.9440458814467,1842.863679584452,3.23506742314517e-07,0.0,inf,0.993529910574089,Cox_PH,0.9996299973032252,False,18.0,False,False,0.0062047569803516025,Small (<20),False
NTRK2,6,967,-14.720656669774748,1831.95213004176,4.0448278107377753e-07,0.0,inf,0.9935886652867446,Cox_PH,0.9996299973032252,False,18.0,False,False,0.0062047569803516025,Small (<20),False
NTRK1,5,967,1.1680414885753392,0.727018800317901,3.2156885045101165,0.7734336743843891,13.369798730665698,0.1081381921747898,Cox_PH,0.9996299973032252,False,15.0,False,False,0.005170630816959669,Small (<20),False
NT5DC3,6,967,0.9123030433864524,0.7244236043623961,2.4900506294602125,0.6019582301798705,10.300302955277282,0.2079038524559765,Cox_PH,0.9996299973032252,False,18.0,False,False,0.0062047569803516025,Small (<20),False
NT5C1B,5,967,0.3387972655989741,1.005412769675431,1.4032588275350557,0.1955749175546177,10.06844518548828,0.736137022654144,Cox_PH,0.9996299973032252,False,15.0,False,False,0.005170630816959669,Small (<20),False
NSDHL,5,967,0.9541090302575076,0.7196633145803198,2.5963562772007167,0.6335406801788809,10.64030476504874,0.1849154335462915,Cox_PH,0.9996299973032252,False,15.0,False,False,0.005170630816959669,Small (<20),False
NRIP1,12,967,-0.476655996274601,1.0050656153986215,0.6208560693628392,0.0865888172810279,4.451640188289431,0.6353190681163701,Cox_PH,0.9996299973032252,False,36.0,False,False,0.012409513960703205,Medium (20-50),False
NSD3,9,967,-0.3801233219647311,1.0105481805268854,0.6837770792797414,0.0943449289530559,4.955762851662938,0.7068012474449002,Cox_PH,0.9996299973032252,False,27.0,False,False,0.009307135470527405,Medium (20-50),False
NSD1,11,967,0.2618228119212584,0.7505005786745699,1.299296302216568,0.2984483710901849,5.656492192559216,0.7271912349336622,Cox_PH,0.9996299973032252,False,33.0,False,False,0.011375387797311272,Medium (20-50),False
NRXN3,11,967,-0.6279541786369548,1.0181036806916974,0.5336825040025067,0.0725530404063457,3.925638587758959,0.5373745385196202,Cox_PH,0.9996299973032252,False,33.0,False,False,0.011375387797311272,Medium (20-50),False
NRXN2,21,967,0.8868988531731251,0.4354119580516358,2.4275896540607373,1.034058566700648,5.699088734699073,0.0416581682977673,Cox_PH,0.9996299973032252,False,63.0,False,False,0.02171664943123061,Large (50-100),True
NRXN1,11,967,-0.3942923976364726,1.0134188067692371,0.6741569055328589,0.0924956873397995,4.913607827011415,0.6972232391448584,Cox_PH,0.9996299973032252,False,33.0,False,False,0.011375387797311272,Medium (20-50),False
NRP2,7,967,0.004936717886567,1.0056876775058474,1.0049489235553617,0.139986242364729,7.214439947061112,0.9960833614133432,Cox_PH,0.9996299973032252,False,21.0,False,False,0.007238883143743537,Medium (20-50),False
NRP1,6,967,0.034811593976413,1.0125183299217893,1.035424610187794,0.1423132973062905,7.533407936400584,0.9725731758023206,Cox_PH,0.9996299973032252,False,18.0,False,False,0.0062047569803516025,Small (<20),False
NSD2,5,967,0.2430017718509382,1.0199890731471666,1.275070883351999,0.172703882738928,9.413834430287451,0.8116952776934565,Cox_PH,0.9996299973032252,False,15.0,False,False,0.005170630816959669,Small (<20),False
OLFML3,5,967,-14.90060517212404,2011.1093747591576,3.378698171135308e-07,0.0,inf,0.994088410014616,Cox_PH,0.9996299973032252,False,15.0,False,False,0.005170630816959669,Small (<20),False
OPA1,9,967,-0.2862232387569206,1.0159189134553506,0.7510949237327783,0.102547998790563,5.501263711730892,0.7781442062130559,Cox_PH,0.9996299973032252,False,27.0,False,False,0.009307135470527405,Medium (20-50),False
OR10G4,6,967,-14.880179323793255,1854.9558514597325,3.448420593256024e-07,0.0,inf,0.9935995576380968,Cox_PH,0.9996299973032252,False,18.0,False,False,0.0062047569803516025,Small (<20),False
OR7A5,6,967,0.0519458183937541,1.0110047056063645,1.0533186704697963,0.1452028709223057,7.640897280563503,0.9590224088091022,Cox_PH,0.9996299973032252,False,18.0,False,False,0.0062047569803516025,Small (<20),False
OR6X1,5,967,-14.880174785860028,2019.163073449466,3.4484362419939285e-07,0.0,inf,0.9941200617152148,Cox_PH,0.9996299973032252,False,15.0,False,False,0.005170630816959669,Small (<20),False
OR6S1,5,967,1.10248662853669,0.7343748287987607,3.0116455644759603,0.7139887765320541,12.703293530862007,0.1332886528650441,Cox_PH,0.9996299973032252,False,15.0,False,False,0.005170630816959669,Small (<20),False
OR6N1,5,967,-15.04681621072048,1979.169564525901,2.919111941026318e-07,0.0,inf,0.9939340686583784,Cox_PH,0.9996299973032252,False,15.0,False,False,0.005170630816959669,Small (<20),False
OR6K3,6,967,0.1813856358494153,1.02059509285632,1.1988774202714363,0.162190980495615,8.861818730268746,0.8589386636282461,Cox_PH,0.9996299973032252,False,18.0,False,False,0.0062047569803516025,Small (<20),False
OR6K2,7,967,0.1151596474930271,1.0137693125406424,1.1220525561512762,0.1538421495621061,8.18372560672882,0.9095584425803708,Cox_PH,0.9996299973032252,False,21.0,False,False,0.007238883143743537,Medium (20-50),False
OR7D2,6,967,-15.061260231132463,1842.5423389960963,2.877251274505196e-07,0.0,inf,0.9934780260260528,Cox_PH,0.9996299973032252,False,18.0,False,False,0.0062047569803516025,Small (<20),False
OR6B1,6,967,0.1851025141714852,1.006485250454881,1.2033417933918216,0.167359919899096,8.652199837311624,0.8540842064783278,Cox_PH,0.9996299973032252,False,18.0,False,False,0.0062047569803516025,Small (<20),False
OR5T1,8,967,-0.3231734148777783,1.0103723986976725,0.7238483174157476,0.0999082198106871,5.2443771655469105,0.7490776882508767,Cox_PH,0.9996299973032252,False,24.0,False,False,0.008273009307135471,Medium (20-50),False
OR5R1,7,967,1.2049999277744563,0.5914395045461721,3.3367588370681855,1.0468425084696713,10.635754133665086,0.0416097908276836,Cox_PH,0.9996299973032252,False,21.0,False,False,0.007238883143743537,Medium (20-50),True
OR5P2,6,967,0.211068508776889,1.0149696764872258,1.2349969602944724,0.1689297962552423,9.028706159285708,0.8352637272418052,Cox_PH,0.9996299973032252,False,18.0,False,False,0.0062047569803516025,Small (<20),False
OR5M1,5,967,0.2388448712185557,1.0221390644698465,1.2697815416411835,0.1712642326133444,9.414371809511332,0.8152399368703497,Cox_PH,0.9996299973032252,False,15.0,False,False,0.005170630816959669,Small (<20),False
OR5L2,5,967,0.4445084394510294,1.0091768656391895,1.5597233089164588,0.2157838175395513,11.27395384934928,0.6595993867167551,Cox_PH,0.9996299973032252,False,15.0,False,False,0.005170630816959669,Small (<20),False
OR5L1,8,967,-0.2914011077424799,1.0153983343360076,0.7472159038169085,0.1021225370566582,5.467271211712585,0.7741260552419977,Cox_PH,0.9996299973032252,False,24.0,False,False,0.008273009307135471,Medium (20-50),False
OR6A2,6,967,0.2507367812202972,1.0232094471981046,1.2849718111011443,0.1729498284874675,9.54700313822053,0.8064182419296729,Cox_PH,0.9996299973032252,False,18.0,False,False,0.0062047569803516025,Small (<20),False
OR5J2,5,967,0.4681606764530913,1.0483286452651717,1.5970539910433232,0.2046276141060231,12.46450270873941,0.6551796682318665,Cox_PH,0.9996299973032252,False,15.0,False,False,0.005170630816959669,Small (<20),False
OR8D4,5,967,0.455199477152906,1.0077856142561066,1.576487824973874,0.2186986931643184,11.364100197999464,0.6514974758051979,Cox_PH,0.9996299973032252,False,15.0,False,False,0.005170630816959669,Small (<20),False
OR8H2,5,967,0.3997055632805026,1.025017976656745,1.4913855143302512,0.2000216494651403,11.11995005691494,0.6965736619726064,Cox_PH,0.9996299973032252,False,15.0,False,False,0.005170630816959669,Small (<20),False
OTOP2,5,967,1.1343716601237108,0.7167228729798141,3.1092192825402187,0.7630702578183761,12.668878714469416,0.1134852867045768,Cox_PH,0.9996299973032252,False,15.0,False,False,0.005170630816959669,Small (<20),False
OTOGL,19,967,0.2088518792390447,0.6156672432547144,1.2322624613583433,0.3686690512206166,4.118791009566595,0.7344375962560069,Cox_PH,0.9996299973032252,False,57.0,False,False,0.01964839710444674,Large (50-100),False
OTOF,12,967,0.0931099569074539,0.7161592428257019,1.0975824154012266,0.2696684172299199,4.467290500581205,0.8965562019410767,Cox_PH,0.9996299973032252,False,36.0,False,False,0.012409513960703205,Medium (20-50),False
OTOA,7,967,0.0979846754318395,1.014447586049582,1.1029458828096397,0.1510215717309353,8.055071911011957,0.9230526377273154,Cox_PH,0.9996299973032252,False,21.0,False,False,0.007238883143743537,Medium (20-50),False
OSCP1,6,967,-14.843012587972057,1850.0371438719967,3.578998680073541e-07,0.0,inf,0.9935985698641128,Cox_PH,0.9996299973032252,False,18.0,False,False,0.0062047569803516025,Small (<20),False
OSBPL9,5,967,0.3372026020610881,1.019712633173299,1.401022885110322,0.1898664860264482,10.338133736405828,0.740883226442429,Cox_PH,0.9996299973032252,False,15.0,False,False,0.005170630816959669,Small (<20),False
OR8H1,6,967,-14.920184949728428,1825.728285594942,3.313187447925552e-07,0.0,inf,0.9934796142427832,Cox_PH,0.9996299973032252,False,18.0,False,False,0.0062047569803516025,Small (<20),False
OSBPL8,9,967,0.6546595263024818,0.7260863518812749,1.9244871685560707,0.4637221487884513,7.986788795000078,0.3672547014274245,Cox_PH,0.9996299973032252,False,27.0,False,False,0.009307135470527405,Medium (20-50),False
OSBPL1A,7,967,-14.830148035916713,1702.3136053328526,3.6253383252014105e-07,0.0,inf,0.9930491089050832,Cox_PH,0.9996299973032252,False,21.0,False,False,0.007238883143743537,Medium (20-50),False
OSBPL10,5,967,1.2355228931258273,0.7390823691077905,3.440176895335484,0.8080926587820606,14.6453713476834,0.0945837886766018,Cox_PH,0.9996299973032252,False,15.0,False,False,0.005170630816959669,Small (<20),False
ORC2,9,967,0.5617535519569681,0.735014488758466,1.7537450886693464,0.4152498689799701,7.406677438783753,0.4447030936635816,Cox_PH,0.9996299973032252,False,27.0,False,False,0.009307135470527405,Medium (20-50),False
ORC1,7,967,0.0554587956341488,1.0425352490355062,1.057025462111247,0.1369813775787522,8.156603819443593,0.9575756734576156,Cox_PH,0.9996299973032252,False,21.0,False,False,0.007238883143743537,Medium (20-50),False
OR9G1,5,967,1.332401377493752,0.7157529444148436,3.7901340107029786,0.9319516031836907,15.41401481580587,0.0626682251789897,Cox_PH,0.9996299973032252,False,15.0,False,False,0.005170630816959669,Small (<20),False
OR8K1,5,967,-15.006956832632811,2025.241234957633,3.0378159457691525e-07,0.0,inf,0.994087761309524,Cox_PH,0.9996299973032252,False,15.0,False,False,0.005170630816959669,Small (<20),False
OSBPL3,6,967,0.2452952978130362,1.0304392072261088,1.2779986476948475,0.1695910126718375,9.630702227542528,0.8118428828668742,Cox_PH,0.9996299973032252,False,18.0,False,False,0.0062047569803516025,Small (<20),False
OR5I1,7,967,-14.861063730049224,1674.0159739356975,3.514973270798968e-07,0.0,inf,0.992916879081855,Cox_PH,0.9996299973032252,False,21.0,False,False,0.007238883143743537,Medium (20-50),False
OR5H6,5,967,-14.890888678588954,2012.0289942785892,3.41168727976041e-07,0.0,inf,0.9940949649608372,Cox_PH,0.9996299973032252,False,15.0,False,False,0.005170630816959669,Small (<20),False
OR5H1,6,967,-0.1703149226425972,1.0222152451300537,0.8433991692742487,0.1137381044256361,6.254035640250774,0.8676741223019511,Cox_PH,0.9996299973032252,False,18.0,False,False,0.0062047569803516025,Small (<20),False
OR2G6,6,967,0.0136802460499074,1.0147090103880636,1.0137742487869648,0.1387405808659558,7.407625231845637,0.989243294043877,Cox_PH,0.9996299973032252,False,18.0,False,False,0.0062047569803516025,Small (<20),False
OR2G3,8,967,0.545295229626434,0.7254660148977203,1.7251176130311985,0.4161880158806235,7.150688307286782,0.4522626446123884,Cox_PH,0.9996299973032252,False,24.0,False,False,0.008273009307135471,Medium (20-50),False
OR2AG1,6,967,-14.947519224232732,1845.0264987463945,3.2238504165800153e-07,0.0,inf,0.9935359929211712,Cox_PH,0.9996299973032252,False,18.0,False,False,0.0062047569803516025,Small (<20),False
OR1A2,5,967,-14.916477883168945,2017.0264656650213,3.3254924479544944e-07,0.0,inf,0.9940994730984823,Cox_PH,0.9996299973032252,False,15.0,False,False,0.005170630816959669,Small (<20),False
OR14I1,6,967,1.0827479712624712,0.7300352278973009,2.9527825741873173,0.7060133901742746,12.34951780202366,0.1380359364217508,Cox_PH,0.9996299973032252,False,18.0,False,False,0.0062047569803516025,Small (<20),False
OR14A16,5,967,0.3497125749745894,1.0102815423049991,1.4186597316782446,0.1958435313628972,10.276547917000428,0.7292272967183616,Cox_PH,0.9996299973032252,False,15.0,False,False,0.005170630816959669,Small (<20),False
OR2L13,5,967,-15.16799146173558,2033.987026290115,2.585979076430417e-07,0.0,inf,0.9940500141445208,Cox_PH,0.9996299973032252,False,15.0,False,False,0.005170630816959669,Small (<20),False
OR13G1,5,967,0.5964975298746,1.007389218361207,1.815748046926712,0.2520859096865225,13.078640428646048,0.5537687556186798,Cox_PH,0.9996299973032252,False,15.0,False,False,0.005170630816959669,Small (<20),False
OR11L1,6,967,1.3638692408858624,0.6240094909278605,3.91129781487336,1.1512066333212725,13.288883293259977,0.0288408816456054,Cox_PH,0.9996299973032252,False,18.0,False,False,0.0062047569803516025,Small (<20),True
OR10Z1,8,967,-0.0813931420073119,1.003849078086815,0.9218312096237072,0.1288717783698627,6.593940037030101,0.9353774922367754,Cox_PH,0.9996299973032252,False,24.0,False,False,0.008273009307135471,Medium (20-50),False
OR10R2,6,967,-15.012139570507037,1836.9253602173865,3.022112470660297e-07,0.0,inf,0.993479418752161,Cox_PH,0.9996299973032252,False,18.0,False,False,0.0062047569803516025,Small (<20),False
OR10K1,5,967,0.5093183712902984,1.008418701871388,1.664156471431395,0.2305742634253575,12.010953522154558,0.613512222203225,Cox_PH,0.9996299973032252,False,15.0,False,False,0.005170630816959669,Small (<20),False
OR10J3,6,967,-15.144280031130766,1827.78869934996,2.648029079841068e-07,0.0,inf,0.9933891434105946,Cox_PH,0.9996299973032252,False,18.0,False,False,0.0062047569803516025,Small (<20),False
OR10J1,5,967,-15.053105089321091,2024.4308767996004,2.9008116050181624e-07,0.0,inf,0.9940672069352908,Cox_PH,0.9996299973032252,False,15.0,False,False,0.005170630816959669,Small (<20),False
OR13C8,6,967,1.0446996841186198,0.7195010963984897,2.842544734127717,0.6938340522788079,11.645523218382412,0.146507752969662,Cox_PH,0.9996299973032252,False,18.0,False,False,0.0062047569803516025,Small (<20),False
OR2L2,7,967,-15.085166534431943,1699.9149411467463,2.809282510853189e-07,0.0,inf,0.9929196083805096,Cox_PH,0.9996299973032252,False,21.0,False,False,0.007238883143743537,Medium (20-50),False
OR2L3,6,967,0.0561350082932476,1.0095208949649097,1.057740477833812,0.1462371081966923,7.650690937783511,0.9556560086080366,Cox_PH,0.9996299973032252,False,18.0,False,False,0.0062047569803516025,Small (<20),False
OR2T10,5,967,0.3716415768201272,1.039037122714466,1.450113133975405,0.1892150303922431,11.113430560821744,0.7205836816144363,Cox_PH,0.9996299973032252,False,15.0,False,False,0.005170630816959669,Small (<20),False
OR5D16,5,967,-15.037320972794683,2017.200394075223,2.94696161383061e-07,0.0,inf,0.9940521848232516,Cox_PH,0.9996299973032252,False,15.0,False,False,0.005170630816959669,Small (<20),False
OR5D13,5,967,0.3423794303143873,1.0075109206034645,1.4082945457949574,0.1954712490472833,10.146216066978104,0.7339868011347741,Cox_PH,0.9996299973032252,False,15.0,False,False,0.005170630816959669,Small (<20),False
OR5A1,7,967,-14.925050342400183,1699.0354926597151,3.2971066414373993e-07,0.0,inf,0.9929911328306112,Cox_PH,0.9996299973032252,False,21.0,False,False,0.007238883143743537,Medium (20-50),False
OR52K2,5,967,-14.985745754951315,1941.5256121401767,3.102939524797299e-07,0.0,inf,0.9938415561594816,Cox_PH,0.9996299973032252,False,15.0,False,False,0.005170630816959669,Small (<20),False
OR51F2,5,967,-14.99405171813996,2012.13291059354,3.077273361986288e-07,0.0,inf,0.994054363115834,Cox_PH,0.9996299973032252,False,15.0,False,False,0.005170630816959669,Small (<20),False
OR51E2,6,967,-15.116330882360026,1832.360646071336,2.723083202281977e-07,0.0,inf,0.9934178076526652,Cox_PH,0.9996299973032252,False,18.0,False,False,0.0062047569803516025,Small (<20),False
OR4S2,5,967,1.0591488010156604,0.7387759842204406,2.8839151585620466,0.6778344953077923,12.2699076239951,0.1516711581948284,Cox_PH,0.9996299973032252,False,15.0,False,False,0.005170630816959669,Small (<20),False
OR4N2,5,967,-15.113482932465416,2020.7407167003348,2.730849460508855e-07,0.0,inf,0.9940325336306296,Cox_PH,0.9996299973032252,False,15.0,False,False,0.005170630816959669,Small (<20),False
OR4K5,5,967,-15.044218673421192,1980.2798627010643,2.926704299622322e-07,0.0,inf,0.9939385161802188,Cox_PH,0.9996299973032252,False,15.0,False,False,0.005170630816959669,Small (<20),False
OR4D10,6,967,-15.039419756045616,1836.0588099635345,2.940783066138552e-07,0.0,inf,0.9934644867710664,Cox_PH,0.9996299973032252,False,18.0,False,False,0.0062047569803516025,Small (<20),False
OR4C46,5,967,-14.784741944035815,2021.5328342279736,3.7937451861016587e-07,0.0,inf,0.9941646200500028,Cox_PH,0.9996299973032252,False,15.0,False,False,0.005170630816959669,Small (<20),False
OR4C15,7,967,-14.926951440867953,1713.094669237122,3.290844471440244e-07,0.0,inf,0.9930477669442204,Cox_PH,0.9996299973032252,False,21.0,False,False,0.007238883143743537,Medium (20-50),False
OR4B1,5,967,-15.130233753678333,1999.8314467241985,2.685486483688571e-07,0.0,inf,0.99396345888836,Cox_PH,0.9996299973032252,False,15.0,False,False,0.005170630816959669,Small (<20),False
OR4A15,6,967,0.0764571354286895,1.0100855769772357,1.079455918930257,0.1490742767683088,7.816406063968755,0.9396627719111104,Cox_PH,0.9996299973032252,False,18.0,False,False,0.0062047569803516025,Small (<20),False
OR2T27,5,967,1.394520043921078,0.7248269010956743,4.033038426727437,0.97419802762036,16.69619367962698,0.0543626968672679,Cox_PH,0.9996299973032252,False,15.0,False,False,0.005170630816959669,Small (<20),False
PDZRN4,8,967,-14.92163717065173,1583.2437710631684,3.308379459766339e-07,0.0,inf,0.9924802687464702,Cox_PH,0.9996299973032252,False,24.0,False,False,0.008273009307135471,Medium (20-50),False
SBNO2,5,967,1.2119091646350375,0.7354442051330671,3.35989312231721,0.7948820998304006,14.201957492567931,0.099381381844381,Cox_PH,0.9996299973032252,False,15.0,False,False,0.005170630816959669,Small (<20),False
SCN8A,13,967,0.0277669898709703,0.7201570354814073,1.02815608572585,0.2506392061405663,4.217635991163504,0.9692437019953276,Cox_PH,0.9996299973032252,False,39.0,False,False,0.01344364012409514,Medium (20-50),False
SCAF4,8,967,-0.2658948040225456,1.0178803772933789,0.7665197580551265,0.1042524055741587,5.635865534737619,0.79391975574961,Cox_PH,0.9996299973032252,False,24.0,False,False,0.008273009307135471,Medium (20-50),False
USP12,8,967,1.2100403802815545,0.5959129573454123,3.353620069937559,1.042947650917912,10.783635749684626,0.0422990754275511,Cox_PH,0.9996299973032252,False,24.0,False,False,0.008273009307135471,Medium (20-50),True
USP1,8,967,-14.96958607981624,1590.7617711042765,3.1534893538666565e-07,0.0,inf,0.9924917573756032,Cox_PH,0.9996299973032252,False,24.0,False,False,0.008273009307135471,Medium (20-50),False
USO1,9,967,0.9964198442716766,0.609726954582577,2.708567356237656,0.8198408960886007,8.948488857139672,0.1022154665580009,Cox_PH,0.9996299973032252,False,27.0,False,False,0.009307135470527405,Medium (20-50),False
USH2A,51,967,0.0938504775118226,0.3858390075638016,1.0983954988101767,0.5156154840118545,2.3398689706120597,0.8078214946870421,Cox_PH,0.9996299973032252,False,73.0,False,True,0.052740434332988625,Large (50-100),False
USH1C,6,967,-15.018394862556017,1830.2423813531311,3.0032672770951125e-07,0.0,inf,0.9934528830513758,Cox_PH,0.9996299973032252,False,18.0,False,False,0.0062047569803516025,Small (<20),False
USF3,14,967,-0.8247695133325342,1.0102012272426717,0.4383360114292444,0.0605210573743591,3.174737310473721,0.4142480608387227,Cox_PH,0.9996299973032252,False,42.0,False,False,0.014477766287487074,Medium (20-50),False
USP13,7,967,-14.884454009511147,1710.823201724753,3.433711140539214e-07,0.0,inf,0.9930583556399534,Cox_PH,0.9996299973032252,False,21.0,False,False,0.007238883143743537,Medium (20-50),False
URI1,5,967,-14.973179516549704,2016.769087860413,3.142177825187163e-07,0.0,inf,0.9940762881176336,Cox_PH,0.9996299973032252,False,15.0,False,False,0.005170630816959669,Small (<20),False
URB2,6,967,-15.03326323912603,1845.2016483507944,2.958943893199605e-07,0.0,inf,0.9934995310934828,Cox_PH,0.9996299973032252,False,18.0,False,False,0.0062047569803516025,Small (<20),False
UPRT,5,967,-14.854503611021606,2022.190899926721,3.5381077132161005e-07,0.0,inf,0.9941389942461372,Cox_PH,0.9996299973032252,False,15.0,False,False,0.005170630816959669,Small (<20),False
UPF3B,11,967,-0.5194184977878875,1.0177152138983427,0.5948663635204944,0.0809324585649691,4.372361802947434,0.6097873257748976,Cox_PH,0.9996299973032252,False,33.0,False,False,0.011375387797311272,Medium (20-50),False
UPF2,11,967,0.2218110621709635,0.7422384167750894,1.2483354977827896,0.2914239396427495,5.347335283899269,0.7650615804724462,Cox_PH,0.9996299973032252,False,33.0,False,False,0.011375387797311272,Medium (20-50),False
UNK,5,967,-15.003914460266056,2019.182907123771,3.0470721863835177e-07,0.0,inf,0.9940712248052392,Cox_PH,0.9996299973032252,False,15.0,False,False,0.005170630816959669,Small (<20),False
UNC79,15,967,-0.8950950779988232,1.0169705350832214,0.408568750894878,0.0556675811924286,2.9986649434393753,0.3787735489733614,Cox_PH,0.9996299973032252,False,45.0,False,False,0.015511892450879007,Medium (20-50),False
URGCP,5,967,0.3903317545881949,1.019388801015655,1.4774708703257484,0.2003538360374962,10.895325070055511,0.7017882503763765,Cox_PH,0.9996299973032252,False,15.0,False,False,0.005170630816959669,Small (<20),False
UNC5D,17,967,0.2790269150966429,0.5990118152022103,1.3218429209207203,0.4085927898667168,4.2763082240344525,0.6413500468422226,Cox_PH,0.9996299973032252,False,51.0,False,False,0.017580144777662874,Large (50-100),False
USP15,13,967,0.3848617567376044,0.6055872763932243,1.4694111712052842,0.4483911588906534,4.815369677236276,0.5250904780151857,Cox_PH,0.9996299973032252,False,39.0,False,False,0.01344364012409514,Medium (20-50),False
USP24,7,967,0.058056738703972,1.007762688321563,1.059775124271516,0.1470241925747072,7.639037456056871,0.9540596553747832,Cox_PH,0.9996299973032252,False,21.0,False,False,0.007238883143743537,Medium (20-50),False
USP45,6,967,0.0545575865359336,1.0350946078299574,1.056073290265157,0.1388684988873024,8.031272774947897,0.9579647034083564,Cox_PH,0.9996299973032252,False,18.0,False,False,0.0062047569803516025,Small (<20),False
USP42,5,967,-14.901417762660506,1982.9345156181853,3.3759537881566977e-07,0.0,inf,0.9940040888048368,Cox_PH,0.9996299973032252,False,15.0,False,False,0.005170630816959669,Small (<20),False
USP40,5,967,1.2444330874896117,0.7599458499552671,3.470966507128772,0.7826569681402167,15.393216931598726,0.1015200615728728,Cox_PH,0.9996299973032252,False,15.0,False,False,0.005170630816959669,Small (<20),False
USP4,5,967,0.3933787620373423,1.049161974284361,1.481979600652626,0.1895734543700711,11.58529048303954,0.7077008567840655,Cox_PH,0.9996299973032252,False,15.0,False,False,0.005170630816959669,Small (<20),False
USP37,7,967,0.9331783406525234,0.7752875332795037,2.5425775263595707,0.5563346793351206,11.620164475949556,0.2287231390863119,Cox_PH,0.9996299973032252,False,21.0,False,False,0.007238883143743537,Medium (20-50),False
USP36,5,967,-14.953569643266064,1995.880227560538,3.204403660495342e-07,0.0,inf,0.9940221309073396,Cox_PH,0.9996299973032252,False,15.0,False,False,0.005170630816959669,Small (<20),False
USP20,5,967,0.3800451331803517,1.01352248901928,1.462350588477687,0.2005966817337122,10.66054146628312,0.707679398611931,Cox_PH,0.9996299973032252,False,15.0,False,False,0.005170630816959669,Small (<20),False
USP34,22,967,0.2855063621241372,0.5456922534044919,1.3304355397526295,0.4565530138659331,3.877005893463773,0.6008348581100239,Cox_PH,0.9996299973032252,False,66.0,False,False,0.022750775594622543,Large (50-100),False
USP32,9,967,-0.3093230591200305,1.0264037384204878,0.7339436245408238,0.0981680584967288,5.487255755619036,0.7631355144064194,Cox_PH,0.9996299973032252,False,27.0,False,False,0.009307135470527405,Medium (20-50),False
USP31,7,967,0.0331945374962865,1.017458813021757,1.0337516231340391,0.1407141521538375,7.594420333528031,0.9739736774322606,Cox_PH,0.9996299973032252,False,21.0,False,False,0.007238883143743537,Medium (20-50),False
USP29,7,967,-15.098428456668715,1701.4308358984258,2.772271982472799e-07,0.0,inf,0.9929196975880096,Cox_PH,0.9996299973032252,False,21.0,False,False,0.007238883143743537,Medium (20-50),False
USP28,8,967,-0.2199688851589036,1.0270925043883314,0.8025437685958307,0.1071988032886347,6.008243382883761,0.8304171596391099,Cox_PH,0.9996299973032252,False,24.0,False,False,0.008273009307135471,Medium (20-50),False
USP26,5,967,0.4003910080323776,1.0280297133735872,1.4924081271363234,0.1989807425233255,11.193455153990367,0.6969254227417461,Cox_PH,0.9996299973032252,False,15.0,False,False,0.005170630816959669,Small (<20),False
USP25,6,967,-15.043263321042826,1839.413039441608,2.9295016695599877e-07,0.0,inf,0.993474737053712,Cox_PH,0.9996299973032252,False,18.0,False,False,0.0062047569803516025,Small (<20),False
USP33,5,967,-14.797074991473131,2022.9895860737092,3.74724408630688e-07,0.0,inf,0.9941639578933502,Cox_PH,0.9996299973032252,False,15.0,False,False,0.005170630816959669,Small (<20),False
USP47,7,967,0.7341486598412073,0.7293410039300795,2.083707293477834,0.4988949592662848,8.702906301715643,0.3141309859196013,Cox_PH,0.9996299973032252,False,21.0,False,False,0.007238883143743537,Medium (20-50),False
UNC5C,6,967,1.1568453030052934,0.7380898654432148,3.179885859806475,0.7484051275445514,13.510963125777408,0.1170328559879387,Cox_PH,0.9996299973032252,False,18.0,False,False,0.0062047569803516025,Small (<20),False
UNC13C,23,967,0.2880312204956179,0.5239868368680853,1.3337989453374794,0.4775993968574492,3.724920170103069,0.5825308436661122,Cox_PH,0.9996299973032252,False,69.0,False,False,0.023784901758014478,Large (50-100),False
UBR2,12,967,0.1468667284841278,0.7347155006743004,1.1581995977277633,0.2743980051996242,4.8886153789670095,0.8415618775866178,Cox_PH,0.9996299973032252,False,36.0,False,False,0.012409513960703205,Medium (20-50),False
UBR1,8,967,-15.04372048113514,1591.1832383125893,2.928162724385768e-07,0.0,inf,0.9924565736974192,Cox_PH,0.9996299973032252,False,24.0,False,False,0.008273009307135471,Medium (20-50),False
UBQLN4,6,967,0.1912190213554482,1.0190977436925446,1.2107245975864136,0.1642751429055568,8.923164060453841,0.8511623134473555,Cox_PH,0.9996299973032252,False,18.0,False,False,0.0062047569803516025,Small (<20),False
UBP1,5,967,-15.061697300451122,2026.432307067647,2.875993991031068e-07,0.0,inf,0.9940696834304262,Cox_PH,0.9996299973032252,False,15.0,False,False,0.005170630816959669,Small (<20),False
UBN2,9,967,-0.2317317021971935,1.0149429061902735,0.7931588975514656,0.1084984058940676,5.798251426654866,0.8193975249919128,Cox_PH,0.9996299973032252,False,27.0,False,False,0.009307135470527405,Medium (20-50),False
UBE4B,9,967,-0.4036232419594435,1.0140081604284867,0.6678957089507123,0.0915308471311104,4.87359936039699,0.6905952969931277,Cox_PH,0.9996299973032252,False,27.0,False,False,0.009307135470527405,Medium (20-50),False
UBR3,5,967,0.2442182215180706,1.0246150099890117,1.2766228866792069,0.171353398349902,9.511139028974398,0.811608710217006,Cox_PH,0.9996299973032252,False,15.0,False,False,0.005170630816959669,Small (<20),False
UBE4A,7,967,0.939771516255523,0.7282319241997673,2.559396571005618,0.6141211514855479,10.666479719563066,0.1968827256250212,Cox_PH,0.9996299973032252,False,21.0,False,False,0.007238883143743537,Medium (20-50),False
UBE3B,6,967,0.9336002507130644,0.7326592495522853,2.5436504917291733,0.6050695442345568,10.693246562689149,0.2025703806078534,Cox_PH,0.9996299973032252,False,18.0,False,False,0.0062047569803516025,Small (<20),False
UBE3A,5,967,1.2536145042619542,0.714062744602642,3.502981644491346,0.8642022299198113,14.199084400397696,0.0791553085046304,Cox_PH,0.9996299973032252,False,15.0,False,False,0.005170630816959669,Small (<20),False
UBE2Q1,5,967,-14.87110576743564,1993.5882970439964,3.479852415411885e-07,0.0,inf,0.9940482617834592,Cox_PH,0.9996299973032252,False,15.0,False,False,0.005170630816959669,Small (<20),False
UBC,12,967,0.2054528439829707,0.7159182600688778,1.2280810681846472,0.3018735838543464,4.996075147672546,0.7741291082335532,Cox_PH,0.9996299973032252,False,36.0,False,False,0.012409513960703205,Medium (20-50),False
UBAP2,6,967,0.06925619104665,1.0097738495212338,1.0717107366764325,0.1480951133276163,7.755582728558271,0.9453192877121566,Cox_PH,0.9996299973032252,False,18.0,False,False,0.0062047569803516025,Small (<20),False
UBA7,5,967,1.2729834007194645,0.7236082360508703,3.571491875227372,0.8647725609512856,14.750183794896875,0.0785407774061142,Cox_PH,0.9996299973032252,False,15.0,False,False,0.005170630816959669,Small (<20),False
UBE3C,10,967,-0.334933375353856,1.0186107122611945,0.7153857470871087,0.0971586206741945,5.267435494494512,0.7422963453515221,Cox_PH,0.9996299973032252,False,30.0,False,False,0.010341261633919338,Medium (20-50),False
UNC13D,5,967,-14.978269322203344,2020.582917119911,3.126225382582869e-07,0.0,inf,0.9940854590582646,Cox_PH,0.9996299973032252,False,15.0,False,False,0.005170630816959669,Small (<20),False
UBR4,24,967,-0.5925508874394482,0.7282296275188935,0.5529150602052229,0.1326712576746865,2.304305161192991,0.415824356953664,Cox_PH,0.9996299973032252,False,72.0,False,False,0.02481902792140641,Large (50-100),False
UBTF,8,967,1.119044531907903,0.6144372790396214,3.06192723143161,0.91828035717886,10.20973420294596,0.0685687054927284,Cox_PH,0.9996299973032252,False,24.0,False,False,0.008273009307135471,Medium (20-50),False
UNC13B,10,967,0.815366104370032,0.6014492246599109,2.2600029178558763,0.6952565422670024,7.346371991067976,0.1752044882721222,Cox_PH,0.9996299973032252,False,30.0,False,False,0.010341261633919338,Medium (20-50),False
UNC13A,11,967,-0.3976092555695576,1.0062133666630788,0.671924527140223,0.0935005973227593,4.828659742291454,0.6927292247196996,Cox_PH,0.9996299973032252,False,33.0,False,False,0.011375387797311272,Medium (20-50),False
UMODL1,11,967,-16.032397899452494,2233.6383005205626,1.0894769857576085e-07,0.0,inf,0.994273068779764,Cox_PH,0.9996299973032252,False,33.0,False,False,0.011375387797311272,Medium (20-50),False
ULK4,8,967,-0.1942510512333233,1.0219680765751855,0.8234511498899305,0.1111017888372636,6.103158224106134,0.8492500003846619,Cox_PH,0.9996299973032252,False,24.0,False,False,0.008273009307135471,Medium (20-50),False
ULK2,5,967,0.3602125592842989,1.0234151104406846,1.4336341144171083,0.1928811549553535,10.65581950966786,0.724859923721936,Cox_PH,0.9996299973032252,False,15.0,False,False,0.005170630816959669,Small (<20),False
UHRF1BP1L,13,967,-0.6515010114364591,1.0110621097852726,0.5212627678793978,0.0718494194429579,3.781726773631182,0.5193336612638607,Cox_PH,0.9996299973032252,False,39.0,False,False,0.01344364012409514,Medium (20-50),False
UBR5,21,967,-1.2665966188299915,1.0137539237401232,0.2817890271153956,0.0386366369314729,2.0551751422743236,0.2115143128930971,Cox_PH,0.9996299973032252,False,63.0,False,False,0.02171664943123061,Large (50-100),False
UHRF1BP1,8,967,-0.2295578907790308,1.0083608918358498,0.7948849507968079,0.1101463614703534,5.736386355107227,0.8199148503223985,Cox_PH,0.9996299973032252,False,24.0,False,False,0.008273009307135471,Medium (20-50),False
UGT2B10,6,967,1.2000583295365497,0.7542314912295789,3.3203105892661253,0.7571185799158245,14.56107761933203,0.1115868923922505,Cox_PH,0.9996299973032252,False,18.0,False,False,0.0062047569803516025,Small (<20),False
UGT1A6,5,967,-15.05587748771728,1992.493000019365,2.8927805373803197e-07,0.0,inf,0.9939710012130698,Cox_PH,0.9996299973032252,False,15.0,False,False,0.005170630816959669,Small (<20),False
UGT1A1,5,967,0.4028012404990704,1.018001464129801,1.4960095160066555,0.2034201713995972,11.00207740748614,0.6923422558603356,Cox_PH,0.9996299973032252,False,15.0,False,False,0.005170630816959669,Small (<20),False
UGGT2,17,967,0.6651292692271624,0.5281322082424661,1.9447419003711857,0.6907275207708417,5.475416782059951,0.2078861860179034,Cox_PH,0.9996299973032252,False,51.0,False,False,0.017580144777662874,Large (50-100),False
UGGT1,8,967,-0.2218266891210674,1.023992239886169,0.8010541837095091,0.1076519997113884,5.960760663609153,0.8284972749320908,Cox_PH,0.9996299973032252,False,24.0,False,False,0.008273009307135471,Medium (20-50),False
UFL1,7,967,0.8039792856508098,0.7212766026193433,2.2344146353723544,0.5435014766576838,9.186007724337228,0.2649954897838933,Cox_PH,0.9996299973032252,False,21.0,False,False,0.007238883143743537,Medium (20-50),False
UGT8,7,967,0.7225962475392765,0.7204457827301641,2.0597739577624696,0.5018382177594574,8.45425598715576,0.3158681427505546,Cox_PH,0.9996299973032252,False,21.0,False,False,0.007238883143743537,Medium (20-50),False
UBA6,6,967,-15.159148640809134,1852.520194661581,2.608947830943486e-07,0.0,inf,0.993470993889266,Cox_PH,0.9996299973032252,False,18.0,False,False,0.0062047569803516025,Small (<20),False
USP48,5,967,-15.014764590860157,2014.2841995772992,3.0141897670938925e-07,0.0,inf,0.9940525086227604,Cox_PH,0.9996299973032252,False,15.0,False,False,0.005170630816959669,Small (<20),False
USP53,9,967,-0.3466209777076408,1.0155497644308713,0.7070732740090161,0.0966075371971573,5.17508912164402,0.7328674872117414,Cox_PH,0.9996299973032252,False,27.0,False,False,0.009307135470527405,Medium (20-50),False
VWF,13,967,0.6556234406251733,0.5907350051097073,1.9263431036391816,0.6051873682026039,6.1316510355449765,0.2670664452256121,Cox_PH,0.9996299973032252,False,39.0,False,False,0.01344364012409514,Medium (20-50),False
VWCE,6,967,1.1458086401509018,0.7439204605286123,3.144983488788618,0.7317799225461182,13.51625104763609,0.123504290110294,Cox_PH,0.9996299973032252,False,18.0,False,False,0.0062047569803516025,Small (<20),False
VWA8,10,967,1.00785109712696,0.6345259345780196,2.7397073198647317,0.7899230568585732,9.50218648936621,0.1122065656342836,Cox_PH,0.9996299973032252,False,30.0,False,False,0.010341261633919338,Medium (20-50),False
VWA7,5,967,-15.05657066604804,2018.0370543203417,2.890776019420634e-07,0.0,inf,0.9940470400229112,Cox_PH,0.9996299973032252,False,15.0,False,False,0.005170630816959669,Small (<20),False
VWA3B,8,967,-0.2078561141647672,1.023581682096473,0.8123239102078169,0.1092543956455612,6.039758228456473,0.8390823188132814,Cox_PH,0.9996299973032252,False,24.0,False,False,0.008273009307135471,Medium (20-50),False
VWA3A,8,967,-0.053639319744791,1.013799030676693,0.9477738881890124,0.129939617152968,6.913021315704258,0.9578042352075964,Cox_PH,0.9996299973032252,False,24.0,False,False,0.008273009307135471,Medium (20-50),False
WAC,7,967,0.8213565951678784,0.7232760690921368,2.2735820768434487,0.5508655556415827,9.38373330335263,0.2561215247484338,Cox_PH,0.9996299973032252,False,21.0,False,False,0.007238883143743537,Medium (20-50),False
VRTN,5,967,1.1337609305433147,0.7181870752956429,3.1073209700892215,0.7604189580209616,12.697531419107598,0.1144179877062065,Cox_PH,0.9996299973032252,False,15.0,False,False,0.005170630816959669,Small (<20),False
VPS8,9,967,0.9979745976593934,0.6009630060004323,2.712781785861046,0.8353429715424382,8.80977666468051,0.0967886490750149,Cox_PH,0.9996299973032252,False,27.0,False,False,0.009307135470527405,Medium (20-50),False
VPS54,6,967,1.029614729320018,0.7368795179808142,2.7999868740195737,0.6605588063365176,11.868627621759236,0.1623343985952426,Cox_PH,0.9996299973032252,False,18.0,False,False,0.0062047569803516025,Small (<20),False
VPS50,5,967,-14.936536950162566,2017.8132500774564,3.259450753933662e-07,0.0,inf,0.994093842238464,Cox_PH,0.9996299973032252,False,15.0,False,False,0.005170630816959669,Small (<20),False
VPS4B,6,967,-14.80454041305884,1788.5431813922553,3.719373491728656e-07,0.0,inf,0.9933956420727228,Cox_PH,0.9996299973032252,False,18.0,False,False,0.0062047569803516025,Small (<20),False
VPS41,6,967,-14.971761654939996,1852.9266063448192,3.146636158399231e-07,0.0,inf,0.9935531135186312,Cox_PH,0.9996299973032252,False,18.0,False,False,0.0062047569803516025,Small (<20),False
VPS39,8,967,-0.1624176316418142,1.0202724309068918,0.8500861075387475,0.1150772546934112,6.279663102458025,0.873518824437771,Cox_PH,0.9996299973032252,False,24.0,False,False,0.008273009307135471,Medium (20-50),False
VRK3,6,967,0.893834252398615,0.7204913169095929,2.44448447591483,0.5955149838275721,10.034179685256705,0.2147572841160364,Cox_PH,0.9996299973032252,False,18.0,False,False,0.0062047569803516025,Small (<20),False
VPS35L,7,967,-0.0899298743410729,1.0173471117723272,0.9139952775450396,0.1244401734119729,6.713164603274793,0.929561581771462,Cox_PH,0.9996299973032252,False,21.0,False,False,0.007238883143743537,Medium (20-50),False
WAS,9,967,0.3145742937586005,0.7189313040600981,1.369676107161542,0.3346965220049986,5.605115426031161,0.6617065713722119,Cox_PH,0.9996299973032252,False,27.0,False,False,0.009307135470527405,Medium (20-50),False
WASHC2A,7,967,1.2319820535086274,0.6062904088684862,3.428017320949926,1.0446196544449753,11.249360188399269,0.0421536655163607,Cox_PH,0.9996299973032252,False,21.0,False,False,0.007238883143743537,Medium (20-50),True
WDR44,16,967,-16.030018018825388,1855.6030300471332,1.0920728986859009e-07,0.0,inf,0.993107391721496,Cox_PH,0.9996299973032252,False,48.0,False,False,0.016546018614270942,Medium (20-50),False
WDR35,6,967,0.2082150872043615,1.021554863643076,1.2314780162290242,0.1662882674910926,9.119934480865329,0.8384928053779039,Cox_PH,0.9996299973032252,False,18.0,False,False,0.0062047569803516025,Small (<20),False
WDR33,10,967,-0.466305200307668,1.0175545869751612,0.6273157978534946,0.085374126644871,4.609418868476447,0.6467652095579699,Cox_PH,0.9996299973032252,False,30.0,False,False,0.010341261633919338,Medium (20-50),False
WDR3,6,967,0.3403707092878031,1.019744179767097,1.405468514233948,0.1904571806720616,10.37157925751416,0.7385452086788478,Cox_PH,0.9996299973032252,False,18.0,False,False,0.0062047569803516025,Small (<20),False
WDR19,5,967,1.0165365541190252,0.7299829385501183,2.7636065676659576,0.6608489349347622,11.557136369752,0.1637564038175027,Cox_PH,0.9996299973032252,False,15.0,False,False,0.005170630816959669,Small (<20),False
WDR17,15,967,-0.0256064582780093,0.7209659546910467,0.9747186065777242,0.2372360292380183,4.004772652199515,0.9716675899120976,Cox_PH,0.9996299973032252,False,45.0,False,False,0.015511892450879007,Medium (20-50),False
WASF1,5,967,-14.88264684553972,2019.230453798421,3.439922029958166e-07,0.0,inf,0.9941192811309272,Cox_PH,0.9996299973032252,False,15.0,False,False,0.005170630816959669,Small (<20),False
WDR13,5,967,1.3557209730810285,0.715208580657012,3.8795570047410872,0.9549580702079328,15.760862201791165,0.0580182145067412,Cox_PH,0.9996299973032252,False,15.0,False,False,0.005170630816959669,Small (<20),False
WDHD1,5,967,0.2379234053847036,1.0525219720653465,1.2686120202538589,0.1612144746440754,9.982828536244718,0.8211619310329092,Cox_PH,0.9996299973032252,False,15.0,False,False,0.005170630816959669,Small (<20),False
WDFY3,17,967,-1.0418687410585732,1.0089003047267735,0.3527947834640058,0.0488347397960756,2.548680708838685,0.3017548015880334,Cox_PH,0.9996299973032252,False,51.0,False,False,0.017580144777662874,Large (50-100),False
WASL,5,967,0.4793890562652333,1.0544732768586649,1.6150873732022466,0.2044608904815719,12.757976437124231,0.6493796309418944,Cox_PH,0.9996299973032252,False,15.0,False,False,0.005170630816959669,Small (<20),False
WASHC5,7,967,-0.140181505987882,1.026638444812065,0.869200455992853,0.116205760960549,6.501480016594643,0.8913910999232636,Cox_PH,0.9996299973032252,False,21.0,False,False,0.007238883143743537,Medium (20-50),False
WASHC4,10,967,-0.4166745169100515,1.0375108329657428,0.6592354550213607,0.0862766962241688,5.037181581780102,0.6879712172700132,Cox_PH,0.9996299973032252,False,30.0,False,False,0.010341261633919338,Medium (20-50),False
WASHC2C,6,967,0.1867904914668395,1.0184809221601754,1.205374722303845,0.163747099767505,8.873001251515289,0.8544833359300904,Cox_PH,0.9996299973032252,False,18.0,False,False,0.0062047569803516025,Small (<20),False
WDR11,7,967,0.0480865155529203,1.0248345532305363,1.0492614288304272,0.1407754503487471,7.82060752285896,0.9625759938156476,Cox_PH,0.9996299973032252,False,21.0,False,False,0.007238883143743537,Medium (20-50),False
USP5,5,967,0.3098178873546848,1.013603973541901,1.3631768397855892,0.186962746081934,9.939151705193026,0.7598637596728356,Cox_PH,0.9996299973032252,False,15.0,False,False,0.005170630816959669,Small (<20),False
VPS33B,5,967,-15.091781770097146,2017.661742372234,2.790759778661322e-07,0.0,inf,0.9940320088672316,Cox_PH,0.9996299973032252,False,15.0,False,False,0.005170630816959669,Small (<20),False
VPS26A,5,967,0.4571294494787887,1.0096735579105072,1.5795333407834533,0.2183118521344462,11.428264431149852,0.6507289522634492,Cox_PH,0.9996299973032252,False,15.0,False,False,0.005170630816959669,Small (<20),False
VAV3,5,967,-15.06796131324117,1979.0617043382035,2.858035034177404e-07,0.0,inf,0.9939252133900572,Cox_PH,0.9996299973032252,False,15.0,False,False,0.005170630816959669,Small (<20),False
VAV1,6,967,-14.96304323271157,1852.6949260089436,3.174189798630955e-07,0.0,inf,0.993556061917258,Cox_PH,0.9996299973032252,False,18.0,False,False,0.0062047569803516025,Small (<20),False
VANGL2,8,967,-15.007682525779105,1573.7231416515835,3.035612223267477e-07,0.0,inf,0.992391154220332,Cox_PH,0.9996299973032252,False,24.0,False,False,0.008273009307135471,Medium (20-50),False
VANGL1,6,967,0.3440397189351331,1.0120421945509708,1.410634663301677,0.1940648335126554,10.253739007167775,0.7338971771504499,Cox_PH,0.9996299973032252,False,18.0,False,False,0.0062047569803516025,Small (<20),False
UTRN,25,967,0.1828138633578785,0.5336955686258492,1.200590913320027,0.4217977053251056,3.417321912729767,0.7319420327870827,Cox_PH,0.9996299973032252,False,75.0,False,False,0.025853154084798345,Large (50-100),False
UTP25,8,967,-15.119490402826514,1593.551061974431,2.7144931425530834e-07,0.0,inf,0.992429845987238,Cox_PH,0.9996299973032252,False,24.0,False,False,0.008273009307135471,Medium (20-50),False
VCAM1,9,967,-15.125594477577613,1502.8392833930125,2.697974141399616e-07,0.0,inf,0.991969683856784,Cox_PH,0.9996299973032252,False,27.0,False,False,0.009307135470527405,Medium (20-50),False
UTP20,16,967,-0.1143807478652919,0.7275803360036207,0.8919182952370526,0.2142871788295962,3.712393105941144,0.8750816835539262,Cox_PH,0.9996299973032252,False,48.0,False,False,0.016546018614270942,Medium (20-50),False
UST,5,967,-14.941676795033626,2020.423682353988,3.242740663118126e-07,0.0,inf,0.9940994432681552,Cox_PH,0.9996299973032252,False,15.0,False,False,0.005170630816959669,Small (<20),False
USPL1,9,967,-0.0860420383196082,1.0173226092937866,0.9175556579113724,0.1249309177395218,6.738991441018083,0.9325977286468884,Cox_PH,0.9996299973032252,False,27.0,False,False,0.009307135470527405,Medium (20-50),False
USP9X,23,967,-0.172099601454185,0.5948013026161261,0.8418953149947261,0.262393457749058,2.7012400670748566,0.772321471987699,Cox_PH,0.9996299973032252,False,69.0,False,False,0.023784901758014478,Large (50-100),False
USP7,6,967,0.0467151864530044,1.0308140217373103,1.047823532239707,0.1389445569684481,7.901958728506491,0.9638532552071342,Cox_PH,0.9996299973032252,False,18.0,False,False,0.0062047569803516025,Small (<20),False
USP6,5,967,-14.80105713120994,2017.323691518049,3.732351708172233e-07,0.0,inf,0.9941459920064226,Cox_PH,0.9996299973032252,False,15.0,False,False,0.005170630816959669,Small (<20),False
USP54,6,967,-14.943738613390064,1794.957060144327,3.23606160875829e-07,0.0,inf,0.9933573672334642,Cox_PH,0.9996299973032252,False,18.0,False,False,0.0062047569803516025,Small (<20),False
UTP14A,6,967,0.1511510252831224,1.0100378092789268,1.163172313245229,0.1606506606771656,8.421813048245767,0.8810416429900387,Cox_PH,0.9996299973032252,False,18.0,False,False,0.0062047569803516025,Small (<20),False
VPS33A,6,967,0.1365711976426772,1.0185145812971668,1.146336491326284,0.1557166325197981,8.438965896460546,0.8933325115101036,Cox_PH,0.9996299973032252,False,18.0,False,False,0.0062047569803516025,Small (<20),False
VCAN,17,967,-0.2527698116956932,0.7276665551196349,0.7766466362216001,0.1865611410212083,3.233149166287296,0.7283130787986382,Cox_PH,0.9996299973032252,False,51.0,False,False,0.017580144777662874,Large (50-100),False
VCP,6,967,-14.942075494466264,1843.9886503157263,3.2414480419563316e-07,0.0,inf,0.993534710273678,Cox_PH,0.9996299973032252,False,18.0,False,False,0.0062047569803516025,Small (<20),False
VPS18,5,967,0.5876102067725295,1.006414081862694,1.799682403388815,0.2503334640593771,12.938169354374091,0.5593109761315679,Cox_PH,0.9996299973032252,False,15.0,False,False,0.005170630816959669,Small (<20),False
VPS13D,20,967,0.4135774127318918,0.542570379660101,1.5122179477880926,0.5221185908311619,4.3798538526890285,0.4459073551370516,Cox_PH,0.9996299973032252,False,60.0,False,False,0.020682523267838676,Large (50-100),False
VPS13C,27,967,-0.2121845030711066,0.6012388425466617,0.8088154548636739,0.2489227592483279,2.628053947344013,0.724154288725523,Cox_PH,0.9996299973032252,False,81.0,False,False,0.027921406411582212,Large (50-100),False
VPS13B,25,967,0.4485170754038998,0.4747692509000886,1.565988220334366,0.6175281303096547,3.971186065639307,0.34480929905462,Cox_PH,0.9996299973032252,False,75.0,False,False,0.025853154084798345,Large (50-100),False
VPS13A,18,967,-0.2733008019312234,0.7404019917892151,0.7608638838776465,0.178264173907203,3.247505301265611,0.7120346392650778,Cox_PH,0.9996299973032252,False,54.0,False,False,0.01861427094105481,Large (50-100),False
VNN2,7,967,0.1445225012880858,1.0254640313091377,1.1554876946327353,0.1548362766374607,8.622990951751225,0.8879222719887883,Cox_PH,0.9996299973032252,False,21.0,False,False,0.007238883143743537,Medium (20-50),False
VCL,6,967,-14.894492651709156,1840.4316897355816,3.3994137804750233e-07,0.0,inf,0.9935428431984265,Cox_PH,0.9996299973032252,False,18.0,False,False,0.0062047569803516025,Small (<20),False
VN1R5,5,967,0.5764688068598001,1.0197696856036191,1.7797427063466398,0.2411635905223495,13.134172094276057,0.5718743944612528,Cox_PH,0.9996299973032252,False,15.0,False,False,0.005170630816959669,Small (<20),False
VIT,8,967,0.7151869620162761,0.7228221973827386,2.0445689032516072,0.4958188975426968,8.431025967063913,0.3224494228829268,Cox_PH,0.9996299973032252,False,24.0,False,False,0.008273009307135471,Medium (20-50),False
VIRMA,12,967,-0.5060006980672874,1.006662219342661,0.6029019506375659,0.0838220945627686,4.33645525059492,0.61520901840491,Cox_PH,0.9996299973032252,False,36.0,False,False,0.012409513960703205,Medium (20-50),False
VILL,5,967,0.4053160645520821,1.0152840715375389,1.4997764513255352,0.205021440878527,10.9711910828064,0.6897352024080352,Cox_PH,0.9996299973032252,False,15.0,False,False,0.005170630816959669,Small (<20),False
VIL1,7,967,0.6532770951872237,0.7424698648726972,1.9218285357251317,0.4484474198301055,8.23602669433723,0.378929639570511,Cox_PH,0.9996299973032252,False,21.0,False,False,0.007238883143743537,Medium (20-50),False
VEPH1,5,967,-14.833354157164,2020.4018391940683,3.6137336638845523e-07,0.0,inf,0.994142156419497,Cox_PH,0.9996299973032252,False,15.0,False,False,0.005170630816959669,Small (<20),False
VCPIP1,12,967,-0.6061641893658644,1.0136406141595118,0.5454390625130858,0.0748028125989409,3.977173592525663,0.5498352580006088,Cox_PH,0.9996299973032252,False,36.0,False,False,0.012409513960703205,Medium (20-50),False
VLDLR,7,967,-14.883697201965369,1702.8151752235842,3.4363107826306933e-07,0.0,inf,0.9930260657952594,Cox_PH,0.9996299973032252,False,21.0,False,False,0.007238883143743537,Medium (20-50),False
UBA1,6,967,0.2310878617165025,1.0287332588231883,1.2599699377075593,0.167758585254267,9.463147543361938,0.82226447025398,Cox_PH,0.9996299973032252,False,18.0,False,False,0.0062047569803516025,Small (<20),False
UACA,9,967,-0.3475471810808975,1.0298102627973584,0.7064186835462318,0.0938577166441327,5.316849528262915,0.7357500995830182,Cox_PH,0.9996299973032252,False,27.0,False,False,0.009307135470527405,Medium (20-50),False
U2SURP,5,967,-14.907723625063838,2021.11298549893,3.3547324677719153e-07,0.0,inf,0.9941148591157236,Cox_PH,0.9996299973032252,False,15.0,False,False,0.005170630816959669,Small (<20),False
TRIM28,7,967,-14.856866268468188,1715.2888759430748,3.52975824403243e-07,0.0,inf,0.9930892596756372,Cox_PH,0.9996299973032252,False,21.0,False,False,0.007238883143743537,Medium (20-50),False
TRIM25,5,967,0.3867914321662829,1.0235652894395395,1.4722493953820002,0.198018160036917,10.946058087796438,0.7055149642815597,Cox_PH,0.9996299973032252,False,15.0,False,False,0.005170630816959669,Small (<20),False
TRIM24,8,967,-14.932307667556197,1603.1550882984257,3.2732650840754794e-07,0.0,inf,0.9925683512713234,Cox_PH,0.9996299973032252,False,24.0,False,False,0.008273009307135471,Medium (20-50),False
TRIM23,6,967,-14.915515515088888,1836.369852895349,3.328694336187271e-07,0.0,inf,0.9935194271047578,Cox_PH,0.9996299973032252,False,18.0,False,False,0.0062047569803516025,Small (<20),False
TRIM21,5,967,0.6019562482276838,1.0068780496878524,1.82568680587874,0.2537198104854222,13.13705976203708,0.5499438646138679,Cox_PH,0.9996299973032252,False,15.0,False,False,0.005170630816959669,Small (<20),False
TRIM13,5,967,-14.85794250763606,2028.2516594035233,3.525961423467076e-07,0.0,inf,0.9941551548350084,Cox_PH,0.9996299973032252,False,15.0,False,False,0.005170630816959669,Small (<20),False
TRIM33,6,967,0.1649994211837939,1.012922755366542,1.1793924360597376,0.1619724241825094,8.587674878950942,0.8706015982010545,Cox_PH,0.9996299973032252,False,18.0,False,False,0.0062047569803516025,Small (<20),False
TRHDE,10,967,-0.325347904561601,1.0097093309458518,0.7222760268012708,0.0998208506422342,5.226189273437285,0.7472865112141431,Cox_PH,0.9996299973032252,False,30.0,False,False,0.010341261633919338,Medium (20-50),False
TRAPPC9,8,967,0.7167871518154942,0.7345287842974509,2.0478432206203285,0.4853479292180634,8.64052693703048,0.3291406667495606,Cox_PH,0.9996299973032252,False,24.0,False,False,0.008273009307135471,Medium (20-50),False
TRAPPC8,10,967,-0.4088599200849269,1.0184380727491789,0.6644072959214806,0.0902656271561954,4.890422509443517,0.6880830930873312,Cox_PH,0.9996299973032252,False,30.0,False,False,0.010341261633919338,Medium (20-50),False
TRAPPC10,8,967,-14.997111398850189,1589.2986884630284,3.0678722775330325e-07,0.0,inf,0.9924710275366528,Cox_PH,0.9996299973032252,False,24.0,False,False,0.008273009307135471,Medium (20-50),False
TRANK1,10,967,-0.3488155901242682,1.0124825155353152,0.7055232237243397,0.0969770117752542,5.132793948817049,0.7304588864143818,Cox_PH,0.9996299973032252,False,30.0,False,False,0.010341261633919338,Medium (20-50),False
TRAK2,9,967,0.4314635680958617,0.7423104052970865,1.5395090518454575,0.3593477033228842,6.595528783954708,0.5610759271201182,Cox_PH,0.9996299973032252,False,27.0,False,False,0.009307135470527405,Medium (20-50),False
TRAFD1,7,967,-0.1130256602299068,1.0088072792919731,0.8931277419587793,0.1236515279985552,6.451009351584463,0.9107925611446396,Cox_PH,0.9996299973032252,False,21.0,False,False,0.007238883143743537,Medium (20-50),False
TRDN,12,967,0.2758185525646345,0.7201326358205854,1.3176087656047275,0.3212160229046147,5.404751741521772,0.7017117814491988,Cox_PH,0.9996299973032252,False,36.0,False,False,0.012409513960703205,Medium (20-50),False
TRAF7,7,967,-14.88672223805252,1693.913395591571,3.425931525235567e-07,0.0,inf,0.99298799279306,Cox_PH,0.9996299973032252,False,21.0,False,False,0.007238883143743537,Medium (20-50),False
TRIM37,5,967,-14.885331500590446,2020.286077428492,3.430699411220556e-07,0.0,inf,0.9941212935819548,Cox_PH,0.9996299973032252,False,15.0,False,False,0.005170630816959669,Small (<20),False
TRIM42,8,967,-0.2250512812363205,1.015491069523034,0.7984752709103942,0.1091083583229592,5.8433906261173005,0.8246111298737395,Cox_PH,0.9996299973032252,False,24.0,False,False,0.008273009307135471,Medium (20-50),False
TRMT2B,5,967,0.3847481420249676,1.0046703650663302,1.4692442339607656,0.2050696147167774,10.526564952142309,0.7017497333448565,Cox_PH,0.9996299973032252,False,15.0,False,False,0.005170630816959669,Small (<20),False
TRMT1,5,967,-15.133240623690554,1987.4140125630156,2.677423702854307e-07,0.0,inf,0.9939245359597174,Cox_PH,0.9996299973032252,False,15.0,False,False,0.005170630816959669,Small (<20),False
TRIP12,11,967,0.0576861593525341,0.734480213090174,1.059382466253264,0.2511022484886306,4.469459021413992,0.9373984227373336,Cox_PH,0.9996299973032252,False,33.0,False,False,0.011375387797311272,Medium (20-50),False
TRIP11,12,967,-0.6066191473747887,1.0122595219910595,0.545190967083996,0.0749714570553517,3.964618032840608,0.5489912799220558,Cox_PH,0.9996299973032252,False,36.0,False,False,0.012409513960703205,Medium (20-50),False
TRIP10,6,967,0.9841202059773622,0.7136842019986774,2.6754569975909637,0.660537864300426,10.83672947884607,0.1679164889683548,Cox_PH,0.9996299973032252,False,18.0,False,False,0.0062047569803516025,Small (<20),False
TRIOBP,9,967,0.4807819135357201,0.7233956616071077,1.617338526796362,0.3917726494975598,6.6767905151483,0.5062947333476235,Cox_PH,0.9996299973032252,False,27.0,False,False,0.009307135470527405,Medium (20-50),False
TRIM38,5,967,-14.912917522048394,2005.689860278539,3.3373535042653497e-07,0.0,inf,0.994067538930642,Cox_PH,0.9996299973032252,False,15.0,False,False,0.005170630816959669,Small (<20),False
TRIO,13,967,-16.001898992680154,2071.0367738104997,1.1232167402849195e-07,0.0,inf,0.9938351934277082,Cox_PH,0.9996299973032252,False,39.0,False,False,0.01344364012409514,Medium (20-50),False
TRIM60,5,967,1.260402979364028,0.7135205586283793,3.5268424457635184,0.8710139244242576,14.280618585358612,0.0773193049305273,Cox_PH,0.9996299973032252,False,15.0,False,False,0.005170630816959669,Small (<20),False
TRIM6,6,967,1.008875727801718,0.7204338279770778,2.742515946681395,0.6681954388998247,11.256278148479478,0.161401797667273,Cox_PH,0.9996299973032252,False,18.0,False,False,0.0062047569803516025,Small (<20),False
TRIM58,5,967,0.4274476551928222,1.006568017477049,1.5333389152378467,0.2132210924136376,11.02671505135013,0.6710856474543117,Cox_PH,0.9996299973032252,False,15.0,False,False,0.005170630816959669,Small (<20),False
TRIM55,6,967,-15.044801705642234,1826.15957060566,2.924998434049797e-07,0.0,inf,0.9934267084843292,Cox_PH,0.9996299973032252,False,18.0,False,False,0.0062047569803516025,Small (<20),False
TRIM49,5,967,0.3755999397381243,1.0157501154250903,1.455864583684681,0.198836920242911,10.659698829764672,0.7115494539398842,Cox_PH,0.9996299973032252,False,15.0,False,False,0.005170630816959669,Small (<20),False
TRIM46,6,967,0.1734751277693724,1.0305714487287894,1.1894311025969984,0.157797153129261,8.965601215037186,0.8663244099897277,Cox_PH,0.9996299973032252,False,18.0,False,False,0.0062047569803516025,Small (<20),False
TRIM67,7,967,0.132150136175593,1.0139785111834585,1.1412796537676588,0.1564141869252573,8.32737281514264,0.896306659191851,Cox_PH,0.9996299973032252,False,21.0,False,False,0.007238883143743537,Medium (20-50),False
TRO,9,967,-0.144912078639291,1.014147598568012,0.865098350391276,0.1185238145617084,6.314301970597321,0.8863766449682593,Cox_PH,0.9996299973032252,False,27.0,False,False,0.009307135470527405,Medium (20-50),False
TRAF6,6,967,-14.85825413076832,1853.399469619877,3.524862823507537e-07,0.0,inf,0.9936036214634322,Cox_PH,0.9996299973032252,False,18.0,False,False,0.0062047569803516025,Small (<20),False
TRAF3IP3,7,967,0.7152686458912418,0.7343541134482882,2.044735918383388,0.4847774223036193,8.624463070205863,0.3300513063918392,Cox_PH,0.9996299973032252,False,21.0,False,False,0.007238883143743537,Medium (20-50),False
TOP1,5,967,0.2218692193087171,1.0408746626457617,1.2484080995134308,0.1623103364021365,9.60211664566682,0.8312048820391944,Cox_PH,0.9996299973032252,False,15.0,False,False,0.005170630816959669,Small (<20),False
TOGARAM2,5,967,-15.10478232563476,2003.3835316025352,2.754713171822113e-07,0.0,inf,0.993984297944404,Cox_PH,0.9996299973032252,False,15.0,False,False,0.005170630816959669,Small (<20),False
TOGARAM1,13,967,0.0732075552625837,0.7277206560631204,1.0759538336211638,0.2584314172651021,4.479628151775835,0.9198692432992052,Cox_PH,0.9996299973032252,False,39.0,False,False,0.01344364012409514,Medium (20-50),False
TOB1,5,967,0.5274390988783925,1.0152274768550675,1.6945870771926366,0.2316780108103718,12.394898213014722,0.6033925935682891,Cox_PH,0.9996299973032252,False,15.0,False,False,0.005170630816959669,Small (<20),False
TNXB,16,967,-0.1183354657024742,0.7284037766105638,0.8883979755691491,0.2130972024454813,3.703713394347746,0.8709447189804078,Cox_PH,0.9996299973032252,False,48.0,False,False,0.016546018614270942,Medium (20-50),False
TNS3,9,967,0.3560617936742933,0.7299473231073751,1.427695768105387,0.3414223655070869,5.970069369177638,0.6256978296552032,Cox_PH,0.9996299973032252,False,27.0,False,False,0.009307135470527405,Medium (20-50),False
TOP3A,5,967,-14.918876731964165,2017.0229974957017,3.3175246549883616e-07,0.0,inf,0.9940985140535302,Cox_PH,0.9996299973032252,False,15.0,False,False,0.005170630816959669,Small (<20),False
TNS1,7,967,-0.0827273887828315,1.0091280655895305,0.9206020794685096,0.1273751770642298,6.653636982144343,0.9346633504825284,Cox_PH,0.9996299973032252,False,21.0,False,False,0.007238883143743537,Medium (20-50),False
TNRC6B,17,967,-0.1564800865357371,0.7235660435500231,0.8551485465033783,0.2070759733798665,3.53145285110098,0.8287832618827765,Cox_PH,0.9996299973032252,False,51.0,False,False,0.017580144777662874,Large (50-100),False
TNRC6A,13,967,-0.6199444455447003,1.0194308148770417,0.5379743236350303,0.0729465102510114,3.9675149900204487,0.5431025679690702,Cox_PH,0.9996299973032252,False,39.0,False,False,0.01344364012409514,Medium (20-50),False
TNRC18,7,967,0.6661746909040474,0.727852966924076,1.9467760387907185,0.4674713926738811,8.107313098950694,0.3600551640072649,Cox_PH,0.9996299973032252,False,21.0,False,False,0.007238883143743537,Medium (20-50),False
TNR,13,967,-15.907754206350166,2052.9489534252566,1.2340993646005194e-07,0.0,inf,0.9938174670918836,Cox_PH,0.9996299973032252,False,39.0,False,False,0.01344364012409514,Medium (20-50),False
TNPO3,7,967,0.012854144493068,1.0257521315533875,1.0129371141284884,0.1356577602871684,7.563456709051988,0.9900016244737078,Cox_PH,0.9996299973032252,False,21.0,False,False,0.007238883143743537,Medium (20-50),False
TNNT1,5,967,1.2674412575678908,0.7347867823866534,3.5517529046146707,0.8413556357595571,14.993598615465691,0.084543646835535,Cox_PH,0.9996299973032252,False,15.0,False,False,0.005170630816959669,Small (<20),False
TNRC6C,11,967,-0.6438180337783611,1.017804000535527,0.5252830421419243,0.071453108126758,3.861585333312412,0.5270236238703445,Cox_PH,0.9996299973032252,False,33.0,False,False,0.011375387797311272,Medium (20-50),False
TRAF5,5,967,0.5603729350411006,1.0124526263551632,1.7513255091743307,0.2407408554507743,12.740425937847863,0.5799343287987393,Cox_PH,0.9996299973032252,False,15.0,False,False,0.005170630816959669,Small (<20),False
TOPBP1,12,967,0.7589390924398852,0.6186151921369766,2.13600891000496,0.6353706915789734,7.180901045784985,0.2198844166192302,Cox_PH,0.9996299973032252,False,36.0,False,False,0.012409513960703205,Medium (20-50),False
TOR1AIP1,5,967,-14.877014523029649,2014.4321927465448,3.4593514452435845e-07,0.0,inf,0.9941075046655586,Cox_PH,0.9996299973032252,False,15.0,False,False,0.005170630816959669,Small (<20),False
TRAF3,5,967,-14.886919666989964,1992.6186083877624,3.425255213978688e-07,0.0,inf,0.9940390334542768,Cox_PH,0.9996299973032252,False,15.0,False,False,0.005170630816959669,Small (<20),False
TRABD2A,10,967,-15.074356682422364,1419.5351553951414,2.839815168485289e-07,0.0,inf,0.991527247236743,Cox_PH,0.9996299973032252,False,30.0,False,False,0.010341261633919338,Medium (20-50),False
TRA2B,7,967,-0.0450410493524353,1.0117037702955598,0.9559582395609814,0.1316010292422539,6.944141402589525,0.9644899120572072,Cox_PH,0.9996299973032252,False,21.0,False,False,0.007238883143743537,Medium (20-50),False
TPTE2,5,967,-14.872116537608155,2025.7203514926152,3.4763368613935034e-07,0.0,inf,0.9941422686669684,Cox_PH,0.9996299973032252,False,15.0,False,False,0.005170630816959669,Small (<20),False
TPTE,10,967,0.8315263539067974,0.614511294322688,2.2968218290794544,0.6887232326297621,7.659666851069897,0.1760075091055626,Cox_PH,0.9996299973032252,False,30.0,False,False,0.010341261633919338,Medium (20-50),False
TPR,20,967,0.1705921024102109,0.5957034356786615,1.1860068809958884,0.3689896694071981,3.812064234831817,0.7745940944455114,Cox_PH,0.9996299973032252,False,60.0,False,False,0.020682523267838676,Large (50-100),False
TOPORS,5,967,-15.13266371129645,2021.409494519328,2.6789687874191146e-07,0.0,inf,0.9940269371474508,Cox_PH,0.9996299973032252,False,15.0,False,False,0.005170630816959669,Small (<20),False
TPP2,7,967,0.820543844249977,0.7259895769723143,2.271734971643471,0.5474984071472749,9.426109216057922,0.2583743056118566,Cox_PH,0.9996299973032252,False,21.0,False,False,0.007238883143743537,Medium (20-50),False
TPO,10,967,-0.3354206581873168,1.0158761927097055,0.7150372368116837,0.0976331691062202,5.236726972070745,0.7412649568602008,Cox_PH,0.9996299973032252,False,30.0,False,False,0.010341261633919338,Medium (20-50),False
TPCN1,7,967,1.2572905772939704,0.6004601887399008,3.5158825586696056,1.083708122813793,11.40660469929976,0.0362708201052056,Cox_PH,0.9996299973032252,False,21.0,False,False,0.007238883143743537,Medium (20-50),True
TP53BP2,12,967,-0.5441724502729063,1.0171837571815678,0.5803218298531911,0.0790359383331166,4.261016359225605,0.592664038080343,Cox_PH,0.9996299973032252,False,36.0,False,False,0.012409513960703205,Medium (20-50),False
TP53BP1,12,967,0.6437269352013983,0.6108695250906747,1.9035621281340065,0.5748895555281647,6.303034627819995,0.2919800186279832,Cox_PH,0.9996299973032252,False,36.0,False,False,0.012409513960703205,Medium (20-50),False
TP53,331,967,0.3318192361153637,0.1895029206408643,1.3935009311028674,0.9611675953982988,2.020297869259602,0.0799462535414361,Cox_PH,0.9996299973032252,False,11.0,True,False,0.3422957600827301,Small (<20),False
TOX4,7,967,-0.077070039774911,1.0158920042054458,0.9258250067605122,0.1264107987186835,6.780686079285208,0.9395269780022288,Cox_PH,0.9996299973032252,False,21.0,False,False,0.007238883143743537,Medium (20-50),False
TPP1,6,967,-15.005901722563936,1827.8487444088307,3.041022867491114e-07,0.0,inf,0.993449762814392,Cox_PH,0.9996299973032252,False,18.0,False,False,0.0062047569803516025,Small (<20),False
TRPA1,13,967,0.1124533632972744,0.7338002808062418,1.1190200682895686,0.2655916800235715,4.714778388854863,0.8782027729361498,Cox_PH,0.9996299973032252,False,39.0,False,False,0.01344364012409514,Medium (20-50),False
TRPC1,7,967,0.8155888756962854,0.7685164103241193,2.2605064377860424,0.501223440379642,10.19483316941793,0.2885758081926511,Cox_PH,0.9996299973032252,False,21.0,False,False,0.007238883143743537,Medium (20-50),False
TRPC3,8,967,-15.073315918079176,1583.0191347282046,2.842772285417895e-07,0.0,inf,0.9924027549301406,Cox_PH,0.9996299973032252,False,24.0,False,False,0.008273009307135471,Medium (20-50),False
TTLL5,6,967,-15.03625773411738,1837.9398582788292,2.9500966037248833e-07,0.0,inf,0.993472548071654,Cox_PH,0.9996299973032252,False,18.0,False,False,0.0062047569803516025,Small (<20),False
TTLL4,9,967,-0.1900885625101662,1.0129070787322048,0.8268858996096115,0.1135642597781869,6.020734800796256,0.8511382195181968,Cox_PH,0.9996299973032252,False,27.0,False,False,0.009307135470527405,Medium (20-50),False
TTK,6,967,-15.048308235214169,1842.0031484387432,2.914759802066826e-07,0.0,inf,0.9934817270751009,Cox_PH,0.9996299973032252,False,18.0,False,False,0.0062047569803516025,Small (<20),False
TTI1,5,967,0.2295652524469029,1.0126746371454018,1.2580529555787197,0.1728593473336541,9.15598296217919,0.8206632378192574,Cox_PH,0.9996299973032252,False,15.0,False,False,0.005170630816959669,Small (<20),False
TTF2,7,967,0.0800128690919276,1.0104007251804676,1.0833010086855204,0.1495129074736644,7.849095407537146,0.936882100141782,Cox_PH,0.9996299973032252,False,21.0,False,False,0.007238883143743537,Medium (20-50),False
TTC7B,9,967,-14.839549648944772,1508.447633515396,3.591414018654621e-07,0.0,inf,0.992150833537262,Cox_PH,0.9996299973032252,False,27.0,False,False,0.009307135470527405,Medium (20-50),False
TTLL7,7,967,0.0343169519032935,1.0224371638264318,1.0349125722602428,0.1395042950652454,7.677498615518543,0.9732249305827488,Cox_PH,0.9996299973032252,False,21.0,False,False,0.007238883143743537,Medium (20-50),False
TTC7A,8,967,-14.906607776363415,1591.5341260990162,3.3584779309328085e-07,0.0,inf,0.9925269724924902,Cox_PH,0.9996299973032252,False,24.0,False,False,0.008273009307135471,Medium (20-50),False
TTC37,8,967,-0.1168750791761198,1.01608191707875,0.8896963278200248,0.1214326322989334,6.518507758176873,0.908425106205826,Cox_PH,0.9996299973032252,False,24.0,False,False,0.008273009307135471,Medium (20-50),False
TTC3,8,967,-0.2526723912110815,1.02293282623546,0.7767223011988723,0.1045990582610186,5.767714769230432,0.8049021843393744,Cox_PH,0.9996299973032252,False,24.0,False,False,0.008273009307135471,Medium (20-50),False
TTC29,7,967,0.8596687127320152,0.721828837469083,2.3623779383213734,0.5740057824794014,9.72260157269028,0.2336695925148607,Cox_PH,0.9996299973032252,False,21.0,False,False,0.007238883143743537,Medium (20-50),False
TTC23L,5,967,0.3776227991549476,1.0198218212671744,1.4588125737468816,0.1976558344592879,10.76686722222886,0.7111715545612398,Cox_PH,0.9996299973032252,False,15.0,False,False,0.005170630816959669,Small (<20),False
TTC23,5,967,0.6258376327785854,1.0131232891376791,1.8698115170751273,0.2566905477545387,13.620272113525736,0.5367526930673819,Cox_PH,0.9996299973032252,False,15.0,False,False,0.005170630816959669,Small (<20),False
TTC21B,11,967,0.2193961710232143,0.7357129084182359,1.245324540470103,0.2944632329142125,5.266644652878906,0.7655436942883529,Cox_PH,0.9996299973032252,False,33.0,False,False,0.011375387797311272,Medium (20-50),False
TTC4,5,967,0.2463836682684668,1.0142405567009842,1.2793903408665666,0.1752524412848999,9.339896393464404,0.8080640475182276,Cox_PH,0.9996299973032252,False,15.0,False,False,0.005170630816959669,Small (<20),False
TTC21A,9,967,-0.4824754585396847,1.0223635483859523,0.6172535135310441,0.0832166348219409,4.578434357285058,0.6369827379445552,Cox_PH,0.9996299973032252,False,27.0,False,False,0.009307135470527405,Medium (20-50),False
TTN,167,967,0.2297256850589046,0.2360085405259294,1.258254804491561,0.7922715701231814,1.9983112012714792,0.3303651238577604,Cox_PH,0.9996299973032252,False,363.0,False,True,0.17269906928645296,,False
TUBA1C,6,967,0.920617533378132,0.7259957499735527,2.5108404390617864,0.6051165852823858,10.41835550993201,0.2047709358605315,Cox_PH,0.9996299973032252,False,18.0,False,False,0.0062047569803516025,Small (<20),False
TYW3,5,967,-14.905095395024397,2027.261313839306,3.3635610731388906e-07,0.0,inf,0.994133741778998,Cox_PH,0.9996299973032252,False,15.0,False,False,0.005170630816959669,Small (<20),False
TYW1,6,967,0.2241817098361383,1.016935602150181,1.2512983719937731,0.170501348980936,9.183197816982291,0.8255220439064879,Cox_PH,0.9996299973032252,False,18.0,False,False,0.0062047569803516025,Small (<20),False
TYRP1,5,967,-15.175744859277058,1987.095508218529,2.566006480409921e-07,0.0,inf,0.9939064958045054,Cox_PH,0.9996299973032252,False,15.0,False,False,0.005170630816959669,Small (<20),False
TYR,6,967,0.920121255375998,0.7181382908019742,2.5095946733336434,0.6142029950796182,10.25404544568883,0.200102656445096,Cox_PH,0.9996299973032252,False,18.0,False,False,0.0062047569803516025,Small (<20),False
TXNDC5,6,967,-15.053382987898685,1853.880004392855,2.900005585600279e-07,0.0,inf,0.993521301345971,Cox_PH,0.9996299973032252,False,18.0,False,False,0.0062047569803516025,Small (<20),False
TXNDC16,5,967,0.3342564024380122,1.035383832955026,1.396901266551147,0.1835816208418325,10.62924022319968,0.7468214756803924,Cox_PH,0.9996299973032252,False,15.0,False,False,0.005170630816959669,Small (<20),False
TTYH2,5,967,0.2284563367645406,1.0213328146368408,1.256658654151276,0.1697623128587246,9.302364856253412,0.8230027947879786,Cox_PH,0.9996299973032252,False,15.0,False,False,0.005170630816959669,Small (<20),False
TXNDC11,8,967,-0.1719028626719181,1.011556110481758,0.8420609647481255,0.1159550295637514,6.115014338060279,0.8650580872176,Cox_PH,0.9996299973032252,False,24.0,False,False,0.008273009307135471,Medium (20-50),False
TUT4,8,967,0.7104409724281912,0.7280037276724414,2.034888390501664,0.488485088124927,8.476759807946229,0.3291261844881981,Cox_PH,0.9996299973032252,False,24.0,False,False,0.008273009307135471,Medium (20-50),False
TULP4,5,967,0.381345923984304,1.0373661591722771,1.4642540384020164,0.1916869420204109,11.18511186196666,0.7131642368445827,Cox_PH,0.9996299973032252,False,15.0,False,False,0.005170630816959669,Small (<20),False
TUBGCP6,9,967,-15.076061158328743,1502.0260270532117,2.834978894778917e-07,0.0,inf,0.9919916471170444,Cox_PH,0.9996299973032252,False,27.0,False,False,0.009307135470527405,Medium (20-50),False
TUBGCP5,5,967,-14.732394185209325,1761.6009206689848,3.997629121427336e-07,0.0,inf,0.9933273122734702,Cox_PH,0.9996299973032252,False,15.0,False,False,0.005170630816959669,Small (<20),False
TUBGCP2,8,967,-14.988962005229263,1576.747703385813,3.0929757263120517e-07,0.0,inf,0.9924152220319792,Cox_PH,0.9996299973032252,False,24.0,False,False,0.008273009307135471,Medium (20-50),False
TUBD1,5,967,0.1082908737707998,1.0263603239885437,1.1143718397880145,0.1490646221661539,8.330780162769491,0.9159714477621206,Cox_PH,0.9996299973032252,False,15.0,False,False,0.005170630816959669,Small (<20),False
TWNK,8,967,0.7558943645877423,0.7288232814220412,2.1295152349374753,0.5103802376701527,8.885209107100211,0.2996689620928304,Cox_PH,0.9996299973032252,False,24.0,False,False,0.008273009307135471,Medium (20-50),False
TTC17,6,967,0.1555001483189,1.041444331595757,1.1682421093396238,0.1517181521455018,8.995559244126719,0.8813074374820733,Cox_PH,0.9996299973032252,False,18.0,False,False,0.0062047569803516025,Small (<20),False
TTC14,6,967,-15.051218216416611,1849.3821640906704,2.906290234950405e-07,0.0,inf,0.9935064789208704,Cox_PH,0.9996299973032252,False,18.0,False,False,0.0062047569803516025,Small (<20),False
TTBK2,5,967,-15.036097376412137,2014.5173569438064,2.950569712378801e-07,0.0,inf,0.994044747979254,Cox_PH,0.9996299973032252,False,15.0,False,False,0.005170630816959669,Small (<20),False
TRPV2,8,967,-14.9937442688978,1592.3052933467086,3.0782196128039425e-07,0.0,inf,0.9924869305405428,Cox_PH,0.9996299973032252,False,24.0,False,False,0.008273009307135471,Medium (20-50),False
TRPS1,13,967,-16.08695552570524,2042.4373166075104,1.0316300511809307e-07,0.0,inf,0.993715645210594,Cox_PH,0.9996299973032252,False,39.0,False,False,0.01344364012409514,Medium (20-50),False
TRPM8,11,967,0.560272090742495,0.6023074520310895,1.7511489068865445,0.5378096911943409,5.701872882357252,0.3522626439256529,Cox_PH,0.9996299973032252,False,33.0,False,False,0.011375387797311272,Medium (20-50),False
TRPM7,6,967,0.1112105860057989,1.028609334464488,1.1176302393627895,0.1488429271101372,8.392050439950358,0.9139025510906532,Cox_PH,0.9996299973032252,False,18.0,False,False,0.0062047569803516025,Small (<20),False
TRPM6,19,967,-0.9863320616022424,1.014816279365447,0.3729421140476892,0.0510284494641339,2.7256524917167626,0.3310845526415004,Cox_PH,0.9996299973032252,False,57.0,False,False,0.01964839710444674,Large (50-100),False
TRPM5,7,967,0.8944264402865595,0.7211254214281606,2.4459324987222018,0.595127633883165,10.05260963815357,0.2148569769777205,Cox_PH,0.9996299973032252,False,21.0,False,False,0.007238883143743537,Medium (20-50),False
TRPV3,5,967,-14.90363921091298,2020.3774527818323,3.368462605231817e-07,0.0,inf,0.994114329594461,Cox_PH,0.9996299973032252,False,15.0,False,False,0.005170630816959669,Small (<20),False
TRPM4,6,967,0.9303931850399112,0.7397386399619084,2.5355059046462496,0.594821124762971,10.807938596763508,0.2084885847861257,Cox_PH,0.9996299973032252,False,18.0,False,False,0.0062047569803516025,Small (<20),False
TRPM2,6,967,-14.932799861302817,1842.4160895441485,3.271654399886927e-07,0.0,inf,0.9935332088772516,Cox_PH,0.9996299973032252,False,18.0,False,False,0.0062047569803516025,Small (<20),False
TRPM1,6,967,0.9888771877558692,0.724083157544276,2.688214417126656,0.6502971927104597,11.112606410504922,0.1720345235863359,Cox_PH,0.9996299973032252,False,18.0,False,False,0.0062047569803516025,Small (<20),False
TRPC7,8,967,-0.1331497369579748,1.0079211761138598,0.8753340124430457,0.1213986838145086,6.311515160332163,0.8949025673631951,Cox_PH,0.9996299973032252,False,24.0,False,False,0.008273009307135471,Medium (20-50),False
TRPC6,9,967,-15.006531988063742,1490.6377672806705,3.03910681956649e-07,0.0,inf,0.9919676810813944,Cox_PH,0.9996299973032252,False,27.0,False,False,0.009307135470527405,Medium (20-50),False
TRPC5,12,967,-0.5900044950321695,1.008398371448812,0.5543247930211299,0.0768065540657563,4.000647860010106,0.5584867411555761,Cox_PH,0.9996299973032252,False,36.0,False,False,0.012409513960703205,Medium (20-50),False
TRPC4,8,967,-15.077201218135889,1577.1727554741335,2.8317486909495186e-07,0.0,inf,0.9923726282967028,Cox_PH,0.9996299973032252,False,24.0,False,False,0.008273009307135471,Medium (20-50),False
TRPM3,9,967,-0.2784506244284397,1.011435833615673,0.7569556419446791,0.1042602753851186,5.495687036653123,0.7830839876022239,Cox_PH,0.9996299973032252,False,27.0,False,False,0.009307135470527405,Medium (20-50),False
TRPV6,5,967,-14.838449840138782,2000.281097895215,3.595366060265014e-07,0.0,inf,0.9940812011564673,Cox_PH,0.9996299973032252,False,15.0,False,False,0.005170630816959669,Small (<20),False
TRRAP,14,967,-0.782686987893892,1.010011919441084,0.4571759332448745,0.0631457110094783,3.309960891990732,0.4383819300905899,Cox_PH,0.9996299973032252,False,42.0,False,False,0.014477766287487074,Medium (20-50),False
TSC1,8,967,-0.0656358081110983,1.0080565335588598,0.9364718576490828,0.1298433423699309,6.754135592644872,0.9480854333936316,Cox_PH,0.9996299973032252,False,24.0,False,False,0.008273009307135471,Medium (20-50),False
TTBK1,6,967,-15.176138286436114,1814.422937839907,2.56499714233374e-07,0.0,inf,0.9933264372969344,Cox_PH,0.9996299973032252,False,18.0,False,False,0.0062047569803516025,Small (<20),False
TSSK1B,5,967,0.159088739623151,1.0353677320043415,1.1724419841243654,0.1540879069454925,8.921012903522275,0.8778822930164364,Cox_PH,0.9996299973032252,False,15.0,False,False,0.005170630816959669,Small (<20),False
TSR1,6,967,0.0993804146941389,1.0455627820431357,1.1044863825003337,0.1422850786032879,8.573563588701449,0.9242753613804474,Cox_PH,0.9996299973032252,False,18.0,False,False,0.0062047569803516025,Small (<20),False
TSPYL2,9,967,0.546720733798373,0.7309742283519771,1.7275785289919168,0.4123063022589014,7.238617400419425,0.4544997575885509,Cox_PH,0.9996299973032252,False,27.0,False,False,0.009307135470527405,Medium (20-50),False
TSPOAP1,11,967,-15.917183636528083,2246.132344881399,1.2225172032184832e-07,0.0,inf,0.9943458501860676,Cox_PH,0.9996299973032252,False,33.0,False,False,0.011375387797311272,Medium (20-50),False
TSPEAR,6,967,-15.030366657903464,1844.332853235657,2.967527139553134e-07,0.0,inf,0.99349772209794,Cox_PH,0.9996299973032252,False,18.0,False,False,0.0062047569803516025,Small (<20),False
TSPAN12,5,967,0.2916673987679523,1.0090330605240443,1.3386577043857617,0.1852521516813842,9.673325968129276,0.7725382672089893,Cox_PH,0.9996299973032252,False,15.0,False,False,0.005170630816959669,Small (<20),False
TSNARE1,5,967,0.3571831800178028,1.0040103936474245,1.429297664647013,0.1997522976984345,10.227125483430248,0.7220229610105646,Cox_PH,0.9996299973032252,False,15.0,False,False,0.005170630816959669,Small (<20),False
TSHZ3,16,967,0.7172623830193112,0.5222718597857939,2.048816650903195,0.7360991444731539,5.702560178931541,0.1696433726710702,Cox_PH,0.9996299973032252,False,48.0,False,False,0.016546018614270942,Medium (20-50),False
TSHZ2,10,967,-0.4450223724491028,1.0089253956483624,0.640809939384193,0.0886981587620436,4.629604313604936,0.6591510933018063,Cox_PH,0.9996299973032252,False,30.0,False,False,0.010341261633919338,Medium (20-50),False
TSHZ1,7,967,-14.960491507906692,1714.2588733487582,3.1822998003211985e-07,0.0,inf,0.9930368779988694,Cox_PH,0.9996299973032252,False,21.0,False,False,0.007238883143743537,Medium (20-50),False
TSHR,7,967,0.8237018607341626,0.7221687579453402,2.2789204881496063,0.5533586663216139,9.3853749970721,0.2540386221404469,Cox_PH,0.9996299973032252,False,21.0,False,False,0.007238883143743537,Medium (20-50),False
TSGA10,5,967,0.4784892616477986,1.052979700874444,1.6136347798929782,0.2048758788853201,12.709242381518989,0.6495305060341152,Cox_PH,0.9996299973032252,False,15.0,False,False,0.005170630816959669,Small (<20),False
TSC22D1,8,967,-0.0155044859663137,1.004741140301388,0.984615089791701,0.1374084885919461,7.055363791421122,0.9876880735447502,Cox_PH,0.9996299973032252,False,24.0,False,False,0.008273009307135471,Medium (20-50),False
TSC2,8,967,1.093164002259629,0.6071114473121242,2.9836995857587727,0.9077607425727372,9.807059063631772,0.0717661751528354,Cox_PH,0.9996299973032252,False,24.0,False,False,0.008273009307135471,Medium (20-50),False
WDR46,5,967,0.3248965076090552,1.014441084037434,1.3838874167517534,0.18949208614409,10.106724883421062,0.7487625707805795,Cox_PH,0.9996299973032252,False,15.0,False,False,0.005170630816959669,Small (<20),False
TNNI3,5,967,0.2906947666425127,1.012745779560867,1.3373563158862345,0.1837301890681348,9.734502123532575,0.7740845520577638,Cox_PH,0.9996299973032252,False,15.0,False,False,0.005170630816959669,Small (<20),False
WDR47,7,967,0.8501797744599267,0.7351648102249412,2.340067498484836,0.5539154320695492,9.885833794169368,0.2474980132415544,Cox_PH,0.9996299973032252,False,21.0,False,False,0.007238883143743537,Medium (20-50),False
WDR6,8,967,0.6973425773214792,0.762766547905533,2.008408419517781,0.4503726820791989,8.956370002212026,0.3605970255156087,Cox_PH,0.9996299973032252,False,24.0,False,False,0.008273009307135471,Medium (20-50),False
ZNF549,5,967,-15.211637923864629,2014.5360590732432,2.475537952860586e-07,0.0,inf,0.9939752799887464,Cox_PH,0.9996299973032252,False,15.0,False,False,0.005170630816959669,Small (<20),False
ZNF548,5,967,-14.830802891390062,2033.5146006891268,3.6229650297239867e-07,0.0,inf,0.994180930028678,Cox_PH,0.9996299973032252,False,15.0,False,False,0.005170630816959669,Small (<20),False
ZNF546,10,967,-0.3499260080178562,1.021997534872524,0.7047402329163304,0.0950795683493929,5.223612228295678,0.7320542677283901,Cox_PH,0.9996299973032252,False,30.0,False,False,0.010341261633919338,Medium (20-50),False
ZNF544,7,967,0.1035155392326529,1.0104690120829627,1.1090630272195738,0.1530479933961477,8.036830611438807,0.918405005240667,Cox_PH,0.9996299973032252,False,21.0,False,False,0.007238883143743537,Medium (20-50),False
ZNF543,5,967,0.344513260128731,1.01521221922176,1.4113028151100844,0.1929541487498793,10.322533352312252,0.7343453431397933,Cox_PH,0.9996299973032252,False,15.0,False,False,0.005170630816959669,Small (<20),False
ZNF540,9,967,0.6594427583998533,0.7345450312594849,1.9337144879639856,0.4582843193496722,8.159239937050431,0.3693152482195164,Cox_PH,0.9996299973032252,False,27.0,False,False,0.009307135470527405,Medium (20-50),False
ZNF551,6,967,0.0346678821806295,1.0170579751678472,1.035275818149507,0.1410323828812934,7.599644831550917,0.9728082242327634,Cox_PH,0.9996299973032252,False,18.0,False,False,0.0062047569803516025,Small (<20),False
ZNF536,18,967,-1.02228385358086,1.0094357556329263,0.3597723338414906,0.0497483523449026,2.6018174692576617,0.3111900999468475,Cox_PH,0.9996299973032252,False,54.0,False,False,0.01861427094105481,Large (50-100),False
ZNF528,8,967,-15.033599380424038,1604.9970966159965,2.9579494371068596e-07,0.0,inf,0.9925265276387848,Cox_PH,0.9996299973032252,False,24.0,False,False,0.008273009307135471,Medium (20-50),False
ZNF527,6,967,0.0305548490562308,1.024155126782314,1.0310264393250754,0.1385132625525536,7.674467404765828,0.9761992831088824,Cox_PH,0.9996299973032252,False,18.0,False,False,0.0062047569803516025,Small (<20),False
ZNF518B,6,967,-14.896365363766424,1832.4644392072903,3.39305361453919e-07,0.0,inf,0.9935139537897172,Cox_PH,0.9996299973032252,False,18.0,False,False,0.0062047569803516025,Small (<20),False
ZNF518A,7,967,-15.021579695028924,1703.7100746590204,2.993717589096414e-07,0.0,inf,0.9929651579764988,Cox_PH,0.9996299973032252,False,21.0,False,False,0.007238883143743537,Medium (20-50),False
ZNF512,5,967,1.2457540428017773,0.7136990189903311,3.475554528393099,0.8580473157788711,14.077870832646251,0.0808997232154314,Cox_PH,0.9996299973032252,False,15.0,False,False,0.005170630816959669,Small (<20),False
ZNF510,5,967,-15.021208318404016,2024.04872539712,2.994829592303801e-07,0.0,inf,0.994078660244216,Cox_PH,0.9996299973032252,False,15.0,False,False,0.005170630816959669,Small (<20),False
ZNF532,7,967,0.9224974942279716,0.7248720892095433,2.515565160541591,0.6075919236143961,10.414997025119618,0.2031476402703433,Cox_PH,0.9996299973032252,False,21.0,False,False,0.007238883143743537,Medium (20-50),False
ZNF502,6,967,0.0643854931953329,1.0201976277806075,1.066503449350336,0.1443951186793143,7.877202622079429,0.9496782705824394,Cox_PH,0.9996299973032252,False,18.0,False,False,0.0062047569803516025,Small (<20),False
ZNF555,5,967,0.0911996534324697,1.0157223601080922,1.0954877013058246,0.1496260388087756,8.020618023885914,0.9284557044983088,Cox_PH,0.9996299973032252,False,15.0,False,False,0.005170630816959669,Small (<20),False
ZNF561,5,967,-14.899791533107924,2022.573983860929,3.381448330457765e-07,0.0,inf,0.9941222391905384,Cox_PH,0.9996299973032252,False,15.0,False,False,0.005170630816959669,Small (<20),False
ZNF613,5,967,0.4000671252857021,1.0294750719682917,1.491924840161327,0.198353593390667,11.22157501985105,0.6975626432977555,Cox_PH,0.9996299973032252,False,15.0,False,False,0.005170630816959669,Small (<20),False
ZNF611,5,967,0.3569145087802537,1.0092385130044594,1.4289137050563852,0.1976627513130487,10.329687120788227,0.7236031968916843,Cox_PH,0.9996299973032252,False,15.0,False,False,0.005170630816959669,Small (<20),False
ZNF609,8,967,-14.846001782474644,1593.7179587090218,3.568316330658521e-07,0.0,inf,0.9925675529758712,Cox_PH,0.9996299973032252,False,24.0,False,False,0.008273009307135471,Medium (20-50),False
ZNF606,6,967,0.1459734902089815,1.01866439329711,1.1571655114283008,0.1571414819285029,8.521187431898861,0.8860541220746244,Cox_PH,0.9996299973032252,False,18.0,False,False,0.0062047569803516025,Small (<20),False
ZNF592,12,967,-0.5681730630000035,1.0203869844586435,0.566559562399729,0.076678681749149,4.186166616644194,0.577649625985145,Cox_PH,0.9996299973032252,False,36.0,False,False,0.012409513960703205,Medium (20-50),False
ZNF587,8,967,-0.1085665557328279,1.007811032252698,0.8971191844052059,0.1244468976520503,6.46719883108795,0.9142137493979022,Cox_PH,0.9996299973032252,False,24.0,False,False,0.008273009307135471,Medium (20-50),False
ZNF560,8,967,-14.987618522730653,1587.9376331649553,3.097133877645314e-07,0.0,inf,0.9924693441194046,Cox_PH,0.9996299973032252,False,24.0,False,False,0.008273009307135471,Medium (20-50),False
ZNF586,6,967,-14.894266644321908,1850.8350715554295,3.400182159928174e-07,0.0,inf,0.9935792349528568,Cox_PH,0.9996299973032252,False,18.0,False,False,0.0062047569803516025,Small (<20),False
ZNF582,7,967,0.0909337726039541,1.00914480239983,1.0951964708461863,0.1515272139547791,7.915774852904641,0.9282000117994714,Cox_PH,0.9996299973032252,False,21.0,False,False,0.007238883143743537,Medium (20-50),False
ZNF578,7,967,-14.871254443051926,1706.0776610826629,3.479335084667626e-07,0.0,inf,0.9930452204284176,Cox_PH,0.9996299973032252,False,21.0,False,False,0.007238883143743537,Medium (20-50),False
ZNF572,5,967,-15.057747284891896,1944.9286622887248,2.8873766781394973e-07,0.0,inf,0.9938227944855011,Cox_PH,0.9996299973032252,False,15.0,False,False,0.005170630816959669,Small (<20),False
ZNF569,5,967,0.5034516886722007,1.02001951237411,1.6544219761040304,0.2240722900886635,12.215308166542645,0.6216094364962512,Cox_PH,0.9996299973032252,False,15.0,False,False,0.005170630816959669,Small (<20),False
ZNF565,7,967,0.1009342307709019,1.0097121987390352,1.1062038851941236,0.1528800459087262,8.004229906819559,0.9203734088730308,Cox_PH,0.9996299973032252,False,21.0,False,False,0.007238883143743537,Medium (20-50),False
ZNF564,6,967,-0.14820987483751,1.0276816636381592,0.8622501313445492,0.11504108706884,6.4626935293022765,0.8853285729466175,Cox_PH,0.9996299973032252,False,18.0,False,False,0.0062047569803516025,Small (<20),False
ZNF585B,8,967,0.7811114011277837,0.7325932545317896,2.1838981040244394,0.519560832173959,9.179696838973133,0.2863206120851725,Cox_PH,0.9996299973032252,False,24.0,False,False,0.008273009307135471,Medium (20-50),False
ZNF615,5,967,-14.893030075989074,2022.131529271281,3.404389318196253e-07,0.0,inf,0.994123620960534,Cox_PH,0.9996299973032252,False,15.0,False,False,0.005170630816959669,Small (<20),False
ZNF496,5,967,0.352910432869357,1.011905664201358,1.4232036654561333,0.1958463865822267,10.342333645851348,0.7272708210304148,Cox_PH,0.9996299973032252,False,15.0,False,False,0.005170630816959669,Small (<20),False
ZNF483,5,967,1.1255673599654414,0.7287740640668502,3.081964936493547,0.7387248124941912,12.857978653384356,0.1224752837421288,Cox_PH,0.9996299973032252,False,15.0,False,False,0.005170630816959669,Small (<20),False
ZNF418,6,967,0.2173813736192637,1.0252067474311477,1.242817989762743,0.1666226088046903,9.270029840238736,0.8320784651064078,Cox_PH,0.9996299973032252,False,18.0,False,False,0.0062047569803516025,Small (<20),False
ZNF415,7,967,0.7717393713357532,0.7228003332008072,2.163526158285794,0.524689152753772,8.921178211937479,0.2856524526732528,Cox_PH,0.9996299973032252,False,21.0,False,False,0.007238883143743537,Medium (20-50),False
ZNF41,9,967,-14.953003780475724,1483.1679633819072,3.206217426414967e-07,0.0,inf,0.9919560231618616,Cox_PH,0.9996299973032252,False,27.0,False,False,0.009307135470527405,Medium (20-50),False
ZNF407,10,967,-0.3887755239880923,1.0089773816476566,0.6778864221766535,0.093820566117623,4.897966622748261,0.700003018548853,Cox_PH,0.9996299973032252,False,30.0,False,False,0.010341261633919338,Medium (20-50),False
ZNF394,6,967,0.0333931516704535,1.019787087999068,1.0339569612498172,0.1401013008109258,7.630671460786211,0.973877763551849,Cox_PH,0.9996299973032252,False,18.0,False,False,0.0062047569803516025,Small (<20),False
ZNF366,7,967,0.155610379341681,1.007700655491536,1.168370892960037,0.1621095552367368,8.42079013493512,0.8772776116699182,Cox_PH,0.9996299973032252,False,21.0,False,False,0.007238883143743537,Medium (20-50),False
ZNF420,6,967,0.1575659500560356,1.012342865504313,1.1706579603940006,0.1609557065681063,8.514392496260811,0.8763129731775592,Cox_PH,0.9996299973032252,False,18.0,False,False,0.0062047569803516025,Small (<20),False
ZNF358,5,967,-14.915467319742303,1994.7672199190677,3.328854767630472e-07,0.0,inf,0.9940340356118194,Cox_PH,0.9996299973032252,False,15.0,False,False,0.005170630816959669,Small (<20),False
ZNF347,6,967,1.0686540370157085,0.7177077285703102,2.9114581466750606,0.7131574104019777,11.885999382748714,0.1364920544451252,Cox_PH,0.9996299973032252,False,18.0,False,False,0.0062047569803516025,Small (<20),False
ZNF34,5,967,-15.04839460687658,2019.6603666991643,2.9145080602890176e-07,0.0,inf,0.9940550545906064,Cox_PH,0.9996299973032252,False,15.0,False,False,0.005170630816959669,Small (<20),False
ZNF335,5,967,0.3707860806977108,1.025662036034447,1.4488730983107043,0.1940748227631419,10.816618173963052,0.7177189609625569,Cox_PH,0.9996299973032252,False,15.0,False,False,0.005170630816959669,Small (<20),False
ZNF334,7,967,-0.1060783720745867,1.0210826760906415,0.8993541610624627,0.1215535445721746,6.654169648998624,0.9172581252496008,Cox_PH,0.9996299973032252,False,21.0,False,False,0.007238883143743537,Medium (20-50),False
ZNF330,6,967,-14.938292821748137,1821.8930168601173,3.253732598612622e-07,0.0,inf,0.9934579585367348,Cox_PH,0.9996299973032252,False,18.0,False,False,0.0062047569803516025,Small (<20),False
ZNF318,10,967,-15.055440908154852,1434.3684748518217,2.8940437419661156e-07,0.0,inf,0.991625385317464,Cox_PH,0.9996299973032252,False,30.0,False,False,0.010341261633919338,Medium (20-50),False
ZNF350,8,967,-0.1747726648761269,1.021685921816271,0.8396478805287516,0.1133497540752658,6.21976261905508,0.8641742240703628,Cox_PH,0.9996299973032252,False,24.0,False,False,0.008273009307135471,Medium (20-50),False
ZNF486,6,967,-15.128875530872262,1850.178366365654,2.6891364508493176e-07,0.0,inf,0.9934757848698168,Cox_PH,0.9996299973032252,False,18.0,False,False,0.0062047569803516025,Small (<20),False
ZNF423,8,967,-0.2865943114398246,1.0206518409407337,0.7508162646289013,0.101563412723378,5.5504738184278954,0.7788673549319152,Cox_PH,0.9996299973032252,False,24.0,False,False,0.008273009307135471,Medium (20-50),False
ZNF429,10,967,-14.865973175063434,1426.6548871519117,3.497758993648915e-07,0.0,inf,0.9916860651178084,Cox_PH,0.9996299973032252,False,30.0,False,False,0.010341261633919338,Medium (20-50),False
ZNF473,7,967,0.8182091155877177,0.7245179662407997,2.2664372736422624,0.5477994105176178,9.377041699444778,0.2587649122268486,Cox_PH,0.9996299973032252,False,21.0,False,False,0.007238883143743537,Medium (20-50),False
ZNF470,5,967,-14.794811782013433,2014.666189474905,3.755734488726283e-07,0.0,inf,0.994140743581014,Cox_PH,0.9996299973032252,False,15.0,False,False,0.005170630816959669,Small (<20),False
ZNF462,15,967,-0.8249700126804768,1.020590002487116,0.4382481341547355,0.0592893006019509,3.239394378752163,0.4189026128141654,Cox_PH,0.9996299973032252,False,45.0,False,False,0.015511892450879007,Medium (20-50),False
ZNF461,5,967,-14.896824446263194,2027.8286804918544,3.391496280513902e-07,0.0,inf,0.994138637332351,Cox_PH,0.9996299973032252,False,15.0,False,False,0.005170630816959669,Small (<20),False
ZNF454,8,967,0.6483490066984476,0.7365402277840669,1.9123808931705732,0.4514593967904226,8.100840754593115,0.3787169279424917,Cox_PH,0.9996299973032252,False,24.0,False,False,0.008273009307135471,Medium (20-50),False
ZNF451,6,967,-14.989534240526572,1845.628268226982,3.091206322733611e-07,0.0,inf,0.9935199375357427,Cox_PH,0.9996299973032252,False,18.0,False,False,0.0062047569803516025,Small (<20),False
ZNF425,8,967,-0.0761209313193895,1.0046784386587817,0.9267041322294762,0.1293425883615643,6.63958066379924,0.9396048983931702,Cox_PH,0.9996299973032252,False,24.0,False,False,0.008273009307135471,Medium (20-50),False
ZNF445,7,967,-15.10454189828909,1718.3958701999118,2.755375559822999e-07,0.0,inf,0.9929867582907002,Cox_PH,0.9996299973032252,False,21.0,False,False,0.007238883143743537,Medium (20-50),False
ZNF440,5,967,-15.004809668510378,2026.7691955322043,3.044345642835438e-07,0.0,inf,0.9940930636619808,Cox_PH,0.9996299973032252,False,15.0,False,False,0.005170630816959669,Small (<20),False
ZNF439,5,967,0.5019915264367533,1.017253226399926,1.6520080144297618,0.2249617711289154,12.131530019721534,0.6216752706251405,Cox_PH,0.9996299973032252,False,15.0,False,False,0.005170630816959669,Small (<20),False
ZNF438,7,967,-15.026019527394965,1697.1490743501363,2.980455447477754e-07,0.0,inf,0.9929358754972084,Cox_PH,0.9996299973032252,False,21.0,False,False,0.007238883143743537,Medium (20-50),False
ZNF432,8,967,0.7295701740692064,0.746869878980809,2.0741888758789107,0.4798437308896288,8.965959573637535,0.3286498273159398,Cox_PH,0.9996299973032252,False,24.0,False,False,0.008273009307135471,Medium (20-50),False
ZNF431,7,967,-15.03356191023746,1702.4577830358362,2.958060274100681e-07,0.0,inf,0.9929543679895416,Cox_PH,0.9996299973032252,False,21.0,False,False,0.007238883143743537,Medium (20-50),False
ZNF43,8,967,0.7165035816416706,0.7382423289218538,2.0472625956901407,0.4816915136290503,8.701179109706368,0.331770734979365,Cox_PH,0.9996299973032252,False,24.0,False,False,0.008273009307135471,Medium (20-50),False
ZNF441,6,967,-15.079711338196798,1844.7584482201908,2.82464957529667e-07,0.0,inf,0.993477880599504,Cox_PH,0.9996299973032252,False,18.0,False,False,0.0062047569803516025,Small (<20),False
ZNF300,7,967,-0.0228579394846408,1.0486065167672582,0.97740132404699,0.1251644617623024,7.632464797100531,0.982608774159232,Cox_PH,0.9996299973032252,False,21.0,False,False,0.007238883143743537,Medium (20-50),False
ZNF618,6,967,0.2485723004244594,1.00639968014992,1.2821935221540437,0.1783564732429464,9.217608973543712,0.8049146994306622,Cox_PH,0.9996299973032252,False,18.0,False,False,0.0062047569803516025,Small (<20),False
ZNF623,7,967,-0.0110532807266533,1.0059016634225046,0.9890075823288764,0.1377078948720108,7.102976912203279,0.99123267722768,Cox_PH,0.9996299973032252,False,21.0,False,False,0.007238883143743537,Medium (20-50),False
ZNF875,7,967,0.1249788560147743,1.0230623346509984,1.1331244940459717,0.1525560331542315,8.416390308922532,0.902771095972614,Cox_PH,0.9996299973032252,False,21.0,False,False,0.007238883143743537,Medium (20-50),False
ZNF85,5,967,0.3565511516307658,1.0149591379640344,1.4283945933628357,0.1953878427064206,10.442364714645237,0.7253662464976198,Cox_PH,0.9996299973032252,False,15.0,False,False,0.005170630816959669,Small (<20),False
ZNF835,6,967,1.0182871308418384,0.7284914961992345,2.7684487100286117,0.6639448423483014,11.543591833549382,0.1621724262247671,Cox_PH,0.9996299973032252,False,18.0,False,False,0.0062047569803516025,Small (<20),False
ZNF831,9,967,0.9695463248561252,0.6119448013781728,2.6367479609533357,0.7946404857079105,8.74916384784743,0.1131097900472632,Cox_PH,0.9996299973032252,False,27.0,False,False,0.009307135470527405,Medium (20-50),False
ZNF829,5,967,0.3292631534925408,1.0128101393480076,1.3899435759716536,0.1909307046527535,10.118556614026549,0.7451064521413875,Cox_PH,0.9996299973032252,False,15.0,False,False,0.005170630816959669,Small (<20),False
ZNF827,5,967,1.3455492422299689,0.7349149237263505,3.840295213767707,0.9094784203223956,16.215741901450805,0.0671167890314009,Cox_PH,0.9996299973032252,False,15.0,False,False,0.005170630816959669,Small (<20),False
ZNF878,5,967,-15.03166958402702,2003.7369820708543,2.9636631886885314e-07,0.0,inf,0.99401447161053,Cox_PH,0.9996299973032252,False,15.0,False,False,0.005170630816959669,Small (<20),False
ZNF823,6,967,1.0625966352840988,0.7515190754692715,2.8938755811490746,0.6633976116538507,12.623675051065112,0.1573819606760434,Cox_PH,0.9996299973032252,False,18.0,False,False,0.0062047569803516025,Small (<20),False
ZNF813,5,967,0.3908738616642754,1.0113548772376648,1.4782720348781206,0.2036440427475237,10.73092136464803,0.6991372372378775,Cox_PH,0.9996299973032252,False,15.0,False,False,0.005170630816959669,Small (<20),False
ZNF808,6,967,0.1360369058705368,1.0188308009483067,1.145724176762747,0.1555370263722734,8.439687448291593,0.8937801166325546,Cox_PH,0.9996299973032252,False,18.0,False,False,0.0062047569803516025,Small (<20),False
ZNF800,5,967,-15.18033216291014,2013.123751088369,2.554262387015563e-07,0.0,inf,0.993983460843704,Cox_PH,0.9996299973032252,False,15.0,False,False,0.005170630816959669,Small (<20),False
ZNF799,5,967,0.3952859344125358,1.0272213221764153,1.48480868812881,0.1982814372926188,11.118826202017184,0.7003775423533868,Cox_PH,0.9996299973032252,False,15.0,False,False,0.005170630816959669,Small (<20),False
ZNF791,5,967,0.3501543384987325,1.0136893259217108,1.4192865822505354,0.1946257606972216,10.349988590103234,0.7297743638443173,Cox_PH,0.9996299973032252,False,15.0,False,False,0.005170630816959669,Small (<20),False
ZNF790,6,967,0.3331561438088374,1.0405815811204688,1.395365159091227,0.1815210316397714,10.72627182435584,0.7488444616482478,Cox_PH,0.9996299973032252,False,18.0,False,False,0.0062047569803516025,Small (<20),False
ZNF816,6,967,-15.130017759639426,1829.1398519793008,2.686066595408694e-07,0.0,inf,0.9934002477166058,Cox_PH,0.9996299973032252,False,18.0,False,False,0.0062047569803516025,Small (<20),False
ZNF786,5,967,0.5106141497829936,1.0203267381803829,1.6663142472934158,0.2255471035229051,12.31052461931106,0.6167640266616666,Cox_PH,0.9996299973032252,False,15.0,False,False,0.005170630816959669,Small (<20),False
ZNF91,10,967,0.8498522594817374,0.5996356386321304,2.3393012168203193,0.7222141392989017,7.577157362675508,0.1564007577339788,Cox_PH,0.9996299973032252,False,30.0,False,False,0.010341261633919338,Medium (20-50),False
ZNFX1,9,967,-15.050649504525124,1508.257475771191,2.907943546851643e-07,0.0,inf,0.9920381753332492,Cox_PH,0.9996299973032252,False,27.0,False,False,0.009307135470527405,Medium (20-50),False
ZXDB,9,967,-0.1269468448724662,1.0105754638419449,0.8807804893521114,0.1215202025365734,6.383911927647279,0.9000340191545901,Cox_PH,0.9996299973032252,False,27.0,False,False,0.009307135470527405,Medium (20-50),False
ZSWIM8,9,967,-15.06836176074195,1467.974229865674,2.856890770314918e-07,0.0,inf,0.9918100727968028,Cox_PH,0.9996299973032252,False,27.0,False,False,0.009307135470527405,Medium (20-50),False
ZSWIM4,7,967,0.81283103074213,0.7344388460079132,2.2542808999925557,0.534368764872852,9.509879151114694,0.2684074263072961,Cox_PH,0.9996299973032252,False,21.0,False,False,0.007238883143743537,Medium (20-50),False
ZSWIM3,7,967,0.9296690187681442,0.7366339229297061,2.5336704414587174,0.5980185710931004,10.734592897654707,0.2069307091297112,Cox_PH,0.9996299973032252,False,21.0,False,False,0.007238883143743537,Medium (20-50),False
ZSWIM2,5,967,-14.940167728047747,2032.2505961282873,3.247637870173983e-07,0.0,inf,0.9941343740702034,Cox_PH,0.9996299973032252,False,15.0,False,False,0.005170630816959669,Small (<20),False
ZSCAN5A,6,967,0.1433773481539868,1.026424355143002,1.1541652416279349,0.1543682360027995,8.629349142513428,0.8889079069036616,Cox_PH,0.9996299973032252,False,18.0,False,False,0.0062047569803516025,Small (<20),False
ZNF99,5,967,0.4137898175940628,1.010982935911795,1.512539184347761,0.2085165766070413,10.97166863859847,0.6823235060430808,Cox_PH,0.9996299973032252,False,15.0,False,False,0.005170630816959669,Small (<20),False
ZSCAN25,5,967,0.415873143092288,1.010299266983789,1.5156935804736134,0.2092316180728698,10.979827289242792,0.6806079866506478,Cox_PH,0.9996299973032252,False,15.0,False,False,0.005170630816959669,Small (<20),False
ZRANB3,11,967,-16.09131880269702,2243.7283976489985,1.027138569429877e-07,0.0,inf,0.9942778703556368,Cox_PH,0.9996299973032252,False,33.0,False,False,0.011375387797311272,Medium (20-50),False
ZRANB1,5,967,-14.741683838893842,2017.2608021706144,3.960664491465321e-07,0.0,inf,0.9941692927194726,Cox_PH,0.9996299973032252,False,15.0,False,False,0.005170630816959669,Small (<20),False
ZPLD1,7,967,0.8766544155903,0.7299092374458857,2.4028473154337604,0.574665187834571,10.04702449968015,0.2297334401925174,Cox_PH,0.9996299973032252,False,21.0,False,False,0.007238883143743537,Medium (20-50),False
ZP4,16,967,0.2373786717806741,0.5958535171593748,1.267921152842382,0.3943587614842341,4.076552131806575,0.6903469470249437,Cox_PH,0.9996299973032252,False,48.0,False,False,0.016546018614270942,Medium (20-50),False
ZNRF4,5,967,-14.917520879327668,2026.6034144725656,3.322025780280214e-07,0.0,inf,0.9941269455939996,Cox_PH,0.9996299973032252,False,15.0,False,False,0.005170630816959669,Small (<20),False
ZNRF3,5,967,0.3323929789337613,1.018929752645962,1.394300671655279,0.1892456568403563,10.272755504335526,0.7442596071189651,Cox_PH,0.9996299973032252,False,15.0,False,False,0.005170630816959669,Small (<20),False
ZSCAN21,6,967,1.0695853154568635,0.732563777489472,2.9141707877954297,0.693336596536797,12.248583765604716,0.1442742424682147,Cox_PH,0.9996299973032252,False,18.0,False,False,0.0062047569803516025,Small (<20),False
ZNF619,7,967,-15.047329327309372,1705.724212788941,2.9176144804833204e-07,0.0,inf,0.9929614201747494,Cox_PH,0.9996299973032252,False,21.0,False,False,0.007238883143743537,Medium (20-50),False
ZNF780B,7,967,-0.0971777691990884,1.0162654403125069,0.9073946849683264,0.1238037000064707,6.6505695247051095,0.9238204516158828,Cox_PH,0.9996299973032252,False,21.0,False,False,0.007238883143743537,Medium (20-50),False
ZNF776,5,967,-14.988855958368234,2003.8436621149144,3.093303744071387e-07,0.0,inf,0.994031837185322,Cox_PH,0.9996299973032252,False,15.0,False,False,0.005170630816959669,Small (<20),False
ZNF675,7,967,0.0676151517552006,1.0118880582598124,1.0699534595232691,0.1472408728467969,7.775017788280626,0.946724378420649,Cox_PH,0.9996299973032252,False,21.0,False,False,0.007238883143743537,Medium (20-50),False
ZNF667,5,967,0.335992039723218,1.0106982076015558,1.3993278857293163,0.1930171088382514,10.144792570800467,0.7395603795981558,Cox_PH,0.9996299973032252,False,15.0,False,False,0.005170630816959669,Small (<20),False
ZNF665,5,967,-14.912952612225938,2020.7871279595115,3.337236397993009e-07,0.0,inf,0.9941118455883636,Cox_PH,0.9996299973032252,False,15.0,False,False,0.005170630816959669,Small (<20),False
ZNF662,5,967,0.2839217803822595,1.0166934528437923,1.3283290253005329,0.181083434979445,9.743895125780828,0.7800453260734894,Cox_PH,0.9996299973032252,False,15.0,False,False,0.005170630816959669,Small (<20),False
ZNF658,7,967,-0.1492009139142186,1.0159375096530847,0.8613960310637717,0.1176032705818398,6.309374889502416,0.8832422675281427,Cox_PH,0.9996299973032252,False,21.0,False,False,0.007238883143743537,Medium (20-50),False
ZNF652,7,967,0.7710802746879352,0.7274387861329621,2.162100655271135,0.5195980504920075,8.996722060634013,0.2891476254007252,Cox_PH,0.9996299973032252,False,21.0,False,False,0.007238883143743537,Medium (20-50),False
ZNF676,6,967,-15.086518779650438,1841.6062851873955,2.805486239333969e-07,0.0,inf,0.9934637680853048,Cox_PH,0.9996299973032252,False,18.0,False,False,0.0062047569803516025,Small (<20),False
ZNF649,5,967,-14.887232815552672,1998.765663686484,3.424182768157722e-07,0.0,inf,0.9940572406226192,Cox_PH,0.9996299973032252,False,15.0,False,False,0.005170630816959669,Small (<20),False
ZNF646,6,967,-15.085065879764633,1813.2048989774737,2.809565292481106e-07,0.0,inf,0.9933620285686792,Cox_PH,0.9996299973032252,False,18.0,False,False,0.0062047569803516025,Small (<20),False
ZNF644,9,967,0.3988278895544929,0.7250000529987148,1.490077138696419,0.3598125007999065,6.170796940989115,0.5822457157644572,Cox_PH,0.9996299973032252,False,27.0,False,False,0.009307135470527405,Medium (20-50),False
ZNF638,9,967,-0.3466726001866546,1.0252982333342158,0.707036774075884,0.0947742873001786,5.27464794657116,0.7352736696281259,Cox_PH,0.9996299973032252,False,27.0,False,False,0.009307135470527405,Medium (20-50),False
ZNF626,7,967,0.0105489006989081,1.019150490900253,1.0106047365146629,0.1371080385386605,7.449030300129975,0.991741499624064,Cox_PH,0.9996299973032252,False,21.0,False,False,0.007238883143743537,Medium (20-50),False
ZNF625,5,967,0.5088906948677064,1.0280044282876082,1.6634449031164014,0.221795834521967,12.475657857451244,0.6205805490088907,Cox_PH,0.9996299973032252,False,15.0,False,False,0.005170630816959669,Small (<20),False
ZNF624,5,967,-14.977134149110697,2010.664619159634,3.1297762045361985e-07,0.0,inf,0.994056734533848,Cox_PH,0.9996299973032252,False,15.0,False,False,0.005170630816959669,Small (<20),False
ZNF648,10,967,-0.3822678792113305,1.012614670893636,0.682312251454288,0.0937622801762822,4.965216370691287,0.7057977785634715,Cox_PH,0.9996299973032252,False,30.0,False,False,0.010341261633919338,Medium (20-50),False
ZNF780A,8,967,-15.113840863618396,1576.3429899915711,2.7298721793229653e-07,0.0,inf,0.9923500687369804,Cox_PH,0.9996299973032252,False,24.0,False,False,0.008273009307135471,Medium (20-50),False
ZNF677,5,967,0.4609550913322436,1.0168145218402065,1.5855876430529652,0.2161027323845365,11.633763932834729,0.6503093179915711,Cox_PH,0.9996299973032252,False,15.0,False,False,0.005170630816959669,Small (<20),False
ZNF687,13,967,-0.6114487808833887,1.018900375549049,0.5425642426846419,0.0736454057910409,3.997207351606039,0.5484352330233788,Cox_PH,0.9996299973032252,False,39.0,False,False,0.01344364012409514,Medium (20-50),False
ZNF772,5,967,-14.98610127555494,2021.176730484556,3.1018365619390645e-07,0.0,inf,0.9940841050184196,Cox_PH,0.9996299973032252,False,15.0,False,False,0.005170630816959669,Small (<20),False
ZNF770,6,967,0.9338110643086844,0.7205833661318561,2.544186784362238,0.6196922263487257,10.445324499005276,0.1950065537199827,Cox_PH,0.9996299973032252,False,18.0,False,False,0.0062047569803516025,Small (<20),False
ZNF761,6,967,0.098560622928522,1.030632035421893,1.1035813046970775,0.1463904127179715,8.319477167013892,0.9238134503503764,Cox_PH,0.9996299973032252,False,18.0,False,False,0.0062047569803516025,Small (<20),False
ZNF75D,6,967,-14.981415657250228,1827.1294046860528,3.1164046877968865e-07,0.0,inf,0.993457876446486,Cox_PH,0.9996299973032252,False,18.0,False,False,0.0062047569803516025,Small (<20),False
ZNF721,6,967,-14.991996326910412,1842.401828653604,3.083604867296652e-07,0.0,inf,0.9935075235962832,Cox_PH,0.9996299973032252,False,18.0,False,False,0.0062047569803516025,Small (<20),False
ZNF718,6,967,0.9955393797635892,0.7361668577233167,2.7061836083694155,0.6393216022067011,11.455001202727304,0.176270269645614,Cox_PH,0.9996299973032252,False,18.0,False,False,0.0062047569803516025,Small (<20),False
ZNF681,6,967,0.0731147371241075,1.0243544667406457,1.07585397022388,0.1444791579189645,8.011271535065848,0.9430981894633182,Cox_PH,0.9996299973032252,False,18.0,False,False,0.0062047569803516025,Small (<20),False
ZNF714,5,967,0.3727938093737512,1.0484958056026328,1.4517849645186314,0.1859536240155426,11.334436714318604,0.7221767897918454,Cox_PH,0.9996299973032252,False,15.0,False,False,0.005170630816959669,Small (<20),False
ZNF710,7,967,-0.0752158417575363,1.0046129731809894,0.9275432621530671,0.1294763203254428,6.644740142468292,0.9403177750586084,Cox_PH,0.9996299973032252,False,21.0,False,False,0.007238883143743537,Medium (20-50),False
ZNF700,7,967,-0.1019377678941946,1.0190493429810434,0.90308575084816,0.1225453050610728,6.655202930691902,0.9203187460003504,Cox_PH,0.9996299973032252,False,21.0,False,False,0.007238883143743537,Medium (20-50),False
ZNF7,5,967,0.3082340984924147,1.0218144472490371,1.3610195642748355,0.1836869703722625,10.084407460065444,0.7629160746168863,Cox_PH,0.9996299973032252,False,15.0,False,False,0.005170630816959669,Small (<20),False
ZNF695,7,967,0.8018486048070855,0.7333821371885936,2.2296588792102874,0.5296280114313427,9.386547936174882,0.2742370186946378,Cox_PH,0.9996299973032252,False,21.0,False,False,0.007238883143743537,Medium (20-50),False
ZNF692,6,967,-14.972639299174922,1808.3316991936929,3.14387574282399e-07,0.0,inf,0.9933937444996588,Cox_PH,0.9996299973032252,False,18.0,False,False,0.0062047569803516025,Small (<20),False
ZNF689,5,967,0.2707729087996509,1.011653722532002,1.310977325163806,0.1804920787230446,9.522088499688902,0.7889658561817938,Cox_PH,0.9996299973032252,False,15.0,False,False,0.005170630816959669,Small (<20),False
ZNF711,10,967,-0.4474748270548187,1.0083434108132845,0.6392403076090166,0.0885818839605765,4.612999324488636,0.6572072512418481,Cox_PH,0.9996299973032252,False,30.0,False,False,0.010341261633919338,Medium (20-50),False
ZNF292,19,967,-0.3139356136543624,0.7222184578584102,0.7305660651243197,0.1773759493924875,3.009014341229719,0.6637930143073729,Cox_PH,0.9996299973032252,False,57.0,False,False,0.01964839710444674,Large (50-100),False
ZNF286A,5,967,0.2868438739438141,1.03455565079123,1.3322162035763645,0.1753650984233268,10.120599988414456,0.7815782640188427,Cox_PH,0.9996299973032252,False,15.0,False,False,0.005170630816959669,Small (<20),False
ZNF285,5,967,0.342072287178431,1.0085599780381729,1.4078620642120865,0.1950098381233582,10.163977422481151,0.7344824150690461,Cox_PH,0.9996299973032252,False,15.0,False,False,0.005170630816959669,Small (<20),False
ZBTB10,6,967,-15.158289213404736,1808.1728842586492,2.611190995986725e-07,0.0,inf,0.9933112461898128,Cox_PH,0.9996299973032252,False,18.0,False,False,0.0062047569803516025,Small (<20),False
ZBED9,7,967,-0.0741356123796287,1.0275662633996856,0.9285457630020748,0.1239142495304734,6.958015218234207,0.9424850863378672,Cox_PH,0.9996299973032252,False,21.0,False,False,0.007238883143743537,Medium (20-50),False
ZBED8,6,967,-14.909444776402516,1840.7206076875443,3.348963431610423e-07,0.0,inf,0.9935373757034376,Cox_PH,0.9996299973032252,False,18.0,False,False,0.0062047569803516025,Small (<20),False
ZBED4,9,967,-0.362074002358577,1.026615632352861,0.6962308432108106,0.0930851473525632,5.207462208789087,0.724323095548834,Cox_PH,0.9996299973032252,False,27.0,False,False,0.009307135470527405,Medium (20-50),False
ZBBX,11,967,-0.3986004723955951,1.013672205052181,0.67125883422061,0.0920523359829668,4.894915677127282,0.6941538751678453,Cox_PH,0.9996299973032252,False,33.0,False,False,0.011375387797311272,Medium (20-50),False
ZAN,16,967,-0.1457134641149473,0.7220364759101556,0.8644053508552277,0.2099459931326353,3.558994384403901,0.8400660399739698,Cox_PH,0.9996299973032252,False,48.0,False,False,0.016546018614270942,Medium (20-50),False
ZBTB11,6,967,0.1611396995707828,1.0142128736688667,1.1748490832629122,0.1609409851882054,8.5762515174715,0.873762207750265,Cox_PH,0.9996299973032252,False,18.0,False,False,0.0062047569803516025,Small (<20),False
YY1AP1,6,967,1.060315800477144,0.7174241683784436,2.8872826505475406,0.7076288332721183,11.780753853124963,0.1394216278825744,Cox_PH,0.9996299973032252,False,18.0,False,False,0.0062047569803516025,Small (<20),False
YTHDF1,6,967,0.0769744695913938,1.022403980460458,1.080014502829062,0.145593420646048,8.011566189909198,0.9399857878943332,Cox_PH,0.9996299973032252,False,18.0,False,False,0.0062047569803516025,Small (<20),False
YTHDC1,6,967,-15.030274138084897,1818.670907037052,2.9678017073269633e-07,0.0,inf,0.9934060158332524,Cox_PH,0.9996299973032252,False,18.0,False,False,0.0062047569803516025,Small (<20),False
YME1L1,6,967,0.0847425839111788,1.024630959742283,1.0884368494770142,0.1460897533497438,8.109362553739473,0.934085736269946,Cox_PH,0.9996299973032252,False,18.0,False,False,0.0062047569803516025,Small (<20),False
YLPM1,17,967,-0.2629339310732356,0.7196545710377806,0.7687926889411303,0.1875974396719432,3.1505877670980227,0.7148417240010603,Cox_PH,0.9996299973032252,False,51.0,False,False,0.017580144777662874,Large (50-100),False
YEATS2,9,967,-0.2021343177056383,1.012964348290864,0.8169851849966021,0.1121919045614067,5.949313322679215,0.841834634060549,Cox_PH,0.9996299973032252,False,27.0,False,False,0.009307135470527405,Medium (20-50),False
XYLT1,7,967,-0.1253719031886408,1.0160565514191116,0.8821687601949412,0.1204111979780428,6.4630344563616875,0.9017977413306176,Cox_PH,0.9996299973032252,False,21.0,False,False,0.007238883143743537,Medium (20-50),False
YTHDF3,8,967,1.2000462903871183,0.6081184834112517,3.320270615791407,1.008167234269038,10.934889160607206,0.0484527642187039,Cox_PH,0.9996299973032252,False,24.0,False,False,0.008273009307135471,Medium (20-50),True
XRRA1,6,967,0.2080419541541616,1.0055349069813349,1.2312648251395646,0.1715627030870636,8.836495592265322,0.8360904559820596,Cox_PH,0.9996299973032252,False,18.0,False,False,0.0062047569803516025,Small (<20),False
ZBTB2,6,967,0.0457057606202257,1.0122894596989744,1.046766365753417,0.1439367113702487,7.612511179681557,0.9639870458186096,Cox_PH,0.9996299973032252,False,18.0,False,False,0.0062047569803516025,Small (<20),False
ZBTB24,6,967,0.1863620560531667,1.0167554274068114,1.2048584076976925,0.1642314473601918,8.839255854671919,0.8545697443443019,Cox_PH,0.9996299973032252,False,18.0,False,False,0.0062047569803516025,Small (<20),False
ZC3H7B,5,967,1.13378127865362,0.7421103568411196,3.1073841988423654,0.7256009864003472,13.30736415769926,0.1265671970967569,Cox_PH,0.9996299973032252,False,15.0,False,False,0.005170630816959669,Small (<20),False
ZC3H7A,6,967,-15.018884428902592,1843.303412489036,3.001797338352096e-07,0.0,inf,0.9934990607963812,Cox_PH,0.9996299973032252,False,18.0,False,False,0.0062047569803516025,Small (<20),False
ZC3H6,8,967,0.4777206267848241,0.7375346689323298,1.6123949604902932,0.3798999599076412,6.843426646442776,0.5171619691382656,Cox_PH,0.9996299973032252,False,24.0,False,False,0.008273009307135471,Medium (20-50),False
ZC3H15,5,967,0.5902330770568359,1.0105487869727137,1.8044089327128496,0.2489651018855963,13.07770274546374,0.5591719879180576,Cox_PH,0.9996299973032252,False,15.0,False,False,0.005170630816959669,Small (<20),False
ZC3H14,5,967,0.4158483719751165,1.008739190278895,1.5156560355153523,0.2098671765542051,10.946033847273794,0.6801593596524899,Cox_PH,0.9996299973032252,False,15.0,False,False,0.005170630816959669,Small (<20),False
ZC3H13,7,967,1.36422266562323,0.6025173813788258,3.912680408583366,1.201161010874402,12.74522552856394,0.0235615298090459,Cox_PH,0.9996299973032252,False,21.0,False,False,0.007238883143743537,Medium (20-50),True
ZBTB20,5,967,0.973368088935326,0.7297628093558844,2.646844270163561,0.6332012243396531,11.06407303271373,0.1822647150970353,Cox_PH,0.9996299973032252,False,15.0,False,False,0.005170630816959669,Small (<20),False
ZC3H12B,10,967,0.4022023654944297,0.7254605401952406,1.495113861520126,0.3607030290935525,6.197246151569896,0.5792984843909854,Cox_PH,0.9996299973032252,False,30.0,False,False,0.010341261633919338,Medium (20-50),False
ZC3H11A,13,967,-0.711142776996837,1.0201140229599888,0.4910826786879559,0.0664991401154667,3.6265461010261615,0.4857271532752163,Cox_PH,0.9996299973032252,False,39.0,False,False,0.01344364012409514,Medium (20-50),False
ZBTB5,7,967,0.7714064160527856,0.7565447543713053,2.1628059207316572,0.4909459186768875,9.527993354865885,0.3078972688169519,Cox_PH,0.9996299973032252,False,21.0,False,False,0.007238883143743537,Medium (20-50),False
ZBTB49,6,967,0.92141971804132,0.7564621539844488,2.512855404832981,0.5704977213772364,11.068304129865153,0.2231994515638501,Cox_PH,0.9996299973032252,False,18.0,False,False,0.0062047569803516025,Small (<20),False
ZBTB41,9,967,0.4438610707947215,0.7380096873415277,1.558713919692478,0.3669102848010501,6.62175246671127,0.5475537083227402,Cox_PH,0.9996299973032252,False,27.0,False,False,0.009307135470527405,Medium (20-50),False
ZBTB40,6,967,0.0929695164394769,1.0151280067061328,1.0974282812367548,0.1500658056575956,8.025471406898745,0.9270285382816948,Cox_PH,0.9996299973032252,False,18.0,False,False,0.0062047569803516025,Small (<20),False
ZBTB4,5,967,-14.7572794211815,2033.1606042609944,3.8993747890200593e-07,0.0,inf,0.99420876934211,Cox_PH,0.9996299973032252,False,15.0,False,False,0.005170630816959669,Small (<20),False
ZC3H12A,7,967,0.0544203077476689,1.0150935522130593,1.0559283237541917,0.1444007217033985,7.72146158103374,0.9572449924522268,Cox_PH,0.9996299973032252,False,21.0,False,False,0.007238883143743537,Medium (20-50),False
ZC3HAV1,6,967,1.1453698723062034,0.742820914880389,3.1436038738491003,0.7330369853541436,13.481236981384749,0.1230932160457438,Cox_PH,0.9996299973032252,False,18.0,False,False,0.0062047569803516025,Small (<20),False
XRN1,12,967,0.6721280889767636,0.6056040520136073,1.958400539815201,0.597586728762272,6.418035223593821,0.2670647853168415,Cox_PH,0.9996299973032252,False,36.0,False,False,0.012409513960703205,Medium (20-50),False
XPR1,5,967,0.3464364562359305,1.0193026145591213,1.4140196388452104,0.1917818658283835,10.425654846997649,0.7339499400676309,Cox_PH,0.9996299973032252,False,15.0,False,False,0.005170630816959669,Small (<20),False
WRN,7,967,0.5884886507608514,0.7365651158770962,1.8012640181552462,0.4252070822565497,7.630522158478948,0.4243115705549082,Cox_PH,0.9996299973032252,False,21.0,False,False,0.007238883143743537,Medium (20-50),False
WNT7A,5,967,-14.817347506538074,2014.1858807082851,3.672042858592987e-07,0.0,inf,0.9941304194978786,Cox_PH,0.9996299973032252,False,15.0,False,False,0.005170630816959669,Small (<20),False
WNK4,7,967,-14.906348333027644,1705.6093293739648,3.359349378691099e-07,0.0,inf,0.9930268945041276,Cox_PH,0.9996299973032252,False,21.0,False,False,0.007238883143743537,Medium (20-50),False
WNK3,16,967,-0.9031972044184076,1.011585632010363,0.4052718492163877,0.0558042614098496,2.943238878496844,0.3719359321290288,Cox_PH,0.9996299973032252,False,48.0,False,False,0.016546018614270942,Medium (20-50),False
WNK2,5,967,0.2548435432660341,1.0117652423561363,1.290259735255974,0.1776009087232851,9.373658031314728,0.8011337318671349,Cox_PH,0.9996299973032252,False,15.0,False,False,0.005170630816959669,Small (<20),False
WNK1,13,967,-0.7422579122120763,1.0207795779052184,0.4760378494731269,0.0643778348214584,3.520031929614769,0.4671352467575347,Cox_PH,0.9996299973032252,False,39.0,False,False,0.01344364012409514,Medium (20-50),False
WSCD2,12,967,-0.5563570775554179,1.0054505801719666,0.5732937289993464,0.0798951431478649,4.11371313399742,0.5800298983921479,Cox_PH,0.9996299973032252,False,36.0,False,False,0.012409513960703205,Medium (20-50),False
WLS,7,967,-0.0408013639596186,1.034284853228015,0.96001980554251,0.126438446738166,7.289222944524502,0.9685325212513924,Cox_PH,0.9996299973032252,False,21.0,False,False,0.007238883143743537,Medium (20-50),False
WEE1,5,967,0.4911672160139839,1.0100965829119457,1.6342225979482212,0.2256834136152249,11.833760651094943,0.6267844838503676,Cox_PH,0.9996299973032252,False,15.0,False,False,0.005170630816959669,Small (<20),False
WDR93,7,967,0.0766603381706818,1.0128395433627917,1.0796752896204516,0.1483019075978175,7.860308406674608,0.9396668999735108,Cox_PH,0.9996299973032252,False,21.0,False,False,0.007238883143743537,Medium (20-50),False
WDR76,8,967,-0.2518258755375029,1.0237335610528515,0.7773800871746442,0.1045234683581498,5.781666160033596,0.8056917453408868,Cox_PH,0.9996299973032252,False,24.0,False,False,0.008273009307135471,Medium (20-50),False
WDR72,11,967,-15.93760810457412,2244.3781635218406,1.197801204431595e-07,0.0,inf,0.9943341702491568,Cox_PH,0.9996299973032252,False,33.0,False,False,0.011375387797311272,Medium (20-50),False
WDR7,13,967,0.6425824138491781,0.6065481995252678,1.9013847069233023,0.5791162425524304,6.242725618932204,0.2894137085066776,Cox_PH,0.9996299973032252,False,39.0,False,False,0.01344364012409514,Medium (20-50),False
WDR62,7,967,0.039674403904401,1.0333492764769976,1.040471945431708,0.1372858297535706,7.885605318288769,0.9693735511027256,Cox_PH,0.9996299973032252,False,21.0,False,False,0.007238883143743537,Medium (20-50),False
WIZ,5,967,-14.830886310143466,2020.699157136123,3.622662819102775e-07,0.0,inf,0.9941439927218942,Cox_PH,0.9996299973032252,False,15.0,False,False,0.005170630816959669,Small (<20),False
XRCC4,6,967,0.2075374571429865,1.041246652789205,1.2306438123780292,0.1598841190119461,9.472386640421568,0.842015309196037,Cox_PH,0.9996299973032252,False,18.0,False,False,0.0062047569803516025,Small (<20),False
WTAP,7,967,0.7136375714412573,0.7205771985514124,2.0414035203034233,0.4972343982943332,8.381013757299224,0.3219936210879053,Cox_PH,0.9996299973032252,False,21.0,False,False,0.007238883143743537,Medium (20-50),False
WWC3,11,967,-0.4257635805590362,1.0106882344676713,0.6532707697752946,0.0901110464192206,4.735964297400252,0.6735644734335953,Cox_PH,0.9996299973032252,False,33.0,False,False,0.011375387797311272,Medium (20-50),False
XPOT,11,967,-16.087105792391554,2229.3951402287216,1.031475043198196e-07,0.0,inf,0.9942425899660278,Cox_PH,0.9996299973032252,False,33.0,False,False,0.011375387797311272,Medium (20-50),False
XPO7,7,967,0.9238569102382264,0.7252994616587441,2.518987185546465,0.6079090271477084,10.437904616615496,0.2027487452006824,Cox_PH,0.9996299973032252,False,21.0,False,False,0.007238883143743537,Medium (20-50),False
XPO6,6,967,0.8492187018462384,0.7304076780868117,2.337819604065767,0.558567199003104,9.784678568502637,0.2449658591771713,Cox_PH,0.9996299973032252,False,18.0,False,False,0.0062047569803516025,Small (<20),False
XPO4,6,967,-15.013955739497783,1842.8121539881656,3.016628784861901e-07,0.0,inf,0.9934994617182404,Cox_PH,0.9996299973032252,False,18.0,False,False,0.0062047569803516025,Small (<20),False
XPO1,13,967,0.1129159206223957,0.7348873145681278,1.119537798949937,0.265149034714661,4.727020351503348,0.8778851905924979,Cox_PH,0.9996299973032252,False,39.0,False,False,0.01344364012409514,Medium (20-50),False
XPNPEP3,6,967,-14.950282873145332,1816.834862166001,3.214953126038452e-07,0.0,inf,0.9934344801968764,Cox_PH,0.9996299973032252,False,18.0,False,False,0.0062047569803516025,Small (<20),False
WWC1,11,967,-0.4441415433231185,1.0140358287326572,0.6413746321054106,0.0878915362222094,4.680330284230521,0.6613906796565608,Cox_PH,0.9996299973032252,False,33.0,False,False,0.011375387797311272,Medium (20-50),False
XPC,8,967,0.598367658325369,0.7440292558029845,1.8191469061697911,0.4231918388315574,7.819847082505576,0.4212664764985637,Cox_PH,0.9996299973032252,False,24.0,False,False,0.008273009307135471,Medium (20-50),False
XKR4,10,967,-0.3146850381028517,1.0148110296788189,0.7300187661591068,0.0998871074437173,5.335297142774398,0.75649080365971,Cox_PH,0.9996299973032252,False,30.0,False,False,0.010341261633919338,Medium (20-50),False
XIRP2,28,967,0.0179780691012993,0.5249671196280531,1.018140647405546,0.3638704121279658,2.848844927613487,0.9726809167991372,Cox_PH,0.9996299973032252,False,84.0,False,False,0.028955532574974147,Large (50-100),False
XIRP1,9,967,0.5901997993892136,0.7303664898700084,1.8043488871912248,0.4311416792421984,7.5512878096837905,0.4190403953798036,Cox_PH,0.9996299973032252,False,27.0,False,False,0.009307135470527405,Medium (20-50),False
XDH,10,967,-14.984146388550652,1427.9080832809996,3.107906232750736e-07,0.0,inf,0.9916273324734692,Cox_PH,0.9996299973032252,False,30.0,False,False,0.010341261633919338,Medium (20-50),False
WWP2,11,967,-0.3925118905649151,1.014095145855969,0.6753583159129452,0.0925377715767056,4.928893867891503,0.698714546359991,Cox_PH,0.9996299973032252,False,33.0,False,False,0.011375387797311272,Medium (20-50),False
WWP1,9,967,0.4858533085503843,0.726358650635774,1.625561522744549,0.391484386060315,6.749822874980413,0.5035662901859477,Cox_PH,0.9996299973032252,False,27.0,False,False,0.009307135470527405,Medium (20-50),False
XKR6,5,967,-14.879540486759796,2019.7487745847711,3.450624275860024e-07,0.0,inf,0.9941220173584048,Cox_PH,0.9996299973032252,False,15.0,False,False,0.005170630816959669,Small (<20),False
ZCCHC2,6,967,0.2352033436457262,1.0163532647459177,1.2651660060463372,0.1725878226498013,9.274379839087002,0.8169893918822053,Cox_PH,0.9996299973032252,False,18.0,False,False,0.0062047569803516025,Small (<20),False
ZCCHC8,5,967,-14.854944276046425,2029.25802031445,3.536548936367296e-07,0.0,inf,0.9941592322352556,Cox_PH,0.9996299973032252,False,15.0,False,False,0.005170630816959669,Small (<20),False
ZCWPW1,8,967,-15.03993865943798,1577.6242794877485,2.939257479679555e-07,0.0,inf,0.9923936559285512,Cox_PH,0.9996299973032252,False,24.0,False,False,0.008273009307135471,Medium (20-50),False
ZNF184,5,967,-15.113269910502906,2017.3240766290949,2.731431253385384e-07,0.0,inf,0.9940225112739548,Cox_PH,0.9996299973032252,False,15.0,False,False,0.005170630816959669,Small (<20),False
ZNF180,7,967,0.0229568982064901,1.0217195013886582,1.023222435874605,0.1381226356233988,7.58010552399128,0.9820739317267112,Cox_PH,0.9996299973032252,False,21.0,False,False,0.007238883143743537,Medium (20-50),False
ZNF175,5,967,-14.914074506646838,2006.5044615069785,3.33349447051314e-07,0.0,inf,0.994069487287349,Cox_PH,0.9996299973032252,False,15.0,False,False,0.005170630816959669,Small (<20),False
ZNF17,6,967,0.2479907246081464,1.044760889047997,1.281448046206129,0.165341769351113,9.93160470926369,0.8123728556527117,Cox_PH,0.9996299973032252,False,18.0,False,False,0.0062047569803516025,Small (<20),False
ZNF160,6,967,0.1546700465088603,1.010522431299523,1.1672727518384671,0.1610639289095688,8.459533344362619,0.8783513628192136,Cox_PH,0.9996299973032252,False,18.0,False,False,0.0062047569803516025,Small (<20),False
ZNF148,6,967,1.03295487366966,0.7487985883662144,2.8093548708772342,0.6474651174471516,12.189806953060836,0.1677459044795633,Cox_PH,0.9996299973032252,False,18.0,False,False,0.0062047569803516025,Small (<20),False
ZNF185,5,967,-15.118702015352964,1979.5903131169464,2.716634058768582e-07,0.0,inf,0.9939063847858124,Cox_PH,0.9996299973032252,False,15.0,False,False,0.005170630816959669,Small (<20),False
ZNF142,5,967,-14.92316250261922,2013.553489031813,3.303336929559706e-07,0.0,inf,0.9940866473027478,Cox_PH,0.9996299973032252,False,15.0,False,False,0.005170630816959669,Small (<20),False
ZNF131,6,967,-15.035368482070904,1839.977940701158,2.9527211499356384e-07,0.0,inf,0.9934801637529154,Cox_PH,0.9996299973032252,False,18.0,False,False,0.0062047569803516025,Small (<20),False
ZNF112,6,967,-14.827460730575552,1835.468605040559,3.6350938183698225e-07,0.0,inf,0.993554521561255,Cox_PH,0.9996299973032252,False,18.0,False,False,0.0062047569803516025,Small (<20),False
ZNF106,11,967,0.1556830753131998,0.7330809132923324,1.168455831904517,0.2777162098025311,4.916130146246991,0.8318197912810306,Cox_PH,0.9996299973032252,False,33.0,False,False,0.011375387797311272,Medium (20-50),False
ZMYND8,6,967,0.8651095492185166,0.7605623475625861,2.3752662802895843,0.5349442987437139,10.54668666537876,0.2553458715506634,Cox_PH,0.9996299973032252,False,18.0,False,False,0.0062047569803516025,Small (<20),False
ZMYM6,6,967,0.9559495856756284,0.7656903726336822,2.6011394152791465,0.5799557075293771,11.666281010564962,0.2118551038672006,Cox_PH,0.9996299973032252,False,18.0,False,False,0.0062047569803516025,Small (<20),False
ZMYM5,6,967,0.2710879900673441,1.0242816945854334,1.3113904546425976,0.1761350706650861,9.763784793306415,0.7912701932706165,Cox_PH,0.9996299973032252,False,18.0,False,False,0.0062047569803516025,Small (<20),False
ZNF135,5,967,0.3287261796890194,1.0142029081255948,1.389197413035888,0.1903079898072039,10.140769467118552,0.7458451456233073,Cox_PH,0.9996299973032252,False,15.0,False,False,0.005170630816959669,Small (<20),False
ZMYM4,12,967,-0.668770965598993,1.0182075226395884,0.512337871864754,0.0696371068042905,3.769399778262073,0.5113017780839558,Cox_PH,0.9996299973032252,False,36.0,False,False,0.012409513960703205,Medium (20-50),False
ZNF189,6,967,1.0225870394498155,0.7504069161971261,2.780378416410285,0.638770198340196,12.102167819549807,0.1729739120930972,Cox_PH,0.9996299973032252,False,18.0,False,False,0.0062047569803516025,Small (<20),False
ZNF200,6,967,0.9893042845758508,0.7336569743049381,2.689362790171421,0.6384809847620193,11.327936758922345,0.1775117034908288,Cox_PH,0.9996299973032252,False,18.0,False,False,0.0062047569803516025,Small (<20),False
ZNF281,6,967,0.2576991766426945,1.012266827705975,1.2939495098348528,0.1779337826189135,9.409710226796946,0.7990503408432652,Cox_PH,0.9996299973032252,False,18.0,False,False,0.0062047569803516025,Small (<20),False
ZNF280C,6,967,0.9664211647690392,0.7144019598761223,2.628520564128306,0.6480375242014513,10.66160538243398,0.1761292871416334,Cox_PH,0.9996299973032252,False,18.0,False,False,0.0062047569803516025,Small (<20),False
ZNF274,5,967,0.2476244853721194,1.0400041877031316,1.2809788155832555,0.1668293704829532,9.835838385188593,0.8118039163537858,Cox_PH,0.9996299973032252,False,15.0,False,False,0.005170630816959669,Small (<20),False
ZNF267,6,967,-15.101296363491512,1844.8196948979607,2.764332754664027e-07,0.0,inf,0.9934687619127028,Cox_PH,0.9996299973032252,False,18.0,False,False,0.0062047569803516025,Small (<20),False
ZNF251,8,967,-0.1262073638860866,1.018805361318465,0.881432050656068,0.1196641904409257,6.492522592272934,0.9014120328277472,Cox_PH,0.9996299973032252,False,24.0,False,False,0.008273009307135471,Medium (20-50),False
ZNF250,5,967,0.4442988496562911,1.011855639883744,1.559396441083572,0.2146088512028053,11.330927158107462,0.6605940642374741,Cox_PH,0.9996299973032252,False,15.0,False,False,0.005170630816959669,Small (<20),False
ZNF197,5,967,0.4864400999981437,1.0454931841999948,1.626515668258738,0.2095639069490568,12.62408807702884,0.6417357280218859,Cox_PH,0.9996299973032252,False,15.0,False,False,0.005170630816959669,Small (<20),False
ZNF239,6,967,0.2243853064419721,1.0098978815130215,1.2515531580311026,0.1729047280098425,9.059239301359415,0.82416898750772,Cox_PH,0.9996299973032252,False,18.0,False,False,0.0062047569803516025,Small (<20),False
ZNF235,6,967,-15.10024595338432,1833.897880379943,2.767237963292297e-07,0.0,inf,0.99343032286623,Cox_PH,0.9996299973032252,False,18.0,False,False,0.0062047569803516025,Small (<20),False
ZNF233,7,967,0.7466944751154116,0.7297777206162175,2.1100137733388444,0.5047611876537517,8.820325794806658,0.3062224189808302,Cox_PH,0.9996299973032252,False,21.0,False,False,0.007238883143743537,Medium (20-50),False
ZNF229,6,967,0.9550454863907638,0.7256451618456878,2.5987887897535034,0.626742799383912,10.775876771759274,0.1881294331471799,Cox_PH,0.9996299973032252,False,18.0,False,False,0.0062047569803516025,Small (<20),False
ZNF217,8,967,-0.1745205074799587,1.0094024812950333,0.8398596306480612,0.116141108935566,6.073337904700281,0.8627340666476586,Cox_PH,0.9996299973032252,False,24.0,False,False,0.008273009307135471,Medium (20-50),False
ZNF215,5,967,0.4766505810796151,1.0062969971732152,1.6106705469529072,0.2240935829425195,11.576679603034458,0.63573675046256,Cox_PH,0.9996299973032252,False,15.0,False,False,0.005170630816959669,Small (<20),False
ZNF208,16,967,0.6295058516035831,0.5213809712487099,1.8766829902097013,0.6754333108650945,5.214340171099245,0.2272851737675784,Cox_PH,0.9996299973032252,False,48.0,False,False,0.016546018614270942,Medium (20-50),False
ZNF236,7,967,-14.994960032467402,1698.3402284869917,3.074479499546865e-07,0.0,inf,0.9929554211480112,Cox_PH,0.9996299973032252,False,21.0,False,False,0.007238883143743537,Medium (20-50),False
ZMYM3,14,967,-0.6784614938696863,1.0052232876873954,0.5073970256031625,0.0707431803627636,3.639244663171072,0.499716358345152,Cox_PH,0.9996299973032252,False,42.0,False,False,0.014477766287487074,Medium (20-50),False
ZMYM2,12,967,-15.99343603806157,2145.728794891301,1.1327628095850909e-07,0.0,inf,0.9940529308447762,Cox_PH,0.9996299973032252,False,36.0,False,False,0.012409513960703205,Medium (20-50),False
ZMIZ1,8,967,-14.832996987719914,1601.1244138386064,3.61502460965782e-07,0.0,inf,0.992608413250627,Cox_PH,0.9996299973032252,False,24.0,False,False,0.008273009307135471,Medium (20-50),False
ZFP30,6,967,0.0718256649877596,1.0144039165754748,1.07446801034114,0.1471348138445593,7.846419722704792,0.9435523281154162,Cox_PH,0.9996299973032252,False,18.0,False,False,0.0062047569803516025,Small (<20),False
ZFP3,5,967,1.0176178813042192,0.7625304915878165,2.7665965468583065,0.6206786007151079,12.331755024693564,0.18203105308374,Cox_PH,0.9996299973032252,False,15.0,False,False,0.005170630816959669,Small (<20),False
ZFHX4,47,967,-0.2990115762481244,0.470262834013809,0.7415508250089757,0.2950156919768405,1.8639605994743524,0.5248811900740131,Cox_PH,0.9996299973032252,False,141.0,False,False,0.04860392967942089,Very Large (>100),False
ZFHX3,16,967,-0.8683873772025215,1.008474589790214,0.4196277051126444,0.0581344078207345,3.028970578681977,0.3891884803704507,Cox_PH,0.9996299973032252,False,48.0,False,False,0.016546018614270942,Medium (20-50),False
ZFC3H1,10,967,0.8551652413842145,0.6085612760844541,2.3517629570359264,0.7134700210179524,7.751957115444379,0.1599545180181371,Cox_PH,0.9996299973032252,False,30.0,False,False,0.010341261633919338,Medium (20-50),False
ZFAT,6,967,0.0919527592515897,1.0258417955332475,1.0963130302094442,0.1467980920246349,8.187451509964555,0.9285761626612824,Cox_PH,0.9996299973032252,False,18.0,False,False,0.0062047569803516025,Small (<20),False
ZFP36L1,11,967,1.1395453513246427,0.5087728869571899,3.1253471072017867,1.15298068925839,8.471776354534898,0.0251044410673434,Cox_PH,0.9996299973032252,False,33.0,False,False,0.011375387797311272,Medium (20-50),True
ZFAND4,6,967,0.1920121401417871,1.0120498635233632,1.211685226906066,0.1666923147839503,8.807731124289154,0.8495238707724628,Cox_PH,0.9996299973032252,False,18.0,False,False,0.0062047569803516025,Small (<20),False
ZEB1,10,967,0.7529116558636697,0.5950567133471437,2.1231729745279284,0.661398000020507,6.815659375483452,0.2057719985903028,Cox_PH,0.9996299973032252,False,30.0,False,False,0.010341261633919338,Medium (20-50),False
ZDHHC5,5,967,-14.989424809944236,2027.5951210078172,3.091544613750983e-07,0.0,inf,0.9941015237363284,Cox_PH,0.9996299973032252,False,15.0,False,False,0.005170630816959669,Small (<20),False
ZDHHC17,6,967,-14.903820528064331,1847.4968377822163,3.3678519005550904e-07,0.0,inf,0.9935635076191696,Cox_PH,0.9996299973032252,False,18.0,False,False,0.0062047569803516025,Small (<20),False
ZDHHC15,5,967,1.425192014749839,0.7640679767509356,4.158656289443868,0.9301762267267312,18.59262969404164,0.062143762413856,Cox_PH,0.9996299973032252,False,15.0,False,False,0.005170630816959669,Small (<20),False
ZDHHC1,5,967,0.4109387803323719,1.0127708824089452,1.5082330202074838,0.207195569988623,10.97883918738752,0.6849212248981889,Cox_PH,0.9996299973032252,False,15.0,False,False,0.005170630816959669,Small (<20),False
ZDBF2,20,967,-0.348500903009658,0.7281154069214306,0.7057452777288385,0.1693805872267456,2.940575453134974,0.632198915351801,Cox_PH,0.9996299973032252,False,60.0,False,False,0.020682523267838676,Large (50-100),False
ZEB2,14,967,0.4094002297870331,0.590782392051864,1.505914311654292,0.473059900660277,4.793849385415994,0.488322264532401,Cox_PH,0.9996299973032252,False,42.0,False,False,0.014477766287487074,Medium (20-50),False
ZFP37,8,967,0.6546867407513199,0.7228527505900482,1.9245395431263284,0.4666831877252383,7.936545713400663,0.3650953916218139,Cox_PH,0.9996299973032252,False,24.0,False,False,0.008273009307135471,Medium (20-50),False
ZFP64,7,967,-0.1636973061552745,1.013169730881408,0.8489989697522975,0.1165412514813425,6.184928010283616,0.8716448932344476,Cox_PH,0.9996299973032252,False,21.0,False,False,0.007238883143743537,Medium (20-50),False
ZFP69,5,967,0.450115146717034,1.0058142310791809,1.568492781886954,0.2184319518356914,11.262865098976272,0.6545045581831993,Cox_PH,0.9996299973032252,False,15.0,False,False,0.005170630816959669,Small (<20),False
ZMAT1,5,967,0.2934437962039605,1.0124736882642842,1.3410378058767332,0.1843342427134542,9.756095071203085,0.7719473936069641,Cox_PH,0.9996299973032252,False,15.0,False,False,0.005170630816959669,Small (<20),False
ZKSCAN7,10,967,0.6005423740700296,0.7353593282555457,1.8231073384348224,0.4313817244351047,7.704824240774966,0.4141197828682929,Cox_PH,0.9996299973032252,False,30.0,False,False,0.010341261633919338,Medium (20-50),False
ZKSCAN2,6,967,0.2930562689149232,1.0193744898501604,1.3405182178151045,0.181787340988165,9.885116766250372,0.7737399389700182,Cox_PH,0.9996299973032252,False,18.0,False,False,0.0062047569803516025,Small (<20),False
ZKSCAN1,5,967,-15.029264423666756,2023.5455255323172,2.9707998528817073e-07,0.0,inf,0.9940740113606896,Cox_PH,0.9996299973032252,False,15.0,False,False,0.005170630816959669,Small (<20),False
ZIM3,9,967,-0.3055297450496662,1.029107496574615,0.7367329903441883,0.0980203235807101,5.537377140104699,0.766551959648965,Cox_PH,0.9996299973032252,False,27.0,False,False,0.009307135470527405,Medium (20-50),False
ZIC4,6,967,-15.077495701799558,1815.7536237119557,2.830914909993878e-07,0.0,inf,0.9933746722951988,Cox_PH,0.9996299973032252,False,18.0,False,False,0.0062047569803516025,Small (<20),False
ZHX2,8,967,-0.209722094437286,1.0311997318290953,0.8108095431454097,0.107434537668453,6.119187828447363,0.8388405372381507,Cox_PH,0.9996299973032252,False,24.0,False,False,0.008273009307135471,Medium (20-50),False
ZHX1,6,967,-15.080625206186712,1847.7142720678953,2.822069397617544e-07,0.0,inf,0.9934879193111756,Cox_PH,0.9996299973032252,False,18.0,False,False,0.0062047569803516025,Small (<20),False
ZGRF1,10,967,0.952926082584458,0.6151750603200344,2.5932867394933887,0.7766099607679097,8.659605790508346,0.1213739384757601,Cox_PH,0.9996299973032252,False,30.0,False,False,0.010341261633919338,Medium (20-50),False
ZFYVE9,5,967,1.2720823151540888,0.7272817517251318,3.5682751049620305,0.8577951866165072,14.843388519017331,0.0802752078187398,Cox_PH,0.9996299973032252,False,15.0,False,False,0.005170630816959669,Small (<20),False
ZFYVE26,8,967,-0.1543718338913768,1.0094660116216438,0.8569533174759761,0.1184901769630145,6.197720411560417,0.878458011189695,Cox_PH,0.9996299973032252,False,24.0,False,False,0.008273009307135471,Medium (20-50),False
ZFYVE16,7,967,-14.866405637915983,1708.811649844077,3.4962466698524873e-07,0.0,inf,0.9930586112834509,Cox_PH,0.9996299973032252,False,21.0,False,False,0.007238883143743537,Medium (20-50),False
ZFR,6,967,0.0755957075737903,1.024486715045884,1.0785264459279988,0.1448005133334719,8.033253942181934,0.9411783906823472,Cox_PH,0.9996299973032252,False,18.0,False,False,0.0062047569803516025,Small (<20),False
ZFPM2,13,967,-0.5993610027357015,1.007462795092286,0.5491624372966736,0.0762309232930887,3.956129212526076,0.5518961271480416,Cox_PH,0.9996299973032252,False,39.0,False,False,0.01344364012409514,Medium (20-50),False
ZFP91,7,967,0.027992287022396,1.0195350269247343,1.0283877524591327,0.1394155321030826,7.585821704757972,0.9780960856794813,Cox_PH,0.9996299973032252,False,21.0,False,False,0.007238883143743537,Medium (20-50),False
WDR49,9,967,-15.009487520916666,1505.92775554865,3.0301379000146653e-07,0.0,inf,0.9920476662723762,Cox_PH,0.9996299973032252,False,27.0,False,False,0.009307135470527405,Medium (20-50),False
SCAF11,9,967,0.5531424544268905,0.7393730548703239,1.7387082534116445,0.4081874666103932,7.406171521104701,0.4543855895602624,Cox_PH,0.9996299973032252,False,27.0,False,False,0.009307135470527405,Medium (20-50),False
TNN,14,967,0.8705193584188887,0.5263736553043258,2.3881508377414407,0.8511448052294807,6.700698152375452,0.0981671492317863,Cox_PH,0.9996299973032252,False,42.0,False,False,0.014477766287487074,Medium (20-50),False
TNKS1BP1,9,967,-0.3384212768765014,1.0125450708161805,0.7128948984930588,0.0979782645049868,5.187059996062306,0.7382072462782895,Cox_PH,0.9996299973032252,False,27.0,False,False,0.009307135470527405,Medium (20-50),False
SLC8A1,11,967,-0.5366957003167748,1.020463158491964,0.5846770120848466,0.0791189002955532,4.320676945501945,0.5989344530931284,Cox_PH,0.9996299973032252,False,33.0,False,False,0.011375387797311272,Medium (20-50),False
SLC7A9,5,967,0.3810206825300135,1.055327625368618,1.4637778797265832,0.1849959283264044,11.58212345839523,0.7180658641651132,Cox_PH,0.9996299973032252,False,15.0,False,False,0.005170630816959669,Small (<20),False
SLC7A3,5,967,-15.071594665807032,2014.058281217385,2.847669627244617e-07,0.0,inf,0.9940293284607742,Cox_PH,0.9996299973032252,False,15.0,False,False,0.005170630816959669,Small (<20),False
SLC7A14,6,967,0.1640576646222083,1.0045134898698818,1.1782822583350243,0.1645092012776011,8.439339985392758,0.8702660788903663,Cox_PH,0.9996299973032252,False,18.0,False,False,0.0062047569803516025,Small (<20),False
SLC6A6,5,967,-14.83199761523428,2022.7630889646775,3.618639171633659e-07,0.0,inf,0.9941495294621292,Cox_PH,0.9996299973032252,False,15.0,False,False,0.005170630816959669,Small (<20),False
SLC6A4,6,967,1.000868503195229,0.7528221885576859,2.7206436904064564,0.6220946755207241,11.89835306652111,0.1836868306605196,Cox_PH,0.9996299973032252,False,18.0,False,False,0.0062047569803516025,Small (<20),False
SLC9A2,8,967,-14.882281572172984,1574.8689848389215,3.441178771372468e-07,0.0,inf,0.9924602198129756,Cox_PH,0.9996299973032252,False,24.0,False,False,0.008273009307135471,Medium (20-50),False
SLC6A3,6,967,-14.99871381837653,1841.5607255792677,3.0629601957501525e-07,0.0,inf,0.9935016479679936,Cox_PH,0.9996299973032252,False,18.0,False,False,0.0062047569803516025,Small (<20),False
SLC5A3,5,967,-14.742753841760454,2015.0177546186912,3.9564288355918467e-07,0.0,inf,0.9941623786184044,Cox_PH,0.9996299973032252,False,15.0,False,False,0.005170630816959669,Small (<20),False
SLC5A12,5,967,0.3921194241888017,1.01585212497026,1.480114462316907,0.202108470960476,10.839421084869238,0.6994963014017161,Cox_PH,0.9996299973032252,False,15.0,False,False,0.005170630816959669,Small (<20),False
SLC4A7,7,967,0.7992941726382526,0.7348144801064556,2.223970635053679,0.526795838687643,9.388922657215138,0.2767056551627537,Cox_PH,0.9996299973032252,False,21.0,False,False,0.007238883143743537,Medium (20-50),False
SLC4A5,8,967,-0.1990783320663082,1.009462875819444,0.8194856988106157,0.1133102589042686,5.926707934914305,0.8436615323203829,Cox_PH,0.9996299973032252,False,24.0,False,False,0.008273009307135471,Medium (20-50),False
SLC4A4,11,967,-0.541994469090668,1.0092255070481813,0.5815871372859664,0.0804534548094575,4.20421471094768,0.591239982403571,Cox_PH,0.9996299973032252,False,33.0,False,False,0.011375387797311272,Medium (20-50),False
SLC4A3,6,967,-15.14302469294542,1855.124848798813,2.65135533921429e-07,0.0,inf,0.9934870952551796,Cox_PH,0.9996299973032252,False,18.0,False,False,0.0062047569803516025,Small (<20),False
SLC6A14,6,967,-14.929012934241308,1849.2896743767235,3.284067405208256e-07,0.0,inf,0.993558878463954,Cox_PH,0.9996299973032252,False,18.0,False,False,0.0062047569803516025,Small (<20),False
SLC4A2,11,967,0.2577888499574761,0.7343080154639119,1.2940655477792355,0.3068320159856978,5.457727859882881,0.7255405997984627,Cox_PH,0.9996299973032252,False,33.0,False,False,0.011375387797311272,Medium (20-50),False
SLC9A7,5,967,0.3882572978965701,1.0271412259729729,1.4744090978473186,0.196923587734247,11.039216849677995,0.705432102310662,Cox_PH,0.9996299973032252,False,15.0,False,False,0.005170630816959669,Small (<20),False
SLC9C1,12,967,0.5907170409534466,0.5975411043520472,1.8052824128403784,0.5596389006109573,5.82347757911911,0.3228687934192054,Cox_PH,0.9996299973032252,False,36.0,False,False,0.012409513960703205,Medium (20-50),False
SLITRK4,9,967,1.095256444968686,0.5978369305845564,2.989949342551743,0.9263492654131438,9.650568532634964,0.0669466389074239,Cox_PH,0.9996299973032252,False,27.0,False,False,0.009307135470527405,Medium (20-50),False
SLITRK3,11,967,-0.5596007222171183,1.008315502802499,0.5714371804753102,0.0791904864696078,4.12348080921177,0.5789044164709807,Cox_PH,0.9996299973032252,False,33.0,False,False,0.011375387797311272,Medium (20-50),False
SLITRK2,11,967,0.7779465509566464,0.591385417576733,2.176997319470772,0.6830625328221748,6.938335952056585,0.1883538245635122,Cox_PH,0.9996299973032252,False,33.0,False,False,0.011375387797311272,Medium (20-50),False
SLITRK1,8,967,-14.933545867197209,1590.736195732033,3.269214636572248e-07,0.0,inf,0.9925097129855164,Cox_PH,0.9996299973032252,False,24.0,False,False,0.008273009307135471,Medium (20-50),False
SLIT2,14,967,-16.010557025037347,1987.1665855020356,1.113533871187181e-07,0.0,inf,0.9935715313730418,Cox_PH,0.9996299973032252,False,42.0,False,False,0.014477766287487074,Medium (20-50),False
SLFN13,8,967,-14.92243273143259,1581.6522767982558,3.305748489507088e-07,0.0,inf,0.992472301134442,Cox_PH,0.9996299973032252,False,24.0,False,False,0.008273009307135471,Medium (20-50),False
SLC9A8,8,967,1.1780691869144144,0.6071616165014276,3.248096676908233,0.9881037452547352,10.677150120327152,0.0523445412099188,Cox_PH,0.9996299973032252,False,24.0,False,False,0.008273009307135471,Medium (20-50),False
SLCO6A1,5,967,1.1522579846692724,0.7673433695401799,3.165332117940575,0.7034665020960875,14.242792495466412,0.1331953310246328,Cox_PH,0.9996299973032252,False,15.0,False,False,0.005170630816959669,Small (<20),False
SLCO3A1,6,967,0.0674604356443967,1.0150270523102878,1.0697879332903883,0.1463151258716498,7.821790231159341,0.947010239663278,Cox_PH,0.9996299973032252,False,18.0,False,False,0.0062047569803516025,Small (<20),False
SLCO2A1,8,967,-0.105414088250841,1.0345095688680233,0.8999517859577739,0.1184750554340293,6.83614972013727,0.9188379196714368,Cox_PH,0.9996299973032252,False,24.0,False,False,0.008273009307135471,Medium (20-50),False
SLCO1C1,10,967,0.4563650472146569,0.7287967070299539,1.5783264032731386,0.3782966894276196,6.585080718095347,0.5311904720132024,Cox_PH,0.9996299973032252,False,30.0,False,False,0.010341261633919338,Medium (20-50),False
SLCO1B3,8,967,0.6318488114122784,0.7143473865521297,1.8810851380433633,0.4638138158480814,7.629098521132931,0.3764199057481602,Cox_PH,0.9996299973032252,False,24.0,False,False,0.008273009307135471,Medium (20-50),False
SLCO1B1,5,967,-14.79533782682902,1997.2132498557055,3.75375932362799e-07,0.0,inf,0.9940893323971416,Cox_PH,0.9996299973032252,False,15.0,False,False,0.005170630816959669,Small (<20),False
SLC9C2,8,967,0.4237757470384999,0.7466133432927918,1.527718959866068,0.3536008989949414,6.600450471048291,0.5703084143265612,Cox_PH,0.9996299973032252,False,24.0,False,False,0.008273009307135471,Medium (20-50),False
SLCO5A1,5,967,-14.883181420407904,2017.091539675148,3.438083625518626e-07,0.0,inf,0.9941128339064536,Cox_PH,0.9996299973032252,False,15.0,False,False,0.005170630816959669,Small (<20),False
SLITRK5,5,967,1.177502123926431,0.7371571748480279,3.2462553236323535,0.7654235495885078,13.767767704399384,0.1101864688782403,Cox_PH,0.9996299973032252,False,15.0,False,False,0.005170630816959669,Small (<20),False
SLC4A1,5,967,-14.952983571051464,2030.221257142296,3.206282222877949e-07,0.0,inf,0.9941234745612468,Cox_PH,0.9996299973032252,False,15.0,False,False,0.005170630816959669,Small (<20),False
SLC45A2,6,967,-15.047315335590271,1771.8829949231174,2.9176553032111645e-07,0.0,inf,0.9932242273818476,Cox_PH,0.9996299973032252,False,18.0,False,False,0.0062047569803516025,Small (<20),False
SLC2A9,5,967,1.3948207117775149,0.7426920261081281,4.034251214060076,0.9409590485733124,17.296377438339878,0.0603728608008049,Cox_PH,0.9996299973032252,False,15.0,False,False,0.005170630816959669,Small (<20),False
SLC2A12,5,967,0.2605184347566212,1.0224496988627885,1.297602634620661,0.1749101308412507,9.626501273975263,0.798878896170093,Cox_PH,0.9996299973032252,False,15.0,False,False,0.005170630816959669,Small (<20),False
SLC28A3,5,967,0.2721308113521485,1.013005184675119,1.3127587138222905,0.1802592204209508,9.560317839453258,0.7882089321579111,Cox_PH,0.9996299973032252,False,15.0,False,False,0.005170630816959669,Small (<20),False
SLC26A9,10,967,-14.953980326286729,1433.4682946838489,3.203087936511864e-07,0.0,inf,0.991676597480512,Cox_PH,0.9996299973032252,False,30.0,False,False,0.010341261633919338,Medium (20-50),False
SLC26A4,10,967,0.8997960993471344,0.6252374594939997,2.459101647602905,0.7220439125293054,8.375087454252151,0.1501145479897704,Cox_PH,0.9996299973032252,False,30.0,False,False,0.010341261633919338,Medium (20-50),False
SLC26A3,7,967,-15.15102507489619,1695.851668216486,2.630228109456371e-07,0.0,inf,0.9928716594756326,Cox_PH,0.9996299973032252,False,21.0,False,False,0.007238883143743537,Medium (20-50),False
SLC30A1,5,967,-14.71708943622376,2022.9042607555427,4.0592824223719105e-07,0.0,inf,0.994195259220588,Cox_PH,0.9996299973032252,False,15.0,False,False,0.005170630816959669,Small (<20),False
SLC25A41,5,967,0.4668804426797442,1.0167552053392068,1.5950106968123523,0.2174122931240092,11.701542200719658,0.6461001180883565,Cox_PH,0.9996299973032252,False,15.0,False,False,0.005170630816959669,Small (<20),False
SLC25A13,5,967,-14.692348566805752,2014.8610460089817,4.160965273070395e-07,0.0,inf,0.9941818845434588,Cox_PH,0.9996299973032252,False,15.0,False,False,0.005170630816959669,Small (<20),False
SLC25A12,7,967,0.8696580518814088,0.7573134750675559,2.386094793381736,0.5408158970509339,10.52751665409573,0.2508256735951681,Cox_PH,0.9996299973032252,False,21.0,False,False,0.007238883143743537,Medium (20-50),False
SLC24A4,9,967,-0.2654600172059718,1.0198283480240284,0.7668531032023586,0.1039002910808176,5.659884835487791,0.7946333571563342,Cox_PH,0.9996299973032252,False,27.0,False,False,0.009307135470527405,Medium (20-50),False
SLC24A3,6,967,0.2557167702973552,1.007532981496594,1.2913869170053855,0.1792367227391646,9.304344243336654,0.7996463163403278,Cox_PH,0.9996299973032252,False,18.0,False,False,0.0062047569803516025,Small (<20),False
SLC24A1,6,967,0.2367118311497746,1.038334184677771,1.2670759333455617,0.1655597419390061,9.697293569441548,0.8196674762708657,Cox_PH,0.9996299973032252,False,18.0,False,False,0.0062047569803516025,Small (<20),False
SLC22A7,6,967,-14.966302058345986,1843.3191794071531,3.163862504112335e-07,0.0,inf,0.9935218760374498,Cox_PH,0.9996299973032252,False,18.0,False,False,0.0062047569803516025,Small (<20),False
SLC25A32,5,967,-14.872082855323796,2028.5653279018009,3.4764539543321706e-07,0.0,inf,0.9941504969859154,Cox_PH,0.9996299973032252,False,15.0,False,False,0.005170630816959669,Small (<20),False
SLC45A3,5,967,-14.887783602788067,1988.3612798462032,3.422297291293314e-07,0.0,inf,0.9940259238542712,Cox_PH,0.9996299973032252,False,15.0,False,False,0.005170630816959669,Small (<20),False
SLC30A10,6,967,0.9177785444700792,0.7223323443884222,2.503722299845472,0.6077492799714558,10.314492441748213,0.2038793306485555,Cox_PH,0.9996299973032252,False,18.0,False,False,0.0062047569803516025,Small (<20),False
SLC34A2,5,967,1.4393434255884514,0.7384922521802597,4.2179255256749,0.9919313391245844,17.93561211186351,0.0512918629730023,Cox_PH,0.9996299973032252,False,15.0,False,False,0.005170630816959669,Small (<20),False
SLC44A5,8,967,-0.0991870522982067,1.0170515100123896,0.9055733026127584,0.1233649785701572,6.647453887722367,0.9223101814802216,Cox_PH,0.9996299973032252,False,24.0,False,False,0.008273009307135471,Medium (20-50),False
SLC44A1,6,967,-15.227361941886532,1856.603868909749,2.436916983616797e-07,0.0,inf,0.993456040362078,Cox_PH,0.9996299973032252,False,18.0,False,False,0.0062047569803516025,Small (<20),False
SLC43A2,5,967,-14.995080518826956,2018.1426294665816,3.074109089019596e-07,0.0,inf,0.9940716612521135,Cox_PH,0.9996299973032252,False,15.0,False,False,0.005170630816959669,Small (<20),False
SLC41A3,5,967,0.1178933135619315,1.014898100019942,1.1251240694846774,0.1539223595482066,8.224303314017837,0.9075235898256384,Cox_PH,0.9996299973032252,False,15.0,False,False,0.005170630816959669,Small (<20),False
SLC3A1,5,967,-15.10630738690379,1955.761414313536,2.750515267300906e-07,0.0,inf,0.9938371983927714,Cox_PH,0.9996299973032252,False,15.0,False,False,0.005170630816959669,Small (<20),False
SLC39A7,5,967,-14.975134930368098,2016.4053004083944,3.136039570617714e-07,0.0,inf,0.994074445688474,Cox_PH,0.9996299973032252,False,15.0,False,False,0.005170630816959669,Small (<20),False
SLC30A5,11,967,0.2959077196141649,0.7430811893886603,1.3443460943315924,0.3133196349496676,5.768123729733472,0.690470079477091,Cox_PH,0.9996299973032252,False,33.0,False,False,0.011375387797311272,Medium (20-50),False
SLC39A5,5,967,0.3973730860973491,1.0174923971391707,1.4879109453984356,0.2025209355605157,10.93160554146725,0.6961361166848625,Cox_PH,0.9996299973032252,False,15.0,False,False,0.005170630816959669,Small (<20),False
SLC38A4,7,967,-0.0340336307940785,1.0266756200040696,0.9665389986168766,0.1292097991103857,7.23008349428062,0.973555487711372,Cox_PH,0.9996299973032252,False,21.0,False,False,0.007238883143743537,Medium (20-50),False
SLC38A11,5,967,-15.12642522275415,2026.2162125223751,2.695733743124103e-07,0.0,inf,0.9940435630874824,Cox_PH,0.9996299973032252,False,15.0,False,False,0.005170630816959669,Small (<20),False
SLC36A1,5,967,-14.861398894969106,2017.2570109493256,3.513795372470393e-07,0.0,inf,0.9941219322055356,Cox_PH,0.9996299973032252,False,15.0,False,False,0.005170630816959669,Small (<20),False
SLC35F3,5,967,1.323368104506275,0.725633991570967,3.7560508684543903,0.9058563686798908,15.574122580797797,0.0681913116907786,Cox_PH,0.9996299973032252,False,15.0,False,False,0.005170630816959669,Small (<20),False
SLC35F1,5,967,0.4074448832433828,1.0184816584095329,1.5029726042759146,0.2041747228323185,11.063693966951536,0.689118753065089,Cox_PH,0.9996299973032252,False,15.0,False,False,0.005170630816959669,Small (<20),False
SLC35B2,8,967,0.5963185612011589,0.7165345399430803,1.8154231139847263,0.4457089416973983,7.39442442020283,0.4052814796566014,Cox_PH,0.9996299973032252,False,24.0,False,False,0.008273009307135471,Medium (20-50),False
SLC39A12,9,967,0.6403466585109954,0.7374065821298955,1.897138424507938,0.4471012309925577,8.0499313181367,0.3851881725016219,Cox_PH,0.9996299973032252,False,27.0,False,False,0.009307135470527405,Medium (20-50),False
SLC22A6,7,967,-0.0990838828623499,1.008306852622969,0.9056667349191122,0.1255105683490247,6.535164691933442,0.9217198142267216,Cox_PH,0.9996299973032252,False,21.0,False,False,0.007238883143743537,Medium (20-50),False
SLITRK6,9,967,-0.2919038728779792,1.0119510490266983,0.7468403241338752,0.1027632038776047,5.427725573997472,0.7729973125052788,Cox_PH,0.9996299973032252,False,27.0,False,False,0.009307135470527405,Medium (20-50),False
SLMAP,9,967,-0.2059728237271407,1.0162626720591363,0.8138551935331945,0.1110419011610515,5.964957994372663,0.8393876905088351,Cox_PH,0.9996299973032252,False,27.0,False,False,0.009307135470527405,Medium (20-50),False
SORBS2,6,967,0.8260164635721097,0.7292388969750568,2.2842013932202105,0.5470080420865688,9.53838993826607,0.2573358998244168,Cox_PH,0.9996299973032252,False,18.0,False,False,0.0062047569803516025,Small (<20),False
SORBS1,9,967,-0.3280777639173149,1.0223321329573904,0.720307003633043,0.0971160382799077,5.34249737399096,0.7482777362751418,Cox_PH,0.9996299973032252,False,27.0,False,False,0.009307135470527405,Medium (20-50),False
SON,9,967,0.5499883729491662,0.7503276049845314,1.733232865363606,0.3982586012460672,7.54307918567823,0.4635598612610253,Cox_PH,0.9996299973032252,False,27.0,False,False,0.009307135470527405,Medium (20-50),False
SOGA3,5,967,0.1967718709567158,1.0176761827732772,1.2174662696079692,0.1656507790467127,8.947884979250016,0.846681653371099,Cox_PH,0.9996299973032252,False,15.0,False,False,0.005170630816959669,Small (<20),False
SOCS6,5,967,0.5267004536554227,1.0211874598970752,1.6933358407099766,0.2288183165697858,12.5312794553248,0.6060132810869618,Cox_PH,0.9996299973032252,False,15.0,False,False,0.005170630816959669,Small (<20),False
SOCS4,5,967,-14.82822007322912,2019.7882549730225,3.632334584318447e-07,0.0,inf,0.9941424050000564,Cox_PH,0.9996299973032252,False,15.0,False,False,0.005170630816959669,Small (<20),False
SORCS1,9,967,1.0707664958756118,0.598686895652524,2.9176149829743725,0.9024339115974024,9.432798434855544,0.0736913416769047,Cox_PH,0.9996299973032252,False,27.0,False,False,0.009307135470527405,Medium (20-50),False
SOBP,5,967,-15.01390971388878,1978.8126574679625,3.016767630234055e-07,0.0,inf,0.9939462425730298,Cox_PH,0.9996299973032252,False,15.0,False,False,0.005170630816959669,Small (<20),False
SNX29,5,967,-15.027022843222092,1961.4238237743184,2.977466608980461e-07,0.0,inf,0.9938872404392534,Cox_PH,0.9996299973032252,False,15.0,False,False,0.005170630816959669,Small (<20),False
SNX25,7,967,-0.0079466870796146,1.0079403241153508,0.9920848043653911,0.1375855020083094,7.153604447315052,0.9937094755586606,Cox_PH,0.9996299973032252,False,21.0,False,False,0.007238883143743537,Medium (20-50),False
SNX14,5,967,0.3561035075550494,1.0374544327655069,1.4277553240785603,0.1868765238170757,10.90819340919488,0.7314123693508654,Cox_PH,0.9996299973032252,False,15.0,False,False,0.005170630816959669,Small (<20),False
SNX13,5,967,-14.99403153729476,2017.7398443984523,3.077335464590282e-07,0.0,inf,0.9940708926399868,Cox_PH,0.9996299973032252,False,15.0,False,False,0.005170630816959669,Small (<20),False
SNUPN,5,967,1.2093352289486057,0.7130317792288234,3.3512560938534373,0.8284431534084318,13.556654262133575,0.0898770276549107,Cox_PH,0.9996299973032252,False,15.0,False,False,0.005170630816959669,Small (<20),False
SNTG1,8,967,-0.1125180491617444,1.00467493200854,0.893581218571017,0.1247203914136472,6.402220079109619,0.9108277813200748,Cox_PH,0.9996299973032252,False,24.0,False,False,0.008273009307135471,Medium (20-50),False
SNX7,5,967,-15.17865920106211,2028.382073709628,2.558539146969528e-07,0.0,inf,0.994029376930889,Cox_PH,0.9996299973032252,False,15.0,False,False,0.005170630816959669,Small (<20),False
SNRNP200,14,967,-0.7381829510799065,1.0112691580679398,0.4779816429588498,0.0658569376563347,3.4691326249917953,0.4654164990350492,Cox_PH,0.9996299973032252,False,42.0,False,False,0.014477766287487074,Medium (20-50),False
SORCS3,9,967,0.5397526267376719,0.7212232192759783,1.7155824204691128,0.417343822281672,7.052274130551837,0.4542279777670444,Cox_PH,0.9996299973032252,False,27.0,False,False,0.009307135470527405,Medium (20-50),False
SOS2,6,967,0.099620074523767,1.018922967971964,1.1047511152402243,0.1499476654594943,8.139339968278529,0.922114948502045,Cox_PH,0.9996299973032252,False,18.0,False,False,0.0062047569803516025,Small (<20),False
SPATA2,5,967,0.4666193005986011,1.0239329285638632,1.5945942267808333,0.2143191029353439,11.864228215110897,0.64859654532753,Cox_PH,0.9996299973032252,False,15.0,False,False,0.005170630816959669,Small (<20),False
SPAST,5,967,-14.941609448344993,2030.3760817356197,3.2429590583179025e-07,0.0,inf,0.9941283922734288,Cox_PH,0.9996299973032252,False,15.0,False,False,0.005170630816959669,Small (<20),False
SPARCL1,6,967,0.1768204969485011,1.010703810349203,1.1934168519326078,0.1646128424947471,8.652081823580586,0.8611205813484869,Cox_PH,0.9996299973032252,False,18.0,False,False,0.0062047569803516025,Small (<20),False
SPANXN2,6,967,0.2704764055654788,1.0106407611274328,1.310588673768014,0.1807971695583383,9.500384746093964,0.7889851885779,Cox_PH,0.9996299973032252,False,18.0,False,False,0.0062047569803516025,Small (<20),False
SPAM1,7,967,-14.785106633311884,1710.0777014500832,3.792361900166262e-07,0.0,inf,0.9931016810911136,Cox_PH,0.9996299973032252,False,21.0,False,False,0.007238883143743537,Medium (20-50),False
SPAG6,7,967,-0.0709562650076882,1.0151075079052814,0.9315026304971226,0.1273817264612272,6.811786703857955,0.944273056947205,Cox_PH,0.9996299973032252,False,21.0,False,False,0.007238883143743537,Medium (20-50),False
SORL1,5,967,-14.993388098937617,2026.4339080597092,3.079316177430972e-07,0.0,inf,0.9940965833222084,Cox_PH,0.9996299973032252,False,15.0,False,False,0.005170630816959669,Small (<20),False
SPAG5,10,967,-15.03360084158232,1421.2736476446692,2.957945115077698e-07,0.0,inf,0.991560489177558,Cox_PH,0.9996299973032252,False,30.0,False,False,0.010341261633919338,Medium (20-50),False
SPACA1,5,967,0.3656242833334837,1.012729361353942,1.441413577800109,0.1980322733366742,10.491588402534086,0.718078052568395,Cox_PH,0.9996299973032252,False,15.0,False,False,0.005170630816959669,Small (<20),False
SP140,6,967,1.0141554147359522,0.7330502766012036,2.757033863596132,0.6553255608251166,11.599174790992656,0.1665198181238032,Cox_PH,0.9996299973032252,False,18.0,False,False,0.0062047569803516025,Small (<20),False
SP100,9,967,-14.995642871584666,1499.3106832712856,3.072380841283871e-07,0.0,inf,0.9920199378405186,Cox_PH,0.9996299973032252,False,27.0,False,False,0.009307135470527405,Medium (20-50),False
SP1,5,967,-15.110184168526432,2023.101450697176,2.739872762921769e-07,0.0,inf,0.994040797822176,Cox_PH,0.9996299973032252,False,15.0,False,False,0.005170630816959669,Small (<20),False
SOX6,9,967,-0.2345660533019103,1.010987431795996,0.7909139896854005,0.1090333566101911,5.737188678107791,0.8165249771767018,Cox_PH,0.9996299973032252,False,27.0,False,False,0.009307135470527405,Medium (20-50),False
SOX13,8,967,-14.956030761061122,1587.3166517892116,3.1965269423653613e-07,0.0,inf,0.9924822753818118,Cox_PH,0.9996299973032252,False,24.0,False,False,0.008273009307135471,Medium (20-50),False
SPAG17,15,967,-16.056257182410782,1925.7166704710853,1.0637904952250483e-07,0.0,inf,0.9933474682579791,Cox_PH,0.9996299973032252,False,45.0,False,False,0.015511892450879007,Medium (20-50),False
SLK,5,967,-15.017173887874272,2017.6783238818805,3.006936429918474e-07,0.0,inf,0.9940615605435874,Cox_PH,0.9996299973032252,False,15.0,False,False,0.005170630816959669,Small (<20),False
SNRK,5,967,0.4383256025397598,1.018685702473713,1.550109544864147,0.2104939485384674,11.415243135314263,0.6669880336595241,Cox_PH,0.9996299973032252,False,15.0,False,False,0.005170630816959669,Small (<20),False
SNAPC1,6,967,0.1094609447428693,1.010359933151317,1.1156764970517918,0.1539935555944012,8.083026859592893,0.9137271326166284,Cox_PH,0.9996299973032252,False,18.0,False,False,0.0062047569803516025,Small (<20),False
SMC2,5,967,0.367742447723189,1.048251517423428,1.4444699645334755,0.1851052815291978,11.271928392330738,0.7257270775897078,Cox_PH,0.9996299973032252,False,15.0,False,False,0.005170630816959669,Small (<20),False
SMC1B,10,967,-15.070071253591433,1418.532774306536,2.852011108033549e-07,0.0,inf,0.9915236706376278,Cox_PH,0.9996299973032252,False,30.0,False,False,0.010341261633919338,Medium (20-50),False
SMC1A,9,967,-14.952236237066511,1506.8623263234265,3.2086792821388137e-07,0.0,inf,0.992082911317629,Cox_PH,0.9996299973032252,False,27.0,False,False,0.009307135470527405,Medium (20-50),False
SMARCC2,8,967,-15.016557495027005,1591.2351090324826,3.00879045537138e-07,0.0,inf,0.9924704391731204,Cox_PH,0.9996299973032252,False,24.0,False,False,0.008273009307135471,Medium (20-50),False
SMARCC1,9,967,-15.012941491096887,1497.2226278679543,3.019689947910489e-07,0.0,inf,0.9919995909242024,Cox_PH,0.9996299973032252,False,27.0,False,False,0.009307135470527405,Medium (20-50),False
SMARCAL1,7,967,0.7892040752461735,0.7346503642899821,2.201643386234306,0.5216749225836952,9.291674547326153,0.2827070365867166,Cox_PH,0.9996299973032252,False,21.0,False,False,0.007238883143743537,Medium (20-50),False
SMC3,7,967,-14.883920005132047,1712.3540089555256,3.435545246991679e-07,0.0,inf,0.9930648099766884,Cox_PH,0.9996299973032252,False,21.0,False,False,0.007238883143743537,Medium (20-50),False
SMARCA5,7,967,-15.05915365996512,1695.942453394644,2.883318797672157e-07,0.0,inf,0.9929152617844454,Cox_PH,0.9996299973032252,False,21.0,False,False,0.007238883143743537,Medium (20-50),False
SMARCA2,10,967,0.915806809352642,0.616361154086722,2.498790486375263,0.7465736155059884,8.363480526388143,0.1373245581922952,Cox_PH,0.9996299973032252,False,30.0,False,False,0.010341261633919338,Medium (20-50),False
SMARCA1,10,967,-0.4869068268701964,1.007943409650511,0.6145242874284997,0.0852236833838866,4.4311637897465745,0.6290463133259248,Cox_PH,0.9996299973032252,False,30.0,False,False,0.010341261633919338,Medium (20-50),False
SMAD4,9,967,0.5072501554415623,0.7389901040250787,1.6607181934185504,0.3901708930808948,7.068658802745585,0.4924546359842329,Cox_PH,0.9996299973032252,False,27.0,False,False,0.009307135470527405,Medium (20-50),False
SMAD2,6,967,0.2287562344374133,1.0275028783173936,1.2570355796739698,0.1677719928065695,9.418368478152802,0.8238210096821659,Cox_PH,0.9996299973032252,False,18.0,False,False,0.0062047569803516025,Small (<20),False
SLX4,8,967,-0.1060832949331627,1.0110372954068647,0.8993497336800158,0.1239699112624872,6.524405278936936,0.9164351590923442,Cox_PH,0.9996299973032252,False,24.0,False,False,0.008273009307135471,Medium (20-50),False
SLTM,5,967,1.3662268159080444,0.7273961015874784,3.92052987126269,0.9422642315042348,16.312361180181302,0.0603478963943322,Cox_PH,0.9996299973032252,False,15.0,False,False,0.005170630816959669,Small (<20),False
SMARCA4,14,967,0.122968535287816,0.742556443141254,1.1308488385544686,0.2638321711659261,4.84709309713307,0.8684704878361349,Cox_PH,0.9996299973032252,False,42.0,False,False,0.014477766287487074,Medium (20-50),False
SNCAIP,6,967,0.1529632330463009,1.0249004136175035,1.1652821342808315,0.156321330764649,8.686482169976289,0.8813587954366371,Cox_PH,0.9996299973032252,False,18.0,False,False,0.0062047569803516025,Small (<20),False
SMC4,7,967,0.7811258838282578,0.7337367361183689,2.183929732995582,0.5184051917917992,9.200426913505312,0.2870633014026655,Cox_PH,0.9996299973032252,False,21.0,False,False,0.007238883143743537,Medium (20-50),False
SMC6,7,967,-15.026143368072,1688.6488820380623,2.980086368711217e-07,0.0,inf,0.9929002590684376,Cox_PH,0.9996299973032252,False,21.0,False,False,0.007238883143743537,Medium (20-50),False
SNAP91,8,967,0.8859275146480485,0.7339854298844939,2.4252327875495996,0.57540339483499,10.221966235517828,0.2274284182948804,Cox_PH,0.9996299973032252,False,24.0,False,False,0.008273009307135471,Medium (20-50),False
SNAP25,5,967,-14.931061939922325,2025.21023444935,3.277345221686145e-07,0.0,inf,0.9941175707727362,Cox_PH,0.9996299973032252,False,15.0,False,False,0.005170630816959669,Small (<20),False
SMYD4,5,967,0.439888744624387,1.030003831734563,1.5525344810956847,0.2061979260145227,11.68956139171488,0.6693248016299098,Cox_PH,0.9996299973032252,False,15.0,False,False,0.005170630816959669,Small (<20),False
SMYD3,9,967,0.5420970028525174,0.7214489601167993,1.7196091091107897,0.4181383338522539,7.07195501759869,0.4524117507322609,Cox_PH,0.9996299973032252,False,27.0,False,False,0.009307135470527405,Medium (20-50),False
SMURF2,5,967,-15.032708534078152,1966.8009672089313,2.960585689627838e-07,0.0,inf,0.9939016456345268,Cox_PH,0.9996299973032252,False,15.0,False,False,0.005170630816959669,Small (<20),False
SMTN,7,967,-0.0603016182219896,1.0274973927380415,0.9414805230736218,0.1256573516201092,7.053988993869024,0.9532007327968832,Cox_PH,0.9996299973032252,False,21.0,False,False,0.007238883143743537,Medium (20-50),False
SMC5,7,967,-0.1258924298333083,1.028196589154614,0.8817096873403582,0.1175187075856267,6.615218876393724,0.9025505309972424,Cox_PH,0.9996299973032252,False,21.0,False,False,0.007238883143743537,Medium (20-50),False
SMO,6,967,0.1076910362442004,1.010825943084532,1.1137035981781576,0.1535809004234823,8.076106476618426,0.9151557726667991,Cox_PH,0.9996299973032252,False,18.0,False,False,0.0062047569803516025,Small (<20),False
SMG7,5,967,0.2596059090669328,1.0374318115152217,1.296419078976157,0.1696936644093372,9.904332222322548,0.8024025193548504,Cox_PH,0.9996299973032252,False,15.0,False,False,0.005170630816959669,Small (<20),False
SMG6,5,967,0.4451957263801878,1.030480588261616,1.5607956548222317,0.2071015085152707,11.762749067239811,0.6657215856455052,Cox_PH,0.9996299973032252,False,15.0,False,False,0.005170630816959669,Small (<20),False
SMG5,7,967,0.0025774681266678,1.013412694679338,1.0025807926533137,0.1375577550354374,7.307245204302702,0.997970698593106,Cox_PH,0.9996299973032252,False,21.0,False,False,0.007238883143743537,Medium (20-50),False
SMG1,18,967,-0.254913800021855,0.7364520576355555,0.7749832986253359,0.1829834013998452,3.2822600768897643,0.7292392538650905,Cox_PH,0.9996299973032252,False,54.0,False,False,0.01861427094105481,Large (50-100),False
SMCR8,6,967,0.9611392314166798,0.7180375753846757,2.614673495533054,0.6400465209170224,10.681282164377778,0.1807126603511881,Cox_PH,0.9996299973032252,False,18.0,False,False,0.0062047569803516025,Small (<20),False
SMCHD1,13,967,-15.99359567609841,2063.865571835619,1.1325819919870313e-07,0.0,inf,0.99381698327867,Cox_PH,0.9996299973032252,False,39.0,False,False,0.01344364012409514,Medium (20-50),False
SMG8,12,967,-0.5969693403566249,1.022339974656533,0.5504774203088438,0.0742174715655583,4.082938745793961,0.5592711209008159,Cox_PH,0.9996299973032252,False,36.0,False,False,0.012409513960703205,Medium (20-50),False
SLC22A25,7,967,-0.0262801095889294,1.011055942068148,0.9740622072275896,0.1342636659426898,7.0666712165752665,0.9792631327963022,Cox_PH,0.9996299973032252,False,21.0,False,False,0.007238883143743537,Medium (20-50),False
SLC22A2,8,967,-0.2307275372621696,1.020305202867478,0.7939557599279577,0.1074719135468928,5.865399879083156,0.8210957982788382,Cox_PH,0.9996299973032252,False,24.0,False,False,0.008273009307135471,Medium (20-50),False
SLC22A16,6,967,0.0216471590593201,1.0152981675329729,1.0218831586374422,0.139688931087461,7.47550419190351,0.9829896024163484,Cox_PH,0.9996299973032252,False,18.0,False,False,0.0062047569803516025,Small (<20),False
SEMA4F,10,967,-14.954069451493616,1422.4882871785694,3.202802473358014e-07,0.0,inf,0.9916123025566492,Cox_PH,0.9996299973032252,False,30.0,False,False,0.010341261633919338,Medium (20-50),False
SEMA4D,9,967,-0.1840377352018481,1.0151134793875236,0.8319044111534978,0.1137604730293758,6.083527352404198,0.8561339142263418,Cox_PH,0.9996299973032252,False,27.0,False,False,0.009307135470527405,Medium (20-50),False
SEMA4A,6,967,-15.0606559172951,1783.366329024458,2.878990562748998e-07,0.0,inf,0.9932618880364712,Cox_PH,0.9996299973032252,False,18.0,False,False,0.0062047569803516025,Small (<20),False
SEMA3D,18,967,-0.2769083173794658,0.7188424063798199,0.758124000719399,0.1852888289345655,3.1019247289309604,0.7000787082198111,Cox_PH,0.9996299973032252,False,54.0,False,False,0.01861427094105481,Large (50-100),False
SEMA3C,9,967,0.4681825805970289,0.735475183800799,1.5970889735269485,0.3778156957482875,6.751157291942452,0.5244039590642972,Cox_PH,0.9996299973032252,False,27.0,False,False,0.009307135470527405,Medium (20-50),False
SEMA3A,7,967,-14.816683191401262,1704.7830121706977,3.674483062689488e-07,0.0,inf,0.9930654788066712,Cox_PH,0.9996299973032252,False,21.0,False,False,0.007238883143743537,Medium (20-50),False
SEMA5A,9,967,1.0599290166015436,0.5936741795632393,2.886166112117458,0.9015206094237934,9.239893952129718,0.0742010629514062,Cox_PH,0.9996299973032252,False,27.0,False,False,0.009307135470527405,Medium (20-50),False
SELP,13,967,-0.7201819716394569,1.011180546146645,0.4866636889125351,0.0670648080965403,3.531532450894686,0.4763291889400137,Cox_PH,0.9996299973032252,False,39.0,False,False,0.01344364012409514,Medium (20-50),False
SELENOP,5,967,-14.797692364477228,2018.36699828744,3.744931352951266e-07,0.0,inf,0.994150348022909,Cox_PH,0.9996299973032252,False,15.0,False,False,0.005170630816959669,Small (<20),False
SEL1L3,9,967,0.9784582608472266,0.602639595273948,2.660351510446068,0.8165106314559903,8.667946119099796,0.1044567354436014,Cox_PH,0.9996299973032252,False,27.0,False,False,0.009307135470527405,Medium (20-50),False
SEL1L2,6,967,0.9832442843124112,0.7273209806213423,2.673114532900684,0.6425537309925502,11.120535079560044,0.1764165232539852,Cox_PH,0.9996299973032252,False,18.0,False,False,0.0062047569803516025,Small (<20),False
SECISBP2L,5,967,0.3396588301919251,1.060224395556763,1.4044683466201966,0.1758048009230111,11.220008363263547,0.7486916246148644,Cox_PH,0.9996299973032252,False,15.0,False,False,0.005170630816959669,Small (<20),False
SEC31B,6,967,-14.918299268467946,1839.832452921584,3.319440957618575e-07,0.0,inf,0.993530416202674,Cox_PH,0.9996299973032252,False,18.0,False,False,0.0062047569803516025,Small (<20),False
SEC31A,11,967,0.2143465012431404,0.7225901915364309,1.239051913448154,0.3006133852630006,5.107056836063281,0.7667441726004133,Cox_PH,0.9996299973032252,False,33.0,False,False,0.011375387797311272,Medium (20-50),False
SELL,5,967,-14.871933191867427,2003.4271772567968,3.476974291383628e-07,0.0,inf,0.9940771608574548,Cox_PH,0.9996299973032252,False,15.0,False,False,0.005170630816959669,Small (<20),False
SEC24D,8,967,-0.0519817584970253,1.025540368673376,0.9493461841861848,0.1271941167518235,7.085690757123388,0.9595747852220224,Cox_PH,0.9996299973032252,False,24.0,False,False,0.008273009307135471,Medium (20-50),False
SEMA5B,9,967,-0.3890421519789579,1.0064617420516366,0.6777057027753695,0.0942591696754599,4.872576547784197,0.6990935251188573,Cox_PH,0.9996299973032252,False,27.0,False,False,0.009307135470527405,Medium (20-50),False
SEMG1,5,967,1.4247054196500923,0.7269998652145906,4.156633199924535,0.9997857067935646,17.281302824508526,0.0500302564880434,Cox_PH,0.9996299973032252,False,15.0,False,False,0.005170630816959669,Small (<20),False
SETD5,8,967,0.633589998973463,0.7237464630955748,1.8843633132179591,0.4561411085813191,7.784488241468674,0.3813395068763621,Cox_PH,0.9996299973032252,False,24.0,False,False,0.008273009307135471,Medium (20-50),False
SETD2,18,967,-1.0187164422419606,1.013027257444864,0.3610580817769603,0.0495759289322816,2.629561184713808,0.3146003130025633,Cox_PH,0.9996299973032252,False,54.0,False,False,0.01861427094105481,Large (50-100),False
SETBP1,9,967,-15.06257171125794,1494.7180147859904,2.8734802899688185e-07,0.0,inf,0.9919596941424482,Cox_PH,0.9996299973032252,False,27.0,False,False,0.009307135470527405,Medium (20-50),False
SERPINE1,6,967,0.0409817784807429,1.0146766697917198,1.041833121590234,0.142589630033198,7.612168241054717,0.9677829978867952,Cox_PH,0.9996299973032252,False,18.0,False,False,0.0062047569803516025,Small (<20),False
SERPINC1,7,967,-14.8075619038568,1715.4028392258624,3.708152399699205e-07,0.0,inf,0.9931126508411636,Cox_PH,0.9996299973032252,False,21.0,False,False,0.007238883143743537,Medium (20-50),False
SERPINB3,5,967,0.3493967017131874,1.0096292404755676,1.4182116857685665,0.196032148622286,10.26017619959842,0.7292943435058408,Cox_PH,0.9996299973032252,False,15.0,False,False,0.005170630816959669,Small (<20),False
SEMA6A,8,967,-0.0625506162754902,1.0279764537388592,0.9393655144264608,0.1252573991635867,7.044754047154218,0.9514800263340556,Cox_PH,0.9996299973032252,False,24.0,False,False,0.008273009307135471,Medium (20-50),False
SERPINA5,5,967,0.174759464519465,1.010344887055172,1.1909597140896022,0.1643895251358486,8.628195983973177,0.8626749235727597,Cox_PH,0.9996299973032252,False,15.0,False,False,0.005170630816959669,Small (<20),False
SERAC1,5,967,1.330135679108112,0.7805032202415065,3.7815564309671874,0.8190168409129198,17.460164829638376,0.0883432288474529,Cox_PH,0.9996299973032252,False,15.0,False,False,0.005170630816959669,Small (<20),False
SEPTIN4,5,967,0.4092225095502187,1.026588391230508,1.505646703986556,0.2013137309550426,11.26089108016104,0.6901704624338751,Cox_PH,0.9996299973032252,False,15.0,False,False,0.005170630816959669,Small (<20),False
SENP7,8,967,-0.170726686656853,1.0130560674803164,0.8430519593358731,0.1157506953236264,6.140236170097396,0.8661691806692605,Cox_PH,0.9996299973032252,False,24.0,False,False,0.008273009307135471,Medium (20-50),False
SENP6,6,967,-14.942744025179165,1846.2529090584544,3.239281758580186e-07,0.0,inf,0.9935423502757824,Cox_PH,0.9996299973032252,False,18.0,False,False,0.0062047569803516025,Small (<20),False
SENP1,5,967,0.4059941603633205,1.006825428523988,1.5007937883419755,0.2085902078932889,10.7981195180463,0.6867703066054579,Cox_PH,0.9996299973032252,False,15.0,False,False,0.005170630816959669,Small (<20),False
SEMG2,6,967,-15.281161508320938,1832.3894222605811,2.3092762012381373e-07,0.0,inf,0.9933461406369816,Cox_PH,0.9996299973032252,False,18.0,False,False,0.0062047569803516025,Small (<20),False
SERINC5,6,967,-0.006958896866201,1.033144356812575,0.9930652601886314,0.1310833581727112,7.52329376314999,0.994625770978634,Cox_PH,0.9996299973032252,False,18.0,False,False,0.0062047569803516025,Small (<20),False
SETD7,6,967,0.0876481967456626,1.0164498581571155,1.0916040246204908,0.1488831475657759,8.00358782071832,0.9312837976609634,Cox_PH,0.9996299973032252,False,18.0,False,False,0.0062047569803516025,Small (<20),False
SEC24C,8,967,-14.99868620907312,1604.064895916963,3.063044763114949e-07,0.0,inf,0.9925395501091558,Cox_PH,0.9996299973032252,False,24.0,False,False,0.008273009307135471,Medium (20-50),False
SEC24A,7,967,-0.1316906521611758,1.03307116414082,0.8766121312077996,0.1157282933706237,6.640111991625915,0.898564531238552,Cox_PH,0.9996299973032252,False,21.0,False,False,0.007238883143743537,Medium (20-50),False
SCN3A,16,967,-0.069976147484742,0.732113709880703,0.9324160601090052,0.222035273775528,3.915592754096095,0.9238533700288314,Cox_PH,0.9996299973032252,False,48.0,False,False,0.016546018614270942,Medium (20-50),False
SCN2A,20,967,-1.148567277530263,1.0118955268958556,0.3170907471276916,0.0436355754674423,2.304233205060354,0.2563480512541889,Cox_PH,0.9996299973032252,False,60.0,False,False,0.020682523267838676,Large (50-100),False
SCN1A,16,967,-0.0480465147829229,0.7209867316054696,0.9530894532973984,0.2319622795387779,3.916065611154148,0.9468683463949228,Cox_PH,0.9996299973032252,False,48.0,False,False,0.016546018614270942,Medium (20-50),False
SCN11A,15,967,-0.8133725288209696,1.0141666217170515,0.4433602966285551,0.0607408328712625,3.236181384657303,0.4225467422056399,Cox_PH,0.9996299973032252,False,45.0,False,False,0.015511892450879007,Medium (20-50),False
SCN10A,22,967,-0.4602820801723492,0.7369588913535203,0.6311055980204135,0.1488640944245758,2.6755563683256436,0.5322536125171109,Cox_PH,0.9996299973032252,False,66.0,False,False,0.022750775594622543,Large (50-100),False
SCML4,5,967,-14.899122441097235,2022.0609673347144,3.383711587599433e-07,0.0,inf,0.9941210119821544,Cox_PH,0.9996299973032252,False,15.0,False,False,0.005170630816959669,Small (<20),False
SCN4A,10,967,-14.946422133943305,1422.8707059666351,3.227389212400934e-07,0.0,inf,0.991618844848048,Cox_PH,0.9996299973032252,False,30.0,False,False,0.010341261633919338,Medium (20-50),False
SCML2,7,967,-15.148673815553629,1718.8212774301128,2.636419734076922e-07,0.0,inf,0.9929680085781164,Cox_PH,0.9996299973032252,False,21.0,False,False,0.007238883143743537,Medium (20-50),False
SCLT1,9,967,-0.2793727183364717,1.0263946539677984,0.7562579794631862,0.1011544987720871,5.653986114748657,0.7854771609248136,Cox_PH,0.9996299973032252,False,27.0,False,False,0.009307135470527405,Medium (20-50),False
SCFD2,5,967,1.2873010365254265,0.7265765499691451,3.622995016974465,0.8721542300283702,15.050196904502572,0.0764385722230106,Cox_PH,0.9996299973032252,False,15.0,False,False,0.005170630816959669,Small (<20),False
SCFD1,6,967,0.2482369822463689,1.0078367392334933,1.2817636514339967,0.1777951868859851,9.240509188760928,0.8054447924502068,Cox_PH,0.9996299973032252,False,18.0,False,False,0.0062047569803516025,Small (<20),False
SCARB2,6,967,-14.915810056867391,1844.0054541652505,3.327714041013426e-07,0.0,inf,0.9935461336345404,Cox_PH,0.9996299973032252,False,18.0,False,False,0.0062047569803516025,Small (<20),False
SCAPER,9,967,-0.2597778121419601,1.0320699114537522,0.7712229231376869,0.1020150590764048,5.830362718582271,0.801268601322939,Cox_PH,0.9996299973032252,False,27.0,False,False,0.009307135470527405,Medium (20-50),False
SCAF8,8,967,0.6634562182525913,0.7401790327285472,1.9414909682853343,0.4550742502894992,8.283015744212287,0.3700682125453561,Cox_PH,0.9996299973032252,False,24.0,False,False,0.008273009307135471,Medium (20-50),False
SCML1,6,967,0.288225335086369,1.0129097041937916,1.3340578803046126,0.1832181636430752,9.713613501060214,0.7759875011606779,Cox_PH,0.9996299973032252,False,18.0,False,False,0.0062047569803516025,Small (<20),False
SEC24B,8,967,-0.0598694572619875,1.0169810936419827,0.9418874821298712,0.1283297185630572,6.913067673853188,0.953055825212808,Cox_PH,0.9996299973032252,False,24.0,False,False,0.008273009307135471,Medium (20-50),False
SCN5A,14,967,-0.6159545483179444,1.0137900796122354,0.5401250736795881,0.0740523425281168,3.939579563018035,0.5434687048862805,Cox_PH,0.9996299973032252,False,42.0,False,False,0.014477766287487074,Medium (20-50),False
MGAM,15,967,0.4876176148504273,0.596555606210113,1.6284320426738252,0.5057911847035226,5.242857127217897,0.4137065195408198,Cox_PH,0.9996299973032252,False,45.0,False,False,0.015511892450879007,Medium (20-50),False
SEC23B,7,967,0.1335240953237741,1.0118547812098968,1.1428488031152877,0.1572825710355981,8.304183853190144,0.8950161348722186,Cox_PH,0.9996299973032252,False,21.0,False,False,0.007238883143743537,Medium (20-50),False
SEC16B,11,967,-15.987608321241009,2220.8570033668825,1.1393835034910261e-07,0.0,inf,0.9942562012563714,Cox_PH,0.9996299973032252,False,33.0,False,False,0.011375387797311272,Medium (20-50),False
SEC16A,7,967,0.7811720796598968,0.7185179306939542,2.1840306237761875,0.5341262394479518,8.93045391389542,0.2769488087705933,Cox_PH,0.9996299973032252,False,21.0,False,False,0.007238883143743537,Medium (20-50),False
SDR16C5,6,967,0.8046230879217515,0.7333772160275828,2.235853619749835,0.5311046184983296,9.412536127219091,0.2725768539436183,Cox_PH,0.9996299973032252,False,18.0,False,False,0.0062047569803516025,Small (<20),False
SDK2,12,967,0.6381900371756918,0.5938647466454312,1.893051423945983,0.5910912546825382,6.062758779316755,0.2825365199035003,Cox_PH,0.9996299973032252,False,36.0,False,False,0.012409513960703205,Medium (20-50),False
SDK1,18,967,0.2616472283068765,0.6026491310060216,1.2990681871028955,0.3987003812091741,4.232697620264961,0.6641709544937908,Cox_PH,0.9996299973032252,False,54.0,False,False,0.01861427094105481,Large (50-100),False
SCN7A,14,967,-0.7785574504131881,1.009629493565101,0.4590677618966893,0.0634545575881566,3.3211674310399615,0.4406287889187985,Cox_PH,0.9996299973032252,False,42.0,False,False,0.014477766287487074,Medium (20-50),False
SDCCAG8,7,967,-0.0532792627017376,1.0168916436528932,0.9481152022952636,0.1292008789986818,6.957556665172222,0.9582145652981292,Cox_PH,0.9996299973032252,False,21.0,False,False,0.007238883143743537,Medium (20-50),False
SCYL2,11,967,-0.4260801499699885,1.0137197997995386,0.653063996963215,0.0895488531313896,4.762680584013767,0.6742564253776888,Cox_PH,0.9996299973032252,False,33.0,False,False,0.011375387797311272,Medium (20-50),False
SCUBE1,6,967,0.253658271425254,1.013739948707104,1.288731332689678,0.1767052783933514,9.398861556127695,0.8024170198979156,Cox_PH,0.9996299973032252,False,18.0,False,False,0.0062047569803516025,Small (<20),False
SCRN2,5,967,0.2957449180713542,1.0413978539235158,1.3441272505279014,0.1745760395328544,10.348946341354514,0.7764192645706793,Cox_PH,0.9996299973032252,False,15.0,False,False,0.005170630816959669,Small (<20),False
SCRIB,7,967,0.7639656013298056,0.7306759972737159,2.1467726070266657,0.5126513198393016,8.98979959268361,0.2957642216755287,Cox_PH,0.9996299973032252,False,21.0,False,False,0.007238883143743537,Medium (20-50),False
SCNN1B,5,967,0.4518348212642487,1.0216168424903018,1.5711923995680677,0.2121346233560913,11.637164727780291,0.6582907631771207,Cox_PH,0.9996299973032252,False,15.0,False,False,0.005170630816959669,Small (<20),False
SCN9A,13,967,-0.6364426417263309,1.0106739353024394,0.5291715324596532,0.072995056820139,3.836184571452253,0.5288771142422186,Cox_PH,0.9996299973032252,False,39.0,False,False,0.01344364012409514,Medium (20-50),False
SCYL3,8,967,-15.009714289722186,1592.3292883157528,3.029450837167673e-07,0.0,inf,0.992479041847472,Cox_PH,0.9996299973032252,False,24.0,False,False,0.008273009307135471,Medium (20-50),False
SETDB1,13,967,0.8886885597610173,0.5322781507316855,2.431938217422835,0.8567778470159716,6.902983677694817,0.0949996614261302,Cox_PH,0.9996299973032252,False,39.0,False,False,0.01344364012409514,Medium (20-50),False
SETX,17,967,-0.1686925698071867,0.7270939177906641,0.8447685708337964,0.203152845719029,3.512793216077158,0.8165307703198637,Cox_PH,0.9996299973032252,False,51.0,False,False,0.017580144777662874,Large (50-100),False
SEZ6L,6,967,0.1502116632018349,1.0215338998233805,1.1620801863117851,0.1569238253150907,8.605642621232791,0.8830963385208398,Cox_PH,0.9996299973032252,False,18.0,False,False,0.0062047569803516025,Small (<20),False
SKIL,5,967,0.4155764604251039,1.012845134509911,1.5152439671590612,0.2081284164068055,11.031479120680295,0.6815814733896273,Cox_PH,0.9996299973032252,False,15.0,False,False,0.005170630816959669,Small (<20),False
SIRPG,7,967,-0.0153990902349377,1.0218891919923154,0.9847188694880858,0.1328809178235638,7.29729496008901,0.987976943638709,Cox_PH,0.9996299973032252,False,21.0,False,False,0.007238883143743537,Medium (20-50),False
SIRPB1,6,967,0.3490909981204178,1.0087292305523532,1.417778199623431,0.1963182339637446,10.23896243737948,0.7292900539370804,Cox_PH,0.9996299973032252,False,18.0,False,False,0.0062047569803516025,Small (<20),False
SIRPA,5,967,-15.044076559381306,2015.1080753518684,2.927120254949736e-07,0.0,inf,0.9940433344184064,Cox_PH,0.9996299973032252,False,15.0,False,False,0.005170630816959669,Small (<20),False
SIPA1L3,10,967,-15.105997554551095,1434.5984577359804,2.7513675979502794e-07,0.0,inf,0.9915986111415068,Cox_PH,0.9996299973032252,False,30.0,False,False,0.010341261633919338,Medium (20-50),False
SIPA1L2,12,967,-15.99917437242946,2144.91446685901,1.1262812522813407e-07,0.0,inf,0.9940485385127708,Cox_PH,0.9996299973032252,False,36.0,False,False,0.012409513960703205,Medium (20-50),False
SKOR1,5,967,0.5246103386471846,1.0097753317074851,1.689800270216915,0.2335055784688941,12.228508509082737,0.6033899825729029,Cox_PH,0.9996299973032252,False,15.0,False,False,0.005170630816959669,Small (<20),False
SIPA1L1,9,967,-0.2284117328194125,1.017074309777873,0.795796536821139,0.1084053995376665,5.841887311124894,0.8223081790126073,Cox_PH,0.9996299973032252,False,27.0,False,False,0.009307135470527405,Medium (20-50),False
SIMC1,6,967,0.2298283528912331,1.0114766633877734,1.2583839934165149,0.1733112951802876,9.136913282193312,0.8202521958449249,Cox_PH,0.9996299973032252,False,18.0,False,False,0.0062047569803516025,Small (<20),False
SIM1,6,967,-14.799084027204117,1846.9005296963624,3.739723296342294e-07,0.0,inf,0.9936066755563432,Cox_PH,0.9996299973032252,False,18.0,False,False,0.0062047569803516025,Small (<20),False
SIK3,7,967,-0.1117133110212732,1.013100207370949,0.8943006068799917,0.1227764916747891,6.514061157443436,0.9121962262644304,Cox_PH,0.9996299973032252,False,21.0,False,False,0.007238883143743537,Medium (20-50),False
SIGLEC9,7,967,0.0459022580585683,1.011458179096677,1.04697207287263,0.1441997521435383,7.601611688514474,0.9638026208904816,Cox_PH,0.9996299973032252,False,21.0,False,False,0.007238883143743537,Medium (20-50),False
SIGLEC8,7,967,0.8958746405241832,0.7291824802975424,2.4494772648941376,0.5866522693153075,10.227419520998192,0.2192212777960055,Cox_PH,0.9996299973032252,False,21.0,False,False,0.007238883143743537,Medium (20-50),False
SIGLEC7,5,967,-15.093658502767935,1995.4178126682848,2.785527180238409e-07,0.0,inf,0.99396473151293,Cox_PH,0.9996299973032252,False,15.0,False,False,0.005170630816959669,Small (<20),False
SIN3A,8,967,-0.2279358118828714,1.0270995026101255,0.7961753631927895,0.1063466926022881,5.960648078880936,0.8243747282518625,Cox_PH,0.9996299973032252,False,24.0,False,False,0.008273009307135471,Medium (20-50),False
SIGLEC6,5,967,1.240875195190959,0.7554831759210106,3.45863912487731,0.786728689924469,15.204968052303432,0.1004880491294937,Cox_PH,0.9996299973032252,False,15.0,False,False,0.005170630816959669,Small (<20),False
SLC10A3,5,967,-14.92956046430289,2027.5053244888393,3.282269771753732e-07,0.0,inf,0.9941248202887248,Cox_PH,0.9996299973032252,False,15.0,False,False,0.005170630816959669,Small (<20),False
SLC12A2,7,967,-14.98747061053091,1711.7920756431408,3.097592015411303e-07,0.0,inf,0.9930142692002922,Cox_PH,0.9996299973032252,False,21.0,False,False,0.007238883143743537,Medium (20-50),False
SLC20A2,6,967,0.2617847468708147,1.009447321773709,1.2992468453785773,0.1796522926391147,9.396163780760212,0.7953769864457648,Cox_PH,0.9996299973032252,False,18.0,False,False,0.0062047569803516025,Small (<20),False
SLC1A7,6,967,0.3028610523815867,1.020137668433233,1.353726354320948,0.1833040961388572,9.99745821825425,0.7665561939085028,Cox_PH,0.9996299973032252,False,18.0,False,False,0.0062047569803516025,Small (<20),False
SLC1A6,9,967,-14.865929074497735,1502.9413405940677,3.4979132502005885e-07,0.0,inf,0.9921080739732704,Cox_PH,0.9996299973032252,False,27.0,False,False,0.009307135470527405,Medium (20-50),False
SLC18A3,5,967,-14.934410909026983,1993.6176379250533,3.266387851980827e-07,0.0,inf,0.9940230141347032,Cox_PH,0.9996299973032252,False,15.0,False,False,0.005170630816959669,Small (<20),False
SLC17A7,5,967,1.285999630396652,0.715716027945685,3.6182830957814462,0.8897597608022858,14.71405331863164,0.0723671386491023,Cox_PH,0.9996299973032252,False,15.0,False,False,0.005170630816959669,Small (<20),False
SLC17A6,6,967,-14.762255461329586,1846.6001287894496,3.8800195397041825e-07,0.0,inf,0.9936215480146666,Cox_PH,0.9996299973032252,False,18.0,False,False,0.0062047569803516025,Small (<20),False
SLC11A1,5,967,0.4142348320107897,1.012982804783395,1.513212435882869,0.2077932954312596,11.01966197397385,0.6825940942522296,Cox_PH,0.9996299973032252,False,15.0,False,False,0.005170630816959669,Small (<20),False
SLC16A2,6,967,0.2179653673685347,1.0215277521343842,1.2435439996722366,0.1679264779168384,9.208801960859574,0.8310368582132142,Cox_PH,0.9996299973032252,False,18.0,False,False,0.0062047569803516025,Small (<20),False
SLC15A1,7,967,1.3332615881053085,0.61146267002841,3.7933957268785097,1.1443018978323842,12.575222647064017,0.0292243866097211,Cox_PH,0.9996299973032252,False,21.0,False,False,0.007238883143743537,Medium (20-50),True
SLC13A3,8,967,-0.1981481287329009,1.032527987089339,0.8202483417908587,0.1084026240216258,6.206559557787377,0.8478159794662972,Cox_PH,0.9996299973032252,False,24.0,False,False,0.008273009307135471,Medium (20-50),False
SLC13A1,8,967,-0.2529075430028917,1.0174930098417512,0.7765396750312833,0.1056954067808601,5.705204088460807,0.8037015478991547,Cox_PH,0.9996299973032252,False,24.0,False,False,0.008273009307135471,Medium (20-50),False
SLC12A7,5,967,-14.891661406414205,2016.7782094842769,3.40905199237936e-07,0.0,inf,0.9941085644935248,Cox_PH,0.9996299973032252,False,15.0,False,False,0.005170630816959669,Small (<20),False
SLC12A6,6,967,0.1481706118962395,1.0204774266688412,1.15971073993369,0.1569284759906217,8.57033111312393,0.8845550629465351,Cox_PH,0.9996299973032252,False,18.0,False,False,0.0062047569803516025,Small (<20),False
SLC12A5,11,967,-16.001540898718126,2230.776692155699,1.1236190294420241e-07,0.0,inf,0.9942767588566732,Cox_PH,0.9996299973032252,False,33.0,False,False,0.011375387797311272,Medium (20-50),False
SLC16A1,7,967,-0.0369483909115768,1.0343646514151583,0.9637258710793308,0.1269067000624275,7.318506856854202,0.9715049403667532,Cox_PH,0.9996299973032252,False,21.0,False,False,0.007238883143743537,Medium (20-50),False
SIGLEC10,5,967,-14.97083670975543,2008.5833592888837,3.149547970787349e-07,0.0,inf,0.9940530778467886,Cox_PH,0.9996299973032252,False,15.0,False,False,0.005170630816959669,Small (<20),False
SIGLEC1,7,967,-14.898178738646331,1716.522885671659,3.386906311715197e-07,0.0,inf,0.993075025297238,Cox_PH,0.9996299973032252,False,21.0,False,False,0.007238883143743537,Medium (20-50),False
SIDT2,8,967,0.624694546285844,0.7239832665501259,1.86767538191221,0.4518917332034238,7.719130658738261,0.3882157025866283,Cox_PH,0.9996299973032252,False,24.0,False,False,0.008273009307135471,Medium (20-50),False
SH2B1,7,967,0.7661755594399079,0.7285286928989322,2.151522130751325,0.5159524449785161,8.971849099979497,0.2929485925666964,Cox_PH,0.9996299973032252,False,21.0,False,False,0.007238883143743537,Medium (20-50),False
SGSM3,6,967,-14.871493549252303,1839.0871519698449,3.478503253527641e-07,0.0,inf,0.9935481003318029,Cox_PH,0.9996299973032252,False,18.0,False,False,0.0062047569803516025,Small (<20),False
SGSM2,5,967,-15.033769648139064,1993.695053574608,2.957445836689699e-07,0.0,inf,0.9939834835850416,Cox_PH,0.9996299973032252,False,15.0,False,False,0.005170630816959669,Small (<20),False
SGSM1,12,967,-0.7034923439425718,1.0178145329559751,0.4948540818844788,0.0673125333553206,3.637963840479555,0.4894528660210051,Cox_PH,0.9996299973032252,False,36.0,False,False,0.012409513960703205,Medium (20-50),False
SGK2,5,967,0.3105047758785685,1.0117432076781825,1.3641135119707213,0.1877747991258094,9.90977320814148,0.7589188981486108,Cox_PH,0.9996299973032252,False,15.0,False,False,0.005170630816959669,Small (<20),False
SGIP1,9,967,-14.946140758176728,1510.5292246624224,3.228297449286546e-07,0.0,inf,0.9921053494537332,Cox_PH,0.9996299973032252,False,27.0,False,False,0.009307135470527405,Medium (20-50),False
SH3BP4,5,967,1.387484002982257,0.7287785683095646,4.004761399067746,0.9599040082706278,16.708039267757066,0.0569299145614641,Cox_PH,0.9996299973032252,False,15.0,False,False,0.005170630816959669,Small (<20),False
SFSWAP,6,967,0.1653280697845429,1.019066787604345,1.179780105433592,0.1600862039864688,8.69457243982464,0.8711209769763562,Cox_PH,0.9996299973032252,False,18.0,False,False,0.0062047569803516025,Small (<20),False
SFMBT1,12,967,-0.5507406594004887,1.0110416704559633,0.5765226452912654,0.0794694718072511,4.182465957994586,0.5859419974888209,Cox_PH,0.9996299973032252,False,36.0,False,False,0.012409513960703205,Medium (20-50),False
SFI1,6,967,0.9252772733925472,0.7132008222974459,2.522567604276505,0.6233816556890992,10.20778725211464,0.194507804638184,Cox_PH,0.9996299973032252,False,18.0,False,False,0.0062047569803516025,Small (<20),False
SF3B3,5,967,1.328311413298728,0.7495806170133448,3.774664155446635,0.8686051793330437,16.40341299525064,0.0763824755021733,Cox_PH,0.9996299973032252,False,15.0,False,False,0.005170630816959669,Small (<20),False
SF3B2,5,967,0.2997026047036303,1.0153476285663838,1.3494574256033804,0.1844496509569206,9.87280449742579,0.767862178503849,Cox_PH,0.9996299973032252,False,15.0,False,False,0.005170630816959669,Small (<20),False
SF3B1,15,967,-0.9108313599965928,1.0057338007403305,0.4021897205617837,0.0560187059362826,2.8875456621499325,0.3651271663764071,Cox_PH,0.9996299973032252,False,45.0,False,False,0.015511892450879007,Medium (20-50),False
SEZ6L2,5,967,-14.92633353950416,2014.9923847869336,3.292878517082242e-07,0.0,inf,0.9940896143067663,Cox_PH,0.9996299973032252,False,15.0,False,False,0.005170630816959669,Small (<20),False
SFMBT2,7,967,0.8942587523859812,0.7341436486723413,2.4455223798234846,0.5800373395312013,10.310680541792626,0.2231868154837389,Cox_PH,0.9996299973032252,False,21.0,False,False,0.007238883143743537,Medium (20-50),False
SH3D19,6,967,1.0854828031868051,0.7254526872637473,2.9608689906917625,0.7143341250483569,12.272611474982511,0.1345798227410985,Cox_PH,0.9996299973032252,False,18.0,False,False,0.0062047569803516025,Small (<20),False
SH3KBP1,9,967,-15.04567511102038,1507.3768991870245,2.922444840010146e-07,0.0,inf,0.9920361572782742,Cox_PH,0.9996299973032252,False,27.0,False,False,0.009307135470527405,Medium (20-50),False
SH3PXD2A,9,967,-15.028486613251696,1502.5355878298326,2.973111470832056e-07,0.0,inf,0.9920196249540976,Cox_PH,0.9996299973032252,False,27.0,False,False,0.009307135470527405,Medium (20-50),False
SI,19,967,0.8687553695101846,0.4775231291709493,2.3839418795205645,0.9350175651017054,6.078152001683369,0.0688664587254186,Cox_PH,0.9996299973032252,False,57.0,False,False,0.01964839710444674,Large (50-100),False
SHROOM4,9,967,-0.2985490979052504,1.021199618553223,0.7418938555216601,0.1002487832256048,5.490405720158534,0.7700179930723001,Cox_PH,0.9996299973032252,False,27.0,False,False,0.009307135470527405,Medium (20-50),False
SHROOM3,5,967,0.4016522560213604,1.018727898122543,1.4942916114061109,0.2028974856486575,11.005101481569032,0.6933828636087267,Cox_PH,0.9996299973032252,False,15.0,False,False,0.005170630816959669,Small (<20),False
SHROOM2,16,967,0.719163226783027,0.5195696484068959,2.0527148350027833,0.7414160916470188,5.683230026043969,0.1663120005486892,Cox_PH,0.9996299973032252,False,48.0,False,False,0.016546018614270942,Medium (20-50),False
SHPRH,9,967,-0.3080224953838021,1.0194237037771017,0.7348987859928758,0.0996498283566512,5.419740651442421,0.7625350087142074,Cox_PH,0.9996299973032252,False,27.0,False,False,0.009307135470527405,Medium (20-50),False
SHOC2,5,967,0.5938519784465988,1.0383475115081888,1.8109507406465204,0.2366177890442106,13.860084646617238,0.5673759979017134,Cox_PH,0.9996299973032252,False,15.0,False,False,0.005170630816959669,Small (<20),False
SHOC1,7,967,-0.0448974339547112,1.0452192608671589,0.9560955397427376,0.1232516368700851,7.416685930747469,0.9657373745490572,Cox_PH,0.9996299973032252,False,21.0,False,False,0.007238883143743537,Medium (20-50),False
SHMT2,5,967,-14.8099143345413,1952.371133707568,3.6994394804986474e-07,0.0,inf,0.9939476217060562,Cox_PH,0.9996299973032252,False,15.0,False,False,0.005170630816959669,Small (<20),False
SHE,5,967,-14.976760570679655,1956.436086382041,3.130945639844492e-07,0.0,inf,0.9938921545132178,Cox_PH,0.9996299973032252,False,15.0,False,False,0.005170630816959669,Small (<20),False
SHCBP1L,5,967,0.3106360923089209,1.0559178615142175,1.3642926542496137,0.1722233813068431,10.80744340469815,0.7686158935049503,Cox_PH,0.9996299973032252,False,15.0,False,False,0.005170630816959669,Small (<20),False
SHC4,5,967,1.3553174497856573,0.7344445634248821,3.877991828927643,0.919253000688445,16.359827614342,0.0649846275747968,Cox_PH,0.9996299973032252,False,15.0,False,False,0.005170630816959669,Small (<20),False
SHANK2,8,967,1.0052959447864915,0.5899338694803868,2.73271588618705,0.8598696771674245,8.684730154945377,0.0883656876583331,Cox_PH,0.9996299973032252,False,24.0,False,False,0.008273009307135471,Medium (20-50),False
SHANK1,15,967,-0.0113664661588996,0.7172009116154829,0.988697888060108,0.2424207919909548,4.032341887122418,0.9873553587615556,Cox_PH,0.9996299973032252,False,45.0,False,False,0.015511892450879007,Medium (20-50),False
SH3RF1,6,967,-15.097957613581542,1831.4437520189415,2.7735775949166913e-07,0.0,inf,0.993422516622158,Cox_PH,0.9996299973032252,False,18.0,False,False,0.0062047569803516025,Small (<20),False
SH3PXD2B,8,967,1.0393262583251008,0.6021151442457336,2.827311494927662,0.8686461538397349,9.202470135871833,0.0843248509449208,Cox_PH,0.9996299973032252,False,24.0,False,False,0.008273009307135471,Medium (20-50),False
SPATA31A1,8,967,-0.2347098749215568,1.0075331747704646,0.7908002473339034,0.1097582677300803,5.697657626314521,0.8157963614304145,Cox_PH,0.9996299973032252,False,24.0,False,False,0.008273009307135471,Medium (20-50),False
TNKS2,8,967,-0.0962427151030087,1.0364570908523216,0.9082435448883912,0.1191110993803408,6.925520300987008,0.9260168459413732,Cox_PH,0.9996299973032252,False,24.0,False,False,0.008273009307135471,Medium (20-50),False
SPATA31A3,5,967,-15.051325995020717,2020.2469679512312,2.90597701592522e-07,0.0,inf,0.9940556230376768,Cox_PH,0.9996299973032252,False,15.0,False,False,0.005170630816959669,Small (<20),False
SPECC1,6,967,0.1982085291420197,1.0145402451193195,1.219216609508549,0.1669116996031043,8.905841498446254,0.8451049969487358,Cox_PH,0.9996299973032252,False,18.0,False,False,0.0062047569803516025,Small (<20),False
TF,8,967,-0.1622952111696887,1.053227128826554,0.850190181851663,0.1078924497510877,6.699480334208244,0.8775361955370731,Cox_PH,0.9996299973032252,False,24.0,False,False,0.008273009307135471,Medium (20-50),False
TEX55,8,967,-14.956319246988643,1594.0049032867555,3.1956049223268426e-07,0.0,inf,0.9925136735198808,Cox_PH,0.9996299973032252,False,24.0,False,False,0.008273009307135471,Medium (20-50),False
TEX15,25,967,0.7332395073049098,0.4306447483530486,2.081813746598968,0.8950960934682581,4.84188067309683,0.0886326189586213,Cox_PH,0.9996299973032252,False,75.0,False,False,0.025853154084798345,Large (50-100),False
TEX14,9,967,1.0394676065920556,0.5962473276657221,2.8277111587528405,0.8788182641486346,9.098525512645669,0.0812725468468283,Cox_PH,0.9996299973032252,False,27.0,False,False,0.009307135470527405,Medium (20-50),False
TEX11,6,967,0.2263080374509038,1.0229823406231764,1.253961873010803,0.1688512126816842,9.312461272807466,0.8249181810871894,Cox_PH,0.9996299973032252,False,18.0,False,False,0.0062047569803516025,Small (<20),False
TET3,10,967,0.4639980572775029,0.727632356028403,1.5904198806925558,0.3820662100951494,6.620411148822071,0.5236807039756624,Cox_PH,0.9996299973032252,False,30.0,False,False,0.010341261633919338,Medium (20-50),False
TFAP2A,7,967,-14.888530720968188,1704.1764529126856,3.419741385669886e-07,0.0,inf,0.9930293734201828,Cox_PH,0.9996299973032252,False,21.0,False,False,0.007238883143743537,Medium (20-50),False
TET2,7,967,-15.068426008108776,1710.7134916368188,2.856707228501724e-07,0.0,inf,0.9929721083856754,Cox_PH,0.9996299973032252,False,21.0,False,False,0.007238883143743537,Medium (20-50),False
TERT,5,967,-15.040210338665725,2006.3187041067647,2.9384590529402205e-07,0.0,inf,0.9940187771758924,Cox_PH,0.9996299973032252,False,15.0,False,False,0.005170630816959669,Small (<20),False
TEP1,18,967,0.1899040087329794,0.5967653359732118,1.2091335258272584,0.3754026672472024,3.894495193654894,0.7503163552615048,Cox_PH,0.9996299973032252,False,54.0,False,False,0.01861427094105481,Large (50-100),False
TENM4,12,967,1.014983674601603,0.5316705238844507,2.7593183500372063,0.9732731055014354,7.822920117503256,0.0562561123322971,Cox_PH,0.9996299973032252,False,36.0,False,False,0.012409513960703205,Medium (20-50),False
TENM3,15,967,-0.8155819844456375,1.015440413504128,0.4423817931055339,0.0604556527628921,3.2371108726393487,0.4218703887897941,Cox_PH,0.9996299973032252,False,45.0,False,False,0.015511892450879007,Medium (20-50),False
TENM2,18,967,-16.046068323167134,1753.3464928832152,1.0746847124219373e-07,0.0,inf,0.9926981167062032,Cox_PH,0.9996299973032252,False,54.0,False,False,0.01861427094105481,Large (50-100),False
TENM1,23,967,0.1912059020818405,0.5209691098916147,1.210708713863346,0.4360957047971087,3.3612245516304746,0.713604358267121,Cox_PH,0.9996299973032252,False,69.0,False,False,0.023784901758014478,Large (50-100),False
TET1,10,967,-14.989790673997952,1434.355831594962,3.0904137355928e-07,0.0,inf,0.9916618285456594,Cox_PH,0.9996299973032252,False,30.0,False,False,0.010341261633919338,Medium (20-50),False
TEKT5,6,967,0.3677768825699768,1.019967008162215,1.4445197054918,0.195663593627261,10.664412018973536,0.7184155106105504,Cox_PH,0.9996299973032252,False,18.0,False,False,0.0062047569803516025,Small (<20),False
TFAP4,5,967,0.4148703440737942,1.0079988009318677,1.51417440627928,0.2099664956005304,10.919476110099056,0.6806486041441837,Cox_PH,0.9996299973032252,False,15.0,False,False,0.005170630816959669,Small (<20),False
TFDP1,5,967,1.2239713135353982,0.7400619534245237,3.4006660637379507,0.7972793855145155,14.50499020440109,0.0981525423750358,Cox_PH,0.9996299973032252,False,15.0,False,False,0.005170630816959669,Small (<20),False
THADA,16,967,0.1770901108661809,0.6102008533661577,1.1937386571051098,0.3609905270936044,3.947505196161579,0.7716509212580194,Cox_PH,0.9996299973032252,False,48.0,False,False,0.016546018614270942,Medium (20-50),False
TGS1,13,967,0.3677232015354724,0.6079932735253432,1.4444421642609129,0.4386981821343981,4.755919333295898,0.5453021992711593,Cox_PH,0.9996299973032252,False,39.0,False,False,0.01344364012409514,Medium (20-50),False
TGM7,6,967,0.1063186002105951,1.0289989519266685,1.1121761596248714,0.1480035016699713,8.357476654816818,0.9177071298303,Cox_PH,0.9996299973032252,False,18.0,False,False,0.0062047569803516025,Small (<20),False
TGM5,5,967,-15.05563134957649,2003.5053714833432,2.893492648638775e-07,0.0,inf,0.9940042373132528,Cox_PH,0.9996299973032252,False,15.0,False,False,0.005170630816959669,Small (<20),False
TGM2,6,967,1.102151888142502,0.7528412843908958,3.0106376137628743,0.6883780991647337,13.167093567331444,0.1431967618952099,Cox_PH,0.9996299973032252,False,18.0,False,False,0.0062047569803516025,Small (<20),False
TGM1,6,967,0.1750287209225441,1.0207182425000414,1.1912804307940057,0.1611243205929355,8.80778928699466,0.8638494696784695,Cox_PH,0.9996299973032252,False,18.0,False,False,0.0062047569803516025,Small (<20),False
TFB2M,5,967,-14.8057116953394,2003.7333034696449,3.715019605775506e-07,0.0,inf,0.9941044343293036,Cox_PH,0.9996299973032252,False,15.0,False,False,0.005170630816959669,Small (<20),False
TGFBRAP1,5,967,1.158753847302589,0.7420678092245936,3.1859606079492617,0.7440112980021263,13.642729650290097,0.118401069970417,Cox_PH,0.9996299973032252,False,15.0,False,False,0.005170630816959669,Small (<20),False
TGFBR2,5,967,-15.105826921585102,2012.114451508084,2.75183711202021e-07,0.0,inf,0.9940099864337092,Cox_PH,0.9996299973032252,False,15.0,False,False,0.005170630816959669,Small (<20),False
TGFBI,7,967,-15.04911774507748,1681.3598266120614,2.9124012300303225e-07,0.0,inf,0.9928585789968212,Cox_PH,0.9996299973032252,False,21.0,False,False,0.007238883143743537,Medium (20-50),False
TG,24,967,0.2177112175730527,0.5225662030560428,1.2432279933772157,0.4464095206967423,3.462327239581244,0.6769568176090828,Cox_PH,0.9996299973032252,False,72.0,False,False,0.02481902792140641,Large (50-100),False
TFIP11,5,967,0.3169481538755975,1.0182339349263914,1.3729313889086077,0.1865995581296265,10.101527664610504,0.7555935226189578,Cox_PH,0.9996299973032252,False,15.0,False,False,0.005170630816959669,Small (<20),False
TFE3,6,967,0.1967533687830752,1.0094840571386776,1.217443744044034,0.168328915510942,8.805197047774058,0.8454674139548546,Cox_PH,0.9996299973032252,False,18.0,False,False,0.0062047569803516025,Small (<20),False
TFDP2,5,967,-14.91622234679699,1987.5011106413076,3.32634234081425e-07,0.0,inf,0.9940119219414898,Cox_PH,0.9996299973032252,False,15.0,False,False,0.005170630816959669,Small (<20),False
TGFBR3,6,967,-14.877725480459072,1825.265430163212,3.456892867708134e-07,0.0,inf,0.9934965206593146,Cox_PH,0.9996299973032252,False,18.0,False,False,0.0062047569803516025,Small (<20),False
THAP12,9,967,0.5183972621323141,0.7146005174247163,1.679333959506479,0.4138632175994931,6.814238201474715,0.4681843187784658,Cox_PH,0.9996299973032252,False,27.0,False,False,0.009307135470527405,Medium (20-50),False
TEK,9,967,-0.4036254900780052,1.0233609102312715,0.6678942074436595,0.089868042938546,4.963751938404133,0.6932771260250981,Cox_PH,0.9996299973032252,False,27.0,False,False,0.009307135470527405,Medium (20-50),False
TECPR2,6,967,-14.906203073855764,1856.416609244716,3.359837390443138e-07,0.0,inf,0.9935934092420704,Cox_PH,0.9996299973032252,False,18.0,False,False,0.0062047569803516025,Small (<20),False
TBX19,5,967,0.4433578215377152,1.0431554600306394,1.5579296954172004,0.2016489670586717,12.036485836084292,0.6708249687354169,Cox_PH,0.9996299973032252,False,15.0,False,False,0.005170630816959669,Small (<20),False
TBX18,8,967,-0.1293536479973425,1.0039296502832349,0.87866317312175,0.1228175003348755,6.286147899894603,0.8974784591911206,Cox_PH,0.9996299973032252,False,24.0,False,False,0.008273009307135471,Medium (20-50),False
TBL1X,6,967,-15.036746709935535,1847.565322472708,2.948654430447097e-07,0.0,inf,0.9935063429420962,Cox_PH,0.9996299973032252,False,18.0,False,False,0.0062047569803516025,Small (<20),False
TBCE,5,967,-15.01644197175671,2012.870035835683,3.0091380607622873e-07,0.0,inf,0.9940476653444434,Cox_PH,0.9996299973032252,False,15.0,False,False,0.005170630816959669,Small (<20),False
TBCD,5,967,-14.951611195868692,1998.1897559775632,3.210685465789143e-07,0.0,inf,0.9940298220546951,Cox_PH,0.9996299973032252,False,15.0,False,False,0.005170630816959669,Small (<20),False
TBCC,6,967,-14.95277551956443,1848.9121770906545,3.206949364059726e-07,0.0,inf,0.9935473091562046,Cox_PH,0.9996299973032252,False,18.0,False,False,0.0062047569803516025,Small (<20),False
TBX20,5,967,-14.962865689851428,1986.8086839969671,3.174753403396957e-07,0.0,inf,0.9939911040447136,Cox_PH,0.9996299973032252,False,15.0,False,False,0.005170630816959669,Small (<20),False
TBC1D8B,10,967,-14.991288318672469,1429.9916526995494,3.0857888579957306e-07,0.0,inf,0.9916355466978344,Cox_PH,0.9996299973032252,False,30.0,False,False,0.010341261633919338,Medium (20-50),False
TBC1D5,5,967,-15.047537557013936,2003.265051351243,2.917007009730942e-07,0.0,inf,0.9940067416520996,Cox_PH,0.9996299973032252,False,15.0,False,False,0.005170630816959669,Small (<20),False
TBC1D4,16,967,-0.126512158265364,0.7201580095772089,0.8811634360595023,0.2148055976128803,3.614659066974103,0.8605510225541924,Cox_PH,0.9996299973032252,False,48.0,False,False,0.016546018614270942,Medium (20-50),False
TBC1D32,6,967,-14.931541053208006,1856.9937114804695,3.2757753781451417e-07,0.0,inf,0.993584513707542,Cox_PH,0.9996299973032252,False,18.0,False,False,0.0062047569803516025,Small (<20),False
TBC1D31,10,967,0.7713626780960777,0.597203529617604,2.162711326088632,0.6708858739861709,6.97185685577345,0.1964872339370988,Cox_PH,0.9996299973032252,False,30.0,False,False,0.010341261633919338,Medium (20-50),False
TBC1D2B,5,967,0.5762757439975961,1.0065631018832586,1.7793991372920457,0.2474398057378352,12.796087033588924,0.5669709266210301,Cox_PH,0.9996299973032252,False,15.0,False,False,0.005170630816959669,Small (<20),False
TBC1D25,11,967,0.2833160284508781,0.7414279718742368,1.3275246310842188,0.3104033195130887,5.6775219056927,0.7023707851623915,Cox_PH,0.9996299973032252,False,33.0,False,False,0.011375387797311272,Medium (20-50),False
TBC1D8,13,967,-0.061430772103796,0.7213963424328913,0.9404180466489248,0.2286946426923249,3.867104589995976,0.932137871615401,Cox_PH,0.9996299973032252,False,39.0,False,False,0.01344364012409514,Medium (20-50),False
TECTA,12,967,0.3406791744751624,0.7326447473815645,1.4059021192151016,0.3344377449815481,5.9101007540957005,0.6419320753753488,Cox_PH,0.9996299973032252,False,36.0,False,False,0.012409513960703205,Medium (20-50),False
TBX22,5,967,-15.17342180923984,2006.6704966707216,2.571974371030166e-07,0.0,inf,0.9939668602051456,Cox_PH,0.9996299973032252,False,15.0,False,False,0.005170630816959669,Small (<20),False
TBXAS1,5,967,-15.017104539255945,2026.4333877294596,3.0071449640359844e-07,0.0,inf,0.9940872439900688,Cox_PH,0.9996299973032252,False,15.0,False,False,0.005170630816959669,Small (<20),False
TEC,7,967,-0.1012140060148735,1.0295338627014643,0.9037396064777292,0.1201396603226965,6.798298531248824,0.9216857275084926,Cox_PH,0.9996299973032252,False,21.0,False,False,0.007238883143743537,Medium (20-50),False
TDRKH,5,967,-14.918898225746434,1997.119376519056,3.3174533496020645e-07,0.0,inf,0.9940396913733192,Cox_PH,0.9996299973032252,False,15.0,False,False,0.005170630816959669,Small (<20),False
TDRD6,13,967,-0.7205492607070679,1.0247178579449625,0.4864849754817479,0.0652847855941584,3.6251575189465473,0.481950782846924,Cox_PH,0.9996299973032252,False,39.0,False,False,0.01344364012409514,Medium (20-50),False
TDRD5,9,967,1.0035806087972703,0.6132825284597248,2.7280323783223435,0.8199981892288389,9.07582572124212,0.1017541670040559,Cox_PH,0.9996299973032252,False,27.0,False,False,0.009307135470527405,Medium (20-50),False
TDRD1,7,967,0.9678230437616362,0.7471802353000564,2.6322080159654977,0.6085658123031447,11.384995507867476,0.1952165353849382,Cox_PH,0.9996299973032252,False,21.0,False,False,0.007238883143743537,Medium (20-50),False
TCP11L2,6,967,0.0314512693006535,1.0199730752511411,1.0319510866722037,0.1397785410876302,7.618644728995408,0.9754008153350464,Cox_PH,0.9996299973032252,False,18.0,False,False,0.0062047569803516025,Small (<20),False
TBX3,35,967,-0.5811589853037945,0.5846343784741607,0.5592498284825832,0.1778095283420207,1.7589629395799138,0.3201958766961505,Cox_PH,0.9996299973032252,False,105.0,False,False,0.03619441571871768,Very Large (>100),False
TCHHL1,7,967,0.8594850809033826,0.7198885770085529,2.3619441703686586,0.5760870334083473,9.683919165707186,0.2325115940185963,Cox_PH,0.9996299973032252,False,21.0,False,False,0.007238883143743537,Medium (20-50),False
TCF7L2,5,967,1.0804412631554787,0.728754407485318,2.945979216382222,0.7061572196801311,12.290171793877928,0.1381843729193466,Cox_PH,0.9996299973032252,False,15.0,False,False,0.005170630816959669,Small (<20),False
TCF4,9,967,-0.1915078931730615,1.0129759678663777,0.8257131075843035,0.1133878779041492,6.013007286483295,0.8500499256155681,Cox_PH,0.9996299973032252,False,27.0,False,False,0.009307135470527405,Medium (20-50),False
TCF20,9,967,0.4809045275621109,0.7299487610660271,1.6175368473433611,0.3868202964219239,6.7639301161685585,0.5100116400128676,Cox_PH,0.9996299973032252,False,27.0,False,False,0.009307135470527405,Medium (20-50),False
TCF12,8,967,-0.1292556884649726,1.0193385013113163,0.878749250771294,0.1191753726436577,6.479528686182845,0.8990959264240088,Cox_PH,0.9996299973032252,False,24.0,False,False,0.008273009307135471,Medium (20-50),False
TCERG1,5,967,0.2645297563065945,1.0426652286086948,1.3028181896729123,0.1687909871737088,10.055840443635873,0.799723193488866,Cox_PH,0.9996299973032252,False,15.0,False,False,0.005170630816959669,Small (<20),False
TC2N,6,967,0.9528196838025248,0.713694546432135,2.5930108316214944,0.6401699268260342,10.503000673965673,0.1818591663765953,Cox_PH,0.9996299973032252,False,18.0,False,False,0.0062047569803516025,Small (<20),False
TCHH,22,967,-0.0603003705399198,0.6018735318310228,0.9414816977427224,0.2893921781608402,3.0629293190221496,0.9201952505859952,Cox_PH,0.9996299973032252,False,66.0,False,False,0.022750775594622543,Large (50-100),False
TBC1D23,5,967,1.1390436739048069,0.731254994622706,3.123779584357238,0.7451154430033556,13.09595577876532,0.1193148342244359,Cox_PH,0.9996299973032252,False,15.0,False,False,0.005170630816959669,Small (<20),False
THAP5,5,967,-15.144855261643908,2023.4062759715468,2.646506290734025e-07,0.0,inf,0.994028024176353,Cox_PH,0.9996299973032252,False,15.0,False,False,0.005170630816959669,Small (<20),False
THBS2,7,967,0.8198497256260087,0.7220560307622751,2.2701586652260426,0.5513529597150612,9.347225356265932,0.2561919208695969,Cox_PH,0.9996299973032252,False,21.0,False,False,0.007238883143743537,Medium (20-50),False
TMEM63A,5,967,0.3714554745648407,1.0289943098021814,1.4498432897608389,0.192940510634193,10.894785952183575,0.7181077808251484,Cox_PH,0.9996299973032252,False,15.0,False,False,0.005170630816959669,Small (<20),False
TMEM59L,5,967,0.513858265981775,1.0184109220304642,1.6717287422120155,0.2271312712503668,12.304236982221587,0.613861804661589,Cox_PH,0.9996299973032252,False,15.0,False,False,0.005170630816959669,Small (<20),False
TMEM214,5,967,0.3070895815155353,1.009609885294814,1.3594627453504449,0.1879187118070235,9.834778762711238,0.761000987947557,Cox_PH,0.9996299973032252,False,15.0,False,False,0.005170630816959669,Small (<20),False
TMEM185A,5,967,-15.13248558706997,1985.58755124879,2.6794460191641433e-07,0.0,inf,0.9939192508889568,Cox_PH,0.9996299973032252,False,15.0,False,False,0.005170630816959669,Small (<20),False
TMEM145,6,967,0.1886567590313403,1.0258833121926203,1.2076263744903373,0.161689971601453,9.019492340312658,0.8540943381871571,Cox_PH,0.9996299973032252,False,18.0,False,False,0.0062047569803516025,Small (<20),False
TMEM132E,8,967,-0.1167027602682448,1.0102014173087543,0.8898496525295689,0.1228615044364166,6.444918672770966,0.9080296010721464,Cox_PH,0.9996299973032252,False,24.0,False,False,0.008273009307135471,Medium (20-50),False
TMEM67,9,967,0.4882395954566754,0.743456603769531,1.6294452108757846,0.3794868445625575,6.996531588088674,0.5113637621253881,Cox_PH,0.9996299973032252,False,27.0,False,False,0.009307135470527405,Medium (20-50),False
TMEM132D,15,967,0.3359974985261977,0.5984673707207756,1.399335524405397,0.4330082283309039,4.522177136011657,0.5745044801288772,Cox_PH,0.9996299973032252,False,45.0,False,False,0.015511892450879007,Medium (20-50),False
TMEM131L,8,967,-0.1672599399799016,1.0162117406501074,0.8459796788130908,0.1154364690748372,6.19978783741839,0.8692654249540306,Cox_PH,0.9996299973032252,False,24.0,False,False,0.008273009307135471,Medium (20-50),False
TMEM131,11,967,-0.551491197071381,1.0164230426600136,0.5760901056667974,0.0785766764637147,4.223642749772417,0.5874187531546302,Cox_PH,0.9996299973032252,False,33.0,False,False,0.011375387797311272,Medium (20-50),False
TMCO3,5,967,-14.90484000183896,1969.5952942178603,3.364420213420383e-07,0.0,inf,0.9939620955385472,Cox_PH,0.9996299973032252,False,15.0,False,False,0.005170630816959669,Small (<20),False
TMCC3,10,967,-0.5397425410613966,1.0284205320322353,0.582898305435941,0.0776575281863095,4.37524142752706,0.5997036775496898,Cox_PH,0.9996299973032252,False,30.0,False,False,0.010341261633919338,Medium (20-50),False
TMCC1,5,967,-14.860472142775668,2029.778746189069,3.5170532994514325e-07,0.0,inf,0.9941585577298372,Cox_PH,0.9996299973032252,False,15.0,False,False,0.005170630816959669,Small (<20),False
TMC5,8,967,1.0501446127797862,0.6011378588581755,2.8580644008172698,0.8797780752043389,9.284764362105456,0.0806498122168125,Cox_PH,0.9996299973032252,False,24.0,False,False,0.008273009307135471,Medium (20-50),False
TMEM132B,7,967,-14.916118434629173,1704.4554085466548,3.326688006216898e-07,0.0,inf,0.9930176004378606,Cox_PH,0.9996299973032252,False,21.0,False,False,0.007238883143743537,Medium (20-50),False
TMC3,5,967,-14.936606104900587,2032.844227166669,3.2592253552644626e-07,0.0,inf,0.9941374848064908,Cox_PH,0.9996299973032252,False,15.0,False,False,0.005170630816959669,Small (<20),False
TMEM68,5,967,0.2417688198692364,1.0364090937950745,1.2734997509440005,0.1670281356234111,9.70975105242757,0.8155475042567311,Cox_PH,0.9996299973032252,False,15.0,False,False,0.005170630816959669,Small (<20),False
TMEM74,7,967,-14.97021277499278,1664.7061908913597,3.151513696431469e-07,0.0,inf,0.9928249557051496,Cox_PH,0.9996299973032252,False,21.0,False,False,0.007238883143743537,Medium (20-50),False
TNKS,5,967,-15.084126855085373,2022.837544580076,2.81220478270802e-07,0.0,inf,0.994050298094925,Cox_PH,0.9996299973032252,False,15.0,False,False,0.005170630816959669,Small (<20),False
TNIK,10,967,-0.3024896442615655,1.022525723732203,0.738976140862944,0.0995953240506091,5.483045935843308,0.7673630037863509,Cox_PH,0.9996299973032252,False,30.0,False,False,0.010341261633919338,Medium (20-50),False
TNFAIP3,7,967,0.090174288030872,1.0184830392892732,1.0943650018060065,0.1486660938036768,8.05587021583694,0.9294492107118686,Cox_PH,0.9996299973032252,False,21.0,False,False,0.007238883143743537,Medium (20-50),False
TNC,12,967,-0.6414462292537694,1.0123151177738376,0.5265303894852628,0.0723974746958404,3.829335929412342,0.526313934169039,Cox_PH,0.9996299973032252,False,36.0,False,False,0.012409513960703205,Medium (20-50),False
TMTC4,8,967,-0.1684530803042323,1.0118526542357849,0.8449709082668154,0.1162881306615098,6.139713758882924,0.8677793375437277,Cox_PH,0.9996299973032252,False,24.0,False,False,0.008273009307135471,Medium (20-50),False
TMTC2,5,967,0.4804755894035203,1.0076183220725048,1.6168431728489754,0.2243705569435415,11.651180445418907,0.633474032353667,Cox_PH,0.9996299973032252,False,15.0,False,False,0.005170630816959669,Small (<20),False
TMEM71,5,967,0.4489063221715759,1.0053946456578795,1.5665978948365669,0.2183475579288911,11.240011051122572,0.655237827294826,Cox_PH,0.9996299973032252,False,15.0,False,False,0.005170630816959669,Small (<20),False
TMTC1,6,967,0.3315641736271195,1.007677261521192,1.3931455466125624,0.1933055349953806,10.04034630510086,0.7421269187562116,Cox_PH,0.9996299973032252,False,18.0,False,False,0.0062047569803516025,Small (<20),False
TMPRSS6,5,967,0.3967897450661809,1.0182333183044965,1.487043239002238,0.2021091140589871,10.94110775240389,0.6967698568758702,Cox_PH,0.9996299973032252,False,15.0,False,False,0.005170630816959669,Small (<20),False
TMPRSS15,12,967,-0.6214495821677342,1.0087990314244693,0.5371652078459285,0.0743705176547245,3.8798501021571,0.5378752991525069,Cox_PH,0.9996299973032252,False,36.0,False,False,0.012409513960703205,Medium (20-50),False
TMPO,5,967,-14.911751557143416,2028.1955887548595,3.341247010731688e-07,0.0,inf,0.9941338255449336,Cox_PH,0.9996299973032252,False,15.0,False,False,0.005170630816959669,Small (<20),False
TMF1,5,967,0.4920141139162556,1.0363036989740733,1.6356072038654346,0.2145653047130953,12.468049897040192,0.6349452729570747,Cox_PH,0.9996299973032252,False,15.0,False,False,0.005170630816959669,Small (<20),False
TMEM94,9,967,-0.2834373027082145,1.0268695956302765,0.7531903436544647,0.100650444547149,5.636295958023162,0.782532138800598,Cox_PH,0.9996299973032252,False,27.0,False,False,0.009307135470527405,Medium (20-50),False
TMEM87B,6,967,-14.965276880747645,1844.7165825125603,3.167107688236596e-07,0.0,inf,0.9935272266145542,Cox_PH,0.9996299973032252,False,18.0,False,False,0.0062047569803516025,Small (<20),False
TMPRSS7,5,967,0.3181123326375461,1.0519218454515205,1.3745306572096572,0.1748801346762721,10.803597167320564,0.7623390634387549,Cox_PH,0.9996299973032252,False,15.0,False,False,0.005170630816959669,Small (<20),False
THBS1,6,967,-15.018959678982638,1843.0348677432653,3.0015714613608445e-07,0.0,inf,0.9934980810030304,Cox_PH,0.9996299973032252,False,18.0,False,False,0.0062047569803516025,Small (<20),False
TMC2,10,967,-0.320165586276159,1.0184661870420122,0.726028806713229,0.0986320210616213,5.344287002373327,0.7532472183218132,Cox_PH,0.9996299973032252,False,30.0,False,False,0.010341261633919338,Medium (20-50),False
TM7SF3,5,967,-14.977672147724116,1979.3223572689217,3.1280928421417604e-07,0.0,inf,0.993962408764668,Cox_PH,0.9996299973032252,False,15.0,False,False,0.005170630816959669,Small (<20),False
TIGAR,5,967,0.5122989432268144,1.0157147795595054,1.66912400888192,0.227978939545218,12.220317203789223,0.6139994034580307,Cox_PH,0.9996299973032252,False,15.0,False,False,0.005170630816959669,Small (<20),False
TICRR,7,967,0.753228583898725,0.7231847717301801,2.1238459742074283,0.5146781275836282,8.764160511997217,0.2976232562984772,Cox_PH,0.9996299973032252,False,21.0,False,False,0.007238883143743537,Medium (20-50),False
TIAM2,11,967,0.1588087939276201,0.7295117867591923,1.1721138099752637,0.2805413055156258,4.897142618658721,0.8276691890916007,Cox_PH,0.9996299973032252,False,33.0,False,False,0.011375387797311272,Medium (20-50),False
TIAM1,6,967,0.2176794111100281,1.0199060019015165,1.2431884513208629,0.1684129377523554,9.17695247244121,0.830990915239031,Cox_PH,0.9996299973032252,False,18.0,False,False,0.0062047569803516025,Small (<20),False
TIA1,5,967,-14.811118571300105,2030.808852204699,3.6949871608508083e-07,0.0,inf,0.9941809106949028,Cox_PH,0.9996299973032252,False,15.0,False,False,0.005170630816959669,Small (<20),False
THSD7B,18,967,0.3934963237248524,0.5192612617851996,1.4821538349167704,0.535659945452008,4.101071974879084,0.4485705614799556,Cox_PH,0.9996299973032252,False,54.0,False,False,0.01861427094105481,Large (50-100),False
TIGD2,5,967,-14.93270161027881,2026.392763962266,3.2719758590734936e-07,0.0,inf,0.9941203578869628,Cox_PH,0.9996299973032252,False,15.0,False,False,0.005170630816959669,Small (<20),False
THSD7A,18,967,0.5696304487425381,0.5323436758665633,1.767613706850941,0.6226547071640325,5.017962894519988,0.2846001021459589,Cox_PH,0.9996299973032252,False,54.0,False,False,0.01861427094105481,Large (50-100),False
THRAP3,9,967,0.3413531451721826,0.7213232013248363,1.4068499754241068,0.3421724841539807,5.7842957718953825,0.63604774519971,Cox_PH,0.9996299973032252,False,27.0,False,False,0.009307135470527405,Medium (20-50),False
THOC2,7,967,0.1422704128587607,1.0095136000421976,1.1528883622272723,0.1593939858561502,8.338781219503565,0.8879255072152984,Cox_PH,0.9996299973032252,False,21.0,False,False,0.007238883143743537,Medium (20-50),False
THOC1,6,967,0.7891830200798954,0.7393866873887603,2.201597030754737,0.5168436400787143,9.378135106953971,0.2858146483990332,Cox_PH,0.9996299973032252,False,18.0,False,False,0.0062047569803516025,Small (<20),False
THNSL1,5,967,-14.82736262426594,1982.3531583882127,3.635450461503618e-07,0.0,inf,0.9940321363248122,Cox_PH,0.9996299973032252,False,15.0,False,False,0.005170630816959669,Small (<20),False
THEMIS,5,967,-15.05070464332726,1984.7789242743288,2.907783210748197e-07,0.0,inf,0.993949648684336,Cox_PH,0.9996299973032252,False,15.0,False,False,0.005170630816959669,Small (<20),False
THBS4,5,967,1.3657013613914597,0.7360931754262261,3.918470352273594,0.9258516499165074,16.584093038049662,0.0635480289966701,Cox_PH,0.9996299973032252,False,15.0,False,False,0.005170630816959669,Small (<20),False
THSD4,10,967,0.4710459911636973,0.7235205960749675,1.601668648585524,0.3878818961182165,6.613720530746111,0.5150160784133249,Cox_PH,0.9996299973032252,False,30.0,False,False,0.010341261633919338,Medium (20-50),False
TM9SF2,6,967,0.2481594256385465,1.031667584979545,1.2816642460479837,0.1696684499029665,9.68160692537231,0.8099100764265155,Cox_PH,0.9996299973032252,False,18.0,False,False,0.0062047569803516025,Small (<20),False
TIMELESS,6,967,-15.067296935600046,1844.992557014648,2.8599344796563465e-07,0.0,inf,0.9934840767118162,Cox_PH,0.9996299973032252,False,18.0,False,False,0.0062047569803516025,Small (<20),False
TJP1,13,967,-0.6800605359517364,1.0154245932133934,0.5065863247520469,0.0692319554734272,3.706809993606008,0.5030297837024134,Cox_PH,0.9996299973032252,False,39.0,False,False,0.01344364012409514,Medium (20-50),False
TLR8,9,967,-14.797789925720217,1501.7581854032371,3.7445660106154826e-07,0.0,inf,0.9921380571325952,Cox_PH,0.9996299973032252,False,27.0,False,False,0.009307135470527405,Medium (20-50),False
TLR7,13,967,0.561170541048742,0.5894396141936443,1.7527229341449757,0.5520420253233732,5.564861990494737,0.3410763083524935,Cox_PH,0.9996299973032252,False,39.0,False,False,0.01344364012409514,Medium (20-50),False
TLR5,5,967,0.352917535811023,1.0262001243041905,1.4232137744246496,0.1904368362143052,10.63626915872856,0.7309161323538571,Cox_PH,0.9996299973032252,False,15.0,False,False,0.005170630816959669,Small (<20),False
TLR4,16,967,-0.1391057986958771,0.7216863945941073,0.8701359643379428,0.2114829005769105,3.5801315111950225,0.8471539535469496,Cox_PH,0.9996299973032252,False,48.0,False,False,0.016546018614270942,Medium (20-50),False
TLR3,9,967,-0.3451304452081628,1.0087364611807468,0.7081279755416267,0.0980523353059718,5.114056979672387,0.7322445273698888,Cox_PH,0.9996299973032252,False,27.0,False,False,0.009307135470527405,Medium (20-50),False
TLN2,10,967,0.2610732667081307,0.7450993294372954,1.2983227857856754,0.3013986659465056,5.592732306218823,0.7260481322833542,Cox_PH,0.9996299973032252,False,30.0,False,False,0.010341261633919338,Medium (20-50),False
TINAG,9,967,0.5322815730951312,0.7240478359503125,1.7028129721897176,0.4119504576161709,7.038642547058939,0.4622499909542316,Cox_PH,0.9996299973032252,False,27.0,False,False,0.009307135470527405,Medium (20-50),False
TLN1,21,967,-0.0448720356669515,0.5995376068218438,0.95611982324076,0.2952402801954466,3.0963428018316903,0.9403385105141372,Cox_PH,0.9996299973032252,False,63.0,False,False,0.02171664943123061,Large (50-100),False
TLL1,9,967,0.5902699090362227,0.7279294861916302,1.8044753938894051,0.4332363383209155,7.515831796963384,0.4174294999565193,Cox_PH,0.9996299973032252,False,27.0,False,False,0.009307135470527405,Medium (20-50),False
TLK2,6,967,0.977790631785512,0.7303877402936373,2.658575975228724,0.6352292388394847,11.126733128619998,0.1806591871301632,Cox_PH,0.9996299973032252,False,18.0,False,False,0.0062047569803516025,Small (<20),False
TLE6,5,967,-14.952853528759888,2003.3341660278293,3.206699202277551e-07,0.0,inf,0.9940446579529272,Cox_PH,0.9996299973032252,False,15.0,False,False,0.005170630816959669,Small (<20),False
TLE3,5,967,0.4206781399296727,1.0203364657147995,1.52299400855514,0.2061437922898366,11.251906857489256,0.6801242783320941,Cox_PH,0.9996299973032252,False,15.0,False,False,0.005170630816959669,Small (<20),False
TKFC,5,967,0.2430058465203183,1.0110369588442552,1.2750760788548698,0.1757616272096699,9.250136293563298,0.8100565492658918,Cox_PH,0.9996299973032252,False,15.0,False,False,0.005170630816959669,Small (<20),False
TJP3,5,967,1.1675084459675624,0.7307048816368807,3.21397486228661,0.7674567736832657,13.459565111185452,0.1100910940401232,Cox_PH,0.9996299973032252,False,15.0,False,False,0.005170630816959669,Small (<20),False
TLL2,5,967,-14.947893029445094,2012.272953406864,3.222645549697212e-07,0.0,inf,0.9940730787249866,Cox_PH,0.9996299973032252,False,15.0,False,False,0.005170630816959669,Small (<20),False
TBC1D22B,6,967,0.1847968719852284,1.0079277264065942,1.2029740575759271,0.166836419298607,8.674044847549498,0.8545286021558678,Cox_PH,0.9996299973032252,False,18.0,False,False,0.0062047569803516025,Small (<20),False
TBC1D21,5,967,0.4516018045467479,1.0133320656408742,1.5708263281245978,0.2155571851943976,11.44705684899404,0.6558426942156812,Cox_PH,0.9996299973032252,False,15.0,False,False,0.005170630816959669,Small (<20),False
TBC1D17,5,967,-14.858014225593628,2026.9973789597184,3.525708557782931e-07,0.0,inf,0.9941515099537068,Cox_PH,0.9996299973032252,False,15.0,False,False,0.005170630816959669,Small (<20),False
STAG2,15,967,0.3248885342491369,0.6000080727712682,1.3838763825632832,0.4269333835343747,4.485743949939305,0.5881811859039644,Cox_PH,0.9996299973032252,False,45.0,False,False,0.015511892450879007,Medium (20-50),False
STAG1,13,967,0.1774476305924828,0.7246767359637316,1.1941655185242162,0.2885408028833107,4.942217084662767,0.8065613242923062,Cox_PH,0.9996299973032252,False,39.0,False,False,0.01344364012409514,Medium (20-50),False
STAB2,14,967,0.4740702668728196,0.6153292929141293,1.6065198681887711,0.4809580882737246,5.366176699821735,0.441042820641482,Cox_PH,0.9996299973032252,False,42.0,False,False,0.014477766287487074,Medium (20-50),False
STAB1,10,967,0.8623058366104354,0.5893467548396141,2.368616043304977,0.7461610608077115,7.518942297161136,0.1434248848747272,Cox_PH,0.9996299973032252,False,30.0,False,False,0.010341261633919338,Medium (20-50),False
ST8SIA2,5,967,0.2077315397708584,1.0539289381679162,1.2308826821425958,0.155989094841497,9.712680099452076,0.8437476899927282,Cox_PH,0.9996299973032252,False,15.0,False,False,0.005170630816959669,Small (<20),False
ST6GALNAC1,5,967,0.4512044833201136,1.0186195441647945,1.5702023294532454,0.2132500574426196,11.561710158431325,0.6577969610119152,Cox_PH,0.9996299973032252,False,15.0,False,False,0.005170630816959669,Small (<20),False
STAG3,7,967,-14.834880616676443,1712.6304373861246,3.6082216537583057e-07,0.0,inf,0.993088775061462,Cox_PH,0.9996299973032252,False,21.0,False,False,0.007238883143743537,Medium (20-50),False
ST3GAL3,5,967,-15.002004047543284,1984.9265814774665,3.052898915812461e-07,0.0,inf,0.9939696744632568,Cox_PH,0.9996299973032252,False,15.0,False,False,0.005170630816959669,Small (<20),False
SSTR4,5,967,1.2622387104471493,0.7366668380819731,3.5333227262728273,0.8339112541365681,14.970861019164875,0.0866305538459014,Cox_PH,0.9996299973032252,False,15.0,False,False,0.005170630816959669,Small (<20),False
SSRP1,7,967,0.1206342472777363,1.008617945600501,1.1282121902149571,0.1562564164233639,8.145987059506819,0.9047972385316984,Cox_PH,0.9996299973032252,False,21.0,False,False,0.007238883143743537,Medium (20-50),False
SSH3,8,967,0.640253672723745,0.7386909615159246,1.8969620257994255,0.4459356535833335,8.069471230679707,0.3860839874052604,Cox_PH,0.9996299973032252,False,24.0,False,False,0.008273009307135471,Medium (20-50),False
SSH2,6,967,-14.885400300396377,1836.1263069352085,3.4304633878861313e-07,0.0,inf,0.9935316536007978,Cox_PH,0.9996299973032252,False,18.0,False,False,0.0062047569803516025,Small (<20),False
SS18,5,967,0.4062229547924847,1.0257764085258496,1.5011372008840127,0.2010304668747787,11.20931036429186,0.6920938831733601,Cox_PH,0.9996299973032252,False,15.0,False,False,0.005170630816959669,Small (<20),False
SRSF11,7,967,1.1486109915320235,0.5897649791025168,3.1538091982056997,0.992698419501304,10.019671899632566,0.05146594671807,Cox_PH,0.9996299973032252,False,21.0,False,False,0.007238883143743537,Medium (20-50),False
ST18,13,967,-0.734103048129291,1.01790966298893,0.479935745237523,0.0652710951580316,3.5289482886568893,0.4707945705775794,Cox_PH,0.9996299973032252,False,39.0,False,False,0.01344364012409514,Medium (20-50),False
SRRT,6,967,-14.74970405069956,1851.2577051371584,3.929026165979419e-07,0.0,inf,0.9936430046466348,Cox_PH,0.9996299973032252,False,18.0,False,False,0.0062047569803516025,Small (<20),False
STAMBPL1,5,967,0.4325443120662574,1.024091664798457,1.5411737663736704,0.2070747683989782,11.470333138714375,0.672755886948428,Cox_PH,0.9996299973032252,False,15.0,False,False,0.005170630816959669,Small (<20),False
STARD7,5,967,0.5443659342930138,1.0188424213697456,1.72351521395012,0.2339693367848829,12.69612819157017,0.593135059163172,Cox_PH,0.9996299973032252,False,15.0,False,False,0.005170630816959669,Small (<20),False
STRA6,6,967,-15.119901514879851,1856.1785481418665,2.713377411064521e-07,0.0,inf,0.9935007316076432,Cox_PH,0.9996299973032252,False,18.0,False,False,0.0062047569803516025,Small (<20),False
STOX1,6,967,-14.935367981606678,1836.941868503479,3.263263177241824e-07,0.0,inf,0.9935128223523072,Cox_PH,0.9996299973032252,False,18.0,False,False,0.0062047569803516025,Small (<20),False
STON2,5,967,1.2382484742296234,0.740148075603722,3.44956616627227,0.8086074131346845,14.71604952193079,0.0943324178432002,Cox_PH,0.9996299973032252,False,15.0,False,False,0.005170630816959669,Small (<20),False
STON1,8,967,-15.000831319941874,1564.7667833982302,3.056481234766948e-07,0.0,inf,0.9923510976152804,Cox_PH,0.9996299973032252,False,24.0,False,False,0.008273009307135471,Medium (20-50),False
STK31,9,967,-0.2171415131619181,1.0148934718840814,0.804816069179296,0.1101036903054302,5.882899141821659,0.8305821644193181,Cox_PH,0.9996299973032252,False,27.0,False,False,0.009307135470527405,Medium (20-50),False
STK11IP,6,967,-14.879909331561525,1835.1511912668136,3.449351765726966e-07,0.0,inf,0.9935306039693264,Cox_PH,0.9996299973032252,False,18.0,False,False,0.0062047569803516025,Small (<20),False
STAP1,5,967,-14.849485459435508,2003.855360640143,3.55590709669943e-07,0.0,inf,0.9940873642991556,Cox_PH,0.9996299973032252,False,15.0,False,False,0.005170630816959669,Small (<20),False
STK10,8,967,0.8057380073015588,0.7361186018689811,2.2383478064310744,0.5288478787056894,9.473803534613484,0.2737022844195756,Cox_PH,0.9996299973032252,False,24.0,False,False,0.008273009307135471,Medium (20-50),False
STAT5B,6,967,0.2351883197091896,1.0158321903300265,1.2651469984153392,0.1727615820659231,9.264773501487031,0.8169086696085552,Cox_PH,0.9996299973032252,False,18.0,False,False,0.0062047569803516025,Small (<20),False
STAT5A,9,967,-14.961079190005076,1487.3958499701253,3.1804301691250594e-07,0.0,inf,0.9919745555220504,Cox_PH,0.9996299973032252,False,27.0,False,False,0.009307135470527405,Medium (20-50),False
STAT4,13,967,0.5678160838047485,0.5958269105161813,1.7644095181804575,0.5488090781948904,5.672539087883439,0.3405959908993307,Cox_PH,0.9996299973032252,False,39.0,False,False,0.01344364012409514,Medium (20-50),False
STAT3,8,967,-0.2173958459588801,1.0163985891217988,0.8046114040850078,0.1097514428257041,5.898779049417875,0.830634103278246,Cox_PH,0.9996299973032252,False,24.0,False,False,0.008273009307135471,Medium (20-50),False
STAT2,6,967,1.0310041141984827,0.7347735458498169,2.803879837228098,0.6642132405420736,11.836171972720974,0.1605694305157226,Cox_PH,0.9996299973032252,False,18.0,False,False,0.0062047569803516025,Small (<20),False
STARD8,6,967,0.1584636061805555,1.009666555236454,1.1717092804732252,0.1619475369668343,8.477453029916992,0.8752870324004627,Cox_PH,0.9996299973032252,False,18.0,False,False,0.0062047569803516025,Small (<20),False
STAT6,6,967,-14.801677062747572,1847.0411005114793,3.730038622690198e-07,0.0,inf,0.9936060420127754,Cox_PH,0.9996299973032252,False,18.0,False,False,0.0062047569803516025,Small (<20),False
STRIP1,5,967,0.4026079047489938,1.0136895628943328,1.4957203118424096,0.2051069684687957,10.907378076714696,0.6912415059636657,Cox_PH,0.9996299973032252,False,15.0,False,False,0.005170630816959669,Small (<20),False
SRRM4,7,967,-14.99417394655569,1699.1608142804284,3.076897254724444e-07,0.0,inf,0.9929591922522906,Cox_PH,0.9996299973032252,False,21.0,False,False,0.007238883143743537,Medium (20-50),False
SRRM1,5,967,0.2406719425756676,1.0137400578778848,1.2721036438029116,0.1744253241328571,9.277595948992188,0.812338797304391,Cox_PH,0.9996299973032252,False,15.0,False,False,0.005170630816959669,Small (<20),False
SPPL3,6,967,0.9681857100783812,0.716393708931226,2.6331628022755065,0.6466526704721792,10.72221094861418,0.176544430167972,Cox_PH,0.9996299973032252,False,18.0,False,False,0.0062047569803516025,Small (<20),False
SPOUT1,7,967,0.8074253119363533,0.7340709356194097,2.242127769136649,0.5318713076178568,9.451791929986234,0.2713634132016927,Cox_PH,0.9996299973032252,False,21.0,False,False,0.007238883143743537,Medium (20-50),False
SPOP,6,967,-14.874687312308282,1834.311239602008,3.467411460054674e-07,0.0,inf,0.9935299130128112,Cox_PH,0.9996299973032252,False,18.0,False,False,0.0062047569803516025,Small (<20),False
SPON1,5,967,-14.969742124716568,2012.3471245401804,3.152997306326496e-07,0.0,inf,0.994064634368866,Cox_PH,0.9996299973032252,False,15.0,False,False,0.005170630816959669,Small (<20),False
SPINK5,8,967,-0.0977693080513842,1.0101840959607098,0.9068580844834656,0.1252141088544641,6.567882748332159,0.9228982051807394,Cox_PH,0.9996299973032252,False,24.0,False,False,0.008273009307135471,Medium (20-50),False
SPIDR,9,967,-15.070472787617067,1504.1455396188146,2.8508661584156786e-07,0.0,inf,0.9920058956628376,Cox_PH,0.9996299973032252,False,27.0,False,False,0.009307135470527405,Medium (20-50),False
SPRED1,5,967,-14.996514725289336,2029.34797013949,3.069703342028667e-07,0.0,inf,0.9941038309657212,Cox_PH,0.9996299973032252,False,15.0,False,False,0.005170630816959669,Small (<20),False
SPICE1,8,967,0.6322094769301029,0.7337777336269116,1.8817637029488736,0.4466433484732517,7.928103364440719,0.3889177375055953,Cox_PH,0.9996299973032252,False,24.0,False,False,0.008273009307135471,Medium (20-50),False
SPG7,6,967,0.0554216470074245,1.0514169915148526,1.0569861957962663,0.1346124114203534,8.299530528541878,0.9579618668316496,Cox_PH,0.9996299973032252,False,18.0,False,False,0.0062047569803516025,Small (<20),False
SPG11,11,967,-0.4364709177511538,1.0081125353958251,0.6463132938569468,0.0896025511162529,4.661930588050478,0.6650449001060764,Cox_PH,0.9996299973032252,False,33.0,False,False,0.011375387797311272,Medium (20-50),False
SPEN,32,967,-0.5549698600760289,0.6020054800360866,0.5740895639514929,0.176417735170701,1.8681728745645452,0.3565971966104212,Cox_PH,0.9996299973032252,False,96.0,False,False,0.033092037228541885,Large (50-100),False
SPEG,9,967,-14.826235015965196,1494.4024543973658,3.63955213772843e-07,0.0,inf,0.992084173900052,Cox_PH,0.9996299973032252,False,27.0,False,False,0.009307135470527405,Medium (20-50),False
SPEF2,8,967,-0.001689777206601,1.034467378481206,0.9983116496630924,0.1314346066310543,7.582676856565189,0.99869667562959,Cox_PH,0.9996299973032252,False,24.0,False,False,0.008273009307135471,Medium (20-50),False
SPECC1L,9,967,-0.3338955474766546,1.0191620267516486,0.7161285797579405,0.0971544673753325,5.278605879901459,0.7432007162428806,Cox_PH,0.9996299973032252,False,27.0,False,False,0.009307135470527405,Medium (20-50),False
SPHKAP,22,967,0.2484152214950721,0.5214991962700801,1.2819921323857753,0.4612923817967735,3.5628245606342728,0.6338263071066481,Cox_PH,0.9996299973032252,False,66.0,False,False,0.022750775594622543,Large (50-100),False
SRRM2,12,967,0.0981498667165595,0.7315895993386848,1.1031280949065083,0.2629567397471788,4.627725438572328,0.8932762648871185,Cox_PH,0.9996299973032252,False,36.0,False,False,0.012409513960703205,Medium (20-50),False
SPRY3,7,967,0.4695477074867221,0.738965152920928,1.5992706914520296,0.375752727245014,6.806781585565701,0.5251594068793137,Cox_PH,0.9996299973032252,False,21.0,False,False,0.007238883143743537,Medium (20-50),False
SPTAN1,12,967,0.1013360845127208,0.7286789920650237,1.106648506695027,0.2653051144771542,4.61608484172585,0.8893962472847962,Cox_PH,0.9996299973032252,False,36.0,False,False,0.012409513960703205,Medium (20-50),False
SRPRA,6,967,0.2720167532156424,1.0068779965087495,1.3126089915483938,0.1824162491711715,9.4451145252798,0.7870382386932331,Cox_PH,0.9996299973032252,False,18.0,False,False,0.0062047569803516025,Small (<20),False
SRPK1,5,967,1.5057069410537722,0.7522127863718031,4.507338927178144,1.0318671000703434,19.68868297387371,0.0453166335049045,Cox_PH,0.9996299973032252,False,15.0,False,False,0.005170630816959669,Small (<20),True
SRGAP3,5,967,0.2597728078704979,1.0122309603287625,1.296635467826375,0.1783156696460054,9.428579887359248,0.7974613808269978,Cox_PH,0.9996299973032252,False,15.0,False,False,0.005170630816959669,Small (<20),False
SRGAP2,10,967,-15.021410037293826,1430.26025947285,2.994225539529746e-07,0.0,inf,0.9916203147393504,Cox_PH,0.9996299973032252,False,30.0,False,False,0.010341261633919338,Medium (20-50),False
SRGAP1,13,967,0.0521382548304189,0.7273448039813598,1.0535213868657989,0.2532298863872091,4.383002845432304,0.9428541884018178,Cox_PH,0.9996299973032252,False,39.0,False,False,0.01344364012409514,Medium (20-50),False
SRCAP,22,967,0.5159699415780116,0.4782520544006406,1.6752626208899726,0.6561249175660541,4.277394096481027,0.2806474110131878,Cox_PH,0.9996299973032252,False,66.0,False,False,0.022750775594622543,Large (50-100),False
SPTA1,46,967,0.3868873912858363,0.3592802550940454,1.4723906779163094,0.7281108989252693,2.9774781720955374,0.2815517003946815,Cox_PH,0.9996299973032252,False,138.0,False,False,0.047569803516028956,Very Large (>100),False
SRBD1,7,967,0.1047892848065857,1.0089864496767718,1.1104765914111565,0.1536890065207786,8.023724585046478,0.917283634494604,Cox_PH,0.9996299973032252,False,21.0,False,False,0.007238883143743537,Medium (20-50),False
SPTLC2,5,967,0.44380064274061,1.0279820551878551,1.558619732489198,0.2078280579881027,11.68896776509246,0.6659447670475553,Cox_PH,0.9996299973032252,False,15.0,False,False,0.005170630816959669,Small (<20),False
SPTBN5,7,967,0.1410549857463976,1.0139825063725778,1.1514879616690934,0.1578120159532875,8.40192375630838,0.8893633202785918,Cox_PH,0.9996299973032252,False,21.0,False,False,0.007238883143743537,Medium (20-50),False
SPTBN4,9,967,-0.2296435363814629,1.0261101079139183,0.7948168753115572,0.1063713135527129,5.9389495549189375,0.8229128585080016,Cox_PH,0.9996299973032252,False,27.0,False,False,0.009307135470527405,Medium (20-50),False
SPTBN2,17,967,-0.2184308094674921,0.7245381303559514,0.803779091424077,0.1942662681025963,3.3256459503783504,0.7630515988537012,Cox_PH,0.9996299973032252,False,51.0,False,False,0.017580144777662874,Large (50-100),False
SPTBN1,8,967,0.7315493201405582,0.7291648093622981,2.078298063643945,0.4977717172207848,8.677316713497307,0.3157305128506547,Cox_PH,0.9996299973032252,False,24.0,False,False,0.008273009307135471,Medium (20-50),False
SPTB,18,967,0.5099596880367632,0.5139862067995938,1.665224065141533,0.6080772937057951,4.560228141766686,0.3211165084732826,Cox_PH,0.9996299973032252,False,54.0,False,False,0.01861427094105481,Large (50-100),False
SPTY2D1,6,967,0.1653087094183473,1.0373904660442208,1.1797572646798238,0.1544358307257409,9.012333452827628,0.8733927206110086,Cox_PH,0.9996299973032252,False,18.0,False,False,0.0062047569803516025,Small (<20),False
STXBP2,6,967,-15.003565419078134,1819.6884111954732,3.048135925712752e-07,0.0,inf,0.9934214135257392,Cox_PH,0.9996299973032252,False,18.0,False,False,0.0062047569803516025,Small (<20),False
STXBP3,5,967,0.2920162091406371,1.0378517405059244,1.3391247235243506,0.1751393734617795,10.23901701661339,0.7784296811597115,Cox_PH,0.9996299973032252,False,15.0,False,False,0.005170630816959669,Small (<20),False
STXBP5,6,967,-14.851818877513594,1845.6110402517331,3.5476193519431705e-07,0.0,inf,0.9935794114622032,Cox_PH,0.9996299973032252,False,18.0,False,False,0.0062047569803516025,Small (<20),False
TANC1,11,967,1.2332319050381182,0.5396188850572377,3.432304512259849,1.191936017163128,9.883680076148762,0.0222908056719287,Cox_PH,0.9996299973032252,False,33.0,False,False,0.011375387797311272,Medium (20-50),True
TAF5L,5,967,-14.90236497099826,2002.746401294982,3.372757570561632e-07,0.0,inf,0.9940630240559571,Cox_PH,0.9996299973032252,False,15.0,False,False,0.005170630816959669,Small (<20),False
TAF5,6,967,0.070092568312018,1.0249174695879666,1.0726074661214262,0.143884314748828,7.995915179411852,0.9454763761127184,Cox_PH,0.9996299973032252,False,18.0,False,False,0.0062047569803516025,Small (<20),False
TAF4B,7,967,0.8018561710200776,0.7241455685949714,2.2296757493480888,0.5393076220955735,9.218215622307568,0.2681584054369991,Cox_PH,0.9996299973032252,False,21.0,False,False,0.007238883143743537,Medium (20-50),False
TAF3,5,967,1.16602811436842,0.7136164381825801,3.2092206335248443,0.792422868747003,12.996971037606183,0.1022650726337669,Cox_PH,0.9996299973032252,False,15.0,False,False,0.005170630816959669,Small (<20),False
TAF2,5,967,0.4507303194002642,1.0455695365656852,1.5694579726492714,0.2021822072086306,12.183061813004151,0.6664058883976368,Cox_PH,0.9996299973032252,False,15.0,False,False,0.005170630816959669,Small (<20),False
TANC2,12,967,0.9351082024081318,0.5326055075953462,2.547489087280782,0.8969110439380072,7.235612376140199,0.0791355691587653,Cox_PH,0.9996299973032252,False,36.0,False,False,0.012409513960703205,Medium (20-50),False
TAF1L,17,967,-0.998637959235268,1.014705280933851,0.3683808493585041,0.0504153135455397,2.6917307585821555,0.3250341317656431,Cox_PH,0.9996299973032252,False,51.0,False,False,0.017580144777662874,Large (50-100),False
TACC2,15,967,0.3610836882641953,0.6030212499858283,1.4348835387666126,0.440062744232448,4.678630029030265,0.5493122746988182,Cox_PH,0.9996299973032252,False,45.0,False,False,0.015511892450879007,Medium (20-50),False
TAB3,8,967,-15.07676473613195,1585.2159276845086,2.832984968079525e-07,0.0,inf,0.9924115470679326,Cox_PH,0.9996299973032252,False,24.0,False,False,0.008273009307135471,Medium (20-50),False
SZT2,14,967,0.3600537976606556,0.6004849685303582,1.4334065264039924,0.4418005510739513,4.650637634885246,0.5487695051293807,Cox_PH,0.9996299973032252,False,42.0,False,False,0.014477766287487074,Medium (20-50),False
SYTL2,6,967,-15.14097478205134,1834.0449705705023,2.656795955892738e-07,0.0,inf,0.9934131316378466,Cox_PH,0.9996299973032252,False,18.0,False,False,0.0062047569803516025,Small (<20),False
SYT9,5,967,-14.968490187309085,2001.123639357142,3.156947133552312e-07,0.0,inf,0.994031845102771,Cox_PH,0.9996299973032252,False,15.0,False,False,0.005170630816959669,Small (<20),False
SYT2,8,967,-0.215248131284446,1.0125340299767656,0.8063413368407923,0.1108236776785787,5.866854133680059,0.8316517627751281,Cox_PH,0.9996299973032252,False,24.0,False,False,0.008273009307135471,Medium (20-50),False
TAF1,25,967,-0.2183802818230301,0.595471975509504,0.8038197055142929,0.2501973296615927,2.582466087256047,0.7138168633899857,Cox_PH,0.9996299973032252,False,75.0,False,False,0.025853154084798345,Large (50-100),False
SYT17,8,967,-14.948717824937376,1593.8515018899634,3.219988622036202e-07,0.0,inf,0.992516758130441,Cox_PH,0.9996299973032252,False,24.0,False,False,0.008273009307135471,Medium (20-50),False
TANGO6,5,967,1.1099717208315003,0.7402083642137592,3.034272586516645,0.7111750527896926,12.945912673920846,0.1337337152772713,Cox_PH,0.9996299973032252,False,15.0,False,False,0.005170630816959669,Small (<20),False
TAOK2,8,967,-0.2908057837243994,1.0222222564834649,0.7476608718280728,0.1008257593956586,5.544186154543194,0.776039563360619,Cox_PH,0.9996299973032252,False,24.0,False,False,0.008273009307135471,Medium (20-50),False
TBC1D15,6,967,-14.970975898090463,1852.871021190859,3.149109620956485e-07,0.0,inf,0.99355325847174,Cox_PH,0.9996299973032252,False,18.0,False,False,0.0062047569803516025,Small (<20),False
TBC1D12,5,967,-14.907449193200945,2019.8470224009188,3.355653239591344e-07,0.0,inf,0.9941112790045152,Cox_PH,0.9996299973032252,False,15.0,False,False,0.005170630816959669,Small (<20),False
TBC1D1,5,967,-15.073135734548153,2023.0520855278787,2.843284552315826e-07,0.0,inf,0.9940552637766772,Cox_PH,0.9996299973032252,False,15.0,False,False,0.005170630816959669,Small (<20),False
TBATA,5,967,0.269681941911329,1.0112131708650838,1.3095478721954188,0.1804510240402535,9.503496246100546,0.7897067107452627,Cox_PH,0.9996299973032252,False,15.0,False,False,0.005170630816959669,Small (<20),False
TASP1,6,967,0.0367489783356099,1.015928475365493,1.037432570099697,0.1416394077134199,7.598636247344952,0.9711445736326612,Cox_PH,0.9996299973032252,False,18.0,False,False,0.0062047569803516025,Small (<20),False
TASOR2,16,967,0.2131918880437381,0.6185460059481339,1.23762211334602,0.368189221680302,4.160112260898958,0.730345347502459,Cox_PH,0.9996299973032252,False,48.0,False,False,0.016546018614270942,Medium (20-50),False
TAOK1,6,967,-15.03974569636918,1844.340826785432,2.9398247025475946e-07,0.0,inf,0.993493692855546,Cox_PH,0.9996299973032252,False,18.0,False,False,0.0062047569803516025,Small (<20),False
TASOR,8,967,0.6738444754509022,0.7276178879635669,1.9617647983707047,0.4712876804236788,8.16597013668319,0.3543957641238684,Cox_PH,0.9996299973032252,False,24.0,False,False,0.008273009307135471,Medium (20-50),False
TAS2R1,6,967,-15.064537145295878,1838.3376615522425,2.867838200393268e-07,0.0,inf,0.9934616869736176,Cox_PH,0.9996299973032252,False,18.0,False,False,0.0062047569803516025,Small (<20),False
TARS2,9,967,0.4820455826590186,0.7218925564238469,1.6193835994300254,0.3934253928600363,6.665566813161657,0.5042915710044609,Cox_PH,0.9996299973032252,False,27.0,False,False,0.009307135470527405,Medium (20-50),False
TARS1,7,967,0.0004689973311252,1.0113594290323062,1.0004691073275689,0.1378215586814688,7.262567948677585,0.9996299973032252,Cox_PH,0.9996299973032252,False,21.0,False,False,0.007238883143743537,Medium (20-50),False
TARBP2,5,967,-14.916169869146946,2026.9216132720164,3.326516904023832e-07,0.0,inf,0.9941283993680736,Cox_PH,0.9996299973032252,False,15.0,False,False,0.005170630816959669,Small (<20),False
TARBP1,10,967,-14.926038868863602,1407.034080085461,3.29384897467981e-07,0.0,inf,0.9915360738054028,Cox_PH,0.9996299973032252,False,30.0,False,False,0.010341261633919338,Medium (20-50),False
TAOK3,8,967,-0.2214440602405196,1.0071661738350528,0.8013607488216726,0.1113040357826098,5.769593575261589,0.825973612407807,Cox_PH,0.9996299973032252,False,24.0,False,False,0.008273009307135471,Medium (20-50),False
TAS2R10,5,967,-14.671780052114103,2023.589800306344,4.2474363911067274e-07,0.0,inf,0.9942150903217902,Cox_PH,0.9996299973032252,False,15.0,False,False,0.005170630816959669,Small (<20),False
SYT16,10,967,-0.3995154850846371,1.0193579496551968,0.6706449047891109,0.0909489365832721,4.945242959578692,0.6951110059173611,Cox_PH,0.9996299973032252,False,30.0,False,False,0.010341261633919338,Medium (20-50),False
SYT14,6,967,1.1923589014857483,0.7432761025682698,3.2948442606662143,0.7676186185944871,14.142437975152909,0.1086713450768544,Cox_PH,0.9996299973032252,False,18.0,False,False,0.0062047569803516025,Small (<20),False
SYT11,6,967,-15.08392702540714,1838.5583418259264,2.812766800836957e-07,0.0,inf,0.9934540573426982,Cox_PH,0.9996299973032252,False,18.0,False,False,0.0062047569803516025,Small (<20),False
SUZ12,6,967,-14.989538828335652,1840.714822210935,3.0911921409017064e-07,0.0,inf,0.9935026386069348,Cox_PH,0.9996299973032252,False,18.0,False,False,0.0062047569803516025,Small (<20),False
SUSD5,5,967,0.3592831362133127,1.0410372082036337,1.4323022808101296,0.1861598079057448,11.020046951555702,0.7300038875685918,Cox_PH,0.9996299973032252,False,15.0,False,False,0.005170630816959669,Small (<20),False
SUSD4,6,967,-14.991526183807816,1818.038039428669,3.085054943701138e-07,0.0,inf,0.9934207252706604,Cox_PH,0.9996299973032252,False,18.0,False,False,0.0062047569803516025,Small (<20),False
SUSD2,5,967,0.3257441432169521,1.0440967376317465,1.385060946295963,0.1789434468329912,10.720671021525115,0.755050742043818,Cox_PH,0.9996299973032252,False,15.0,False,False,0.005170630816959669,Small (<20),False
SUPT6H,11,967,-0.4786923413881641,1.0141901955558548,0.6195930785188202,0.0848809897064655,4.522751022060558,0.636930610822857,Cox_PH,0.9996299973032252,False,33.0,False,False,0.011375387797311272,Medium (20-50),False
SUPT5H,11,967,-0.5475410233785187,1.0098663111569768,0.5783702621891371,0.0799080249967811,4.186214841352992,0.587686526591627,Cox_PH,0.9996299973032252,False,33.0,False,False,0.011375387797311272,Medium (20-50),False
SVEP1,26,967,-0.6455188604145473,0.7239844761343531,0.5243903860940945,0.1268781079107434,2.167318551293032,0.3725967784299296,Cox_PH,0.9996299973032252,False,78.0,False,False,0.02688728024819028,Large (50-100),False
SUPT20HL2,8,967,-0.2301953848177045,1.0087980505503105,0.7943783778650114,0.1099818899132351,5.7376446951154705,0.8195002631696133,Cox_PH,0.9996299973032252,False,24.0,False,False,0.008273009307135471,Medium (20-50),False
SUPT16H,10,967,0.4442889124168841,0.7446263982106803,1.5593809450648004,0.3623376278975831,6.711058263367876,0.5507342908929344,Cox_PH,0.9996299973032252,False,30.0,False,False,0.010341261633919338,Medium (20-50),False
SUOX,7,967,-14.81579697683147,1682.181977241832,3.677740886468331e-07,0.0,inf,0.9929727324437924,Cox_PH,0.9996299973032252,False,21.0,False,False,0.007238883143743537,Medium (20-50),False
SULF2,6,967,0.8189006322622316,0.7390269402691789,2.268005094833497,0.5328090518643621,9.65420368177261,0.2678274660814882,Cox_PH,0.9996299973032252,False,18.0,False,False,0.0062047569803516025,Small (<20),False
SUGP1,9,967,-14.971630092340336,1491.1426561221656,3.147050165265717e-07,0.0,inf,0.9919890751230586,Cox_PH,0.9996299973032252,False,27.0,False,False,0.009307135470527405,Medium (20-50),False
SUCO,13,967,0.0697373233693588,0.7326677919795948,1.0722264954165923,0.2550510522626072,4.507606015636502,0.9241696841886876,Cox_PH,0.9996299973032252,False,39.0,False,False,0.01344364012409514,Medium (20-50),False
STYXL2,11,967,-15.945929974812142,2242.2732244354165,1.1878746194011525e-07,0.0,inf,0.994325890370719,Cox_PH,0.9996299973032252,False,33.0,False,False,0.011375387797311272,Medium (20-50),False
SUPT20HL1,7,967,0.688680641403933,0.7332272549428531,1.991086841990701,0.4731017590179176,8.379649275830234,0.3476045438770219,Cox_PH,0.9996299973032252,False,21.0,False,False,0.007238883143743537,Medium (20-50),False
SVIL,17,967,0.9046285063208664,0.4815334311479917,2.471013786524326,0.9615804763256722,6.349868038632378,0.0602935119446356,Cox_PH,0.9996299973032252,False,51.0,False,False,0.017580144777662874,Large (50-100),False
SWT1,6,967,-14.98171504340282,1845.4382696610191,3.115471819038447e-07,0.0,inf,0.993522650948352,Cox_PH,0.9996299973032252,False,18.0,False,False,0.0062047569803516025,Small (<20),False
SYBU,12,967,0.2449492570797433,0.7225455530046662,1.2775564846132823,0.3099823164593845,5.265302195363459,0.7346031465240402,Cox_PH,0.9996299973032252,False,36.0,False,False,0.012409513960703205,Medium (20-50),False
SYP,5,967,-14.830465350002989,2025.3505396573232,3.624188136778453e-07,0.0,inf,0.9941576071113748,Cox_PH,0.9996299973032252,False,15.0,False,False,0.005170630816959669,Small (<20),False
SYNPO2,7,967,0.1230591336498939,1.0364153857403242,1.130951296248179,0.1483301090590013,8.62300204995243,0.9054850369756284,Cox_PH,0.9996299973032252,False,21.0,False,False,0.007238883143743537,Medium (20-50),False
SYNM,6,967,-14.915732561240532,1851.0093187724783,3.32797193429171e-07,0.0,inf,0.9935705867024276,Cox_PH,0.9996299973032252,False,18.0,False,False,0.0062047569803516025,Small (<20),False
SYNGAP1,6,967,-14.960198634320248,1825.7485340074445,3.183231948370967e-07,0.0,inf,0.99346220044941,Cox_PH,0.9996299973032252,False,18.0,False,False,0.0062047569803516025,Small (<20),False
SYNE3,7,967,0.0203966003502034,1.033133574037456,1.0206060324807684,0.1347215524851651,7.731774570003086,0.9842488175756224,Cox_PH,0.9996299973032252,False,21.0,False,False,0.007238883143743537,Medium (20-50),False
SYNE2,38,967,-0.7411311535902324,0.6035199957862732,0.476574531523128,0.1460172745654745,1.555454892391148,0.2194416195506397,Cox_PH,0.9996299973032252,False,114.0,False,False,0.03929679420889348,Very Large (>100),False
SYNE1,53,967,-0.2428963394658608,0.4342961893563526,0.784352815989427,0.3348351792045895,1.8373497713471776,0.5759656671276778,Cox_PH,0.9996299973032252,False,147.0,False,True,0.05480868665977249,Very Large (>100),False
SYNCRIP,8,967,-14.925400536324352,1583.5383160729446,3.295952216872271e-07,0.0,inf,0.9924797712755448,Cox_PH,0.9996299973032252,False,24.0,False,False,0.008273009307135471,Medium (20-50),False
SYN1,8,967,-14.969837348563049,1598.7053458751682,3.1526970800896245e-07,0.0,inf,0.9925289375006136,Cox_PH,0.9996299973032252,False,24.0,False,False,0.008273009307135471,Medium (20-50),False
SYMPK,10,967,0.8788292512477722,0.6003748692625757,2.408078800202598,0.7423714961016349,7.811242132054176,0.1432483668182632,Cox_PH,0.9996299973032252,False,30.0,False,False,0.010341261633919338,Medium (20-50),False
SYDE2,5,967,0.386165517191547,1.017703511956387,1.4713281807699703,0.2001809910832826,10.814246666544038,0.7043552448310074,Cox_PH,0.9996299973032252,False,15.0,False,False,0.005170630816959669,Small (<20),False
SYDE1,5,967,1.149794639927456,0.7223127709821109,3.157544409555022,0.7664863483524631,13.00752025100322,0.1114243071016001,Cox_PH,0.9996299973032252,False,15.0,False,False,0.005170630816959669,Small (<20),False
SYCP2L,8,967,-14.854787197873009,1594.2534654429153,3.537104494646314e-07,0.0,inf,0.9925656527555472,Cox_PH,0.9996299973032252,False,24.0,False,False,0.008273009307135471,Medium (20-50),False
SYCP2,14,967,0.4672005316175519,0.5992705359592689,1.5955213238107535,0.4929390621023419,5.164306281343747,0.435617295414141,Cox_PH,0.9996299973032252,False,42.0,False,False,0.014477766287487074,Medium (20-50),False
SYCP1,12,967,-0.67271850033534,1.0195702236314386,0.510319386959636,0.0691777403981214,3.764590679141796,0.5093783643444303,Cox_PH,0.9996299973032252,False,36.0,False,False,0.012409513960703205,Medium (20-50),False
SPATA31D1,16,967,-0.8921307718376623,1.01316640839828,0.4097816706049266,0.0562506921942204,2.985225799248348,0.3785683303186522,Cox_PH,0.9996299973032252,False,48.0,False,False,0.016546018614270942,Medium (20-50),False
MGA,18,967,-0.9004583608324824,1.0124511263185612,0.4063833468354294,0.0558624662761376,2.956321759386942,0.3737964605584614,Cox_PH,0.9996299973032252,False,54.0,False,False,0.01861427094105481,Large (50-100),False
MED12L,13,967,0.1947047413408381,0.7330171790316587,1.2149522083661757,0.2888034489863652,5.111119253577668,0.7905311262823445,Cox_PH,0.9996299973032252,False,39.0,False,False,0.01344364012409514,Medium (20-50),False
MFSD11,5,967,-15.023525394903409,2024.6722499890432,2.987898376215793e-07,0.0,inf,0.9940795706752876,Cox_PH,0.9996299973032252,False,15.0,False,False,0.005170630816959669,Small (<20),False
CFH,16,967,0.2481402478396083,0.5889368079104181,1.2816396667844554,0.4040664656307213,4.065173369216321,0.6735097843990258,Cox_PH,0.9996299973032252,False,48.0,False,False,0.016546018614270942,Medium (20-50),False
CFP,7,967,-14.930107585178463,1718.06244871498,3.2804744646121333e-07,0.0,inf,0.9930664031391382,Cox_PH,0.9996299973032252,False,21.0,False,False,0.007238883143743537,Medium (20-50),False
CFTR,13,967,0.6962554332430215,0.6286178587347853,2.0062261766185303,0.58518012692146,6.878127411680907,0.2680357767725341,Cox_PH,0.9996299973032252,False,39.0,False,False,0.01344364012409514,Medium (20-50),False
CGN,8,967,0.6303036275915308,0.7408053024102974,1.8781807601993097,0.4396946522528188,8.02275613294144,0.3948606051808364,Cox_PH,0.9996299973032252,False,24.0,False,False,0.008273009307135471,Medium (20-50),False
CGNL1,7,967,0.7893167745939336,0.7528142832152637,2.2018915239901538,0.5034860765623909,9.629514119878325,0.2944138083654032,Cox_PH,0.9996299973032252,False,21.0,False,False,0.007238883143743537,Medium (20-50),False
CHAF1A,5,967,0.0234092594959649,1.0153678148657834,1.0236854068022847,0.1399161929168587,7.489710735073124,0.9816064366584248,Cox_PH,0.9996299973032252,False,15.0,False,False,0.005170630816959669,Small (<20),False
CHAMP1,6,967,1.137946563413906,0.7250786546568363,3.120354332287535,0.7533633736039851,12.924189707348,0.1165521553965934,Cox_PH,0.9996299973032252,False,18.0,False,False,0.0062047569803516025,Small (<20),False
CHD1,9,967,-14.970447030206689,1493.0452056389126,3.15077552438008e-07,0.0,inf,0.9919999150960114,Cox_PH,0.9996299973032252,False,27.0,False,False,0.009307135470527405,Medium (20-50),False
CHD1L,9,967,0.8252627189949121,0.5954568591068903,2.2824803375065317,0.7104670382470812,7.332805338806064,0.1657676667069722,Cox_PH,0.9996299973032252,False,27.0,False,False,0.009307135470527405,Medium (20-50),False
CHD2,10,967,-0.493032027122888,1.025210586739801,0.6107717074921031,0.0818845642048832,4.5557069552135765,0.6305818491007139,Cox_PH,0.9996299973032252,False,30.0,False,False,0.010341261633919338,Medium (20-50),False
CHD3,12,967,1.0754684344878225,0.5344358516702669,2.9313657317730324,1.0283691163822883,8.355856779949134,0.0441837552514039,Cox_PH,0.9996299973032252,False,36.0,False,False,0.012409513960703205,Medium (20-50),True
CHD4,25,967,0.6338583828253109,0.4315361301350637,1.8848691137735565,0.8090031791207897,4.391492725552151,0.1418756552907387,Cox_PH,0.9996299973032252,False,75.0,False,False,0.025853154084798345,Large (50-100),False
CHD5,12,967,1.1297461991775557,0.53879839197392,3.094870919653677,1.0764852661383315,8.897684260628944,0.0360123140410595,Cox_PH,0.9996299973032252,False,36.0,False,False,0.012409513960703205,Medium (20-50),True
CHD6,22,967,-0.0829609943793251,0.5943514377792775,0.9203870467879988,0.2871100140585377,2.950479866308039,0.888989954881124,Cox_PH,0.9996299973032252,False,66.0,False,False,0.022750775594622543,Large (50-100),False
CHD7,21,967,-0.0133657734523518,0.597089641412701,0.9867231518715104,0.306155703761397,3.180154955394992,0.982140950053349,Cox_PH,0.9996299973032252,False,63.0,False,False,0.02171664943123061,Large (50-100),False
CHD8,14,967,0.0025147727713325,0.7383662116702069,1.0025179374646505,0.2358208194125674,4.261889248972798,0.9972825212512796,Cox_PH,0.9996299973032252,False,42.0,False,False,0.014477766287487074,Medium (20-50),False
CHD9,14,967,0.6172856172195628,0.6265848691854242,1.8538890415611775,0.542905109628843,6.330580643770808,0.3245460592987013,Cox_PH,0.9996299973032252,False,42.0,False,False,0.014477766287487074,Medium (20-50),False
CHUK,5,967,-14.9023694726471,2025.4616304792576,3.372742387625606e-07,0.0,inf,0.994129603312885,Cox_PH,0.9996299973032252,False,15.0,False,False,0.005170630816959669,Small (<20),False
CHSY1,5,967,0.4310240120936721,1.0147801677006625,1.5388325001033762,0.2105683202839286,11.24578217740165,0.6710217065179627,Cox_PH,0.9996299973032252,False,15.0,False,False,0.005170630816959669,Small (<20),False
CHST9,5,967,-14.689810012397276,2026.3615218871705,4.171541528327899e-07,0.0,inf,0.994215903813952,Cox_PH,0.9996299973032252,False,15.0,False,False,0.005170630816959669,Small (<20),False
CHST2,5,967,-14.898180614878187,2016.7938998770128,3.386899957099643e-07,0.0,inf,0.9941060312665708,Cox_PH,0.9996299973032252,False,15.0,False,False,0.005170630816959669,Small (<20),False
CHRNB2,8,967,-0.0355971232138803,1.0095706856041495,0.9650290029600778,0.1334063337826049,6.980785320670832,0.9718726867375296,Cox_PH,0.9996299973032252,False,24.0,False,False,0.008273009307135471,Medium (20-50),False
CHRM2,7,967,-15.152950147783288,1710.922575042539,2.625169599198641e-07,0.0,inf,0.9929335511188012,Cox_PH,0.9996299973032252,False,21.0,False,False,0.007238883143743537,Medium (20-50),False
CFAP97,5,967,-15.0490711402012,2014.7217118896071,2.9125369652922685e-07,0.0,inf,0.9940402141944464,Cox_PH,0.9996299973032252,False,15.0,False,False,0.005170630816959669,Small (<20),False
CHRDL1,5,967,0.4448289362009974,1.027058390307238,1.560223275282334,0.2084188527795829,11.679829517664446,0.664935086872844,Cox_PH,0.9996299973032252,False,15.0,False,False,0.005170630816959669,Small (<20),False
CHN1,5,967,-14.868023343670243,2021.474834569214,3.4905953438201285e-07,0.0,inf,0.9941315819935392,Cox_PH,0.9996299973032252,False,15.0,False,False,0.005170630816959669,Small (<20),False
CHML,5,967,-14.797627745017609,2020.8853558060257,3.745173356210589e-07,0.0,inf,0.9941576630390884,Cox_PH,0.9996299973032252,False,15.0,False,False,0.005170630816959669,Small (<20),False
CHM,5,967,0.1091161371184621,1.0296544326586954,1.1152918696042853,0.1482275700208682,8.391663940994938,0.915603336787601,Cox_PH,0.9996299973032252,False,15.0,False,False,0.005170630816959669,Small (<20),False
CHI3L1,7,967,-0.0257160077266824,1.0086396887790905,0.9746118325403876,0.1349771468138957,7.037252205644817,0.9796595523281624,Cox_PH,0.9996299973032252,False,21.0,False,False,0.007238883143743537,Medium (20-50),False
CHGB,9,967,0.9459636393722558,0.5941614741748522,2.5752938377995327,0.80364885717558,8.252532548004687,0.1113625561047344,Cox_PH,0.9996299973032252,False,27.0,False,False,0.009307135470527405,Medium (20-50),False
CHEK2,6,967,1.0592953436117036,0.7312312313380553,2.8843378059433165,0.6880334178232471,12.091570501203654,0.1474364124653443,Cox_PH,0.9996299973032252,False,18.0,False,False,0.0062047569803516025,Small (<20),False
CHORDC1,5,967,1.1371732053896275,0.7691344007050303,3.11794211410044,0.6905062740085588,14.078891666610147,0.1392712172548169,Cox_PH,0.9996299973032252,False,15.0,False,False,0.005170630816959669,Small (<20),False
CFAP94,5,967,1.2793008583534515,0.7453717859477116,3.594126043761715,0.8339116294713144,15.490540678316073,0.0861024210177023,Cox_PH,0.9996299973032252,False,15.0,False,False,0.005170630816959669,Small (<20),False
CFAP92,5,967,0.266677836260422,1.036505671461293,1.305619755225773,0.1712084806826436,9.95653333549274,0.7969584176311836,Cox_PH,0.9996299973032252,False,15.0,False,False,0.005170630816959669,Small (<20),False
CFAP91,6,967,0.2055232032781224,1.0390354642420734,1.22816747814283,0.160255428808293,9.412444655289343,0.8432000488033542,Cox_PH,0.9996299973032252,False,18.0,False,False,0.0062047569803516025,Small (<20),False
CEP70,10,967,0.4398106460992838,0.7234994056981208,1.552413235177165,0.3759691491584535,6.410065448581617,0.5432580557722945,Cox_PH,0.9996299973032252,False,30.0,False,False,0.010341261633919338,Medium (20-50),False
CEP68,6,967,1.0762479643341452,0.7254925418868835,2.9336517097297,0.7077124458180618,12.16074749689014,0.1379490165732903,Cox_PH,0.9996299973032252,False,18.0,False,False,0.0062047569803516025,Small (<20),False
CEP63,5,967,1.4601775781013655,0.745819234707635,4.30672424035885,0.9983732027458968,18.578096478832748,0.0502514896644357,Cox_PH,0.9996299973032252,False,15.0,False,False,0.005170630816959669,Small (<20),False
CEP41,5,967,1.0520993936468157,0.7624363392812636,2.863656754556994,0.6425723694083215,12.762033349599076,0.1676119886007365,Cox_PH,0.9996299973032252,False,15.0,False,False,0.005170630816959669,Small (<20),False
CEP350,22,967,-0.4928853766446904,0.7355186616579767,0.6108612840231364,0.1444962167411815,2.58243099185618,0.5027816333901979,Cox_PH,0.9996299973032252,False,66.0,False,False,0.022750775594622543,Large (50-100),False
CEP290,11,967,-0.5665459638195747,1.0140451536033397,0.567482161375848,0.0777641722429111,4.141187312762276,0.5763671952194023,Cox_PH,0.9996299973032252,False,33.0,False,False,0.011375387797311272,Medium (20-50),False
CEP72,10,967,-0.2219167422385984,1.0323949489861075,0.8009820495309574,0.1058840298029787,6.05919745276605,0.8298036976262706,Cox_PH,0.9996299973032252,False,30.0,False,False,0.010341261633919338,Medium (20-50),False
CEP250,11,967,0.2881885561795122,0.7206229082885651,1.334008816016362,0.3249017844340034,5.477284540955972,0.6892184636689205,Cox_PH,0.9996299973032252,False,33.0,False,False,0.011375387797311272,Medium (20-50),False
CEP170,17,967,-0.261760690237557,0.7269427570881032,0.7696951972442403,0.1851537914465144,3.1996681895222534,0.7187840763103501,Cox_PH,0.9996299973032252,False,51.0,False,False,0.017580144777662874,Large (50-100),False
CEP162,14,967,-16.116641615007456,1980.046796831719,1.001455093573682e-07,0.0,inf,0.9935056698925724,Cox_PH,0.9996299973032252,False,42.0,False,False,0.014477766287487074,Medium (20-50),False
CEP152,12,967,-0.6580702127014999,1.0204006583240812,0.5178497106491922,0.0700843681760894,3.8263642777754594,0.5189832091816098,Cox_PH,0.9996299973032252,False,36.0,False,False,0.012409513960703205,Medium (20-50),False
CEP135,5,967,0.3452964496979645,1.0169018448876863,1.412408565703553,0.1924668849508416,10.364889300215404,0.7341899353950967,Cox_PH,0.9996299973032252,False,15.0,False,False,0.005170630816959669,Small (<20),False
CEP131,5,967,-14.919667626972398,2009.44789670079,3.314901878606125e-07,0.0,inf,0.9940759533508392,Cox_PH,0.9996299973032252,False,15.0,False,False,0.005170630816959669,Small (<20),False
CEP128,9,967,-0.1178022520474975,1.0097621116419893,0.8888718078164618,0.1228322112750046,6.432295588670906,0.907126817564092,Cox_PH,0.9996299973032252,False,27.0,False,False,0.009307135470527405,Medium (20-50),False
CEP192,13,967,0.0070542457516722,0.7348686756278122,1.0070791855525727,0.2385232811629347,4.252031420280646,0.9923409616983696,Cox_PH,0.9996299973032252,False,39.0,False,False,0.01344364012409514,Medium (20-50),False
CIITA,5,967,-15.03170000133152,2028.0171657670776,2.9635730434138885e-07,0.0,inf,0.994086119318926,Cox_PH,0.9996299973032252,False,15.0,False,False,0.005170630816959669,Small (<20),False
CEP85,7,967,-0.0259245090466035,1.0292503657404362,0.9744086458699728,0.1296061262287169,7.325828159315659,0.9799052016280708,Cox_PH,0.9996299973032252,False,21.0,False,False,0.007238883143743537,Medium (20-50),False
CERKL,5,967,-14.98372435990391,2019.444590889717,3.109218135023044e-07,0.0,inf,0.9940799699627396,Cox_PH,0.9996299973032252,False,15.0,False,False,0.005170630816959669,Small (<20),False
CFAP74,10,967,0.9187845766264828,0.6066675436705169,2.506242392424358,0.7631628711318372,8.230550996629761,0.1299046793977405,Cox_PH,0.9996299973032252,False,30.0,False,False,0.010341261633919338,Medium (20-50),False
CFAP70,8,967,-15.00644519648129,1587.517248385732,3.0393705999033936e-07,0.0,inf,0.9924578881675804,Cox_PH,0.9996299973032252,False,24.0,False,False,0.008273009307135471,Medium (20-50),False
CFAP69,7,967,0.0495369758531637,1.0180668455427555,1.0507844451478603,0.1428623011852236,7.728756578918243,0.961191941844844,Cox_PH,0.9996299973032252,False,21.0,False,False,0.007238883143743537,Medium (20-50),False
CFAP65,8,967,-0.1410791226328683,1.0077874791189263,0.8684205972551781,0.1204714381791326,6.260025987368602,0.8886687119378559,Cox_PH,0.9996299973032252,False,24.0,False,False,0.008273009307135471,Medium (20-50),False
CFAP61,12,967,-15.886399975393484,2148.149650755504,1.2607359976715244e-07,0.0,inf,0.994099387944146,Cox_PH,0.9996299973032252,False,36.0,False,False,0.012409513960703205,Medium (20-50),False
CFAP58,8,967,0.7905092641138555,0.7468720951861205,2.2045188227582986,0.5099921005757186,9.529369640057952,0.2898610149353768,Cox_PH,0.9996299973032252,False,24.0,False,False,0.008273009307135471,Medium (20-50),False
CEP95,12,967,0.2573932874938054,0.7331478328430644,1.2935537652506568,0.3074089095030166,5.443177773537274,0.7255285913852019,Cox_PH,0.9996299973032252,False,36.0,False,False,0.012409513960703205,Medium (20-50),False
CFAP54,8,967,-14.94631801633221,1595.7565660796165,3.2277252579496273e-07,0.0,inf,0.9925268914586854,Cox_PH,0.9996299973032252,False,24.0,False,False,0.008273009307135471,Medium (20-50),False
CFAP46,5,967,0.2079300926817019,1.0406271315407392,1.231127101746351,0.1601412428833114,9.464607076634104,0.8416273872515697,Cox_PH,0.9996299973032252,False,15.0,False,False,0.005170630816959669,Small (<20),False
CFAP44,10,967,-0.3847146410771241,1.0228553912044671,0.6806448365722912,0.0916744826965656,5.053504311400679,0.7068289426835321,Cox_PH,0.9996299973032252,False,30.0,False,False,0.010341261633919338,Medium (20-50),False
CFAP43,8,967,-0.2382152913785716,1.0135146220396631,0.7880330161152463,0.1080994166681015,5.744675166882175,0.8141785949575995,Cox_PH,0.9996299973032252,False,24.0,False,False,0.008273009307135471,Medium (20-50),False
CFAP251,8,967,1.2041936097749222,0.6053214941553168,3.3340694327610123,1.0179221902118167,10.920303230798256,0.046663077230086,Cox_PH,0.9996299973032252,False,24.0,False,False,0.008273009307135471,Medium (20-50),True
CFAP20DC,6,967,0.0648993623465872,1.030066477724279,1.0670516334080389,0.14170172850859,8.035182071118783,0.9497625043199368,Cox_PH,0.9996299973032252,False,18.0,False,False,0.0062047569803516025,Small (<20),False
CES5A,5,967,-14.872725210723283,2003.1631776223248,3.4742215524379986e-07,0.0,inf,0.9940760648304976,Cox_PH,0.9996299973032252,False,15.0,False,False,0.005170630816959669,Small (<20),False
CFAP47,14,967,-0.0135724682689718,0.7284162853070576,0.9865192223868894,0.2366274329864621,4.112879744566694,0.9851340002793704,Cox_PH,0.9996299973032252,False,42.0,False,False,0.014477766287487074,Medium (20-50),False
CILK1,7,967,-0.0304002194201448,1.012007116636962,0.970057220110262,0.1334625762670508,7.050748131859386,0.976035525995269,Cox_PH,0.9996299973032252,False,21.0,False,False,0.007238883143743537,Medium (20-50),False
CILP,8,967,1.209145146299171,0.5916757746811352,3.350619138755158,1.0507042229940655,10.684880071197512,0.0409936586105369,Cox_PH,0.9996299973032252,False,24.0,False,False,0.008273009307135471,Medium (20-50),True
CIP2A,5,967,0.5433491337410865,1.0112367284298192,1.721763633384274,0.2372419306741529,12.495556754325426,0.5910524560554362,Cox_PH,0.9996299973032252,False,15.0,False,False,0.005170630816959669,Small (<20),False
CNTRL,10,967,0.4469354862623406,0.7242409419243286,1.5635134279375422,0.3781074895454871,6.465289122623733,0.5371629394590659,Cox_PH,0.9996299973032252,False,30.0,False,False,0.010341261633919338,Medium (20-50),False
CNTNAP5,17,967,-0.9613391017811018,1.0190101088785182,0.3823804965768772,0.051891570755841,2.81769933021195,0.3454738518936139,Cox_PH,0.9996299973032252,False,51.0,False,False,0.017580144777662874,Large (50-100),False
CNTNAP4,7,967,0.9148332362963316,0.7243186014829622,2.4963589151325487,0.6036074421189014,10.324272694991365,0.2065798308679878,Cox_PH,0.9996299973032252,False,21.0,False,False,0.007238883143743537,Medium (20-50),False
CNTNAP3,9,967,-0.378038422758209,1.025521817490373,0.685204172725825,0.0918075092089497,5.114012594027693,0.7124033021268095,Cox_PH,0.9996299973032252,False,27.0,False,False,0.009307135470527405,Medium (20-50),False
CNTNAP2,12,967,0.2646394883174714,0.7462370282682168,1.3029611583766505,0.3018017038348643,5.62524253066229,0.7228653414568079,Cox_PH,0.9996299973032252,False,36.0,False,False,0.012409513960703205,Medium (20-50),False
CNTNAP1,9,967,-15.084155745027587,1488.9067042150984,2.812123539447909e-07,0.0,inf,0.991916747322368,Cox_PH,0.9996299973032252,False,27.0,False,False,0.009307135470527405,Medium (20-50),False
CNTROB,5,967,0.2406449107935157,1.0192822228392504,1.2720692570391074,0.1725361936995542,9.378670990747649,0.8133608763815587,Cox_PH,0.9996299973032252,False,15.0,False,False,0.005170630816959669,Small (<20),False
CNTN6,12,967,0.1020603493206863,0.7387781913509232,1.1074503035847998,0.2602936386722767,4.711779285755905,0.89012385769511,Cox_PH,0.9996299973032252,False,36.0,False,False,0.012409513960703205,Medium (20-50),False
CNTN4,9,967,-0.2291164851076872,1.0315352952305723,0.7952358949708315,0.1053017054613084,6.005601959432893,0.8242266077625309,Cox_PH,0.9996299973032252,False,27.0,False,False,0.009307135470527405,Medium (20-50),False
CNTN3,9,967,1.0690550583418514,0.608819398629224,2.9126259376209367,0.883175836409448,9.60555022314862,0.0790973291697003,Cox_PH,0.9996299973032252,False,27.0,False,False,0.009307135470527405,Medium (20-50),False
CNTN2,7,967,0.0744915475241553,1.0171018792960949,1.0773362373252475,0.14674951343324,7.909078136617682,0.941615914208174,Cox_PH,0.9996299973032252,False,21.0,False,False,0.007238883143743537,Medium (20-50),False
CNTN1,11,967,-0.6793430419589694,1.0155148817297677,0.5069499278227854,0.0692693874341274,3.710127068236643,0.5035183518384584,Cox_PH,0.9996299973032252,False,33.0,False,False,0.011375387797311272,Medium (20-50),False
CNTLN,16,967,-16.041872407758916,1839.4555077970117,1.0792034721027892e-07,0.0,inf,0.9930417452221102,Cox_PH,0.9996299973032252,False,48.0,False,False,0.016546018614270942,Medium (20-50),False
CNST,6,967,1.069007464776443,0.7368839913094289,2.9124873186665754,0.6870933205650741,12.345604487054882,0.1468596884837364,Cox_PH,0.9996299973032252,False,18.0,False,False,0.0062047569803516025,Small (<20),False
CNTN5,5,967,-14.853919640626534,2004.242734172105,3.540174466777906e-07,0.0,inf,0.9940867418641102,Cox_PH,0.9996299973032252,False,15.0,False,False,0.005170630816959669,Small (<20),False
CNOT6,5,967,0.4584042856021886,1.0463696308253827,1.5815482710244375,0.2034204639952686,12.29618143845432,0.6613208949061606,Cox_PH,0.9996299973032252,False,15.0,False,False,0.005170630816959669,Small (<20),False
COBLL1,9,967,-14.993074671592383,1487.6630847976148,3.080281470592327e-07,0.0,inf,0.99195883771514,Cox_PH,0.9996299973032252,False,27.0,False,False,0.009307135470527405,Medium (20-50),False
COG2,6,967,-15.097369710327506,1840.432364474838,2.775208669620149e-07,0.0,inf,0.9934548949827082,Cox_PH,0.9996299973032252,False,18.0,False,False,0.0062047569803516025,Small (<20),False
COL24A1,9,967,-14.948876775856077,1507.640896629137,3.219476842561509e-07,0.0,inf,0.9920887775278588,Cox_PH,0.9996299973032252,False,27.0,False,False,0.009307135470527405,Medium (20-50),False
COL22A1,17,967,-0.3108554931750828,0.7204694850815706,0.7328197656758227,0.1785340956541316,3.00796778899605,0.6661321864187295,Cox_PH,0.9996299973032252,False,51.0,False,False,0.017580144777662874,Large (50-100),False
COL1A2,13,967,-0.7123096742314452,1.0114864510109345,0.4905099698793792,0.0675543298480864,3.5615782303239696,0.4812953556335556,Cox_PH,0.9996299973032252,False,39.0,False,False,0.01344364012409514,Medium (20-50),False
COL1A1,10,967,0.4535270524201663,0.7212261120293769,1.5738534712377208,0.3828637385375791,6.469703185755988,0.5294617768985026,Cox_PH,0.9996299973032252,False,30.0,False,False,0.010341261633919338,Medium (20-50),False
COL19A1,12,967,-0.6797193137654274,1.0151458966939149,0.5067592127402643,0.0692934238460424,3.706050090232323,0.503126870911303,Cox_PH,0.9996299973032252,False,36.0,False,False,0.012409513960703205,Medium (20-50),False
COL18A1,10,967,0.9357344528127932,0.612794080950862,2.549084953006183,0.7669436519328982,8.472374836490658,0.1267618670947091,Cox_PH,0.9996299973032252,False,30.0,False,False,0.010341261633919338,Medium (20-50),False
COG1,10,967,-14.973258597793704,1431.4647447492944,3.141929347680959e-07,0.0,inf,0.9916542031174714,Cox_PH,0.9996299973032252,False,30.0,False,False,0.010341261633919338,Medium (20-50),False
COL17A1,10,967,-0.4606789768296791,1.0122278502479756,0.6308551640196335,0.0867568792735716,4.587281623112428,0.6490272898409912,Cox_PH,0.9996299973032252,False,30.0,False,False,0.010341261633919338,Medium (20-50),False
COL15A1,6,967,0.8201181475913512,0.7304572839610575,2.2707681074667847,0.5424940675753332,9.504966240340028,0.2615452959249508,Cox_PH,0.9996299973032252,False,18.0,False,False,0.0062047569803516025,Small (<20),False
COL14A1,19,967,-0.2916394212980998,0.7248879053563198,0.7470378533548162,0.1804286778616981,3.0929980807859128,0.6874459801579756,Cox_PH,0.9996299973032252,False,57.0,False,False,0.01964839710444674,Large (50-100),False
COL11A1,17,967,-0.1837144243396314,0.723705371485696,0.832173418370084,0.201457476933984,3.437512515202806,0.7996095054412206,Cox_PH,0.9996299973032252,False,51.0,False,False,0.017580144777662874,Large (50-100),False
COL10A1,5,967,1.3031561971328978,0.7334703555940677,3.680895986480842,0.8742003468139586,15.498730139687506,0.0756177433040101,Cox_PH,0.9996299973032252,False,15.0,False,False,0.005170630816959669,Small (<20),False
COG5,5,967,0.3848205778705595,1.0307397839348178,1.4693506637638534,0.1948686769861518,11.079211941571824,0.7088923864581972,Cox_PH,0.9996299973032252,False,15.0,False,False,0.005170630816959669,Small (<20),False
COG3,5,967,0.3868083998130945,1.0161874509669575,1.472274376201692,0.2009058268030895,10.78909394173304,0.7034654237225539,Cox_PH,0.9996299973032252,False,15.0,False,False,0.005170630816959669,Small (<20),False
COL16A1,8,967,-0.0641340321077726,1.0100100047152298,0.9378792851686096,0.1295415446283317,6.7902351795487474,0.9493696231791616,Cox_PH,0.9996299973032252,False,24.0,False,False,0.008273009307135471,Medium (20-50),False
CEP126,9,967,-0.304231791609574,1.0104567073868,0.7376898563128381,0.1018018565209301,5.345544204245163,0.7633508607653066,Cox_PH,0.9996299973032252,False,27.0,False,False,0.009307135470527405,Medium (20-50),False
CNOT3,8,967,0.5909238616406135,0.7265394308208144,1.805655821202488,0.4347024857169966,7.500285946754485,0.416022927740422,Cox_PH,0.9996299973032252,False,24.0,False,False,0.008273009307135471,Medium (20-50),False
CNOT1,16,967,-0.8432007072397665,1.013356467435491,0.4303309534088859,0.0590494893924547,3.136093662572185,0.4053598590010433,Cox_PH,0.9996299973032252,False,48.0,False,False,0.016546018614270942,Medium (20-50),False
CLK3,5,967,0.452898324684964,1.0414843953496618,1.572864256915036,0.2042498886922877,12.11213375204302,0.6636651512231282,Cox_PH,0.9996299973032252,False,15.0,False,False,0.005170630816959669,Small (<20),False
CLK2,5,967,-14.966930120466012,2021.700648091396,3.161876025801722e-07,0.0,inf,0.9940932039588292,Cox_PH,0.9996299973032252,False,15.0,False,False,0.005170630816959669,Small (<20),False
CLIP2,5,967,-14.972307052174733,1987.30329906295,3.144920459650917e-07,0.0,inf,0.993988809040586,Cox_PH,0.9996299973032252,False,15.0,False,False,0.005170630816959669,Small (<20),False
CLIP1,8,967,0.4105887257326475,0.7306640245773653,1.5077051486986193,0.3600498580856985,6.313500101064524,0.5741574740478774,Cox_PH,0.9996299973032252,False,24.0,False,False,0.008273009307135471,Medium (20-50),False
CLEC16A,8,967,-15.175438863437376,1609.2935019395431,2.566791787861802e-07,0.0,inf,0.9924761586926693,Cox_PH,0.9996299973032252,False,24.0,False,False,0.008273009307135471,Medium (20-50),False
CLCN6,6,967,0.9387564546149948,0.7393306638810907,2.5567999438147715,0.6002964595205185,10.88999584957201,0.2041778679279947,Cox_PH,0.9996299973032252,False,18.0,False,False,0.0062047569803516025,Small (<20),False
CLK4,5,967,1.152089004260501,0.7746206582000273,3.164797284014888,0.693386659056634,14.44495898224361,0.1369370602359913,Cox_PH,0.9996299973032252,False,15.0,False,False,0.005170630816959669,Small (<20),False
CLCN3,6,967,0.2708673601071599,1.0074674534229024,1.3111011545341131,0.1819963133185977,9.445170652503688,0.78803767853922,Cox_PH,0.9996299973032252,False,18.0,False,False,0.0062047569803516025,Small (<20),False
CLASP2,10,967,0.3883206150768019,0.7394821804433711,1.4745024562294655,0.3460872186760121,6.2821086018263355,0.5994962650052009,Cox_PH,0.9996299973032252,False,30.0,False,False,0.010341261633919338,Medium (20-50),False
CLASP1,6,967,0.8481741209727751,0.7496919621130025,2.3353788374327595,0.537287403943628,10.15098115886785,0.2579021282197216,Cox_PH,0.9996299973032252,False,18.0,False,False,0.0062047569803516025,Small (<20),False
CKMT2,5,967,-14.928867720958648,1971.04050478903,3.284544330043718e-07,0.0,inf,0.99395679634753,Cox_PH,0.9996299973032252,False,15.0,False,False,0.005170630816959669,Small (<20),False
CKAP5,11,967,-0.5383787583405526,1.0243893274826004,0.5836937943866523,0.0783803641546553,4.346732109246677,0.5991934777321266,Cox_PH,0.9996299973032252,False,33.0,False,False,0.011375387797311272,Medium (20-50),False
CKAP2L,6,967,-15.031730588042151,1836.6848064819212,2.963482398849032e-07,0.0,inf,0.9934700544002578,Cox_PH,0.9996299973032252,False,18.0,False,False,0.0062047569803516025,Small (<20),False
CKAP2,7,967,-0.0375714716218616,1.0069119263906412,0.963125579113652,0.1338388456290959,6.930804556650695,0.9702349912974246,Cox_PH,0.9996299973032252,False,21.0,False,False,0.007238883143743537,Medium (20-50),False
CLCA1,7,967,1.30776641100864,0.602385744067254,3.697904881428951,1.13551961033762,12.042504935718616,0.0299328086840056,Cox_PH,0.9996299973032252,False,21.0,False,False,0.007238883143743537,Medium (20-50),True
CNOT2,5,967,1.1274327572904934,0.7398733359697321,3.087719391145492,0.7241773332136804,13.165298886319494,0.1275540297441148,Cox_PH,0.9996299973032252,False,15.0,False,False,0.005170630816959669,Small (<20),False
CLMN,7,967,0.7473582657885651,0.7348312919824067,2.11141484575977,0.5001180709700563,8.914040323013388,0.3091308740365898,Cox_PH,0.9996299973032252,False,21.0,False,False,0.007238883143743537,Medium (20-50),False
CLSPN,6,967,0.8419572380078494,0.7242691696301875,2.3209050979110426,0.5612379363181538,9.597712707816523,0.2450356037567142,Cox_PH,0.9996299973032252,False,18.0,False,False,0.0062047569803516025,Small (<20),False
CNKSR2,9,967,0.395211689831525,0.7168782593764915,1.4846984532221017,0.3642664409260653,6.051420744101735,0.5814311883826029,Cox_PH,0.9996299973032252,False,27.0,False,False,0.009307135470527405,Medium (20-50),False
CNKSR1,5,967,-14.889655965444083,2013.6669636353267,3.415895504750596e-07,0.0,inf,0.9941002566134064,Cox_PH,0.9996299973032252,False,15.0,False,False,0.005170630816959669,Small (<20),False
CNGB3,8,967,0.661045916551074,0.7545808688278685,1.936817024371274,0.4413431508150304,8.499645183043913,0.3810062051946132,Cox_PH,0.9996299973032252,False,24.0,False,False,0.008273009307135471,Medium (20-50),False
CNGA4,6,967,-14.919915682513391,1848.0341518571283,3.314079700804384e-07,0.0,inf,0.9935584301620218,Cox_PH,0.9996299973032252,False,18.0,False,False,0.0062047569803516025,Small (<20),False
CNGA3,5,967,0.2062022132107162,1.0145070376992913,1.2290016992495347,0.1682622372300485,8.97673299501634,0.8389368160266488,Cox_PH,0.9996299973032252,False,15.0,False,False,0.005170630816959669,Small (<20),False
CNDP1,6,967,-14.962060434313573,1833.4737473214363,3.177310920745678e-07,0.0,inf,0.993488936213138,Cox_PH,0.9996299973032252,False,18.0,False,False,0.0062047569803516025,Small (<20),False
CLOCK,6,967,0.1702332502013033,1.045233014492707,1.1855813561616932,0.1528308601660326,9.197116018003028,0.8706236927780667,Cox_PH,0.9996299973032252,False,18.0,False,False,0.0062047569803516025,Small (<20),False
CNBD1,7,967,0.2284539229293027,1.0144846003530974,1.2566556207879955,0.1720558933254314,9.178315945686029,0.8218298308076719,Cox_PH,0.9996299973032252,False,21.0,False,False,0.007238883143743537,Medium (20-50),False
CMTR2,6,967,0.2233589120630983,1.017069472367352,1.250269229925849,0.1703164241044173,9.178052883150176,0.8261746842235582,Cox_PH,0.9996299973032252,False,18.0,False,False,0.0062047569803516025,Small (<20),False
CMAS,6,967,0.1920141104459209,1.0273307245321293,1.2116876142968294,0.1617741407184759,9.075534990448956,0.8517344614390906,Cox_PH,0.9996299973032252,False,18.0,False,False,0.0062047569803516025,Small (<20),False
CLUH,7,967,0.7764468230667325,0.7592240324292796,2.1737348628845488,0.4908423508244838,9.626559823500896,0.3064569344923671,Cox_PH,0.9996299973032252,False,21.0,False,False,0.007238883143743537,Medium (20-50),False
CLTCL1,6,967,-15.039847816170871,1828.830224847571,2.939524503560358e-07,0.0,inf,0.9934384685102228,Cox_PH,0.9996299973032252,False,18.0,False,False,0.0062047569803516025,Small (<20),False
CLTC,8,967,0.7076317042480537,0.7289724379881884,2.0291798654393034,0.4861907345220459,8.469044418035002,0.3316852839397043,Cox_PH,0.9996299973032252,False,24.0,False,False,0.008273009307135471,Medium (20-50),False
CLSTN2,6,967,-15.052183859084254,1820.7081052036187,2.9034851516670065e-07,0.0,inf,0.9934037925859084,Cox_PH,0.9996299973032252,False,18.0,False,False,0.0062047569803516025,Small (<20),False
CMYA5,24,967,-0.1859107998436827,0.6052411301353985,0.8303476588195949,0.253552743890362,2.7192655221483912,0.7587153849957466,Cox_PH,0.9996299973032252,False,72.0,False,False,0.02481902792140641,Large (50-100),False
CEP120,8,967,0.4764617446700909,0.7248126815413645,1.61036642242569,0.3890018766232698,6.666497439516434,0.5109504581131901,Cox_PH,0.9996299973032252,False,24.0,False,False,0.008273009307135471,Medium (20-50),False
CEP112,7,967,0.765310917924853,0.7282789200967097,2.1496626394090703,0.5157589543054347,8.959707678743595,0.2933281089437527,Cox_PH,0.9996299973032252,False,21.0,False,False,0.007238883143743537,Medium (20-50),False
CENPO,5,967,0.4422188956413153,1.020293633341746,1.5561563389947886,0.2106501400504051,11.4959456035216,0.6647073745911585,Cox_PH,0.9996299973032252,False,15.0,False,False,0.005170630816959669,Small (<20),False
CCDC63,5,967,-15.202108595692748,2025.282693260346,2.499240923741229e-07,0.0,inf,0.9940110020788236,Cox_PH,0.9996299973032252,False,15.0,False,False,0.005170630816959669,Small (<20),False
CCDC62,5,967,-15.135048062815244,2008.1624233602745,2.672588793219053e-07,0.0,inf,0.9939865885789538,Cox_PH,0.9996299973032252,False,15.0,False,False,0.005170630816959669,Small (<20),False
CCDC60,6,967,1.0308424460352958,0.7202862353581635,2.8034265757649783,0.6832335194621472,11.502949345770162,0.1523853203225517,Cox_PH,0.9996299973032252,False,18.0,False,False,0.0062047569803516025,Small (<20),False
CCDC57,7,967,0.836456134711465,0.7343793833706549,2.308172612693864,0.5472073631611263,9.73609123096042,0.2547042804137177,Cox_PH,0.9996299973032252,False,21.0,False,False,0.007238883143743537,Medium (20-50),False
CCDC50,7,967,-14.894735505437737,1696.6463243233627,3.398588320400542e-07,0.0,inf,0.9929955190568006,Cox_PH,0.9996299973032252,False,21.0,False,False,0.007238883143743537,Medium (20-50),False
CCDC40,7,967,0.8839097687112627,0.7436234531442377,2.420344217551456,0.5634976029047598,10.395902486962092,0.2345764966251786,Cox_PH,0.9996299973032252,False,21.0,False,False,0.007238883143743537,Medium (20-50),False
CCDC66,5,967,0.4788234625940566,1.0114171440278092,1.614174148287027,0.2223385319997087,11.718878223957883,0.6359147216507579,Cox_PH,0.9996299973032252,False,15.0,False,False,0.005170630816959669,Small (<20),False
CCDC39,8,967,-0.2106482296308443,1.0123517736305836,0.8100589715112813,0.111374408293414,5.891798191171334,0.835167989635317,Cox_PH,0.9996299973032252,False,24.0,False,False,0.008273009307135471,Medium (20-50),False
CCDC191,7,967,0.0977542530185512,1.0242332103100626,1.102691768635521,0.1481184719645694,8.209166085020026,0.9239642325355226,Cox_PH,0.9996299973032252,False,21.0,False,False,0.007238883143743537,Medium (20-50),False
CCDC181,5,967,0.4772071164454152,1.0139348204320415,1.6115671915590128,0.2208867545604111,11.757829563289183,0.6378916161289838,Cox_PH,0.9996299973032252,False,15.0,False,False,0.005170630816959669,Small (<20),False
CCDC180,8,967,-0.1327293614798459,1.032733553986285,0.8757020587504503,0.1156846727888561,6.6288305720448735,0.8977355982092851,Cox_PH,0.9996299973032252,False,24.0,False,False,0.008273009307135471,Medium (20-50),False
CCDC178,7,967,0.6326907981605175,0.727638469506479,1.8826696537789205,0.4522678880327329,7.837047730002691,0.3845668338655331,Cox_PH,0.9996299973032252,False,21.0,False,False,0.007238883143743537,Medium (20-50),False
CCDC173,7,967,-0.1168898799953278,1.0352615433087589,0.8896831596829766,0.1169507345736135,6.768115886653625,0.9101030575546828,Cox_PH,0.9996299973032252,False,21.0,False,False,0.007238883143743537,Medium (20-50),False
CCDC172,5,967,-14.801990191762137,2006.520342355508,3.728870822217634e-07,0.0,inf,0.9941141028691084,Cox_PH,0.9996299973032252,False,15.0,False,False,0.005170630816959669,Small (<20),False
CCDC30,5,967,0.5540009233874318,1.0124075385732076,1.7402015213490143,0.2392328694599108,12.6583831968495,0.5842335207886916,Cox_PH,0.9996299973032252,False,15.0,False,False,0.005170630816959669,Small (<20),False
CCDC171,8,967,-0.4538476847413086,1.0206387156999437,0.635179473404047,0.0859233578800781,4.695498097233762,0.6565580633310574,Cox_PH,0.9996299973032252,False,24.0,False,False,0.008273009307135471,Medium (20-50),False
CCDC7,8,967,0.935087875377203,0.6043747729287807,2.5474373049176062,0.7792006600532785,8.328325622878912,0.1218153344265519,Cox_PH,0.9996299973032252,False,24.0,False,False,0.008273009307135471,Medium (20-50),False
CCDC78,5,967,1.1891751636871235,0.7293246735749411,3.2843710213234902,0.7863909671700526,13.71721377284953,0.1029925981074043,Cox_PH,0.9996299973032252,False,15.0,False,False,0.005170630816959669,Small (<20),False
CCT3,6,967,-14.883881506710209,1855.0941312283776,3.435677512607837e-07,0.0,inf,0.99359844244572,Cox_PH,0.9996299973032252,False,18.0,False,False,0.0062047569803516025,Small (<20),False
CCSER2,5,967,0.3516145982155266,1.0409236684560852,1.4213606232238745,0.1847788097954117,10.933429127983946,0.7355207278630997,Cox_PH,0.9996299973032252,False,15.0,False,False,0.005170630816959669,Small (<20),False
CCPG1,9,967,-0.3132217725460901,1.0158881253936576,0.7310877593951691,0.099822417332579,5.354401608575425,0.7578364930568958,Cox_PH,0.9996299973032252,False,27.0,False,False,0.009307135470527405,Medium (20-50),False
CCP110,5,967,1.166328762573708,0.722952613068463,3.210185625002896,0.7782882212784958,13.240970973512498,0.1066825569526367,Cox_PH,0.9996299973032252,False,15.0,False,False,0.005170630816959669,Small (<20),False
CCNT1,7,967,-15.008091017592038,1689.001669088814,3.0343724537621173e-07,0.0,inf,0.9929102695695,Cox_PH,0.9996299973032252,False,21.0,False,False,0.007238883143743537,Medium (20-50),False
CCNL2,5,967,0.3682358625937978,1.0410509450216177,1.445182863357101,0.187828871315685,11.119448750936623,0.723552100238614,Cox_PH,0.9996299973032252,False,15.0,False,False,0.005170630816959669,Small (<20),False
CCDC73,6,967,-14.851459153265848,1690.5941567731563,3.548895746207056e-07,0.0,inf,0.9929908680290458,Cox_PH,0.9996299973032252,False,18.0,False,False,0.0062047569803516025,Small (<20),False
CCNB3,14,967,0.0491478080037055,0.7226838193707922,1.0503755931862773,0.2547907961076472,4.330175593530044,0.9457797871675688,Cox_PH,0.9996299973032252,False,42.0,False,False,0.014477766287487074,Medium (20-50),False
CCIN,7,967,-0.0968750240534522,1.0325001064932209,0.9076694358920324,0.1199626022390709,6.867672003402354,0.9252476323900456,Cox_PH,0.9996299973032252,False,21.0,False,False,0.007238883143743537,Medium (20-50),False
CCDC88C,7,967,-15.011764356217208,1714.872583204757,3.023246623206573e-07,0.0,inf,0.993015514881774,Cox_PH,0.9996299973032252,False,21.0,False,False,0.007238883143743537,Medium (20-50),False
CCDC88A,11,967,0.7872825434745448,0.628394897808776,2.1974169204624343,0.6412271887491373,7.530312511785403,0.2102614621723857,Cox_PH,0.9996299973032252,False,33.0,False,False,0.011375387797311272,Medium (20-50),False
CCDC87,6,967,-14.83089516511471,1841.5802042787652,3.622630740669714e-07,0.0,inf,0.9935744235644092,Cox_PH,0.9996299973032252,False,18.0,False,False,0.0062047569803516025,Small (<20),False
CCDC82,5,967,0.5034708157706919,1.0072658949567077,1.654453620698747,0.2297484329729272,11.913973678182773,0.6171884204127676,Cox_PH,0.9996299973032252,False,15.0,False,False,0.005170630816959669,Small (<20),False
CCDC80,11,967,0.941505976856704,0.5282469291068222,2.5638395955324715,0.9104120277538554,7.2201083369224754,0.0746967822272597,Cox_PH,0.9996299973032252,False,33.0,False,False,0.011375387797311272,Medium (20-50),False
CCNA2,5,967,0.3516616533146874,1.0168017934112346,1.421427507062544,0.1937338707857573,10.429029005817886,0.7294548899521767,Cox_PH,0.9996299973032252,False,15.0,False,False,0.005170630816959669,Small (<20),False
CCT6B,6,967,0.2334930560567176,1.00549629345116,1.2630040576319213,0.1759985224574137,9.063594553645652,0.8163696882668845,Cox_PH,0.9996299973032252,False,18.0,False,False,0.0062047569803516025,Small (<20),False
CCDC170,6,967,-15.059661127063992,1850.2112041972364,2.881855979444237e-07,0.0,inf,0.9935057476668376,Cox_PH,0.9996299973032252,False,18.0,False,False,0.0062047569803516025,Small (<20),False
CCDC150,10,967,-0.5784653710882963,1.0214464205756972,0.5607582624281142,0.0757360995731295,4.151914749422368,0.5711763773153136,Cox_PH,0.9996299973032252,False,30.0,False,False,0.010341261633919338,Medium (20-50),False
CATSPERE,8,967,-0.0102740172263385,1.0160468742048574,0.9897785802055562,0.135101910779844,7.251278921066772,0.991932124159677,Cox_PH,0.9996299973032252,False,24.0,False,False,0.008273009307135471,Medium (20-50),False
CATSPERD,5,967,-15.018711797747336,1993.038025344497,3.002315586826092e-07,0.0,inf,0.993987528233772,Cox_PH,0.9996299973032252,False,15.0,False,False,0.005170630816959669,Small (<20),False
CATSPERB,5,967,-14.948964114267753,2020.911736743855,3.219195670846382e-07,0.0,inf,0.994097991180802,Cox_PH,0.9996299973032252,False,15.0,False,False,0.005170630816959669,Small (<20),False
CATSPER3,5,967,-15.01736805314288,2014.3900575246605,3.006352643976183e-07,0.0,inf,0.994051789979878,Cox_PH,0.9996299973032252,False,15.0,False,False,0.005170630816959669,Small (<20),False
CAST,6,967,-14.845543311735875,1848.339125852944,3.56995267436199e-07,0.0,inf,0.9935915967549626,Cox_PH,0.9996299973032252,False,18.0,False,False,0.0062047569803516025,Small (<20),False
CASS4,7,967,0.0581667311157369,1.0313820848064053,1.0598916979043531,0.1403884360491541,8.001872824434393,0.955025642829645,Cox_PH,0.9996299973032252,False,21.0,False,False,0.007238883143743537,Medium (20-50),False
CAVIN1,5,967,-15.031884774256715,2026.2602917408728,2.963025505940231e-07,0.0,inf,0.9940809190115916,Cox_PH,0.9996299973032252,False,15.0,False,False,0.005170630816959669,Small (<20),False
CASR,14,967,0.0944985388139738,0.7327674023485005,1.099107557131213,0.2613942252157539,4.621515341992856,0.8973883769971807,Cox_PH,0.9996299973032252,False,42.0,False,False,0.014477766287487074,Medium (20-50),False
CASP8AP2,12,967,-0.5908245638944641,1.0196990609169894,0.5538703948631313,0.0750624591547646,4.086895337033047,0.5623120745866557,Cox_PH,0.9996299973032252,False,36.0,False,False,0.012409513960703205,Medium (20-50),False
CASP8,16,967,-0.8056961418479237,1.0107088981784362,0.4467767982512594,0.0616251272151838,3.2390928258638065,0.4253584373291731,Cox_PH,0.9996299973032252,False,48.0,False,False,0.016546018614270942,Medium (20-50),False
CASK,9,967,-0.2720264869786319,1.0152258690222622,0.7618340821395443,0.104155616024902,5.572346368443918,0.7887402963796586,Cox_PH,0.9996299973032252,False,27.0,False,False,0.009307135470527405,Medium (20-50),False
CARS1,5,967,0.3614091508718843,1.0284796421422262,1.4353506157087863,0.1912046520745712,10.775006610258036,0.7252872579444303,Cox_PH,0.9996299973032252,False,15.0,False,False,0.005170630816959669,Small (<20),False
CARNS1,5,967,0.36427488746055,1.0196359992226174,1.4394698519897673,0.1951061184977441,10.620238210578725,0.7208973699700232,Cox_PH,0.9996299973032252,False,15.0,False,False,0.005170630816959669,Small (<20),False
CARMIL3,14,967,-0.6797846936038924,1.012953341321923,0.506726081987848,0.0695872970050445,3.689916597107391,0.5021620425775165,Cox_PH,0.9996299973032252,False,42.0,False,False,0.014477766287487074,Medium (20-50),False
CASQ2,6,967,-14.941472825744889,1843.689894704404,3.243402150083967e-07,0.0,inf,0.9935339234520838,Cox_PH,0.9996299973032252,False,18.0,False,False,0.0062047569803516025,Small (<20),False
CCDC158,5,967,-15.003398454773064,2021.5704934878247,3.048644898098275e-07,0.0,inf,0.994078430541703,Cox_PH,0.9996299973032252,False,15.0,False,False,0.005170630816959669,Small (<20),False
CBFB,24,967,0.2269218910929536,0.5083449263731218,1.254731858378525,0.4632751316320583,3.3983089722165496,0.6553129985451154,Cox_PH,0.9996299973032252,False,72.0,False,False,0.02481902792140641,Large (50-100),False
CBX8,6,967,-14.918477907482632,1843.9776266930205,3.318848028918272e-07,0.0,inf,0.993544881906752,Cox_PH,0.9996299973032252,False,18.0,False,False,0.0062047569803516025,Small (<20),False
CCDC148,5,967,-14.902703317164589,2019.4373729923825,3.371616603999393e-07,0.0,inf,0.9941119595360516,Cox_PH,0.9996299973032252,False,15.0,False,False,0.005170630816959669,Small (<20),False
CCDC146,8,967,-0.2581191897335415,1.0185988947497957,0.7725031521746781,0.1049183318419521,5.687863213635232,0.7999544019416791,Cox_PH,0.9996299973032252,False,24.0,False,False,0.008273009307135471,Medium (20-50),False
CCDC144A,12,967,0.9774527899418788,0.5256628980335992,2.6576779487238205,0.9485256092795497,7.446559175663936,0.0629609785569091,Cox_PH,0.9996299973032252,False,36.0,False,False,0.012409513960703205,Medium (20-50),False
CCDC142,5,967,-15.08018992200373,2004.6123468349736,2.823298067180425e-07,0.0,inf,0.9939977735620084,Cox_PH,0.9996299973032252,False,15.0,False,False,0.005170630816959669,Small (<20),False
CCDC14,6,967,0.9212039917513228,0.7356714495726011,2.512313374326414,0.5940973706436622,10.624047172572192,0.2104988764462511,Cox_PH,0.9996299973032252,False,18.0,False,False,0.0062047569803516025,Small (<20),False
CCDC138,5,967,0.3249408485436428,1.0183005535378156,1.3839487809736395,0.188072408935915,10.18391926383556,0.7496498333377457,Cox_PH,0.9996299973032252,False,15.0,False,False,0.005170630816959669,Small (<20),False
CBLB,12,967,0.6803123963250532,0.600788587225041,1.97449446070694,0.6082111113698478,6.409992028231244,0.2574807139593209,Cox_PH,0.9996299973032252,False,36.0,False,False,0.012409513960703205,Medium (20-50),False
CCDC136,9,967,-14.96241405242596,1511.3996881525686,3.176187564686638e-07,0.0,inf,0.9921013056566244,Cox_PH,0.9996299973032252,False,27.0,False,False,0.009307135470527405,Medium (20-50),False
CCDC110,5,967,-15.090682974250631,2030.4995908509948,2.793827939247094e-07,0.0,inf,0.994070172597456,Cox_PH,0.9996299973032252,False,15.0,False,False,0.005170630816959669,Small (<20),False
CCDC102B,5,967,-15.02718157124619,1981.4994495655965,2.976994039094833e-07,0.0,inf,0.9939491069544966,Cox_PH,0.9996299973032252,False,15.0,False,False,0.005170630816959669,Small (<20),False
CCAR1,10,967,0.3135264047255611,0.7364998558965531,1.3682415903285268,0.3230289559635079,5.795409405082009,0.6703280293616666,Cox_PH,0.9996299973032252,False,30.0,False,False,0.010341261633919338,Medium (20-50),False
CC2D2A,8,967,-0.2117263154662474,1.0516101354789524,0.8091861289923717,0.103014844373577,6.356192598603866,0.840436347708139,Cox_PH,0.9996299973032252,False,24.0,False,False,0.008273009307135471,Medium (20-50),False
CC2D1B,7,967,0.0881190594659152,1.017427508874264,1.0921181412906504,0.1486681173188552,8.022715670623986,0.9309817802751644,Cox_PH,0.9996299973032252,False,21.0,False,False,0.007238883143743537,Medium (20-50),False
CC2D1A,6,967,0.1978828383845602,1.0114922869445706,1.218819586584349,0.1678571357118661,8.849913817137947,0.8448962157937813,Cox_PH,0.9996299973032252,False,18.0,False,False,0.0062047569803516025,Small (<20),False
CCDC120,6,967,-14.968480020474416,1843.1176929056664,3.15697922987504e-07,0.0,inf,0.9935202250680528,Cox_PH,0.9996299973032252,False,18.0,False,False,0.0062047569803516025,Small (<20),False
COL25A1,6,967,0.2259096815015996,1.0118803666463196,1.2534624493192923,0.1724969304563156,9.108383017003383,0.8233352559425703,Cox_PH,0.9996299973032252,False,18.0,False,False,0.0062047569803516025,Small (<20),False
CCT8L2,5,967,-14.78058756853046,2023.600089070528,3.809538611371234e-07,0.0,inf,0.9941722191929472,Cox_PH,0.9996299973032252,False,15.0,False,False,0.005170630816959669,Small (<20),False
CD163L1,14,967,0.4541246205344774,0.6111660333755286,1.574794236946531,0.4753229530196379,5.217456621787728,0.4574536883722067,Cox_PH,0.9996299973032252,False,42.0,False,False,0.014477766287487074,Medium (20-50),False
CDKAL1,6,967,-14.895515205446593,1832.6452006988663,3.395939473844058e-07,0.0,inf,0.9935149636455016,Cox_PH,0.9996299973032252,False,18.0,False,False,0.0062047569803516025,Small (<20),False
CDK5RAP2,10,967,-0.4236815905789874,1.0148195211560918,0.6546322898159537,0.0895706255993807,4.784419356256475,0.676316730552196,Cox_PH,0.9996299973032252,False,30.0,False,False,0.010341261633919338,Medium (20-50),False
CDK19,6,967,-14.844520074677748,1849.9012089456032,3.5736074517671153e-07,0.0,inf,0.993597449306486,Cox_PH,0.9996299973032252,False,18.0,False,False,0.0062047569803516025,Small (<20),False
CDK17,5,967,0.4141893697051,1.0298235583284778,1.5131436433202814,0.2010373022880901,11.388949509676223,0.6875408906514135,Cox_PH,0.9996299973032252,False,15.0,False,False,0.005170630816959669,Small (<20),False
CDK13,7,967,0.6302534379950304,0.7346721785463308,1.8780864974303253,0.4449897494808144,7.926494702283432,0.390964088888962,Cox_PH,0.9996299973032252,False,21.0,False,False,0.007238883143743537,Medium (20-50),False
CDK12,12,967,0.1954219823919342,0.7207419522289088,1.215823934546666,0.2960484238421741,4.993196115121327,0.786283347787828,Cox_PH,0.9996299973032252,False,36.0,False,False,0.012409513960703205,Medium (20-50),False
CDKL1,5,967,0.2047050593318194,1.0152704945828457,1.2271630712862618,0.1677592924465007,8.97672600764562,0.8402090170281251,Cox_PH,0.9996299973032252,False,15.0,False,False,0.005170630816959669,Small (<20),False
CDK11B,6,967,-14.931348776538089,1844.7424325607712,3.2764052938833586e-07,0.0,inf,0.9935419913530548,Cox_PH,0.9996299973032252,False,18.0,False,False,0.0062047569803516025,Small (<20),False
CDHR2,6,967,0.2316843849628989,1.0115864297169568,1.260721763283585,0.1735959134127088,9.155857031254929,0.8188450267625493,Cox_PH,0.9996299973032252,False,18.0,False,False,0.0062047569803516025,Small (<20),False
CDHR1,6,967,0.9669031999874658,0.7348518917947602,2.6297879090404748,0.6228768153408787,11.10297297347744,0.188247995437274,Cox_PH,0.9996299973032252,False,18.0,False,False,0.0062047569803516025,Small (<20),False
CDH9,14,967,0.4101863632335676,0.593001455045767,1.507098626716146,0.4713772789846026,4.818531507378586,0.48911806042435,Cox_PH,0.9996299973032252,False,42.0,False,False,0.014477766287487074,Medium (20-50),False
CDH8,13,967,0.8849186629966452,0.5222838642844672,2.422787321210633,0.8704389006812248,6.743607620506253,0.090203522648853,Cox_PH,0.9996299973032252,False,39.0,False,False,0.01344364012409514,Medium (20-50),False
CDH7,6,967,0.9928043942098896,0.7217108240018926,2.698792347398165,0.6558987668098739,11.10457970488328,0.1689373583370484,Cox_PH,0.9996299973032252,False,18.0,False,False,0.0062047569803516025,Small (<20),False
CDH6,6,967,0.0182804111659878,1.0086922804532392,1.018448520690203,0.1410336931665019,7.3545361112505105,0.9855408237573394,Cox_PH,0.9996299973032252,False,18.0,False,False,0.0062047569803516025,Small (<20),False
CDK11A,5,967,0.6212241062419935,1.0068630962097067,1.86120496057668,0.2586634295092848,13.392244554427428,0.537241554528643,Cox_PH,0.9996299973032252,False,15.0,False,False,0.005170630816959669,Small (<20),False
CDH4,6,967,-15.076371379420246,1824.8722646752344,2.834099560932794e-07,0.0,inf,0.9934082689783734,Cox_PH,0.9996299973032252,False,18.0,False,False,0.0062047569803516025,Small (<20),False
CDKL3,7,967,1.0889528748833537,0.6043096257233473,2.9711612655115425,0.9089238228747806,9.712364274659713,0.0715488085898856,Cox_PH,0.9996299973032252,False,21.0,False,False,0.007238883143743537,Medium (20-50),False
CDKN1B,10,967,0.3167056183783615,0.7211520979630054,1.3725984446885555,0.3339538418434647,5.641577530479639,0.6605411223150528,Cox_PH,0.9996299973032252,False,30.0,False,False,0.010341261633919338,Medium (20-50),False
CENPJ,6,967,-14.895166930909935,1846.1090348640737,3.397122399070237e-07,0.0,inf,0.993562409069632,Cox_PH,0.9996299973032252,False,18.0,False,False,0.0062047569803516025,Small (<20),False
CENPF,17,967,0.2392341909033833,0.6073027004990326,1.2702759888335426,0.3863239155052141,4.176808690957823,0.6936334038492435,Cox_PH,0.9996299973032252,False,51.0,False,False,0.017580144777662874,Large (50-100),False
CENPE,22,967,-0.127272184371146,0.6027041307840216,0.880493983277657,0.2702055588137462,2.869184697723231,0.8327557158975439,Cox_PH,0.9996299973032252,False,66.0,False,False,0.022750775594622543,Large (50-100),False
CENPC,6,967,0.1752201465787547,1.0357350694317329,1.191508494260104,0.1564810144925762,9.07261814794365,0.8656592469359035,Cox_PH,0.9996299973032252,False,18.0,False,False,0.0062047569803516025,Small (<20),False
CEMIP,6,967,-14.933192646764931,1831.2272152261007,3.270369593944648e-07,0.0,inf,0.9934935262531496,Cox_PH,0.9996299973032252,False,18.0,False,False,0.0062047569803516025,Small (<20),False
CELSR3,11,967,-0.4361560473007005,1.0190872214200044,0.6465168308571294,0.0877233644904306,4.764796870361055,0.6686606103285038,Cox_PH,0.9996299973032252,False,33.0,False,False,0.011375387797311272,Medium (20-50),False
CDKL5,8,967,-0.1958077797056904,1.012250796786898,0.8221702572989532,0.1130619544090208,5.9787037604322055,0.8466159498962373,Cox_PH,0.9996299973032252,False,24.0,False,False,0.008273009307135471,Medium (20-50),False
CELSR2,10,967,-0.2830763836430477,1.0153137492538502,0.7534622334713469,0.1029933009507666,5.512060804216846,0.7803930909660283,Cox_PH,0.9996299973032252,False,30.0,False,False,0.010341261633919338,Medium (20-50),False
CELF2,5,967,-14.816665448080412,2000.585023832434,3.674548260799841e-07,0.0,inf,0.9940907882502252,Cox_PH,0.9996299973032252,False,15.0,False,False,0.005170630816959669,Small (<20),False
CELA3B,5,967,-15.150281484084632,2005.668133596923,2.632184650253587e-07,0.0,inf,0.9939730504113976,Cox_PH,0.9996299973032252,False,15.0,False,False,0.005170630816959669,Small (<20),False
CECR2,14,967,-16.030575720749326,1984.9527332397577,1.091464017332156e-07,0.0,inf,0.9935563151621708,Cox_PH,0.9996299973032252,False,42.0,False,False,0.014477766287487074,Medium (20-50),False
CEACAM20,5,967,-14.845574405543042,2010.9479657931593,3.569841672667682e-07,0.0,inf,0.9941097695090828,Cox_PH,0.9996299973032252,False,15.0,False,False,0.005170630816959669,Small (<20),False
CDYL,5,967,-14.804254703259655,2022.771618668785,3.720436305002924e-07,0.0,inf,0.9941604970616696,Cox_PH,0.9996299973032252,False,15.0,False,False,0.005170630816959669,Small (<20),False
CDRT1,7,967,-15.139726224398585,1700.1655297679458,2.6601151905119725e-07,0.0,inf,0.9928950481863448,Cox_PH,0.9996299973032252,False,21.0,False,False,0.007238883143743537,Medium (20-50),False
CELSR1,10,967,0.5177498046163608,0.7204392884342301,1.678247014026082,0.408889144215812,6.888206938066573,0.4723513710254992,Cox_PH,0.9996299973032252,False,30.0,False,False,0.010341261633919338,Medium (20-50),False
CD109,11,967,-0.5260209503323349,1.0111666046677872,0.5909517239168625,0.0814384714424493,4.288193697828674,0.6029158578498148,Cox_PH,0.9996299973032252,False,33.0,False,False,0.011375387797311272,Medium (20-50),False
CDH26,8,967,0.7327840182967057,0.7156951131816012,2.0808657192446742,0.5117196290001002,8.461669039330143,0.30589320811972,Cox_PH,0.9996299973032252,False,24.0,False,False,0.008273009307135471,Medium (20-50),False
CDH23,13,967,0.1072338980387421,0.7264266800498155,1.113194598064437,0.2680551878496128,4.622936877666679,0.8826439832770332,Cox_PH,0.9996299973032252,False,39.0,False,False,0.01344364012409514,Medium (20-50),False
CDADC1,5,967,-14.51178677901267,1760.6700063590663,4.984379249283563e-07,0.0,inf,0.9934237537515198,Cox_PH,0.9996299973032252,False,15.0,False,False,0.005170630816959669,Small (<20),False
CD96,5,967,0.0863310807866361,1.0208955660845904,1.0901672019774582,0.1473972098163013,8.063005600638732,0.9326079672883272,Cox_PH,0.9996299973032252,False,15.0,False,False,0.005170630816959669,Small (<20),False
CD84,5,967,0.2414239744034934,1.0307637456260197,1.2730606660418329,0.1688283151642776,9.599595055165214,0.8148153263492033,Cox_PH,0.9996299973032252,False,15.0,False,False,0.005170630816959669,Small (<20),False
CD5L,9,967,-0.5472049740277074,1.0136916316786,0.5785646558013686,0.0793378016601377,4.219137081419039,0.5893252842497935,Cox_PH,0.9996299973032252,False,27.0,False,False,0.009307135470527405,Medium (20-50),False
CD46,5,967,0.3225734787112378,1.008403005507846,1.3806763374503577,0.1913030589978846,9.964645410173045,0.7490551458512155,Cox_PH,0.9996299973032252,False,15.0,False,False,0.005170630816959669,Small (<20),False
CD44,5,967,-14.93275948702803,2016.0236512156084,3.27178649322724e-07,0.0,inf,0.9940900944832828,Cox_PH,0.9996299973032252,False,15.0,False,False,0.005170630816959669,Small (<20),False
CDC25B,5,967,1.1077716276113938,0.7161955775196815,3.0276042421505025,0.7438084742836467,12.32358565948816,0.1219248487180635,Cox_PH,0.9996299973032252,False,15.0,False,False,0.005170630816959669,Small (<20),False
CD4,6,967,0.0812630618091909,1.0209691192451955,1.08465619065999,0.1466309472448476,8.0234021128741,0.9365601317576882,Cox_PH,0.9996299973032252,False,18.0,False,False,0.0062047569803516025,Small (<20),False
CD248,5,967,0.2498016130875184,1.0118545295955632,1.283770708116036,0.1766767892825494,9.328147957121212,0.8050049447301071,Cox_PH,0.9996299973032252,False,15.0,False,False,0.005170630816959669,Small (<20),False
CD22,6,967,-15.15966908285936,1840.358849324365,2.607590378053835e-07,0.0,inf,0.9934276246589796,Cox_PH,0.9996299973032252,False,18.0,False,False,0.0062047569803516025,Small (<20),False
CD1E,8,967,-0.1763900414443203,1.0121610077734706,0.8382909513497805,0.1152991047020661,6.094858420026632,0.8616526984047203,Cox_PH,0.9996299973032252,False,24.0,False,False,0.008273009307135471,Medium (20-50),False
CD1D,5,967,1.369219885925057,0.7377056336161321,3.932281870175638,0.926183262765952,16.695227962049128,0.0634461717945499,Cox_PH,0.9996299973032252,False,15.0,False,False,0.005170630816959669,Small (<20),False
CD1B,6,967,0.1725821770463505,1.0139380810797338,1.1883694732958177,0.1628808280433131,8.67027766267152,0.864845161141096,Cox_PH,0.9996299973032252,False,18.0,False,False,0.0062047569803516025,Small (<20),False
CD19,8,967,-15.102503757750467,1586.4579117788749,2.760997129278893e-07,0.0,inf,0.9924045431726998,Cox_PH,0.9996299973032252,False,24.0,False,False,0.008273009307135471,Medium (20-50),False
CD300A,5,967,0.43307188307441,1.0097746513104144,1.5419870594874048,0.213080247905798,11.158819810824497,0.6680107498516418,Cox_PH,0.9996299973032252,False,15.0,False,False,0.005170630816959669,Small (<20),False
CDH24,7,967,0.0359080597563378,1.0125423250935457,1.0365605404810996,0.1424627242893288,7.5420272877861265,0.9717103358924084,Cox_PH,0.9996299973032252,False,21.0,False,False,0.007238883143743537,Medium (20-50),False
CDC25C,5,967,0.3148718885617161,1.0069874155724188,1.3700837763100862,0.1903628205410429,9.860799229455576,0.7545184621879419,Cox_PH,0.9996299973032252,False,15.0,False,False,0.005170630816959669,Small (<20),False
CDC42BPA,16,967,-0.8534175281721005,1.0146507715478066,0.425956722532758,0.0583011744781495,3.112100761175057,0.4002948056943706,Cox_PH,0.9996299973032252,False,48.0,False,False,0.016546018614270942,Medium (20-50),False
CDH20,11,967,0.2347695647715496,0.7300112540132677,1.264617322772798,0.302385527960796,5.288801298931149,0.7477578762035058,Cox_PH,0.9996299973032252,False,33.0,False,False,0.011375387797311272,Medium (20-50),False
CDH19,7,967,-15.084689911788464,1710.5241461410412,2.810621797651645e-07,0.0,inf,0.9929637443536152,Cox_PH,0.9996299973032252,False,21.0,False,False,0.007238883143743537,Medium (20-50),False
CDH17,6,967,0.2198275476192007,1.0122974093340236,1.2458618602165183,0.171310877720046,9.060555846772916,0.8280859331741602,Cox_PH,0.9996299973032252,False,18.0,False,False,0.0062047569803516025,Small (<20),False
CDH16,6,967,0.2453649158297784,1.0405862934017365,1.2780876225231883,0.1662630312203594,9.82484175139319,0.8135918445672087,Cox_PH,0.9996299973032252,False,18.0,False,False,0.0062047569803516025,Small (<20),False
CDH12,12,967,0.9713658400371395,0.5287752641788679,2.641549931200883,0.9370359055818146,7.446658124263464,0.0662083097098033,Cox_PH,0.9996299973032252,False,36.0,False,False,0.012409513960703205,Medium (20-50),False
CDH11,6,967,0.2341975148410396,1.0184623904957226,1.2638941053991302,0.1717030460791334,9.30343605509744,0.8181290295849049,Cox_PH,0.9996299973032252,False,18.0,False,False,0.0062047569803516025,Small (<20),False
CDC27,5,967,0.3080120769437546,1.0221266273126344,1.3607174221456917,0.1835338586712231,10.088339646624163,0.7631519306227678,Cox_PH,0.9996299973032252,False,15.0,False,False,0.005170630816959669,Small (<20),False
CDH10,13,967,-15.963835519763194,2063.580891002508,1.166794366917535e-07,0.0,inf,0.9938276367531316,Cox_PH,0.9996299973032252,False,39.0,False,False,0.01344364012409514,Medium (20-50),False
CDCP1,6,967,-14.904294137266996,1853.940126251756,3.366257232556303e-07,0.0,inf,0.9935856730647324,Cox_PH,0.9996299973032252,False,18.0,False,False,0.0062047569803516025,Small (<20),False
CDCA2,6,967,-14.760893859532112,1844.2835165861711,3.8853061796161105e-07,0.0,inf,0.9936141252307182,Cox_PH,0.9996299973032252,False,18.0,False,False,0.0062047569803516025,Small (<20),False
CDC73,8,967,-15.07256520904438,1599.0240960879005,2.844907181499055e-07,0.0,inf,0.9924791696301082,Cox_PH,0.9996299973032252,False,24.0,False,False,0.008273009307135471,Medium (20-50),False
CDC7,5,967,-14.916268076249231,2024.1457978302317,3.3261902324789745e-07,0.0,inf,0.9941203087746476,Cox_PH,0.9996299973032252,False,15.0,False,False,0.005170630816959669,Small (<20),False
CDC5L,9,967,-0.1975725230015677,1.0313978265215895,0.8207206173467289,0.1087055679599869,6.196392184675696,0.8480884305162243,Cox_PH,0.9996299973032252,False,27.0,False,False,0.009307135470527405,Medium (20-50),False
CDC42BPB,12,967,0.2082848279435844,0.7602972333621045,1.2315639034110957,0.2775101556728175,5.465564474596785,0.7841216303822939,Cox_PH,0.9996299973032252,False,36.0,False,False,0.012409513960703205,Medium (20-50),False
CDH1,128,967,-0.337214162280607,0.2830302449065134,0.713755963928139,0.4098543434435239,1.2429966503775418,0.2334800559688186,Cox_PH,0.9996299973032252,False,16.0,True,False,0.13236814891416754,Small (<20),False
COL27A1,10,967,-0.4959460190822357,1.014457951456782,0.6089945142684199,0.0833852699986544,4.447719824077,0.6249281803122548,Cox_PH,0.9996299973032252,False,30.0,False,False,0.010341261633919338,Medium (20-50),False
COL28A1,6,967,-14.987880095163325,1843.7155771477449,3.0963238587465577e-07,0.0,inf,0.9935139310174732,Cox_PH,0.9996299973032252,False,18.0,False,False,0.0062047569803516025,Small (<20),False
COL2A1,9,967,0.5151473392263177,0.7270788702515604,1.6738851125667935,0.4025535101584785,6.960295462259639,0.4786246010785503,Cox_PH,0.9996299973032252,False,27.0,False,False,0.009307135470527405,Medium (20-50),False
DGKD,9,967,-0.3895055368151074,1.0350623540777988,0.677391736978444,0.0890793484521441,5.15113293148058,0.7066855680018799,Cox_PH,0.9996299973032252,False,27.0,False,False,0.009307135470527405,Medium (20-50),False
DGKB,5,967,-14.837530342181068,2034.082307182431,3.598673512379369e-07,0.0,inf,0.9941799152609312,Cox_PH,0.9996299973032252,False,15.0,False,False,0.005170630816959669,Small (<20),False
DGCR8,5,967,-14.902770577551754,2028.5074259644337,3.371389835387591e-07,0.0,inf,0.9941382597658128,Cox_PH,0.9996299973032252,False,15.0,False,False,0.005170630816959669,Small (<20),False
DEUP1,5,967,-15.083887671815376,1986.6505948287972,2.8128774954914585e-07,0.0,inf,0.9939420220704568,Cox_PH,0.9996299973032252,False,15.0,False,False,0.005170630816959669,Small (<20),False
DEPDC7,5,967,0.422409351938878,1.0084638749599042,1.5256329176691847,0.2113626621436453,11.01214271181892,0.67531542727556,Cox_PH,0.9996299973032252,False,15.0,False,False,0.005170630816959669,Small (<20),False
DEPDC5,6,967,0.2978513449078092,1.033343447235722,1.346961540304061,0.177727853485291,10.208334571533223,0.7731627135982478,Cox_PH,0.9996299973032252,False,18.0,False,False,0.0062047569803516025,Small (<20),False
DGKG,10,967,0.3508210974403409,0.7161439225719147,1.4202332198244187,0.3489519690321286,5.78034393755526,0.6242222623707607,Cox_PH,0.9996299973032252,False,30.0,False,False,0.010341261633919338,Medium (20-50),False
DEPDC4,6,967,1.062903560077655,0.7349230409104721,2.894763919633976,0.6855419400858029,12.223407001715833,0.1480990399355748,Cox_PH,0.9996299973032252,False,18.0,False,False,0.0062047569803516025,Small (<20),False
DENND6A,5,967,-14.911510317937,2015.5837024803088,3.3420531477410057e-07,0.0,inf,0.9940972159495896,Cox_PH,0.9996299973032252,False,15.0,False,False,0.005170630816959669,Small (<20),False
DENND5B,12,967,0.7234180171885632,0.593627575738643,2.0614673131640933,0.6439771523276842,6.599065615734107,0.2229810466624741,Cox_PH,0.9996299973032252,False,36.0,False,False,0.012409513960703205,Medium (20-50),False
DENND5A,6,967,0.0257732157490027,1.029288416544906,1.0261082169011,0.1364725094406786,7.715092783939939,0.9800231870107016,Cox_PH,0.9996299973032252,False,18.0,False,False,0.0062047569803516025,Small (<20),False
DENND4B,14,967,-0.7844041407758819,1.0235674134121444,0.4563915659055782,0.0613846011391003,3.393249407253514,0.4434719957892266,Cox_PH,0.9996299973032252,False,42.0,False,False,0.014477766287487074,Medium (20-50),False
DENND4A,5,967,-14.94384975392362,2005.41135405012,3.235701971130005e-07,0.0,inf,0.9940544085256068,Cox_PH,0.9996299973032252,False,15.0,False,False,0.005170630816959669,Small (<20),False
DENND3,7,967,0.049172014031709,1.0087929200446115,1.050401018915027,0.1454297525564156,7.5867714903091406,0.9611237751653238,Cox_PH,0.9996299973032252,False,21.0,False,False,0.007238883143743537,Medium (20-50),False
DEPDC1,7,967,0.8828789674893408,0.751320170026759,2.4178506092025978,0.5544888582266028,10.543046053474148,0.2399533073463034,Cox_PH,0.9996299973032252,False,21.0,False,False,0.007238883143743537,Medium (20-50),False
DENND2D,5,967,0.422646395420292,1.005466417322508,1.5259946018730963,0.2126584795347886,10.95023123479488,0.6742308151659764,Cox_PH,0.9996299973032252,False,15.0,False,False,0.005170630816959669,Small (<20),False
DGKH,5,967,0.2961732388009556,1.028324004479919,1.3447030914060134,0.1791840462585262,10.09144754677537,0.7733348839436491,Cox_PH,0.9996299973032252,False,15.0,False,False,0.005170630816959669,Small (<20),False
DGKK,10,967,-0.4097026321108231,1.0111545915482003,0.6638476277557827,0.0914863377967945,4.817043544314015,0.685343013679258,Cox_PH,0.9996299973032252,False,30.0,False,False,0.010341261633919338,Medium (20-50),False
DIAPH2,9,967,-14.976697308904342,1509.2669978945655,3.13114371528932e-07,0.0,inf,0.9920825940924528,Cox_PH,0.9996299973032252,False,27.0,False,False,0.009307135470527405,Medium (20-50),False
DIAPH1,9,967,-0.273825980132724,1.0047076821005558,0.760464399660908,0.106133978268312,5.448830926601455,0.7852045831525358,Cox_PH,0.9996299973032252,False,27.0,False,False,0.009307135470527405,Medium (20-50),False
DHX9,10,967,-0.3819680335180582,1.019500905192959,0.6825168705198933,0.0925330123654912,5.034195544227118,0.7079120132089889,Cox_PH,0.9996299973032252,False,30.0,False,False,0.010341261633919338,Medium (20-50),False
DHX8,6,967,0.1765255976616134,1.0268618237868945,1.1930649660420125,0.1594342644272442,8.927842570794311,0.8635099832579622,Cox_PH,0.9996299973032252,False,18.0,False,False,0.0062047569803516025,Small (<20),False
DHX57,8,967,-14.95610102171026,1591.226116186704,3.196302360197144e-07,0.0,inf,0.9925007098158066,Cox_PH,0.9996299973032252,False,24.0,False,False,0.008273009307135471,Medium (20-50),False
DHX38,5,967,0.3102135010782493,1.0357785382888656,1.3637162379406749,0.179081828710087,10.384760927551971,0.7645601711536401,Cox_PH,0.9996299973032252,False,15.0,False,False,0.005170630816959669,Small (<20),False
DGKI,7,967,0.1096794933299097,1.0186389015065342,1.1159203532200566,0.1515480180201504,8.21705391465561,0.9142554095633376,Cox_PH,0.9996299973032252,False,21.0,False,False,0.007238883143743537,Medium (20-50),False
DHX37,5,967,1.2297997957635285,0.720338596296428,3.4205446602024008,0.8335481141874709,14.0365331926211,0.0877751496982832,Cox_PH,0.9996299973032252,False,15.0,False,False,0.005170630816959669,Small (<20),False
DHX32,5,967,-14.858313974354116,1973.5618557914595,3.524651889388332e-07,0.0,inf,0.9939930398981104,Cox_PH,0.9996299973032252,False,15.0,False,False,0.005170630816959669,Small (<20),False
DHX30,6,967,-14.921868912231616,1843.8192312082515,3.307612859513475e-07,0.0,inf,0.993542860026874,Cox_PH,0.9996299973032252,False,18.0,False,False,0.0062047569803516025,Small (<20),False
DHX29,6,967,0.9359239594418916,0.7279414055310119,2.549568067278146,0.6121112723698141,10.619470058962072,0.1985431317201091,Cox_PH,0.9996299973032252,False,18.0,False,False,0.0062047569803516025,Small (<20),False
DHX15,7,967,-0.0982186782886713,1.029781709847864,0.9064506609997054,0.1204415351112997,6.822005382673968,0.9240144677139486,Cox_PH,0.9996299973032252,False,21.0,False,False,0.007238883143743537,Medium (20-50),False
DHTKD1,5,967,-14.870866191416612,2024.7070146621916,3.48068620447432e-07,0.0,inf,0.9941398297248748,Cox_PH,0.9996299973032252,False,15.0,False,False,0.005170630816959669,Small (<20),False
DHCR24,5,967,0.4664124825584014,1.0184973090252816,1.5942644700289346,0.2165698299995052,11.736072380914951,0.6469942609697348,Cox_PH,0.9996299973032252,False,15.0,False,False,0.005170630816959669,Small (<20),False
DHX36,6,967,0.1200032806701974,1.0327459886380563,1.1275005505307618,0.1489448974718671,8.535085880919738,0.9074954205135436,Cox_PH,0.9996299973032252,False,18.0,False,False,0.0062047569803516025,Small (<20),False
DICER1,11,967,-16.043265162493025,2239.8870751861486,1.0777014525731536e-07,0.0,inf,0.9942851743416444,Cox_PH,0.9996299973032252,False,33.0,False,False,0.011375387797311272,Medium (20-50),False
DENND2B,6,967,0.1734150434998645,1.004441015471623,1.1893596386450205,0.1660793908495876,8.517470727713265,0.8629278763994614,Cox_PH,0.9996299973032252,False,18.0,False,False,0.0062047569803516025,Small (<20),False
DENND1A,9,967,-0.2110126382446173,1.0101825710194108,0.8097638328232046,0.1118081886233726,5.864664055665186,0.8345375103488006,Cox_PH,0.9996299973032252,False,27.0,False,False,0.009307135470527405,Medium (20-50),False
DDR2,9,967,-14.7948586120345,1513.8942066339057,3.755558611719244e-07,0.0,inf,0.9922026246515228,Cox_PH,0.9996299973032252,False,27.0,False,False,0.009307135470527405,Medium (20-50),False
DDIAS,5,967,-14.981812136110989,2013.9421842920256,3.115169344126612e-07,0.0,inf,0.9940645533729562,Cox_PH,0.9996299973032252,False,15.0,False,False,0.005170630816959669,Small (<20),False
DDI1,5,967,0.3149238144914807,1.0186917370088306,1.3701549210311383,0.1860551786145021,10.090149178355178,0.7572109626072947,Cox_PH,0.9996299973032252,False,15.0,False,False,0.005170630816959669,Small (<20),False
DDB1,8,967,-0.2503721437545435,1.0277204239710591,0.7785110111457016,0.1038607546316525,5.835499622784315,0.8075259706603146,Cox_PH,0.9996299973032252,False,24.0,False,False,0.008273009307135471,Medium (20-50),False
DCTN4,5,967,-14.957706600255197,2026.3139518495927,3.191174563346357e-07,0.0,inf,0.994110283470112,Cox_PH,0.9996299973032252,False,15.0,False,False,0.005170630816959669,Small (<20),False
DCTN1,8,967,-0.1598729988500805,1.0281807585428395,0.8522520190798357,0.1135959658063115,6.394007911021265,0.8764341378060008,Cox_PH,0.9996299973032252,False,24.0,False,False,0.008273009307135471,Medium (20-50),False
DDX11,6,967,0.1262690119077109,1.016811373098571,1.1345873447392072,0.1546360048833785,8.324635933353267,0.9011716862151512,Cox_PH,0.9996299973032252,False,18.0,False,False,0.0062047569803516025,Small (<20),False
DCT,7,967,1.329575559060587,0.6026831989480667,3.7794388984909135,1.1598799276595708,12.315204399001088,0.027377445460384,Cox_PH,0.9996299973032252,False,21.0,False,False,0.007238883143743537,Medium (20-50),True
DCLRE1C,6,967,-15.018180388994296,1838.492555592932,3.003911467603274e-07,0.0,inf,0.9934823554420528,Cox_PH,0.9996299973032252,False,18.0,False,False,0.0062047569803516025,Small (<20),False
DCLK2,7,967,0.0131320259686419,1.0157063736716463,1.0132186297005958,0.1383937402224842,7.4180522176939,0.989684470687358,Cox_PH,0.9996299973032252,False,21.0,False,False,0.007238883143743537,Medium (20-50),False
DCLK1,5,967,-14.979326314270246,2028.2467285352368,3.1229227328988754e-07,0.0,inf,0.9941073911859252,Cox_PH,0.9996299973032252,False,15.0,False,False,0.005170630816959669,Small (<20),False
DCHS1,19,967,0.0572343258873216,0.6034154751635799,1.0589039099245752,0.3245031598032085,3.4553669404437835,0.9244334870979428,Cox_PH,0.9996299973032252,False,57.0,False,False,0.01964839710444674,Large (50-100),False
DCDC1,10,967,0.7428018692372713,0.596104682874472,2.101816286465534,0.6534016143041046,6.760974575731189,0.2127302564847112,Cox_PH,0.9996299973032252,False,30.0,False,False,0.010341261633919338,Medium (20-50),False
DCC,14,967,-0.7223861939386501,1.0151469308500471,0.4855921553401694,0.0663989405363608,3.551257586689726,0.4767078465843641,Cox_PH,0.9996299973032252,False,42.0,False,False,0.014477766287487074,Medium (20-50),False
DCST1,5,967,-14.898287018552784,2000.5138706149803,3.3865395976708394e-07,0.0,inf,0.9940580250449472,Cox_PH,0.9996299973032252,False,15.0,False,False,0.005170630816959669,Small (<20),False
DENND1B,10,967,0.4340379848256501,0.7258069142857064,1.5434774957265702,0.372118261797098,6.4020582282343215,0.549834922727908,Cox_PH,0.9996299973032252,False,30.0,False,False,0.010341261633919338,Medium (20-50),False
DDX17,5,967,1.249854364057491,0.7218057207663283,3.4898346750885416,0.8479913458189319,14.36211126386998,0.0833508347550846,Cox_PH,0.9996299973032252,False,15.0,False,False,0.005170630816959669,Small (<20),False
DDX20,7,967,0.1240545355612393,1.017812021043026,1.1320776078034422,0.1539916304637945,8.32252834930068,0.9029912489743448,Cox_PH,0.9996299973032252,False,21.0,False,False,0.007238883143743537,Medium (20-50),False
DDX60L,7,967,-14.955263195059056,1705.3469325281849,3.19898142964099e-07,0.0,inf,0.9930029365687156,Cox_PH,0.9996299973032252,False,21.0,False,False,0.007238883143743537,Medium (20-50),False
DDX60,8,967,-15.068199975072982,1591.7577627658247,2.85735301169037e-07,0.0,inf,0.9924470262756292,Cox_PH,0.9996299973032252,False,24.0,False,False,0.008273009307135471,Medium (20-50),False
DDX55,7,967,-14.869456274880736,1716.9397861048878,3.485597142703186e-07,0.0,inf,0.9930900539557884,Cox_PH,0.9996299973032252,False,21.0,False,False,0.007238883143743537,Medium (20-50),False
DDX53,5,967,-15.00204614246647,2012.7204775106425,3.052770406971908e-07,0.0,inf,0.9940529297047938,Cox_PH,0.9996299973032252,False,15.0,False,False,0.005170630816959669,Small (<20),False
DDX50,5,967,0.3018690426458468,1.005868279177905,1.3523841104674923,0.1883162055648608,9.712083868507095,0.7640948339715028,Cox_PH,0.9996299973032252,False,15.0,False,False,0.005170630816959669,Small (<20),False
DDX5,8,967,1.1456882255492629,0.5934153724211596,3.1446048096543606,0.982744703270833,10.062165052622188,0.053524090265859,Cox_PH,0.9996299973032252,False,24.0,False,False,0.008273009307135471,Medium (20-50),False
DDX18,5,967,-14.980720348883986,1994.7313429565315,3.118572303542258e-07,0.0,inf,0.994007828092944,Cox_PH,0.9996299973032252,False,15.0,False,False,0.005170630816959669,Small (<20),False
DDX43,7,967,-14.994104982005002,1702.395205141229,3.0771094588783297e-07,0.0,inf,0.9929726011002222,Cox_PH,0.9996299973032252,False,21.0,False,False,0.007238883143743537,Medium (20-50),False
DDX4,6,967,0.1990329311399318,1.0154843997734735,1.2202221485445603,0.1667405124901159,8.929696026254959,0.8446117161820116,Cox_PH,0.9996299973032252,False,18.0,False,False,0.0062047569803516025,Small (<20),False
DDX3X,8,967,-0.2131749586456834,1.0334672815466956,0.8080147556815418,0.1065894403830651,6.125258215567404,0.836578754662775,Cox_PH,0.9996299973032252,False,24.0,False,False,0.008273009307135471,Medium (20-50),False
DDX31,5,967,0.2046577042751991,1.0296179807179469,1.2271049602854742,0.1630997115453777,9.232306846467196,0.8424422552909113,Cox_PH,0.9996299973032252,False,15.0,False,False,0.005170630816959669,Small (<20),False
DDX27,8,967,-15.075902533138022,1596.260595849792,2.835428629515477e-07,0.0,inf,0.9924644816273672,Cox_PH,0.9996299973032252,False,24.0,False,False,0.008273009307135471,Medium (20-50),False
DDX23,5,967,-14.943276369005384,2023.5393912464149,3.237557805843122e-07,0.0,inf,0.9941078976833236,Cox_PH,0.9996299973032252,False,15.0,False,False,0.005170630816959669,Small (<20),False
DDX21,7,967,0.0500157939271454,1.005873031259463,1.05128770020625,0.1463878976288776,7.549844259713752,0.9603425183867724,Cox_PH,0.9996299973032252,False,21.0,False,False,0.007238883143743537,Medium (20-50),False
DDX42,7,967,-14.919920125540584,1707.156388348504,3.31406497629086e-07,0.0,inf,0.9930268706168122,Cox_PH,0.9996299973032252,False,21.0,False,False,0.007238883143743537,Medium (20-50),False
DCBLD2,6,967,0.2341684274800132,1.0102732294708068,1.2638573425896564,0.1744761710445638,9.155034597875288,0.8167032805200644,Cox_PH,0.9996299973032252,False,18.0,False,False,0.0062047569803516025,Small (<20),False
DIDO1,12,967,0.0807681924843083,0.7241831967813217,1.0841195603750735,0.2622044140287522,4.4824387321678065,0.9111960330376326,Cox_PH,0.9996299973032252,False,36.0,False,False,0.012409513960703205,Medium (20-50),False
DIP2B,9,967,-0.2417373767345251,1.0101840820258634,0.7852623786441763,0.1084248277947257,5.687230645008279,0.8108727152597186,Cox_PH,0.9996299973032252,False,27.0,False,False,0.009307135470527405,Medium (20-50),False
DOCK1,8,967,-0.2256542407158941,1.0521287812880151,0.7979939677943138,0.1014867884485816,6.274652911681649,0.8301774606214585,Cox_PH,0.9996299973032252,False,24.0,False,False,0.008273009307135471,Medium (20-50),False
DNTTIP2,6,967,0.1811075363060569,1.0383002402196455,1.1985440593642227,0.156615592013259,9.17218933167047,0.8615299418055533,Cox_PH,0.9996299973032252,False,18.0,False,False,0.0062047569803516025,Small (<20),False
DNTT,5,967,-15.019869826783562,2025.628572045378,2.998840830523293e-07,0.0,inf,0.9940838055950498,Cox_PH,0.9996299973032252,False,15.0,False,False,0.005170630816959669,Small (<20),False
DNMT3A,7,967,1.2919169233837842,0.5884720292762613,3.639757008026842,1.148563172516626,11.534264195893629,0.0281366916119899,Cox_PH,0.9996299973032252,False,21.0,False,False,0.007238883143743537,Medium (20-50),True
DNMT1,8,967,-0.0492662367964144,1.0089014035687274,0.9519276577881997,0.131767932891977,6.876986272562992,0.9610535250999824,Cox_PH,0.9996299973032252,False,24.0,False,False,0.008273009307135471,Medium (20-50),False
DNMBP,9,967,-0.2362539271817526,1.029397797378816,0.7895801526120526,0.1049917387969451,5.937960686646063,0.8184749357935486,Cox_PH,0.9996299973032252,False,27.0,False,False,0.009307135470527405,Medium (20-50),False
DOCK10,15,967,-0.0333230752486056,0.731380876895251,0.967226022317604,0.2306555991001709,4.05594393501823,0.9636594665749644,Cox_PH,0.9996299973032252,False,45.0,False,False,0.015511892450879007,Medium (20-50),False
DNM3,11,967,0.2509112252174167,0.72524507884677,1.2851959862724969,0.3101903525942149,5.324887474149449,0.7293671411292016,Cox_PH,0.9996299973032252,False,33.0,False,False,0.011375387797311272,Medium (20-50),False
DNHD1,5,967,0.4826347381101299,1.0216614137941575,1.620337949207652,0.2187509014307936,12.00221371646822,0.6366399868085376,Cox_PH,0.9996299973032252,False,15.0,False,False,0.005170630816959669,Small (<20),False
DNAJC9,6,967,0.2718145228028045,1.0276357480390876,1.3123435689293057,0.1751081416978034,9.835325908959216,0.7913910155053716,Cox_PH,0.9996299973032252,False,18.0,False,False,0.0062047569803516025,Small (<20),False
DNAJC6,6,967,-15.118351449684658,1843.2002302234316,2.717586584354566e-07,0.0,inf,0.9934556410346008,Cox_PH,0.9996299973032252,False,18.0,False,False,0.0062047569803516025,Small (<20),False
DNAJC3,5,967,1.202990680340944,0.7320444849557073,3.3300611938030675,0.7930916342037468,13.982378676338731,0.1003146697380929,Cox_PH,0.9996299973032252,False,15.0,False,False,0.005170630816959669,Small (<20),False
DNAJC2,5,967,1.3163311543488896,0.7319128305703062,3.7297125052655966,0.8885023437048466,15.65640819126034,0.0721008526261178,Cox_PH,0.9996299973032252,False,15.0,False,False,0.005170630816959669,Small (<20),False
DNAJC16,5,967,-15.154025102024445,1999.2559405686443,2.622349178187581e-07,0.0,inf,0.993952226606954,Cox_PH,0.9996299973032252,False,15.0,False,False,0.005170630816959669,Small (<20),False
DNM1,10,967,-14.90207776774384,1436.129522575745,3.37372637662774e-07,0.0,inf,0.9917208551060156,Cox_PH,0.9996299973032252,False,30.0,False,False,0.010341261633919338,Medium (20-50),False
DNAJC14,8,967,-0.0619346376577625,1.0164254187498722,0.9399443217457428,0.1282045224742558,6.891296117572416,0.95141195093967,Cox_PH,0.9996299973032252,False,24.0,False,False,0.008273009307135471,Medium (20-50),False
DOCK11,24,967,0.2174759982362065,0.5168813308834515,1.2429355965031124,0.4513052178947946,3.423157623262141,0.673940219928475,Cox_PH,0.9996299973032252,False,72.0,False,False,0.02481902792140641,Large (50-100),False
DOCK4,16,967,0.3441708286129369,0.598513445004191,1.4108196232826382,0.4365224279929653,4.559701591028998,0.5652623723484618,Cox_PH,0.9996299973032252,False,48.0,False,False,0.016546018614270942,Medium (20-50),False
DPP8,7,967,0.9159283959164212,0.7397007233344652,2.4990943241950294,0.5863226628049524,10.651937640181998,0.2156263962375492,Cox_PH,0.9996299973032252,False,21.0,False,False,0.007238883143743537,Medium (20-50),False
DPP6,8,967,-0.1683015965777404,1.0270708336196246,0.8450989173041752,0.1128878500571185,6.326563750371056,0.8698369342715442,Cox_PH,0.9996299973032252,False,24.0,False,False,0.008273009307135471,Medium (20-50),False
DPP4,8,967,1.213266061360979,0.6086548790942375,3.364455244758928,1.0205099959163708,11.092060968811396,0.0462224412608513,Cox_PH,0.9996299973032252,False,24.0,False,False,0.008273009307135471,Medium (20-50),True
DPP10,9,967,-0.4305748776332074,1.0184347089153118,0.6501352390654861,0.0883272239304667,4.785340354492258,0.6724550277184932,Cox_PH,0.9996299973032252,False,27.0,False,False,0.009307135470527405,Medium (20-50),False
DOT1L,7,967,0.0204451039037726,1.012029233441669,1.020655536700693,0.1404179153052094,7.41883770552697,0.9838821620295316,Cox_PH,0.9996299973032252,False,21.0,False,False,0.007238883143743537,Medium (20-50),False
DOP1B,9,967,-14.999165600360705,1504.3328612046264,3.061576718054148e-07,0.0,inf,0.9920447098654872,Cox_PH,0.9996299973032252,False,27.0,False,False,0.009307135470527405,Medium (20-50),False
DOCK2,12,967,-0.6962761140176037,1.017005145269707,0.4984379782765652,0.0679076762349527,3.658502719616772,0.4935750222602102,Cox_PH,0.9996299973032252,False,36.0,False,False,0.012409513960703205,Medium (20-50),False
DOP1A,9,967,1.0194529952851323,0.6023577387776058,2.771678228167093,0.8511489190423844,9.025682848940946,0.0905625336961288,Cox_PH,0.9996299973032252,False,27.0,False,False,0.009307135470527405,Medium (20-50),False
DOK5,7,967,-15.017543370065928,1702.6489266874137,3.005825625680011e-07,0.0,inf,0.9929626651439558,Cox_PH,0.9996299973032252,False,21.0,False,False,0.007238883143743537,Medium (20-50),False
DOCK9,12,967,-0.8353927173385306,1.018185769381175,0.4337041248545667,0.0589516993568738,3.1907352963173383,0.4119471953122681,Cox_PH,0.9996299973032252,False,36.0,False,False,0.012409513960703205,Medium (20-50),False
DOCK8,11,967,0.25202651792979,0.7252611935366304,1.286630155600597,0.3105266905492414,5.330997971133533,0.7282175276493165,Cox_PH,0.9996299973032252,False,33.0,False,False,0.011375387797311272,Medium (20-50),False
DOCK7,14,967,0.5565803361528002,0.5959356211770582,1.7446960134506864,0.5425616923832313,5.610355876729783,0.350324264131215,Cox_PH,0.9996299973032252,False,42.0,False,False,0.014477766287487074,Medium (20-50),False
DOCK6,7,967,1.3794433043410763,0.6098048896688327,3.972689432830789,1.2022871734408056,13.12686492741865,0.0236908545295605,Cox_PH,0.9996299973032252,False,21.0,False,False,0.007238883143743537,Medium (20-50),True
DOCK5,8,967,0.731424474290536,0.7166281509168307,2.078038612951598,0.5100907124626761,8.465640270275989,0.307421645829142,Cox_PH,0.9996299973032252,False,24.0,False,False,0.008273009307135471,Medium (20-50),False
DONSON,6,967,0.180501906058055,1.0420857753492423,1.197818404589729,0.1553637381328262,9.234902221181413,0.8624846824048704,Cox_PH,0.9996299973032252,False,18.0,False,False,0.0062047569803516025,Small (<20),False
DIP2A,11,967,-16.01597339362953,2247.9917914951884,1.1075188657494203e-07,0.0,inf,0.9943154642121964,Cox_PH,0.9996299973032252,False,33.0,False,False,0.011375387797311272,Medium (20-50),False
DNAJC13,16,967,0.1821231324438176,0.6082626523130185,1.1997619144016067,0.3641928783567606,3.952380007383218,0.7646232047741968,Cox_PH,0.9996299973032252,False,48.0,False,False,0.016546018614270942,Medium (20-50),False
DNAJB13,6,967,-14.851082638439696,1844.0219090465123,3.5502322096553354e-07,0.0,inf,0.9935741970326488,Cox_PH,0.9996299973032252,False,18.0,False,False,0.0062047569803516025,Small (<20),False
DMBT1,9,967,-0.3829743695677288,1.0100283404049668,0.6818303746692772,0.0941722321095901,4.936621437204993,0.7045602134211721,Cox_PH,0.9996299973032252,False,27.0,False,False,0.009307135470527405,Medium (20-50),False
DLGAP5,5,967,0.3526635938926656,1.0308761194973852,1.4228524066736914,0.1886515530202809,10.731472594659587,0.7322749998680858,Cox_PH,0.9996299973032252,False,15.0,False,False,0.005170630816959669,Small (<20),False
DLGAP4,8,967,-14.918822810501378,1584.650256930276,3.317703545593561e-07,0.0,inf,0.9924883598176236,Cox_PH,0.9996299973032252,False,24.0,False,False,0.008273009307135471,Medium (20-50),False
DLGAP2,9,967,-0.2933206829246498,1.007943112027328,0.7457829424907293,0.103427004823743,5.377630322544631,0.7710443104203126,Cox_PH,0.9996299973032252,False,27.0,False,False,0.009307135470527405,Medium (20-50),False
DLGAP1,7,967,-0.144007964011581,1.0198378845668203,0.8658808521466113,0.1173152858380998,6.390894799070163,0.8877066363939713,Cox_PH,0.9996299973032252,False,21.0,False,False,0.007238883143743537,Medium (20-50),False
DLG5,6,967,0.2390831150365782,1.0098286080118837,1.270084095283055,0.175488641903923,9.192125436665744,0.8128459857551722,Cox_PH,0.9996299973032252,False,18.0,False,False,0.0062047569803516025,Small (<20),False
DMD,44,967,0.2237805394283187,0.3970972993080034,1.2507964887926517,0.5743420425365904,2.7239723727457315,0.5730666691101983,Cox_PH,0.9996299973032252,False,132.0,False,False,0.045501551189245086,Very Large (>100),False
DLG1,13,967,-0.6714384716820849,1.0085550256929414,0.510973028648053,0.0707780523044974,3.688903939917732,0.5055753689761641,Cox_PH,0.9996299973032252,False,39.0,False,False,0.01344364012409514,Medium (20-50),False
DLC1,13,967,-16.061511756068356,2026.9752797358665,1.058215389939981e-07,0.0,inf,0.993677723514546,Cox_PH,0.9996299973032252,False,39.0,False,False,0.01344364012409514,Medium (20-50),False
DISP2,5,967,0.1943113371133557,1.028864539731776,1.2144743350360725,0.1616594752388336,9.123794991182802,0.8502025598339555,Cox_PH,0.9996299973032252,False,15.0,False,False,0.005170630816959669,Small (<20),False
DISP1,11,967,0.3286497357365162,0.7384031311035938,1.389091221353736,0.3267302404733373,5.905711140929655,0.6562606985914565,Cox_PH,0.9996299973032252,False,33.0,False,False,0.011375387797311272,Medium (20-50),False
DIS3L,5,967,0.3648468638440299,1.0208751602048571,1.440293430261044,0.1947441856451673,10.652154560510766,0.7208025819393865,Cox_PH,0.9996299973032252,False,15.0,False,False,0.005170630816959669,Small (<20),False
DIS3,5,967,1.1839141800083364,0.7492503406550017,3.267137371709221,0.7523027163649777,14.18868544991466,0.114076719590682,Cox_PH,0.9996299973032252,False,15.0,False,False,0.005170630816959669,Small (<20),False
DIP2C,11,967,-0.4659292239417385,1.0327852415176748,0.6275516981111436,0.0828943563206959,4.750879930578047,0.6518897037157774,Cox_PH,0.9996299973032252,False,33.0,False,False,0.011375387797311272,Medium (20-50),False
DLEC1,8,967,-14.99026510620556,1588.620110969896,3.08894789153111e-07,0.0,inf,0.9924712500369092,Cox_PH,0.9996299973032252,False,24.0,False,False,0.008273009307135471,Medium (20-50),False
DNAJC10,5,967,1.342146358656802,0.7344560103631979,3.827249345642679,0.9072044673845708,16.146125906931843,0.0676393536877592,Cox_PH,0.9996299973032252,False,15.0,False,False,0.005170630816959669,Small (<20),False
DMGDH,10,967,-14.826106683366453,1424.3507698164633,3.6400192408841666e-07,0.0,inf,0.9916949474410384,Cox_PH,0.9996299973032252,False,30.0,False,False,0.010341261633919338,Medium (20-50),False
DMXL2,20,967,-1.1732920231184625,1.0186918180426183,0.3093468860635161,0.0420066228392162,2.2781049617693907,0.2494182828156148,Cox_PH,0.9996299973032252,False,60.0,False,False,0.020682523267838676,Large (50-100),False
DNAI1,6,967,-15.075600990518206,1849.8408880871743,2.83628376101554e-07,0.0,inf,0.9934975725733542,Cox_PH,0.9996299973032252,False,18.0,False,False,0.0062047569803516025,Small (<20),False
DNAH9,26,967,-0.646162018384774,0.7225000462205747,0.5240532286721316,0.1271659809793166,2.159632508369937,0.3711390219659192,Cox_PH,0.9996299973032252,False,78.0,False,False,0.02688728024819028,Large (50-100),False
DNAH8,27,967,-0.2280408109630692,0.6046171530747403,0.7960917699006643,0.2433899398625962,2.6038960626776833,0.7060505187736826,Cox_PH,0.9996299973032252,False,81.0,False,False,0.027921406411582212,Large (50-100),False
DNAH7,23,967,0.3086317864291004,0.5392208312225868,1.3615609329779073,0.4731981564687912,3.917699485657096,0.5670738990475206,Cox_PH,0.9996299973032252,False,69.0,False,False,0.023784901758014478,Large (50-100),False
DNAH6,8,967,0.683320141438805,0.7319932748914253,1.980442176896566,0.4717119866830425,8.314716027486112,0.3505587547148703,Cox_PH,0.9996299973032252,False,24.0,False,False,0.008273009307135471,Medium (20-50),False
DNAH5,21,967,-1.2219035309720123,1.015329007611129,0.2946687216911266,0.040278059567486,2.1557556763031047,0.2288000056824765,Cox_PH,0.9996299973032252,False,63.0,False,False,0.02171664943123061,Large (50-100),False
DMXL1,18,967,-0.3523052174846677,0.7294674507124606,0.7030655013411459,0.1682908711345826,2.9371830797689737,0.6291225636046254,Cox_PH,0.9996299973032252,False,54.0,False,False,0.01861427094105481,Large (50-100),False
DNAH3,21,967,0.0439849003548685,0.5980523278237496,1.0449665761448432,0.3236159964669859,3.374231055266373,0.9413709168381528,Cox_PH,0.9996299973032252,False,63.0,False,False,0.02171664943123061,Large (50-100),False
DNAH17,28,967,-1.4766899749649487,1.0146732947883792,0.2283924232378256,0.0312589472196479,1.668741388694584,0.1455764283054103,Cox_PH,0.9996299973032252,False,84.0,False,False,0.028955532574974147,Large (50-100),False
DNAH11,31,967,0.3799825961117463,0.4414666421634289,1.4622591402180931,0.615517425561948,3.473828204293723,0.3893879975767518,Cox_PH,0.9996299973032252,False,93.0,False,False,0.03205791106514995,Large (50-100),False
DNAH10,21,967,0.5943418227248654,0.4945374793356383,1.8118380418070048,0.6873225191221852,4.7761523861194295,0.2294357908342346,Cox_PH,0.9996299973032252,False,63.0,False,False,0.02171664943123061,Large (50-100),False
DNAH1,16,967,-0.8719321828944289,1.0096492983225054,0.4181428397694967,0.0577954741884995,3.0252097920374923,0.3878081818457249,Cox_PH,0.9996299973032252,False,48.0,False,False,0.016546018614270942,Medium (20-50),False
DNAAF4,5,967,0.3687833778335098,1.022899787264694,1.4459743396518543,0.1947380016324308,10.7366912128332,0.7184527868748153,Cox_PH,0.9996299973032252,False,15.0,False,False,0.005170630816959669,Small (<20),False
DNA2,7,967,0.85208313997086,0.7200144763429184,2.3445257437438967,0.5716975228583956,9.61487629961164,0.2366407496149535,Cox_PH,0.9996299973032252,False,21.0,False,False,0.007238883143743537,Medium (20-50),False
DNAH2,22,967,-0.0244562412810859,0.6054708568134288,0.9758403895094484,0.2978458760784747,3.1971719009030517,0.9677805259150084,Cox_PH,0.9996299973032252,False,66.0,False,False,0.022750775594622543,Large (50-100),False
CARMIL1,8,967,-0.2670100603920817,1.020659730409693,0.7656653685328159,0.1035704592704042,5.6603346234075715,0.7936257080605258,Cox_PH,0.9996299973032252,False,24.0,False,False,0.008273009307135471,Medium (20-50),False
DCAF8L1,9,967,0.5447052960078539,0.7147194389571973,1.7241002082854051,0.4247966036127523,6.997517171581601,0.445985617342211,Cox_PH,0.9996299973032252,False,27.0,False,False,0.009307135470527405,Medium (20-50),False
DCAF4L2,8,967,-14.958110536958491,1567.9152778169462,3.189885791122315e-07,0.0,inf,0.9923881955945976,Cox_PH,0.9996299973032252,False,24.0,False,False,0.008273009307135471,Medium (20-50),False
CREB5,5,967,0.2889067238498039,1.010753369516351,1.334967202119675,0.1841195727741282,9.67923944143353,0.7750059893168217,Cox_PH,0.9996299973032252,False,15.0,False,False,0.005170630816959669,Small (<20),False
CRB1,13,967,-0.6911451848846764,1.00994476747018,0.5010020005033046,0.0692081305940851,3.6267849218537465,0.4937607549220258,Cox_PH,0.9996299973032252,False,39.0,False,False,0.01344364012409514,Medium (20-50),False
CRAT,8,967,1.1810618738690295,0.6154962795178792,3.257831773242678,0.9750067996720296,10.885532148411336,0.0549998569032802,Cox_PH,0.9996299973032252,False,24.0,False,False,0.008273009307135471,Medium (20-50),False
CRACD,5,967,-15.04951119038192,2014.972536283895,2.91125558483087e-07,0.0,inf,0.9940407818113224,Cox_PH,0.9996299973032252,False,15.0,False,False,0.005170630816959669,Small (<20),False
CR2,9,967,0.5468478253114004,0.7460638300992603,1.7277981035137735,0.4003415257932989,7.456848950631046,0.463572296244403,Cox_PH,0.9996299973032252,False,27.0,False,False,0.009307135470527405,Medium (20-50),False
CR1,11,967,0.2834078499184478,0.7212828232732433,1.327646531940552,0.3229342671656069,5.458217021205297,0.6943771326036174,Cox_PH,0.9996299973032252,False,33.0,False,False,0.011375387797311272,Medium (20-50),False
CREBBP,20,967,-1.1507808890504632,1.0189320062063163,0.3163896077083519,0.0429427424642705,2.331066394959113,0.2587295130563546,Cox_PH,0.9996299973032252,False,60.0,False,False,0.020682523267838676,Large (50-100),False
CPZ,6,967,0.952829523540766,0.734032345354687,2.593036346294863,0.6151593904111872,10.930236289999312,0.1942613361791443,Cox_PH,0.9996299973032252,False,18.0,False,False,0.0062047569803516025,Small (<20),False
CPXM1,8,967,-0.2068411949578202,1.0117766321420782,0.8131487718597111,0.1119253224450642,5.907607954415278,0.8380146325937102,Cox_PH,0.9996299973032252,False,24.0,False,False,0.008273009307135471,Medium (20-50),False
CPT2,6,967,0.2458720485410464,1.0079341998562754,1.2787359469438029,0.1773413303836052,9.220442964250092,0.8072799173023133,Cox_PH,0.9996299973032252,False,18.0,False,False,0.0062047569803516025,Small (<20),False
CPT1C,7,967,-14.998594960000265,1712.1559134933934,3.06332427586214e-07,0.0,inf,0.9930105697719964,Cox_PH,0.9996299973032252,False,21.0,False,False,0.007238883143743537,Medium (20-50),False
CPSF6,5,967,-0.0161243668601401,1.0315209668670642,0.9840049348410018,0.1303013463879632,7.430972423788315,0.9875282617960428,Cox_PH,0.9996299973032252,False,15.0,False,False,0.005170630816959669,Small (<20),False
CPSF3,7,967,0.9634594984737656,0.771084948423223,2.6207472799858422,0.5781817574788525,11.8791646687407,0.211487536546337,Cox_PH,0.9996299973032252,False,21.0,False,False,0.007238883143743537,Medium (20-50),False
CPSF1,9,967,-0.2534579950204956,1.0065376680729454,0.7761123448235904,0.107930063214772,5.5809322615603705,0.8011865874967201,Cox_PH,0.9996299973032252,False,27.0,False,False,0.009307135470527405,Medium (20-50),False
CPXM2,5,967,1.310792649722065,0.7377355620154817,3.7091125743633686,0.8735682208998177,15.748645337772878,0.075604698567936,Cox_PH,0.9996299973032252,False,15.0,False,False,0.005170630816959669,Small (<20),False
CPS1,18,967,-0.3397900256312904,0.7287061879573329,0.711919791978601,0.1706647532622376,2.9697390968132535,0.6410063473033368,Cox_PH,0.9996299973032252,False,54.0,False,False,0.01861427094105481,Large (50-100),False
CREBRF,6,967,0.1198919992899518,1.0264841700463554,1.1273750876942394,0.1507674080131479,8.430035410854552,0.9070195873396736,Cox_PH,0.9996299973032252,False,18.0,False,False,0.0062047569803516025,Small (<20),False
CRMP1,6,967,-14.976099099555409,1849.788726466636,3.133017355091207e-07,0.0,inf,0.993540306769206,Cox_PH,0.9996299973032252,False,18.0,False,False,0.0062047569803516025,Small (<20),False
CSMD1,28,967,-1.4598289552995236,1.0079223754076718,0.2322760009111892,0.0322139138990219,1.6748086174320111,0.1475179197655594,Cox_PH,0.9996299973032252,False,84.0,False,False,0.028955532574974147,Large (50-100),False
CSF3R,6,967,-14.938163773649109,1841.283374602328,3.25415251371326e-07,0.0,inf,0.9935269064728524,Cox_PH,0.9996299973032252,False,18.0,False,False,0.0062047569803516025,Small (<20),False
CSF2RB,5,967,0.2640167925707634,1.0196442857726062,1.3021500625643685,0.1764908919640268,9.607265092081876,0.795689025426854,Cox_PH,0.9996299973032252,False,15.0,False,False,0.005170630816959669,Small (<20),False
CSF1,5,967,-14.907145060670713,2022.4728913781764,3.356673958110667e-07,0.0,inf,0.9941190444414154,Cox_PH,0.9996299973032252,False,15.0,False,False,0.005170630816959669,Small (<20),False
CSE1L,7,967,0.0269397770284732,1.0131004914909345,1.027305933484551,0.1410364112262688,7.482872485172805,0.978785619557566,Cox_PH,0.9996299973032252,False,21.0,False,False,0.007238883143743537,Medium (20-50),False
CRYBG3,9,967,-0.3385252190997557,1.0161856162059242,0.7128208024632825,0.0972715208514333,5.223661478475904,0.7390336999751513,Cox_PH,0.9996299973032252,False,27.0,False,False,0.009307135470527405,Medium (20-50),False
CRIM1,7,967,0.0336016841571055,1.0042818732036072,1.0341725973488225,0.1444544873725374,7.403805728436903,0.9733090237262364,Cox_PH,0.9996299973032252,False,21.0,False,False,0.007238883143743537,Medium (20-50),False
CRYBG1,9,967,-14.974585748818036,1495.9176985489207,3.137762298692105e-07,0.0,inf,0.9920130691385208,Cox_PH,0.9996299973032252,False,27.0,False,False,0.009307135470527405,Medium (20-50),False
CRTAM,5,967,0.4611758097996198,1.0362237039273874,1.5859376501525249,0.2080820824633417,12.087529115412517,0.6562805174302813,Cox_PH,0.9996299973032252,False,15.0,False,False,0.005170630816959669,Small (<20),False
CRTAC1,6,967,0.0609185804813403,1.021790742124635,1.0628123769921745,0.1434467670280141,7.874490112887372,0.9524587438835952,Cox_PH,0.9996299973032252,False,18.0,False,False,0.0062047569803516025,Small (<20),False
CROT,5,967,0.4241521591203602,1.0315809086560876,1.528294119982066,0.2023520206396916,11.542671576928202,0.6809499905346879,Cox_PH,0.9996299973032252,False,15.0,False,False,0.005170630816959669,Small (<20),False
CROCC,8,967,-0.1086833540994717,1.0092416268216815,0.8970144084687307,0.1240839479712442,6.484600644613406,0.9142430773183796,Cox_PH,0.9996299973032252,False,24.0,False,False,0.008273009307135471,Medium (20-50),False
CRNN,5,967,-14.759893100711237,1946.995727180558,3.889196380298814e-07,0.0,inf,0.9939514104417924,Cox_PH,0.9996299973032252,False,15.0,False,False,0.005170630816959669,Small (<20),False
CRNKL1,15,967,-0.0235461376170632,0.7426083547730413,0.9767289096848468,0.227852107234904,4.186923590882678,0.974705439182663,Cox_PH,0.9996299973032252,False,45.0,False,False,0.015511892450879007,Medium (20-50),False
CRTC2,6,967,0.2961136660738171,1.0082304708601892,1.3446229861617345,0.1863706107499176,9.701159252735346,0.768989900584697,Cox_PH,0.9996299973032252,False,18.0,False,False,0.0062047569803516025,Small (<20),False
CSMD2,28,967,0.5160267118159207,0.4255014247173242,1.6753577286471402,0.7276347449723984,3.8574621928536095,0.2252255437993677,Cox_PH,0.9996299973032252,False,84.0,False,False,0.028955532574974147,Large (50-100),False
CPNE8,7,967,0.1775126771102261,1.008909587296248,1.1942431973591467,0.1653071345291939,8.627678523982413,0.8603370897540682,Cox_PH,0.9996299973032252,False,21.0,False,False,0.007238883143743537,Medium (20-50),False
CPLANE1,6,967,0.9397318897029364,0.7354405581278788,2.5592951529522443,0.6054812974603034,10.817826590844094,0.2013266948948092,Cox_PH,0.9996299973032252,False,18.0,False,False,0.0062047569803516025,Small (<20),False
COL6A6,18,967,0.2141850230589029,0.593779630054582,1.238851849748391,0.386886832248016,3.966932388748621,0.7183127572837618,Cox_PH,0.9996299973032252,False,54.0,False,False,0.01861427094105481,Large (50-100),False
COL6A3,19,967,-16.023056156386243,1679.0997131175395,1.0997022865396636e-07,0.0,inf,0.9923861846944017,Cox_PH,0.9996299973032252,False,57.0,False,False,0.01964839710444674,Large (50-100),False
COL6A2,5,967,0.4942974803225866,1.0101125484396565,1.6393461614893077,0.2263838849764469,11.871232961079938,0.6245946956556994,Cox_PH,0.9996299973032252,False,15.0,False,False,0.005170630816959669,Small (<20),False
COL6A1,6,967,0.0751331163590197,1.0082317450816118,1.078027644448701,0.1494189604040364,7.777751893421823,0.940596874948888,Cox_PH,0.9996299973032252,False,18.0,False,False,0.0062047569803516025,Small (<20),False
COL5A3,14,967,-0.0431292229388762,0.7364100489906662,0.9577876139395528,0.2261644433268956,4.056150913563739,0.9532971086526432,Cox_PH,0.9996299973032252,False,42.0,False,False,0.014477766287487074,Medium (20-50),False
COL5A2,11,967,-0.3400738992675646,1.0112073526650365,0.7117177254005606,0.0980732813875454,5.164934969879319,0.7366410211248731,Cox_PH,0.9996299973032252,False,33.0,False,False,0.011375387797311272,Medium (20-50),False
COL7A1,15,967,-0.8287813672230205,1.0090849516652334,0.4365809941867399,0.0604107703740498,3.155115607778409,0.4114641794984276,Cox_PH,0.9996299973032252,False,45.0,False,False,0.015511892450879007,Medium (20-50),False
COL5A1,12,967,-0.5590650374789176,1.0163374444206597,0.5717433726556482,0.0779968819147576,4.191071183241817,0.5822657616203988,Cox_PH,0.9996299973032252,False,36.0,False,False,0.012409513960703205,Medium (20-50),False
COL4A5,14,967,-0.0479719095311959,0.7363981398106346,0.953160561428467,0.225077101181165,4.036461510721896,0.9480593596495416,Cox_PH,0.9996299973032252,False,42.0,False,False,0.014477766287487074,Medium (20-50),False
COL4A4,12,967,-0.6240258022513221,1.0131049388039626,0.5357831330780503,0.0735557628408654,3.902665876934495,0.5379250346528304,Cox_PH,0.9996299973032252,False,36.0,False,False,0.012409513960703205,Medium (20-50),False
COL4A3,10,967,-15.099845857380636,1416.8126128023805,2.7683453456575105e-07,0.0,inf,0.9914966131031638,Cox_PH,0.9996299973032252,False,30.0,False,False,0.010341261633919338,Medium (20-50),False
COL4A2,9,967,0.5298223627948266,0.731606865753042,1.6986305418347665,0.4048951662771354,7.126155009909312,0.4689491081492304,Cox_PH,0.9996299973032252,False,27.0,False,False,0.009307135470527405,Medium (20-50),False
COL4A1,9,967,-0.2506544656479284,1.009111119809578,0.7782912514659581,0.1076885234904782,5.624900894495095,0.8038316315182549,Cox_PH,0.9996299973032252,False,27.0,False,False,0.009307135470527405,Medium (20-50),False
COL3A1,10,967,-0.433134655704662,1.0220165940155417,0.6484731653145731,0.0874850655184535,4.806734082452056,0.6717088070258732,Cox_PH,0.9996299973032252,False,30.0,False,False,0.010341261633919338,Medium (20-50),False
COL4A6,12,967,0.1691807726936931,0.7206145282575417,1.1843342148600975,0.2884528313202973,4.862658224112862,0.8143849916869095,Cox_PH,0.9996299973032252,False,36.0,False,False,0.012409513960703205,Medium (20-50),False
CPNE5,7,967,0.7840509709047266,0.7384699501402684,2.1903272697480065,0.5151227117955988,9.313379974799911,0.288361184150099,Cox_PH,0.9996299973032252,False,21.0,False,False,0.007238883143743537,Medium (20-50),False
COL8A1,7,967,-0.0033919447638971,1.0133906476684351,0.9966138013820376,0.1367449709041896,7.263441299066633,0.9973293859469968,Cox_PH,0.9996299973032252,False,21.0,False,False,0.007238883143743537,Medium (20-50),False
COL9A3,7,967,-0.0513824535814401,1.0060399729860103,0.9499153025416396,0.1322288955904802,6.824068808661652,0.959266579284696,Cox_PH,0.9996299973032252,False,21.0,False,False,0.007238883143743537,Medium (20-50),False
CPED1,10,967,0.9687789344828266,0.6103159478676551,2.634725322127326,0.7965699567153499,8.714586163509491,0.1124356538434435,Cox_PH,0.9996299973032252,False,30.0,False,False,0.010341261633919338,Medium (20-50),False
CPEB2,7,967,0.7870950399931703,0.7238188371707567,2.197004935765306,0.5317457162606726,9.077328768570476,0.2768512606445649,Cox_PH,0.9996299973032252,False,21.0,False,False,0.007238883143743537,Medium (20-50),False
CPEB1,7,967,-0.0887178292361051,1.0370855878301994,0.915103752672377,0.1198630328042653,6.986431584144497,0.9318278590964796,Cox_PH,0.9996299973032252,False,21.0,False,False,0.007238883143743537,Medium (20-50),False
CPD,5,967,0.3950278250359495,1.0380608958579018,1.484425494539024,0.1940631745641304,11.354648061315972,0.7035416561551,Cox_PH,0.9996299973032252,False,15.0,False,False,0.005170630816959669,Small (<20),False
CPAMD8,12,967,0.3009776195463398,0.7196294568428162,1.3511791011983596,0.3297250624514405,5.5369917892852945,0.6757718606937813,Cox_PH,0.9996299973032252,False,36.0,False,False,0.012409513960703205,Medium (20-50),False
CPA1,6,967,-14.878296962107736,1843.7239638599044,3.454917881260851e-07,0.0,inf,0.9935613818395336,Cox_PH,0.9996299973032252,False,18.0,False,False,0.0062047569803516025,Small (<20),False
COL9A1,6,967,0.9224019799014208,0.7309829603218346,2.5153248995037556,0.600300676175278,10.539483963893185,0.2069972860009802,Cox_PH,0.9996299973032252,False,18.0,False,False,0.0062047569803516025,Small (<20),False
CP,5,967,-14.919893962712448,2021.242058977861,3.314151682737507e-07,0.0,inf,0.9941104308196144,Cox_PH,0.9996299973032252,False,15.0,False,False,0.005170630816959669,Small (<20),False
CORIN,8,967,-0.3244575731551437,1.0149208174488302,0.7229193781875373,0.0988944286252966,5.284548731649924,0.7492051809518627,Cox_PH,0.9996299973032252,False,24.0,False,False,0.008273009307135471,Medium (20-50),False
COPS3,5,967,1.2704768078008586,0.7237074842765773,3.5625508094715213,0.8624398588466582,14.716119784907562,0.0791718561598904,Cox_PH,0.9996299973032252,False,15.0,False,False,0.005170630816959669,Small (<20),False
COPG2,6,967,0.2305466085861213,1.0216509509420602,1.2592881595585117,0.1700114901224502,9.327644076656773,0.8214652200359384,Cox_PH,0.9996299973032252,False,18.0,False,False,0.0062047569803516025,Small (<20),False
COPG1,7,967,0.0541265524362725,1.018640687750422,1.0556181847553543,0.143358155570915,7.773047494566599,0.9576235005071057,Cox_PH,0.9996299973032252,False,21.0,False,False,0.007238883143743537,Medium (20-50),False
COPB2,7,967,-0.0569399535447599,1.0211201204583364,0.9446507905949668,0.1276663077740211,6.989824737089198,0.9555312097405688,Cox_PH,0.9996299973032252,False,21.0,False,False,0.007238883143743537,Medium (20-50),False
COPA,9,967,-15.060476962513096,1509.1010280631892,2.8795058179798616e-07,0.0,inf,0.9920374299927708,Cox_PH,0.9996299973032252,False,27.0,False,False,0.009307135470527405,Medium (20-50),False
CORO2A,6,967,-14.87484554229301,1831.722234650976,3.466862854996336e-07,0.0,inf,0.9935206992990318,Cox_PH,0.9996299973032252,False,18.0,False,False,0.0062047569803516025,Small (<20),False
DCAF6,9,967,-0.240065131721711,1.0284396558536824,0.7865766283080733,0.1047889598910964,5.904274580485322,0.8154301903318744,Cox_PH,0.9996299973032252,False,27.0,False,False,0.009307135470527405,Medium (20-50),False
CSMD3,38,967,-0.2660236008322791,0.5183717678935535,0.7664210391131702,0.2774728285003708,2.116968397842697,0.6078178897217434,Cox_PH,0.9996299973032252,False,114.0,False,False,0.03929679420889348,Very Large (>100),False
CSPG4,7,967,0.1204058568453877,1.010614806813629,1.1279545467678225,0.1556105037790707,8.176064138835608,0.9051634934200504,Cox_PH,0.9996299973032252,False,21.0,False,False,0.007238883143743537,Medium (20-50),False
CYSLTR1,5,967,-15.00164446244102,2020.6912217786733,3.0539968901770834e-07,0.0,inf,0.994076546469575,Cox_PH,0.9996299973032252,False,15.0,False,False,0.005170630816959669,Small (<20),False
CYRIB,6,967,-14.989876143030347,1812.124496236717,3.090149612208463e-07,0.0,inf,0.9933999819706312,Cox_PH,0.9996299973032252,False,18.0,False,False,0.0062047569803516025,Small (<20),False
CYP7B1,6,967,0.2070208850694707,1.0116564618446442,1.2300082603204647,0.1693435512023604,8.934029726639439,0.8378568715941428,Cox_PH,0.9996299973032252,False,18.0,False,False,0.0062047569803516025,Small (<20),False
CYP4X1,5,967,1.3012571919376177,0.7214610600745871,3.673912578741659,0.8933235141681467,15.109457461001732,0.071287507709976,Cox_PH,0.9996299973032252,False,15.0,False,False,0.005170630816959669,Small (<20),False
CYP4F2,5,967,0.4887572695724234,1.023441920829512,1.6302889508568164,0.2193275739506356,12.118139162402002,0.6329617747032805,Cox_PH,0.9996299973032252,False,15.0,False,False,0.005170630816959669,Small (<20),False
CYP4F11,8,967,-14.931759558405854,1595.1630135459434,3.2750596823925026e-07,0.0,inf,0.9925313925075618,Cox_PH,0.9996299973032252,False,24.0,False,False,0.008273009307135471,Medium (20-50),False
DAAM1,8,967,-15.153436874132929,1596.9249811272216,2.623892170886665e-07,0.0,inf,0.9924288792386112,Cox_PH,0.9996299973032252,False,24.0,False,False,0.008273009307135471,Medium (20-50),False
CYP4A11,5,967,-14.907613508711956,2014.3613850492584,3.3551018990126377e-07,0.0,inf,0.9940951776731584,Cox_PH,0.9996299973032252,False,15.0,False,False,0.005170630816959669,Small (<20),False
CYP39A1,5,967,1.343440993763638,0.8024429258830209,3.8322074457809,0.7950524903045483,18.47150230530453,0.0940934914755239,Cox_PH,0.9996299973032252,False,15.0,False,False,0.005170630816959669,Small (<20),False
CYP2S1,6,967,0.0538877681828156,1.0155519037873943,1.0553661498473532,0.1441942452212897,7.724286836373536,0.9576820744714124,Cox_PH,0.9996299973032252,False,18.0,False,False,0.0062047569803516025,Small (<20),False
CYP2D6,5,967,0.4417794688331357,1.0070730113164226,1.555472672403431,0.2160849561002852,11.196962890239243,0.6608958097292597,Cox_PH,0.9996299973032252,False,15.0,False,False,0.005170630816959669,Small (<20),False
CYP2C19,5,967,-15.157012942843105,2018.9353360023656,2.614525709731544e-07,0.0,inf,0.9940099948727515,Cox_PH,0.9996299973032252,False,15.0,False,False,0.005170630816959669,Small (<20),False
CYP2A13,9,967,0.5682080603305555,0.7204842868501579,1.7651012608580836,0.4300124393913982,7.245331008312963,0.4303181182806411,Cox_PH,0.9996299973032252,False,27.0,False,False,0.009307135470527405,Medium (20-50),False
CYP26B1,6,967,0.1497141350521931,1.01125358122296,1.1615021625104338,0.1600381772905406,8.429784045010836,0.8823048364575163,Cox_PH,0.9996299973032252,False,18.0,False,False,0.0062047569803516025,Small (<20),False
CYP3A7,6,967,-15.06377750497606,1836.3830293095812,2.8700175535784784e-07,0.0,inf,0.9934550578413252,Cox_PH,0.9996299973032252,False,18.0,False,False,0.0062047569803516025,Small (<20),False
CYP24A1,5,967,1.180680516351255,0.7167484603069797,3.256589611473226,0.7991980705715857,13.270021898289096,0.0995019077410597,Cox_PH,0.9996299973032252,False,15.0,False,False,0.005170630816959669,Small (<20),False
DAAM2,8,967,1.1557394287229636,0.598887711289236,3.176371249530115,0.9820819859119636,10.273413482350485,0.0536303975279659,Cox_PH,0.9996299973032252,False,24.0,False,False,0.008273009307135471,Medium (20-50),False
DAB2,7,967,0.1653429961695605,1.010851413969609,1.1797977154171082,0.1626872268505978,8.555820123368909,0.8700711970989091,Cox_PH,0.9996299973032252,False,21.0,False,False,0.007238883143743537,Medium (20-50),False
DCAF17,6,967,-15.03972308614297,1849.9483994113896,2.9398911734005956e-07,0.0,inf,0.9935134241218812,Cox_PH,0.9996299973032252,False,18.0,False,False,0.0062047569803516025,Small (<20),False
DCAF12L2,5,967,0.389203482243992,1.0045359826686229,1.475804820858903,0.206039569479508,10.57078441181171,0.6984260297788534,Cox_PH,0.9996299973032252,False,15.0,False,False,0.005170630816959669,Small (<20),False
DCAF12L1,5,967,-14.8904466315831,2019.0746671904824,3.4131957392877864e-07,0.0,inf,0.9941157452139636,Cox_PH,0.9996299973032252,False,15.0,False,False,0.005170630816959669,Small (<20),False
DCAF11,7,967,0.1012769760606657,1.027264922703345,1.1065830963479983,0.1477605423767214,8.287233719006965,0.9214646392914704,Cox_PH,0.9996299973032252,False,21.0,False,False,0.007238883143743537,Medium (20-50),False
DCAF1,10,967,0.7886733598966347,0.5974004086929593,2.200475250296275,0.6823371140486778,7.09633292323158,0.1867764429187834,Cox_PH,0.9996299973032252,False,30.0,False,False,0.010341261633919338,Medium (20-50),False
DBX2,5,967,-15.22330357551546,2005.7654714782448,2.446826981150821e-07,0.0,inf,0.9939442958582017,Cox_PH,0.9996299973032252,False,15.0,False,False,0.005170630816959669,Small (<20),False
DAB1,13,967,0.0518339838178088,0.7318339239835387,1.0532008796096173,0.2509352083616692,4.420392419431839,0.9435350269297909,Cox_PH,0.9996299973032252,False,39.0,False,False,0.01344364012409514,Medium (20-50),False
DAXX,5,967,-15.051279849338671,1973.580123143853,2.9061111173106936e-07,0.0,inf,0.9939150849464848,Cox_PH,0.9996299973032252,False,15.0,False,False,0.005170630816959669,Small (<20),False
DAPK1,10,967,0.5035268387364187,0.7296545573531554,1.654546310693596,0.3958990226010244,6.914701320161093,0.490138000550352,Cox_PH,0.9996299973032252,False,30.0,False,False,0.010341261633919338,Medium (20-50),False
DAP3,6,967,-15.06411877420206,1816.8688521865947,2.869038272018191e-07,0.0,inf,0.9933846132775872,Cox_PH,0.9996299973032252,False,18.0,False,False,0.0062047569803516025,Small (<20),False
DALRD3,8,967,0.0897652636693645,1.0136143048603297,1.0939174713915472,0.1500301846909945,7.976097854443984,0.9294319271686122,Cox_PH,0.9996299973032252,False,24.0,False,False,0.008273009307135471,Medium (20-50),False
DACH2,6,967,0.9410250395353256,0.7240711058006378,2.5626068458463793,0.6199265176825279,10.59311653730829,0.1937275717099508,Cox_PH,0.9996299973032252,False,18.0,False,False,0.0062047569803516025,Small (<20),False
DACH1,5,967,-14.960069479924044,1993.4501549443753,3.183643103321898e-07,0.0,inf,0.9940122423445508,Cox_PH,0.9996299973032252,False,15.0,False,False,0.005170630816959669,Small (<20),False
DAB2IP,7,967,0.8952532160994009,0.715474210734167,2.4479555727510847,0.6022538547421223,9.95010067428958,0.2108350690464607,Cox_PH,0.9996299973032252,False,21.0,False,False,0.007238883143743537,Medium (20-50),False
DARS2,5,967,0.3586925984530076,1.0218815330525977,1.4314567019268436,0.1931679606057126,10.607702659727096,0.7255794061722382,Cox_PH,0.9996299973032252,False,15.0,False,False,0.005170630816959669,Small (<20),False
CSNK1A1L,5,967,-15.05841509430738,1962.2793129790616,2.885449104505334e-07,0.0,inf,0.9938771412862918,Cox_PH,0.9996299973032252,False,15.0,False,False,0.005170630816959669,Small (<20),False
CYP11B2,7,967,-15.007424754482177,1672.5592164430238,3.036394817828114e-07,0.0,inf,0.9928408921372068,Cox_PH,0.9996299973032252,False,21.0,False,False,0.007238883143743537,Medium (20-50),False
CYLC1,8,967,-0.1258624104523001,1.0204794739115122,0.8817361561166872,0.1193133349729515,6.516108607471928,0.9018406046474514,Cox_PH,0.9996299973032252,False,24.0,False,False,0.008273009307135471,Medium (20-50),False
CTPS2,5,967,-14.7250763766688,2022.166012914261,4.026990304687832e-07,0.0,inf,0.9941899887584982,Cox_PH,0.9996299973032252,False,15.0,False,False,0.005170630816959669,Small (<20),False
CTNND2,12,967,0.6606209973922444,0.5998879564915405,1.9359942085379576,0.5974053622081775,6.273920209953563,0.2707919382740807,Cox_PH,0.9996299973032252,False,36.0,False,False,0.012409513960703205,Medium (20-50),False
CTNND1,5,967,-14.90103601006882,2019.4827241658904,3.3772428132934266e-07,0.0,inf,0.9941127504846694,Cox_PH,0.9996299973032252,False,15.0,False,False,0.005170630816959669,Small (<20),False
CTNNA3,8,967,-15.166492712271294,1591.7880016775823,2.589857717015088e-07,0.0,inf,0.9923979026902416,Cox_PH,0.9996299973032252,False,24.0,False,False,0.008273009307135471,Medium (20-50),False
CTNNA2,12,967,0.0498643341383658,0.7190481841838293,1.0511284844509268,0.2567968157779094,4.302510868279804,0.9447128619997636,Cox_PH,0.9996299973032252,False,36.0,False,False,0.012409513960703205,Medium (20-50),False
CTNNA1,5,967,0.3402095294574428,1.01630858127615,1.4052419993125558,0.1917131010505773,10.300313676064247,0.7378135085434556,Cox_PH,0.9996299973032252,False,15.0,False,False,0.005170630816959669,Small (<20),False
CTR9,5,967,1.3002928641120055,0.7224917975853704,3.6703714303015182,0.8906612993815648,15.125420230706904,0.0719026910315461,Cox_PH,0.9996299973032252,False,15.0,False,False,0.005170630816959669,Small (<20),False
CTCFL,6,967,0.1096920364983341,1.0286592020874306,1.1159343504847798,0.1486025480817157,8.380135405935965,0.915077808574611,Cox_PH,0.9996299973032252,False,18.0,False,False,0.0062047569803516025,Small (<20),False
CTC1,5,967,0.1515006881543595,1.0385808603072626,1.1635791025314322,0.1519630624222084,8.909509365415282,0.8840218119038202,Cox_PH,0.9996299973032252,False,15.0,False,False,0.005170630816959669,Small (<20),False
CTAGE6,7,967,0.0803518572881334,1.0150325405317242,1.0836682971901193,0.1482119519176952,7.923362206221147,0.9369038858209544,Cox_PH,0.9996299973032252,False,21.0,False,False,0.007238883143743537,Medium (20-50),False
CTAGE1,7,967,-14.911028151346574,1700.8216141842329,3.3436649626627025e-07,0.0,inf,0.99300507081577,Cox_PH,0.9996299973032252,False,21.0,False,False,0.007238883143743537,Medium (20-50),False
CSTF3,9,967,0.3973109230428796,0.7251324056617138,1.487818455184058,0.3591739052475015,6.163041699983505,0.5837502677563843,Cox_PH,0.9996299973032252,False,27.0,False,False,0.009307135470527405,Medium (20-50),False
CSTF2T,6,967,-0.0147014924162845,1.03058138403216,0.9854060468822856,0.1307274045501322,7.427861668130935,0.9886183700059492,Cox_PH,0.9996299973032252,False,18.0,False,False,0.0062047569803516025,Small (<20),False
CSPP1,15,967,0.2987742730767855,0.638481129515408,1.3482052628971597,0.3857180021940993,4.7123997857609075,0.6398236744237611,Cox_PH,0.9996299973032252,False,45.0,False,False,0.015511892450879007,Medium (20-50),False
CTCF,19,967,-0.937380523507023,1.0046693827138715,0.3916524171388289,0.0546649515924954,2.8060322269039615,0.3508076399211142,Cox_PH,0.9996299973032252,False,57.0,False,False,0.01964839710444674,Large (50-100),False
CYP11B1,5,967,0.4508609915989754,1.020545892590444,1.569663070573349,0.2123734583992022,11.601459870236823,0.6586454149208145,Cox_PH,0.9996299973032252,False,15.0,False,False,0.005170630816959669,Small (<20),False
CTSS,6,967,-14.846900268484635,1837.2562597362269,3.5651116882349746e-07,0.0,inf,0.99355235095394,Cox_PH,0.9996299973032252,False,18.0,False,False,0.0062047569803516025,Small (<20),False
CTTNBP2NL,7,967,-14.98968360916626,1713.2386843954132,3.09074462793241e-07,0.0,inf,0.993019137005126,Cox_PH,0.9996299973032252,False,21.0,False,False,0.007238883143743537,Medium (20-50),False
CYFIP2,8,967,-14.944248387334367,1578.3609997351714,3.234412369273359e-07,0.0,inf,0.9924455768291842,Cox_PH,0.9996299973032252,False,24.0,False,False,0.008273009307135471,Medium (20-50),False
CYFIP1,7,967,-0.0201564672229569,1.0169074004345071,0.9800453163403792,0.1335479122761213,7.192091629967407,0.9841858944544948,Cox_PH,0.9996299973032252,False,21.0,False,False,0.007238883143743537,Medium (20-50),False
CXorf58,6,967,0.2612779250136301,1.010886351554113,1.298588525519,0.1790555253006183,9.417928632910984,0.7960486801661373,Cox_PH,0.9996299973032252,False,18.0,False,False,0.0062047569803516025,Small (<20),False
CXCR3,8,967,-0.1318761636292086,1.0056914733805165,0.8764495246875973,0.1220857696360329,6.292000874591661,0.8956725947750516,Cox_PH,0.9996299973032252,False,24.0,False,False,0.008273009307135471,Medium (20-50),False
CWH43,7,967,0.0424452682787454,1.0144452873780103,1.043358949979708,0.1428632364261223,7.619860264510361,0.9666255579937844,Cox_PH,0.9996299973032252,False,21.0,False,False,0.007238883143743537,Medium (20-50),False
CWC22,5,967,0.1503942274996058,1.0193499024897985,1.1622923600320367,0.1576257728871825,8.570448255030843,0.8827063185187447,Cox_PH,0.9996299973032252,False,15.0,False,False,0.005170630816959669,Small (<20),False
CTTNBP2,11,967,-16.172601598567024,2220.7424087776335,9.469528767359044e-08,0.0,inf,0.9941894408762814,Cox_PH,0.9996299973032252,False,33.0,False,False,0.011375387797311272,Medium (20-50),False
CUX1,9,967,0.3714619050851866,0.7289254049584999,1.4498526130375888,0.3474161671707517,6.050589460618785,0.6103302639108625,Cox_PH,0.9996299973032252,False,27.0,False,False,0.009307135470527405,Medium (20-50),False
CUL7,14,967,0.0360760578918758,0.7252218899100917,1.0367346953477097,0.2502339881296091,4.295255159267188,0.9603257114140308,Cox_PH,0.9996299973032252,False,42.0,False,False,0.014477766287487074,Medium (20-50),False
CUL4B,11,967,0.755664468433543,0.5963203421424781,2.129025723845169,0.6615806373068969,6.851395396403923,0.2050793911988022,Cox_PH,0.9996299973032252,False,33.0,False,False,0.011375387797311272,Medium (20-50),False
CUL3,7,967,-15.044073639831774,1705.5820949584104,2.9271288008347816e-07,0.0,inf,0.992962356676114,Cox_PH,0.9996299973032252,False,21.0,False,False,0.007238883143743537,Medium (20-50),False
CUL2,5,967,-14.957380882124989,1986.764666819688,3.192214156056198e-07,0.0,inf,0.9939931735548936,Cox_PH,0.9996299973032252,False,15.0,False,False,0.005170630816959669,Small (<20),False
CUL1,7,967,0.1412813529706126,1.0134758271111584,1.151748650307262,0.1580045785568281,8.395484267612538,0.8891318716276501,Cox_PH,0.9996299973032252,False,21.0,False,False,0.007238883143743537,Medium (20-50),False
CUBN,27,967,-0.2789457960204209,0.5990491615762774,0.7565809117999162,0.233848419670499,2.447802199846147,0.6414677754084817,Cox_PH,0.9996299973032252,False,81.0,False,False,0.027921406411582212,Large (50-100),False
CUL9,9,967,-14.775439398201328,1505.695050347749,3.829201335115643e-07,0.0,inf,0.9921704559177208,Cox_PH,0.9996299973032252,False,27.0,False,False,0.009307135470527405,Medium (20-50),False
CARD6,7,967,0.8129173441489261,0.7222457446151475,2.2544754830543523,0.5473404281006833,9.286103205148589,0.2603597675968025,Cox_PH,0.9996299973032252,False,21.0,False,False,0.007238883143743537,Medium (20-50),False
CARD14,6,967,0.1346390881879175,1.0114763909270046,1.1441237820396686,0.157574859057727,8.307284781699856,0.8941052406054708,Cox_PH,0.9996299973032252,False,18.0,False,False,0.0062047569803516025,Small (<20),False
CARD11,11,967,-0.3951764474507887,1.0099036229096787,0.6735611806097552,0.0930528611025937,4.875558458371374,0.6955746500830533,Cox_PH,0.9996299973032252,False,33.0,False,False,0.011375387797311272,Medium (20-50),False
ALG5,6,967,0.1459829340615772,1.034291449803465,1.1571764395804216,0.1524027932396773,8.786304265527098,0.8877570234687994,Cox_PH,0.9996299973032252,False,18.0,False,False,0.0062047569803516025,Small (<20),False
ALG13,8,967,-14.879772390055154,1590.247693394925,3.4498241574980445e-07,0.0,inf,0.9925343910449352,Cox_PH,0.9996299973032252,False,24.0,False,False,0.008273009307135471,Medium (20-50),False
ALG10B,6,967,0.1661552656715639,1.010200341668346,1.180756418429773,0.1630273331823182,8.551852578634445,0.8693552275507154,Cox_PH,0.9996299973032252,False,18.0,False,False,0.0062047569803516025,Small (<20),False
ALDOA,6,967,-15.092963005593866,1842.631420661808,2.787465180379253e-07,0.0,inf,0.9934646140480112,Cox_PH,0.9996299973032252,False,18.0,False,False,0.0062047569803516025,Small (<20),False
ALDH5A1,5,967,0.3632622226932671,1.0118561543497735,1.438012889418931,0.1979034804071328,10.44893736017617,0.7195907544104432,Cox_PH,0.9996299973032252,False,15.0,False,False,0.005170630816959669,Small (<20),False
ALDH1L2,8,967,-14.866364459219414,1594.2079252311205,3.496390643697553e-07,0.0,inf,0.9925596463441088,Cox_PH,0.9996299973032252,False,24.0,False,False,0.008273009307135471,Medium (20-50),False
ALK,11,967,0.3191237450398309,0.7442445910686524,1.3759215778422982,0.3199483656809979,5.917080352457875,0.6680769303452391,Cox_PH,0.9996299973032252,False,33.0,False,False,0.011375387797311272,Medium (20-50),False
ALDH1L1,7,967,0.7323952532937501,0.7323523776652684,2.0800569087059846,0.4950901524027736,8.73908867396664,0.3172821763014605,Cox_PH,0.9996299973032252,False,21.0,False,False,0.007238883143743537,Medium (20-50),False
ALDH1A1,6,967,0.1780258639566687,1.0381989890832657,1.1948562245447751,0.1561646851311962,9.142152696904413,0.8638497621102216,Cox_PH,0.9996299973032252,False,18.0,False,False,0.0062047569803516025,Small (<20),False
ALDH18A1,7,967,-0.0221018866214301,1.0168726377892026,0.9781405705360402,0.1332974400126395,7.177624533808366,0.9826592190114684,Cox_PH,0.9996299973032252,False,21.0,False,False,0.007238883143743537,Medium (20-50),False
ALCAM,7,967,0.0057301487335202,1.0215421364117794,1.0057465974386084,0.135810813535925,7.4480535969381165,0.9955244398964224,Cox_PH,0.9996299973032252,False,21.0,False,False,0.007238883143743537,Medium (20-50),False
ALAS2,5,967,0.5143811146686059,1.0118566231258297,1.672603031930317,0.2301882407719207,12.153535267661471,0.6112052775357599,Cox_PH,0.9996299973032252,False,15.0,False,False,0.005170630816959669,Small (<20),False
AL121899.2,5,967,-14.775382867989643,2021.150343166056,3.829417806796232e-07,0.0,inf,0.9941672103183472,Cox_PH,0.9996299973032252,False,15.0,False,False,0.005170630816959669,Small (<20),False
AKT3,8,967,0.6896105668027215,0.7155478843699862,1.9929392653905544,0.4902384926650729,8.101785100438754,0.3351703735727014,Cox_PH,0.9996299973032252,False,24.0,False,False,0.008273009307135471,Medium (20-50),False
ALDH1A3,7,967,1.3443463890324117,0.6058296549970509,3.835678679453415,1.1699023282984249,12.575777119284924,0.0264855584057609,Cox_PH,0.9996299973032252,False,21.0,False,False,0.007238883143743537,Medium (20-50),True
AKT1,26,967,-15.89401188692178,1458.1472345109073,1.251175818576087e-07,0.0,inf,0.991303117219554,Cox_PH,0.9996299973032252,False,14.0,True,False,0.02688728024819028,Small (<20),False
ALMS1,19,967,0.4134246148552013,0.5252741986992079,1.5119869017486989,0.5400395968591271,4.233216238875119,0.4312441759570715,Cox_PH,0.9996299973032252,False,57.0,False,False,0.01964839710444674,Large (50-100),False
ALOXE3,7,967,1.3321072113600088,0.5898127802738913,3.789019245605789,1.1925264955489072,12.038866136020603,0.0239129158923758,Cox_PH,0.9996299973032252,False,21.0,False,False,0.007238883143743537,Medium (20-50),True
ANAPC4,6,967,-15.089491490260034,1820.4260734603956,2.797158724403744e-07,0.0,inf,0.9933864194770566,Cox_PH,0.9996299973032252,False,18.0,False,False,0.0062047569803516025,Small (<20),False
ANAPC1,10,967,0.3536871666368565,0.7397562977617897,1.4243095452326051,0.3341266464206318,6.071523185513421,0.6325697184225576,Cox_PH,0.9996299973032252,False,30.0,False,False,0.010341261633919338,Medium (20-50),False
AMPH,6,967,0.8317448155794401,0.7185958171707958,2.2973236514304767,0.561747405755385,9.395140779199345,0.2470850971245801,Cox_PH,0.9996299973032252,False,18.0,False,False,0.0062047569803516025,Small (<20),False
AMPD3,6,967,0.1119944918766295,1.0058688150621389,1.118506699755185,0.1557491800826691,8.03251250974929,0.9113459031059716,Cox_PH,0.9996299973032252,False,18.0,False,False,0.0062047569803516025,Small (<20),False
AMPD1,8,967,-0.041923973857853,1.0123489259959455,0.9589426825139143,0.1318450553713403,6.974634473450817,0.9669669895459088,Cox_PH,0.9996299973032252,False,24.0,False,False,0.008273009307135471,Medium (20-50),False
AMOTL1,7,967,-14.904056417045842,1695.7520483042274,3.367057555092745e-07,0.0,inf,0.9929874397490344,Cox_PH,0.9996299973032252,False,21.0,False,False,0.007238883143743537,Medium (20-50),False
ALOX15B,5,967,-14.973716305868058,2003.0575007330392,3.140491590311155e-07,0.0,inf,0.9940355252998964,Cox_PH,0.9996299973032252,False,15.0,False,False,0.005170630816959669,Small (<20),False
AMER3,5,967,0.2308647058737505,1.0165271014373145,1.25968879942426,0.1717821090763688,9.237375649460017,0.820337262984409,Cox_PH,0.9996299973032252,False,15.0,False,False,0.005170630816959669,Small (<20),False
AMDHD1,5,967,-15.061882614748123,1987.7611499993368,2.875461077606204e-07,0.0,inf,0.9939542391218208,Cox_PH,0.9996299973032252,False,15.0,False,False,0.005170630816959669,Small (<20),False
AMBRA1,8,967,-15.03588796334956,1586.1141142941278,2.9511876649200177e-07,0.0,inf,0.992436406009416,Cox_PH,0.9996299973032252,False,24.0,False,False,0.008273009307135471,Medium (20-50),False
AMBN,6,967,-14.958190318988647,1832.9381385334364,3.189631305709757e-07,0.0,inf,0.9934887182553618,Cox_PH,0.9996299973032252,False,18.0,False,False,0.0062047569803516025,Small (<20),False
ALPK3,6,967,1.2699756625341547,0.7416702715388475,3.5607659012824637,0.8321870283927362,15.235822442731294,0.086838005166011,Cox_PH,0.9996299973032252,False,18.0,False,False,0.0062047569803516025,Small (<20),False
ALPK2,10,967,-0.3441567011030695,1.0223810412249277,0.7088178468079913,0.0955578417655169,5.257786599935764,0.7364013163090217,Cox_PH,0.9996299973032252,False,30.0,False,False,0.010341261633919338,Medium (20-50),False
ALPK1,7,967,-14.907363950228763,1710.6949517564583,3.355939297639137e-07,0.0,inf,0.9930471502300106,Cox_PH,0.9996299973032252,False,21.0,False,False,0.007238883143743537,Medium (20-50),False
AMER1,13,967,-0.0357076341622422,0.7243393404217092,0.9649223625823372,0.2333040497885877,3.990822991093332,0.9606827448229897,Cox_PH,0.9996299973032252,False,39.0,False,False,0.01344364012409514,Medium (20-50),False
ANAPC5,6,967,-14.910884127699635,1850.7808773356508,3.344146564164932e-07,0.0,inf,0.993571883264378,Cox_PH,0.9996299973032252,False,18.0,False,False,0.0062047569803516025,Small (<20),False
AKR1C2,5,967,-14.985572578126655,2023.7788643539257,3.103476928542909e-07,0.0,inf,0.9940919198530233,Cox_PH,0.9996299973032252,False,15.0,False,False,0.005170630816959669,Small (<20),False
AKNA,7,967,0.8941846842920624,0.7216881479041528,2.4453412513501784,0.5943279036399601,10.0612705527239,0.215338791781923,Cox_PH,0.9996299973032252,False,21.0,False,False,0.007238883143743537,Medium (20-50),False
AGO4,7,967,0.2098658695723488,1.0174993597774176,1.2335125972880148,0.1678922497985663,9.062677577397125,0.8365905460051469,Cox_PH,0.9996299973032252,False,21.0,False,False,0.007238883143743537,Medium (20-50),False
AGO3,6,967,-15.01604103603536,1854.0095426846608,3.0103447735922956e-07,0.0,inf,0.993537823811272,Cox_PH,0.9996299973032252,False,18.0,False,False,0.0062047569803516025,Small (<20),False
AGO2,7,967,0.0091612798592419,1.005815630037209,1.0092033728271976,0.140543622915542,7.246799439187945,0.9927327211168102,Cox_PH,0.9996299973032252,False,21.0,False,False,0.007238883143743537,Medium (20-50),False
AGO1,8,967,0.6513097447152156,0.7169937168246687,1.9180513421982803,0.470481829497642,7.819475101167667,0.3636723381108916,Cox_PH,0.9996299973032252,False,24.0,False,False,0.008273009307135471,Medium (20-50),False
AGL,9,967,0.5360926174450138,0.727050104242562,1.7093148495483046,0.4110972037927758,7.107217533785829,0.4609076743238046,Cox_PH,0.9996299973032252,False,27.0,False,False,0.009307135470527405,Medium (20-50),False
AGGF1,7,967,0.7210098373875913,0.724525158725106,2.056508901989274,0.4970525750290527,8.508614734998465,0.3196642380435225,Cox_PH,0.9996299973032252,False,21.0,False,False,0.007238883143743537,Medium (20-50),False
AGRN,5,967,-14.873883518903993,2005.97890145888,3.470199662935648e-07,0.0,inf,0.9940839191946635,Cox_PH,0.9996299973032252,False,15.0,False,False,0.005170630816959669,Small (<20),False
AGFG2,7,967,-0.09484012203673,1.0171157982334569,0.9095183347836904,0.1238867934313396,6.677254115598368,0.9257095817921293,Cox_PH,0.9996299973032252,False,21.0,False,False,0.007238883143743537,Medium (20-50),False
AGAP3,5,967,0.4429193035258459,1.0093373229782605,1.5572466649560592,0.215373435225005,11.25959277653395,0.6607906036492135,Cox_PH,0.9996299973032252,False,15.0,False,False,0.005170630816959669,Small (<20),False
AGAP1,7,967,-14.988359805383954,1698.003065640798,3.09483887675413e-07,0.0,inf,0.992957123680578,Cox_PH,0.9996299973032252,False,21.0,False,False,0.007238883143743537,Medium (20-50),False
AFTPH,7,967,-14.978260968266346,1693.2041362642594,3.126251498981844e-07,0.0,inf,0.9929419217369791,Cox_PH,0.9996299973032252,False,21.0,False,False,0.007238883143743537,Medium (20-50),False
AFF4,7,967,-0.0996767820892244,1.0115919962206206,0.9051299249650014,0.1246311012931511,6.573481037771832,0.921507822836849,Cox_PH,0.9996299973032252,False,21.0,False,False,0.007238883143743537,Medium (20-50),False
AFF3,12,967,-15.957102200938762,2136.053159904026,1.174677274675499e-07,0.0,inf,0.9940395645104748,Cox_PH,0.9996299973032252,False,36.0,False,False,0.012409513960703205,Medium (20-50),False
AFF2,20,967,0.5778345142743736,0.4712506470282661,1.78217497466212,0.7076421478892915,4.488352834530183,0.2201338232606366,Cox_PH,0.9996299973032252,False,60.0,False,False,0.020682523267838676,Large (50-100),False
AGBL1,9,967,-0.3038244278010916,1.0088829212299486,0.7379904256785689,0.1021579684507136,5.331251948848153,0.7633006169332408,Cox_PH,0.9996299973032252,False,27.0,False,False,0.009307135470527405,Medium (20-50),False
AKR1C1,6,967,-15.09899406931782,1839.3149890610016,2.770704393738558e-07,0.0,inf,0.9934502143366072,Cox_PH,0.9996299973032252,False,18.0,False,False,0.0062047569803516025,Small (<20),False
AGT,8,967,-14.89883218806829,1587.750190366463,3.384693862684073e-07,0.0,inf,0.992513070508702,Cox_PH,0.9996299973032252,False,24.0,False,False,0.008273009307135471,Medium (20-50),False
AHCTF1,25,967,0.2376155211560288,0.5288885641567458,1.2682214947419232,0.4497757901061611,3.5759722846483335,0.6532345016395524,Cox_PH,0.9996299973032252,False,75.0,False,False,0.025853154084798345,Large (50-100),False
AKAP9,28,967,0.0463134491952254,0.5182509875795812,1.0474026670315064,0.3792883722916343,2.892396464137294,0.9287919152482356,Cox_PH,0.9996299973032252,False,84.0,False,False,0.028955532574974147,Large (50-100),False
AKAP6,15,967,0.3927243548456922,0.6074620225124405,1.4810100998028433,0.4502730019002615,4.871246791305242,0.5179554294887188,Cox_PH,0.9996299973032252,False,45.0,False,False,0.015511892450879007,Medium (20-50),False
AKAP4,10,967,-0.4278679465257575,1.0116239608987578,0.6518974944440401,0.0897568519314875,4.734684139622031,0.6723305931586608,Cox_PH,0.9996299973032252,False,30.0,False,False,0.010341261633919338,Medium (20-50),False
AKAP3,7,967,-14.993875788128635,1714.7361923074743,3.0778147943494066e-07,0.0,inf,0.9930232827647868,Cox_PH,0.9996299973032252,False,21.0,False,False,0.007238883143743537,Medium (20-50),False
AKAP17A,5,967,0.3912970498435769,1.0175329862859903,1.4788977545183124,0.2012781285461268,10.86625051672259,0.700567392780016,Cox_PH,0.9996299973032252,False,15.0,False,False,0.005170630816959669,Small (<20),False
AKAP13,14,967,0.0502335514881526,0.7259360565587023,1.0515166509787397,0.2534468558954247,4.362600054276329,0.944831764794024,Cox_PH,0.9996299973032252,False,42.0,False,False,0.014477766287487074,Medium (20-50),False
AGTPBP1,8,967,0.5327517449336974,0.7310553323665685,1.7036137751383316,0.4065222131853771,7.139339009545358,0.4661586425934685,Cox_PH,0.9996299973032252,False,24.0,False,False,0.008273009307135471,Medium (20-50),False
AKAP12,12,967,-0.4482381809731743,1.0102044929273148,0.6387525272136567,0.0881920031678819,4.626324115182605,0.6572520173781977,Cox_PH,0.9996299973032252,False,36.0,False,False,0.012409513960703205,Medium (20-50),False
AK9,10,967,-0.4410998151896256,1.007005033555614,0.6433284894129232,0.0893825611775314,4.63033884728681,0.6613635283524875,Cox_PH,0.9996299973032252,False,30.0,False,False,0.010341261633919338,Medium (20-50),False
AK7,6,967,0.0758352949696754,1.0469967148115698,1.0787848782278966,0.1385840516841496,8.397624397254386,0.9422587054248712,Cox_PH,0.9996299973032252,False,18.0,False,False,0.0062047569803516025,Small (<20),False
AK5,5,967,0.4617859275165567,1.0317353909201676,1.586905554048473,0.2100487906783677,11.988972796924749,0.6544550796253676,Cox_PH,0.9996299973032252,False,15.0,False,False,0.005170630816959669,Small (<20),False
AHNAK2,17,967,-0.1786355368990297,0.7288391022866364,0.8364106846839909,0.2004560662124765,3.4899559123943336,0.806382112470906,Cox_PH,0.9996299973032252,False,51.0,False,False,0.017580144777662874,Large (50-100),False
AHNAK,27,967,0.0489246242601395,0.5272565614327166,1.0501411925874142,0.3736266522593558,2.9516002611168166,0.9260696603860192,Cox_PH,0.9996299973032252,False,81.0,False,False,0.027921406411582212,Large (50-100),False
AHI1,9,967,-0.3047671404080195,1.0218693026713888,0.7372950406261167,0.0994966828420734,5.463538697010687,0.7655163801077763,Cox_PH,0.9996299973032252,False,27.0,False,False,0.009307135470527405,Medium (20-50),False
AKAP11,11,967,0.2251092737301291,0.735669370927335,1.2524595696434957,0.2961756189631157,5.296367672272586,0.7596103937311569,Cox_PH,0.9996299973032252,False,33.0,False,False,0.011375387797311272,Medium (20-50),False
AFF1,12,967,0.006937333955008,0.7259763009358038,1.006961452997903,0.2426885813235238,4.17807612658933,0.992375636216775,Cox_PH,0.9996299973032252,False,36.0,False,False,0.012409513960703205,Medium (20-50),False
ANGPT1,8,967,-0.1683426641715286,1.0110199711792522,0.8450642118377684,0.1164909364537792,6.13037841285051,0.8677573819150979,Cox_PH,0.9996299973032252,False,24.0,False,False,0.008273009307135471,Medium (20-50),False
ANGPTL1,6,967,-14.970155464361982,1841.4367133010023,3.151694316845064e-07,0.0,inf,0.9935135841141388,Cox_PH,0.9996299973032252,False,18.0,False,False,0.0062047569803516025,Small (<20),False
APEX2,6,967,0.2566616409926959,1.0112071468631147,1.2926076873038272,0.1781188300528361,9.380449179804978,0.7996368808117422,Cox_PH,0.9996299973032252,False,18.0,False,False,0.0062047569803516025,Small (<20),False
APC,14,967,0.4135386426564707,0.6235367206683148,1.5121593201207106,0.4454842751155791,5.132899043035073,0.5071931366428712,Cox_PH,0.9996299973032252,False,42.0,False,False,0.014477766287487074,Medium (20-50),False
APBA2,10,967,-0.5594955484821932,1.0139520907881068,0.571497283818447,0.0783286653602948,4.169726930869196,0.5810875600667997,Cox_PH,0.9996299973032252,False,30.0,False,False,0.010341261633919338,Medium (20-50),False
APBA1,9,967,-0.4155124323184886,1.020316709566587,0.6600019876874901,0.0893375681973289,4.875917629515924,0.6838326934367629,Cox_PH,0.9996299973032252,False,27.0,False,False,0.009307135470527405,Medium (20-50),False
APAF1,7,967,0.6219182137531307,0.7501557396376902,1.862497285373871,0.4281048931657972,8.102911677493019,0.4070749096984296,Cox_PH,0.9996299973032252,False,21.0,False,False,0.007238883143743537,Medium (20-50),False
AP4M1,5,967,0.6572078158218407,1.0087376115407176,1.9293975729466084,0.2671572339269703,13.934022821593745,0.5147140137190733,Cox_PH,0.9996299973032252,False,15.0,False,False,0.005170630816959669,Small (<20),False
API5,6,967,-14.931589861624849,1837.57590486182,3.275615496636817e-07,0.0,inf,0.9935167010600908,Cox_PH,0.9996299973032252,False,18.0,False,False,0.0062047569803516025,Small (<20),False
AP4E1,7,967,-0.0278608448952554,1.0138032665719527,0.972523689021452,0.1333317030987639,7.093604174599808,0.9780756869346404,Cox_PH,0.9996299973032252,False,21.0,False,False,0.007238883143743537,Medium (20-50),False
AP3B1,10,967,-0.3752836488295414,1.017523971867764,0.6870943576373721,0.093515261286588,5.0483594848793025,0.7122615610132836,Cox_PH,0.9996299973032252,False,30.0,False,False,0.010341261633919338,Medium (20-50),False
AP2A2,5,967,-14.87655851139082,2010.6148012253673,3.4609293095003034e-07,0.0,inf,0.994096498222696,Cox_PH,0.9996299973032252,False,15.0,False,False,0.005170630816959669,Small (<20),False
AP2A1,7,967,1.280850498093837,0.5909340506224136,3.599699961978246,1.1304544939249346,11.462504581919616,0.0301966280989703,Cox_PH,0.9996299973032252,False,21.0,False,False,0.007238883143743537,Medium (20-50),True
AP1G2,8,967,-0.09259526470061,1.0043550572605395,0.9115623671119604,0.1273098784161201,6.526955798502632,0.9265440992134332,Cox_PH,0.9996299973032252,False,24.0,False,False,0.008273009307135471,Medium (20-50),False
AP1G1,5,967,0.4498489227541336,1.0137730928228192,1.5680752671014655,0.2149937461012728,11.436891016062797,0.6572325333112798,Cox_PH,0.9996299973032252,False,15.0,False,False,0.005170630816959669,Small (<20),False
AP1B1,7,967,0.069045089280984,1.0140295381049391,1.0714845205257917,0.1468339671950126,7.818892996343291,0.9457141335764818,Cox_PH,0.9996299973032252,False,21.0,False,False,0.007238883143743537,Medium (20-50),False
AP3M1,5,967,-14.97497727987676,1993.692452100795,3.1365340077699804e-07,0.0,inf,0.9940070040347068,Cox_PH,0.9996299973032252,False,15.0,False,False,0.005170630816959669,Small (<20),False
AOX1,10,967,-15.038419427305035,1427.531798555947,2.943726287808602e-07,0.0,inf,0.9915947926611705,Cox_PH,0.9996299973032252,False,30.0,False,False,0.010341261633919338,Medium (20-50),False
APLF,7,967,0.7207795299943259,0.7232311342339995,2.0560353273207967,0.4982000911953907,8.485107373320862,0.3189537498770091,Cox_PH,0.9996299973032252,False,21.0,False,False,0.007238883143743537,Medium (20-50),False
APLP2,5,967,0.3303957238145413,1.0282489270862312,1.3915186766028016,0.1854495923390776,10.441242835379338,0.747968801665363,Cox_PH,0.9996299973032252,False,15.0,False,False,0.005170630816959669,Small (<20),False
ARFGEF3,8,967,-0.1627033444859309,1.0258213964499072,0.8498432617129562,0.1137999403417491,6.346519754843442,0.8739778296225753,Cox_PH,0.9996299973032252,False,24.0,False,False,0.008273009307135471,Medium (20-50),False
ARFGEF2,7,967,-0.0583706409831039,1.011402781237747,0.9433002569013996,0.1299351119207492,6.8481518314539045,0.9539775910765054,Cox_PH,0.9996299973032252,False,21.0,False,False,0.007238883143743537,Medium (20-50),False
ARFGEF1,16,967,-0.1712391522478613,0.7257842783506749,0.8426200348979401,0.2031569719702869,3.4948764806124855,0.8134817845167794,Cox_PH,0.9996299973032252,False,48.0,False,False,0.016546018614270942,Medium (20-50),False
ARAP3,10,967,0.4121890260785186,0.7203668860055835,1.5101198613869964,0.3679787560912553,6.197265352975831,0.5671911009566222,Cox_PH,0.9996299973032252,False,30.0,False,False,0.010341261633919338,Medium (20-50),False
ARAP2,6,967,0.146664649442261,1.0226266997868712,1.157965573509255,0.1560336356020572,8.593559101912891,0.8859588529170275,Cox_PH,0.9996299973032252,False,18.0,False,False,0.0062047569803516025,Small (<20),False
ARAP1,7,967,0.7687094829065162,0.7629015463599711,2.1569808362175453,0.4835611260623181,9.621464747788986,0.3136403062867931,Cox_PH,0.9996299973032252,False,21.0,False,False,0.007238883143743537,Medium (20-50),False
APLP1,5,967,1.337309948950792,0.7528005476853588,3.8087838890104937,0.8709426705913141,16.656474878348412,0.0756593414565835,Cox_PH,0.9996299973032252,False,15.0,False,False,0.005170630816959669,Small (<20),False
ARAF,9,967,1.0181831338625458,0.6054099664822347,2.768160814695824,0.8449985222503602,9.068316800851289,0.092606138148189,Cox_PH,0.9996299973032252,False,27.0,False,False,0.009307135470527405,Medium (20-50),False
AQR,6,967,0.2155268323576495,1.010433954508975,1.2405152684259015,0.1711998453712973,8.988782249541613,0.8310919933670071,Cox_PH,0.9996299973032252,False,18.0,False,False,0.0062047569803516025,Small (<20),False
APTX,5,967,-14.875867945757392,2021.1784745224888,3.463320133756686e-07,0.0,inf,0.994127624871086,Cox_PH,0.9996299973032252,False,15.0,False,False,0.005170630816959669,Small (<20),False
APP,9,967,-0.3820765735039759,1.0255753334450726,0.6824427941685742,0.091427933682445,5.093937361968784,0.7094844931300848,Cox_PH,0.9996299973032252,False,27.0,False,False,0.009307135470527405,Medium (20-50),False
APOBR,10,967,0.5016460391617602,0.7468001434044482,1.6514373652642784,0.3820964398450474,7.137583832230963,0.5017573224238132,Cox_PH,0.9996299973032252,False,30.0,False,False,0.010341261633919338,Medium (20-50),False
APOB,35,967,0.0215325353087415,0.4776529893284204,1.0217660332699483,0.4006498906157919,2.6057808854997733,0.9640436454454592,Cox_PH,0.9996299973032252,False,86.0,False,True,0.03619441571871768,Large (50-100),False
APMAP,6,967,0.2340580054320353,1.029025425817784,1.263717792578377,0.1681612683823021,9.496732955465964,0.8200691808572754,Cox_PH,0.9996299973032252,False,18.0,False,False,0.0062047569803516025,Small (<20),False
AR,8,967,0.5779692512335166,0.7275422282568746,1.7824151156764385,0.4282648286818944,7.418315565090821,0.4269548409240304,Cox_PH,0.9996299973032252,False,24.0,False,False,0.008273009307135471,Medium (20-50),False
ANGPT4,6,967,0.1654771459506925,1.0154757486039958,1.1799559956388026,0.1612409705742072,8.634878261311307,0.8705536367900478,Cox_PH,0.9996299973032252,False,18.0,False,False,0.0062047569803516025,Small (<20),False
AOPEP,5,967,1.1228698280289384,0.7310248216700667,3.0736624408083535,0.7334918280888005,12.880035520848654,0.124533112421225,Cox_PH,0.9996299973032252,False,15.0,False,False,0.005170630816959669,Small (<20),False
ANXA1,5,967,-14.866897948270523,2018.8131505215144,3.494525855037132e-07,0.0,inf,0.9941242897480392,Cox_PH,0.9996299973032252,False,15.0,False,False,0.005170630816959669,Small (<20),False
ANKRD12,23,967,-16.147377054401115,1545.9394684567644,9.71143142987722e-08,0.0,inf,0.991666227009798,Cox_PH,0.9996299973032252,False,69.0,False,False,0.023784901758014478,Large (50-100),False
ANKRD11,15,967,0.7664015025041463,0.5261106307222828,2.152008307176351,0.767378334652918,6.035014991986539,0.1451907344571953,Cox_PH,0.9996299973032252,False,45.0,False,False,0.015511892450879007,Medium (20-50),False
ANKMY1,5,967,-15.038433416895568,2009.066959978185,2.9436851065712546e-07,0.0,inf,0.9940276645661786,Cox_PH,0.9996299973032252,False,15.0,False,False,0.005170630816959669,Small (<20),False
ANKLE2,6,967,0.0313118085426508,1.0085553167721173,1.0318071800263329,0.1429219485125635,7.449003234519346,0.975232696353819,Cox_PH,0.9996299973032252,False,18.0,False,False,0.0062047569803516025,Small (<20),False
ANKK1,5,967,0.2290837270296323,1.007579425122501,1.2574473169312397,0.174510224451571,9.0606367611221,0.8201434593372812,Cox_PH,0.9996299973032252,False,15.0,False,False,0.005170630816959669,Small (<20),False
ANKIB1,6,967,1.0151405082926137,0.7254881175448192,2.7597511380556994,0.6657665455529945,11.439785304432188,0.1617375070443106,Cox_PH,0.9996299973032252,False,18.0,False,False,0.0062047569803516025,Small (<20),False
ANKRD17,17,967,-0.9465908866298206,1.0175856068795484,0.3880617173668964,0.0528097906694731,2.8515904830653893,0.3522508790157668,Cox_PH,0.9996299973032252,False,51.0,False,False,0.017580144777662874,Large (50-100),False
ANKHD1-EIF4EBP3,15,967,-0.0273159065553787,0.7221858386032389,0.973053798891516,0.2362652533571606,4.007502931909707,0.9698280646967768,Cox_PH,0.9996299973032252,False,45.0,False,False,0.015511892450879007,Medium (20-50),False
ANKFY1,7,967,-14.874596716746357,1707.356050632624,3.46772560637424e-07,0.0,inf,0.9930488658573852,Cox_PH,0.9996299973032252,False,21.0,False,False,0.007238883143743537,Medium (20-50),False
ANKFN1,10,967,-0.4272692465218552,1.0130679858256648,0.6522879023334485,0.0895567748691544,4.750947185762448,0.6732018673199696,Cox_PH,0.9996299973032252,False,30.0,False,False,0.010341261633919338,Medium (20-50),False
ANKAR,8,967,-0.0013711908653868,1.0093831251770649,0.9986297487872776,0.1381020856508995,7.221189821013,0.998916118510773,Cox_PH,0.9996299973032252,False,24.0,False,False,0.008273009307135471,Medium (20-50),False
ANK2,25,967,0.0938364987077684,0.5417571784925667,1.0983801446620414,0.3798390870264747,3.176184293281324,0.8624881948094953,Cox_PH,0.9996299973032252,False,75.0,False,False,0.025853154084798345,Large (50-100),False
ANK1,15,967,-0.8237715069109358,1.0123733582118315,0.4387736919511262,0.0603241179623444,3.1914656898688225,0.4158149633192228,Cox_PH,0.9996299973032252,False,45.0,False,False,0.015511892450879007,Medium (20-50),False
ANGPTL5,5,967,-15.015921230199544,1957.266586435254,3.010705452069251e-07,0.0,inf,0.9938787826497698,Cox_PH,0.9996299973032252,False,15.0,False,False,0.005170630816959669,Small (<20),False
ANKH,5,967,1.133192621063298,0.7357437536629912,3.105555551823948,0.7342797911733845,13.134605366235949,0.1235115795541957,Cox_PH,0.9996299973032252,False,15.0,False,False,0.005170630816959669,Small (<20),False
ANXA6,5,967,-14.987230787524156,2029.178584480465,3.0983349783283725e-07,0.0,inf,0.9941069891895432,Cox_PH,0.9996299973032252,False,15.0,False,False,0.005170630816959669,Small (<20),False
ANKRD24,7,967,0.6796284012421321,0.7307404438756995,1.9731443779821705,0.4711292206584577,8.263759846866025,0.3523428933816156,Cox_PH,0.9996299973032252,False,21.0,False,False,0.007238883143743537,Medium (20-50),False
ANKRD28,11,967,0.2538896687260049,0.7468019520361941,1.28902957614649,0.2982443514189494,5.571261417944922,0.733879716149789,Cox_PH,0.9996299973032252,False,33.0,False,False,0.011375387797311272,Medium (20-50),False
ANPEP,7,967,-14.923066860831735,1705.43677610578,3.303652881717183e-07,0.0,inf,0.9930183675702544,Cox_PH,0.9996299973032252,False,21.0,False,False,0.007238883143743537,Medium (20-50),False
ANO6,6,967,0.0698028065536202,1.018398672135082,1.072296710520691,0.1456922744550168,7.892115348563022,0.9453544026332004,Cox_PH,0.9996299973032252,False,18.0,False,False,0.0062047569803516025,Small (<20),False
ANO5,9,967,0.5327832392742787,0.7185713178982451,1.703667430175695,0.4166050851960224,6.966988200049866,0.4584218728058683,Cox_PH,0.9996299973032252,False,27.0,False,False,0.009307135470527405,Medium (20-50),False
ANO4,10,967,-0.4236736086732487,1.023302001806598,0.6546375150500382,0.0880944687117009,4.864667241633158,0.6788550842499805,Cox_PH,0.9996299973032252,False,30.0,False,False,0.010341261633919338,Medium (20-50),False
ANO2,8,967,0.0122064405021599,1.013534999040238,1.0122812431451844,0.1388554024271096,7.379715137561682,0.9903909633171376,Cox_PH,0.9996299973032252,False,24.0,False,False,0.008273009307135471,Medium (20-50),False
ANO10,5,967,-15.18688971044804,2011.613405061711,2.5375674886087413e-07,0.0,inf,0.9939763427262563,Cox_PH,0.9996299973032252,False,15.0,False,False,0.005170630816959669,Small (<20),False
ANKRD26,15,967,0.4821285209184898,0.6302045305002625,1.6195179138570035,0.4709175003209462,5.569634323456207,0.444250705403464,Cox_PH,0.9996299973032252,False,45.0,False,False,0.015511892450879007,Medium (20-50),False
ANLN,7,967,0.7593234071746102,0.7192707861642553,2.1368299674647133,0.5218123003131373,8.750353924419153,0.29111213508721,Cox_PH,0.9996299973032252,False,21.0,False,False,0.007238883143743537,Medium (20-50),False
ANKS1B,9,967,-14.963337465002548,1489.299067372831,3.1732559868800274e-07,0.0,inf,0.9919836013208008,Cox_PH,0.9996299973032252,False,27.0,False,False,0.009307135470527405,Medium (20-50),False
ANKS1A,5,967,1.2084173922944148,0.7374921985685337,3.3481815993306374,0.788938177357686,14.209377038441591,0.101307139849254,Cox_PH,0.9996299973032252,False,15.0,False,False,0.005170630816959669,Small (<20),False
ANKRD6,6,967,-14.779366458218806,1851.6222628926196,3.8141933196299604e-07,0.0,inf,0.993631474767082,Cox_PH,0.9996299973032252,False,18.0,False,False,0.0062047569803516025,Small (<20),False
ANKRD35,6,967,0.0643579760792518,1.014381732451317,1.0664741026548894,0.1460464993144524,7.787704717144154,0.949411740846784,Cox_PH,0.9996299973032252,False,18.0,False,False,0.0062047569803516025,Small (<20),False
ANKRD34B,5,967,-14.946748350393976,2028.6722484348309,3.226336556653279e-07,0.0,inf,0.9941214398446572,Cox_PH,0.9996299973032252,False,15.0,False,False,0.005170630816959669,Small (<20),False
ANKRD30A,13,967,0.2735081390156169,0.722097206472886,1.3145680584584751,0.3192431037631261,5.41308225596473,0.7048593044022315,Cox_PH,0.9996299973032252,False,39.0,False,False,0.01344364012409514,Medium (20-50),False
ANKS6,7,967,-14.965000168425371,1699.8525846671555,3.167984187223341e-07,0.0,inf,0.9929757506877432,Cox_PH,0.9996299973032252,False,21.0,False,False,0.007238883143743537,Medium (20-50),False
ARHGAP11A,8,967,-0.1498742197504347,1.0091275975203098,0.8608162432979098,0.1191032743101273,6.221530088216212,0.8819335066937865,Cox_PH,0.9996299973032252,False,24.0,False,False,0.008273009307135471,Medium (20-50),False
AFDN,16,967,0.3151012198941184,0.5867832559790996,1.3703980154790765,0.4338771012509833,4.328393260244072,0.5912692486511748,Cox_PH,0.9996299973032252,False,48.0,False,False,0.016546018614270942,Medium (20-50),False
ADSS2,5,967,-14.96188587585032,2018.1211943929304,3.17786559566747e-07,0.0,inf,0.9940847217619018,Cox_PH,0.9996299973032252,False,15.0,False,False,0.005170630816959669,Small (<20),False
AC013489.1,5,967,0.2385995921267165,1.0300936765893107,1.2694701289708854,0.1685734002937456,9.55995670456407,0.8168261632172545,Cox_PH,0.9996299973032252,False,15.0,False,False,0.005170630816959669,Small (<20),False
AC008397.2,8,967,-0.0264472996338871,1.0083926937615804,0.9738993673363552,0.1349437870600748,7.028704309861298,0.979076134502297,Cox_PH,0.9996299973032252,False,24.0,False,False,0.008273009307135471,Medium (20-50),False
AC006059.2,5,967,1.3354499442675818,0.7837480232719488,3.8017061175241857,0.8181609663612074,17.665190589940728,0.088394600639787,Cox_PH,0.9996299973032252,False,15.0,False,False,0.005170630816959669,Small (<20),False
ABTB2,6,967,-15.248725276358511,1831.2978711196313,2.385408466842945e-07,0.0,inf,0.993356306438316,Cox_PH,0.9996299973032252,False,18.0,False,False,0.0062047569803516025,Small (<20),False
ABR,6,967,0.0840764396799833,1.0253157031252396,1.0877120349910117,0.1457966642744324,8.11484595310981,0.9346462853228216,Cox_PH,0.9996299973032252,False,18.0,False,False,0.0062047569803516025,Small (<20),False
ABLIM3,5,967,-15.0500778308388,2008.1362536458448,2.909606416922942e-07,0.0,inf,0.9940202701357064,Cox_PH,0.9996299973032252,False,15.0,False,False,0.005170630816959669,Small (<20),False
ACACA,14,967,0.416299860307483,0.5984361095445635,1.5163404910314815,0.4692428154225235,4.899997206502204,0.486650368346284,Cox_PH,0.9996299973032252,False,42.0,False,False,0.014477766287487074,Medium (20-50),False
ABL2,7,967,-14.924741678317416,1699.506589304821,3.298124496914299e-07,0.0,inf,0.9929932205175592,Cox_PH,0.9996299973032252,False,21.0,False,False,0.007238883143743537,Medium (20-50),False
ABI3BP,12,967,-0.6239680189477833,1.010829948651773,0.535814093291943,0.0738887483048634,3.885527217022431,0.5370481589232361,Cox_PH,0.9996299973032252,False,36.0,False,False,0.012409513960703205,Medium (20-50),False
ABHD2,5,967,0.4793014386222515,1.0069314482010172,1.6149458692526089,0.2244091793778701,11.62185151180698,0.6340729138441534,Cox_PH,0.9996299973032252,False,15.0,False,False,0.005170630816959669,Small (<20),False
ABHD13,5,967,0.3829470136506742,1.005447716296216,1.466600318212801,0.2043889443771315,10.523644025545188,0.7032981333797466,Cox_PH,0.9996299973032252,False,15.0,False,False,0.005170630816959669,Small (<20),False
ABCF3,5,967,-14.811422524552633,2024.1101033388911,3.693864228153386e-07,0.0,inf,0.9941615330748986,Cox_PH,0.9996299973032252,False,15.0,False,False,0.005170630816959669,Small (<20),False
ABCF2,6,967,0.2203526983333454,1.012096771662884,1.246516297286144,0.1714682819933148,9.06175102087124,0.8276480579127734,Cox_PH,0.9996299973032252,False,18.0,False,False,0.0062047569803516025,Small (<20),False
ABCF1,7,967,-14.973679264304758,1685.16899573894,3.140607921183714e-07,0.0,inf,0.992910437871317,Cox_PH,0.9996299973032252,False,21.0,False,False,0.007238883143743537,Medium (20-50),False
ABL1,7,967,0.0330572976704608,1.012111103779589,1.0336097609761252,0.1421772918868288,7.514203736807099,0.973944344154252,Cox_PH,0.9996299973032252,False,21.0,False,False,0.007238883143743537,Medium (20-50),False
ABCE1,5,967,1.3086155341575831,0.7312661189514733,3.7010461915571935,0.8827916537059499,15.516393765773635,0.0735310678798646,Cox_PH,0.9996299973032252,False,15.0,False,False,0.005170630816959669,Small (<20),False
ACACB,11,967,0.8466938096350817,0.5932421060334044,2.3319243071828786,0.7290151843410062,7.459201250171375,0.1535131831427408,Cox_PH,0.9996299973032252,False,33.0,False,False,0.011375387797311272,Medium (20-50),False
ACAD11,7,967,-14.985451144682134,1680.268809334387,3.103853817319322e-07,0.0,inf,0.992884173332096,Cox_PH,0.9996299973032252,False,21.0,False,False,0.007238883143743537,Medium (20-50),False
ACSL4,6,967,1.1735910420108326,0.759953243285607,3.2335837490783432,0.7291197350652607,14.340667738705044,0.1225171865944121,Cox_PH,0.9996299973032252,False,18.0,False,False,0.0062047569803516025,Small (<20),False
ACSBG1,6,967,0.1820091001694931,1.0096891956566398,1.199625110622031,0.1657985596955913,8.679812470489072,0.8569464928451207,Cox_PH,0.9996299973032252,False,18.0,False,False,0.0062047569803516025,Small (<20),False
ACP3,8,967,-14.92700830054453,1594.061071596925,3.2906573604075114e-07,0.0,inf,0.9925286078324194,Cox_PH,0.9996299973032252,False,24.0,False,False,0.008273009307135471,Medium (20-50),False
ACOX3,6,967,1.1018827960058362,0.7435934627465122,3.0098275838458894,0.700780622014463,12.927101292325142,0.138384211930916,Cox_PH,0.9996299973032252,False,18.0,False,False,0.0062047569803516025,Small (<20),False
ACO2,6,967,-15.1486666042183,1831.415940276156,2.6364387462522416e-07,0.0,inf,0.9934003253397165,Cox_PH,0.9996299973032252,False,18.0,False,False,0.0062047569803516025,Small (<20),False
ACLY,6,967,0.190565698205381,1.00402589230278,1.2099338615096726,0.1690898496323425,8.65776362336828,0.8494646197045334,Cox_PH,0.9996299973032252,False,18.0,False,False,0.0062047569803516025,Small (<20),False
ACAD10,7,967,-15.10922519930951,1672.5690713987212,2.742501476786081e-07,0.0,inf,0.9927923732676618,Cox_PH,0.9996299973032252,False,21.0,False,False,0.007238883143743537,Medium (20-50),False
ACIN1,7,967,-14.98772996191916,1700.3754400438302,3.09678875478975e-07,0.0,inf,0.9929672452272148,Cox_PH,0.9996299973032252,False,21.0,False,False,0.007238883143743537,Medium (20-50),False
ACE,10,967,-0.3100477165248881,1.016858731690245,0.7334119595193157,0.0999494390220003,5.381652039563367,0.7604367061938798,Cox_PH,0.9996299973032252,False,30.0,False,False,0.010341261633919338,Medium (20-50),False
ACCSL,6,967,1.0677519326475302,0.7751611224236578,2.908832891868126,0.6366317651152918,13.290742398443737,0.1683706742246336,Cox_PH,0.9996299973032252,False,18.0,False,False,0.0062047569803516025,Small (<20),False
ACBD5,5,967,1.3360500221625804,0.7356296604842606,3.8039881219503218,0.8996188436781153,16.084951681066197,0.0693398163342879,Cox_PH,0.9996299973032252,False,15.0,False,False,0.005170630816959669,Small (<20),False
ACBD3,5,967,0.2528434590539277,1.0301466439446267,1.287681686147054,0.1709739688392811,9.698108642475212,0.806112553747617,Cox_PH,0.9996299973032252,False,15.0,False,False,0.005170630816959669,Small (<20),False
ACAN,6,967,0.1945082472645874,1.0204216245285,1.2147135009073726,0.1643892583807551,8.975823018004341,0.8488267925579687,Cox_PH,0.9996299973032252,False,18.0,False,False,0.0062047569803516025,Small (<20),False
ACADSB,5,967,0.275557846301697,1.0274460245952752,1.3172653015209972,0.1758302282135355,9.868541332289686,0.7885477553745317,Cox_PH,0.9996299973032252,False,15.0,False,False,0.005170630816959669,Small (<20),False
ACER3,5,967,1.258888710390737,0.7371591962291326,3.521505899177401,0.8303206610236117,14.935198387877511,0.0876814577170381,Cox_PH,0.9996299973032252,False,15.0,False,False,0.005170630816959669,Small (<20),False
ACSM2A,6,967,1.1811534578860707,0.7552839059904409,3.2581301522264803,0.7414088897435007,14.317891565233158,0.1178519525552489,Cox_PH,0.9996299973032252,False,18.0,False,False,0.0062047569803516025,Small (<20),False
ABCD3,6,967,-14.8976479005715,1842.584490126746,3.388704687822363e-07,0.0,inf,0.9935490210560572,Cox_PH,0.9996299973032252,False,18.0,False,False,0.0062047569803516025,Small (<20),False
ABCC6,5,967,0.2843140923370277,1.0072799361784084,1.3288502468910692,0.1845279045853754,9.569517318425165,0.7777447195536413,Cox_PH,0.9996299973032252,False,15.0,False,False,0.005170630816959669,Small (<20),False
ABCA6,10,967,0.3384731759746998,0.7291001994799929,1.4028041195959229,0.3360271848479833,5.856250585337434,0.6424800315039099,Cox_PH,0.9996299973032252,False,30.0,False,False,0.010341261633919338,Medium (20-50),False
ABCA5,9,967,-15.04534014045503,1504.2788479420508,2.9234239369855853e-07,0.0,inf,0.9920199340118596,Cox_PH,0.9996299973032252,False,27.0,False,False,0.009307135470527405,Medium (20-50),False
ABCA4,11,967,0.2751304585934805,0.7261575330446931,1.3167024388115365,0.317226799154633,5.465191834335374,0.7047729958793276,Cox_PH,0.9996299973032252,False,33.0,False,False,0.011375387797311272,Medium (20-50),False
ABCA3,10,967,-0.4545505020039079,1.0258696652929162,0.6347332151426639,0.0849871639729679,4.740554168079903,0.6577021101284314,Cox_PH,0.9996299973032252,False,30.0,False,False,0.010341261633919338,Medium (20-50),False
ABCA13,31,967,0.3566270425450183,0.4360412242763518,1.4285029996479135,0.6077365741906677,3.3577390380373484,0.4134287943983161,Cox_PH,0.9996299973032252,False,93.0,False,False,0.03205791106514995,Large (50-100),False
ABCA12,17,967,0.6130613162272126,0.5315033984978664,1.8460741740406872,0.6513648522585165,5.232075148426075,0.2487267159523713,Cox_PH,0.9996299973032252,False,51.0,False,False,0.017580144777662874,Large (50-100),False
ABCA7,10,967,0.4049384476913235,0.730070629639257,1.4992102173666195,0.3584378531531679,6.270630336846724,0.5791296095403924,Cox_PH,0.9996299973032252,False,30.0,False,False,0.010341261633919338,Medium (20-50),False
ABCA10,13,967,0.6372227987973396,0.602053169298034,1.8912212771933197,0.5811180183739837,6.154890755782594,0.2898657588341842,Cox_PH,0.9996299973032252,False,39.0,False,False,0.01344364012409514,Medium (20-50),False
AASDH,7,967,1.2639305220803054,0.6088534731348604,3.539305502202784,1.0731279640465734,11.673056576297782,0.0379014387258846,Cox_PH,0.9996299973032252,False,21.0,False,False,0.007238883143743537,Medium (20-50),True
AARS1,11,967,-0.4865626704302733,1.0192148929054976,0.6147358163169341,0.0833902518680502,4.53170622941402,0.6330846623561243,Cox_PH,0.9996299973032252,False,33.0,False,False,0.011375387797311272,Medium (20-50),False
AAK1,7,967,0.0012518692488465,1.0379887060384714,1.0012526531642405,0.1309151344175354,7.657685109737396,0.9990377092757944,Cox_PH,0.9996299973032252,False,21.0,False,False,0.007238883143743537,Medium (20-50),False
AADAC,5,967,-15.046461948672633,1984.568805488253,2.9201462547986844e-07,0.0,inf,0.9939507138099856,Cox_PH,0.9996299973032252,False,15.0,False,False,0.005170630816959669,Small (<20),False
A2ML1,9,967,-15.073536859691508,1493.8608239987952,2.842144268105797e-07,0.0,inf,0.9919492244119652,Cox_PH,0.9996299973032252,False,27.0,False,False,0.009307135470527405,Medium (20-50),False
A2M,8,967,-15.003543344659638,1578.6329881710728,3.048203212283462e-07,0.0,inf,0.9924169104141928,Cox_PH,0.9996299973032252,False,24.0,False,False,0.008273009307135471,Medium (20-50),False
ABCA1,9,967,-0.2348372092786178,1.012578059801685,0.7906995577036062,0.1086644911593503,5.753542706382801,0.8166000691988384,Cox_PH,0.9996299973032252,False,27.0,False,False,0.009307135470527405,Medium (20-50),False
ABCC9,16,967,-0.829395966837359,1.008597823010856,0.4363127541146512,0.0604313239554331,3.1501679417698227,0.4108915220625817,Cox_PH,0.9996299973032252,False,48.0,False,False,0.016546018614270942,Medium (20-50),False
ABCA9,16,967,0.3515619990677937,0.5880679945257054,1.4212858628326557,0.4488568461713302,4.500440443581659,0.5499564236430632,Cox_PH,0.9996299973032252,False,48.0,False,False,0.016546018614270942,Medium (20-50),False
ABCB10,6,967,1.038479845925044,0.7340517599951687,2.824919435896553,0.6701447107897186,11.908129230628456,0.1571497528901327,Cox_PH,0.9996299973032252,False,18.0,False,False,0.0062047569803516025,Small (<20),False
ABCC5,8,967,-14.94319835877934,1573.605973955373,3.237810378310882e-07,0.0,inf,0.9924232824076836,Cox_PH,0.9996299973032252,False,24.0,False,False,0.008273009307135471,Medium (20-50),False
ABCC4,9,967,-0.2928728523715201,1.0202045841452454,0.7461170016737508,0.1010162547171711,5.510901010389563,0.7740566791683117,Cox_PH,0.9996299973032252,False,27.0,False,False,0.009307135470527405,Medium (20-50),False
ABCC3,7,967,-14.884978625195515,1705.4611837046507,3.431910234252438e-07,0.0,inf,0.9930362860403824,Cox_PH,0.9996299973032252,False,21.0,False,False,0.007238883143743537,Medium (20-50),False
ABCC2,7,967,-14.97990278647754,1702.761124272682,3.121122973543297e-07,0.0,inf,0.9929807658783928,Cox_PH,0.9996299973032252,False,21.0,False,False,0.007238883143743537,Medium (20-50),False
ABCC12,11,967,-0.6169888478187157,1.0212437577532711,0.5395667113922216,0.0729029180232291,3.993423637032648,0.545741034979973,Cox_PH,0.9996299973032252,False,33.0,False,False,0.011375387797311272,Medium (20-50),False
ABCC11,5,967,0.4059027536828075,1.0219139755473812,1.5006566120331597,0.2024932678061201,11.121210554985064,0.6912210482171611,Cox_PH,0.9996299973032252,False,15.0,False,False,0.005170630816959669,Small (<20),False
ABCB1,8,967,-0.0912972266930447,1.0152006955903263,0.9127463779900532,0.1247940388203663,6.675847327396527,0.9283426626020934,Cox_PH,0.9996299973032252,False,24.0,False,False,0.008273009307135471,Medium (20-50),False
ABCC10,9,967,0.4581103706742789,0.7619751350756501,1.581083498683484,0.3550982049595132,7.039813197856703,0.5476972408691965,Cox_PH,0.9996299973032252,False,27.0,False,False,0.009307135470527405,Medium (20-50),False
ABCB8,5,967,-14.958961021633646,2018.0460411121192,3.1871739954752556e-07,0.0,inf,0.994085657859214,Cox_PH,0.9996299973032252,False,15.0,False,False,0.005170630816959669,Small (<20),False
ABCB7,7,967,-0.0615635389672364,1.0061885704112503,0.940293198582575,0.1308513756375592,6.756912527611712,0.9512119616621474,Cox_PH,0.9996299973032252,False,21.0,False,False,0.007238883143743537,Medium (20-50),False
ABCB6,6,967,0.8918681386722247,0.7778379381322823,2.43968306304136,0.5311588127487563,11.205788749486972,0.2515474236449104,Cox_PH,0.9996299973032252,False,18.0,False,False,0.0062047569803516025,Small (<20),False
ABCB5,6,967,-14.882274051647569,1838.933968558576,3.4412046509421953e-07,0.0,inf,0.9935428855619592,Cox_PH,0.9996299973032252,False,18.0,False,False,0.0062047569803516025,Small (<20),False
ABCB4,11,967,-16.08498722878653,2243.5117643166973,1.0336626051105263e-07,0.0,inf,0.9942795695454888,Cox_PH,0.9996299973032252,False,33.0,False,False,0.011375387797311272,Medium (20-50),False
ABCB11,13,967,0.197703799565789,0.7272639559723402,1.218601390098675,0.2929557942718024,5.068987802892406,0.785740431411538,Cox_PH,0.9996299973032252,False,39.0,False,False,0.01344364012409514,Medium (20-50),False
ABCC1,7,967,-14.850724824474431,1694.4804610233437,3.551502759616585e-07,0.0,inf,0.9930072888782768,Cox_PH,0.9996299973032252,False,21.0,False,False,0.007238883143743537,Medium (20-50),False
AFAP1L1,5,967,0.102701071642047,1.0122768287436903,1.1081600990807308,0.1523824937559337,8.058791892207083,0.9191888655172528,Cox_PH,0.9996299973032252,False,15.0,False,False,0.005170630816959669,Small (<20),False
ACSM5,5,967,0.4032487830663797,1.011083951424632,1.4966791937896478,0.2062892927259055,10.858773034328827,0.6900198035843048,Cox_PH,0.9996299973032252,False,15.0,False,False,0.005170630816959669,Small (<20),False
ACTB,5,967,0.4309786538739005,1.0120381569312766,1.5387627029835935,0.2116934304433398,11.184998283294004,0.6702155630145181,Cox_PH,0.9996299973032252,False,15.0,False,False,0.005170630816959669,Small (<20),False
ADGRD1,6,967,-14.859245441932847,1856.1414797751947,3.521370319002518e-07,0.0,inf,0.9936126442850538,Cox_PH,0.9996299973032252,False,18.0,False,False,0.0062047569803516025,Small (<20),False
ADGRB3,14,967,-0.736382397625139,1.0184766451020335,0.47884304972914,0.0650501595026978,3.5248286557144306,0.4696655376765619,Cox_PH,0.9996299973032252,False,42.0,False,False,0.014477766287487074,Medium (20-50),False
ADGRB1,9,967,1.0312765877720975,0.5985841568723155,2.8046439244793997,0.8676660618668042,9.06573149374457,0.0849138794226461,Cox_PH,0.9996299973032252,False,27.0,False,False,0.009307135470527405,Medium (20-50),False
ADGRA3,11,967,0.3017129277247794,0.7288943808363219,1.3521729996080405,0.3240297136124431,5.6426054280189755,0.6789236877798964,Cox_PH,0.9996299973032252,False,33.0,False,False,0.011375387797311272,Medium (20-50),False
ADD2,8,967,-15.007001830651898,1570.7430641455212,3.037679253144715e-07,0.0,inf,0.9923770646025014,Cox_PH,0.9996299973032252,False,24.0,False,False,0.008273009307135471,Medium (20-50),False
ADCYAP1R1,6,967,-14.987322193676365,1837.7600975388768,3.098051784392789e-07,0.0,inf,0.9934931548179996,Cox_PH,0.9996299973032252,False,18.0,False,False,0.0062047569803516025,Small (<20),False
ADGRE1,6,967,0.2713609101324221,1.0136393813439195,1.311748408254961,0.179896736773842,9.56484212786244,0.7889229229096004,Cox_PH,0.9996299973032252,False,18.0,False,False,0.0062047569803516025,Small (<20),False
ADCY9,13,967,-0.8015897632582422,1.0131740791995405,0.4486152049435852,0.0615804420226072,3.268174041892886,0.428846622585689,Cox_PH,0.9996299973032252,False,39.0,False,False,0.01344364012409514,Medium (20-50),False
ADCY7,9,967,0.9145111376620568,0.5925460802139167,2.4955549708169587,0.7812350769974538,7.971729375368956,0.1227437727162191,Cox_PH,0.9996299973032252,False,27.0,False,False,0.009307135470527405,Medium (20-50),False
ADCY5,9,967,-0.2497025799050004,1.0060469265634928,0.7790324485235643,0.1084404010533102,5.5965447375491255,0.8039783338234978,Cox_PH,0.9996299973032252,False,27.0,False,False,0.009307135470527405,Medium (20-50),False
ADCY3,5,967,-14.916515267366313,2006.9150363351887,3.325368129412264e-07,0.0,inf,0.9940697301889616,Cox_PH,0.9996299973032252,False,15.0,False,False,0.005170630816959669,Small (<20),False
ADCY2,9,967,-0.2868452202344459,1.0207446248375196,0.7506279018568874,0.1015194691187933,5.550090558361363,0.7786983918388505,Cox_PH,0.9996299973032252,False,27.0,False,False,0.009307135470527405,Medium (20-50),False
ADCY10,10,967,0.4182835034899784,0.7197348616768392,1.5193513547612412,0.3706871530316823,6.227430652331021,0.561130384583684,Cox_PH,0.9996299973032252,False,30.0,False,False,0.010341261633919338,Medium (20-50),False
ADCY1,6,967,0.1831985415542654,1.026867967061765,1.201052843308663,0.1604997853354497,8.987724995425339,0.8584047990610129,Cox_PH,0.9996299973032252,False,18.0,False,False,0.0062047569803516025,Small (<20),False
ADCY8,13,967,-15.88935405467848,2045.8925995543968,1.257017179123753e-07,0.0,inf,0.993803319473038,Cox_PH,0.9996299973032252,False,39.0,False,False,0.01344364012409514,Medium (20-50),False
ADARB2,5,967,-14.86754350474932,2024.3130226755131,3.492270669234309e-07,0.0,inf,0.9941399987848328,Cox_PH,0.9996299973032252,False,15.0,False,False,0.005170630816959669,Small (<20),False
ADGRE2,8,967,-0.1351642445193237,1.016339220547568,0.8735724204222433,0.1191718015168585,6.40360189246968,0.894200284056846,Cox_PH,0.9996299973032252,False,24.0,False,False,0.008273009307135471,Medium (20-50),False
ADGRE5,7,967,-14.885462062034746,1681.2558733288065,3.430251523389548e-07,0.0,inf,0.992935801516109,Cox_PH,0.9996299973032252,False,21.0,False,False,0.007238883143743537,Medium (20-50),False
ADSL,5,967,-14.88431040989595,2027.9595362446544,3.434204255542411e-07,0.0,inf,0.9941439389502038,Cox_PH,0.9996299973032252,False,15.0,False,False,0.005170630816959669,Small (<20),False
ADPRH,7,967,-14.95115991195062,1667.0908802536665,3.2121347234946017e-07,0.0,inf,0.9928443374707628,Cox_PH,0.9996299973032252,False,21.0,False,False,0.007238883143743537,Medium (20-50),False
ADNP2,5,967,0.9427038471086174,0.7379273193241793,2.566912582867243,0.6043307094014267,10.903037203931683,0.2014249692045917,Cox_PH,0.9996299973032252,False,15.0,False,False,0.005170630816959669,Small (<20),False
ADNP,12,967,0.5746005705652777,0.6170589284606148,1.776420830418516,0.5300229724036197,5.9538380995715094,0.3517540602060626,Cox_PH,0.9996299973032252,False,36.0,False,False,0.012409513960703205,Medium (20-50),False
ADGRV1,34,967,0.0621379129896309,0.4815185666399403,1.064109089074593,0.4141038556226989,2.7344062077095335,0.8973214672135114,Cox_PH,0.9996299973032252,False,102.0,False,False,0.03516028955532575,Very Large (>100),False
ADGRL4,10,967,0.3430725233192643,0.7512887658150502,1.4092709632284133,0.3232098560234075,6.144752738155689,0.647925975608533,Cox_PH,0.9996299973032252,False,30.0,False,False,0.010341261633919338,Medium (20-50),False
ADGRE3,9,967,0.450093542121119,0.7178137104181527,1.5684588956002568,0.3841119124054719,6.404548330151012,0.5306370031401623,Cox_PH,0.9996299973032252,False,27.0,False,False,0.009307135470527405,Medium (20-50),False
ADGRL3,10,967,0.3210458580440988,0.7159284593095975,1.3785687979129664,0.3388580732642793,5.608400922167249,0.6538408195264943,Cox_PH,0.9996299973032252,False,30.0,False,False,0.010341261633919338,Medium (20-50),False
ADGRL1,6,967,-14.97373052753438,1838.147333512548,3.1404469276052637e-07,0.0,inf,0.9935004250998082,Cox_PH,0.9996299973032252,False,18.0,False,False,0.0062047569803516025,Small (<20),False
ADGRG7,5,967,0.1502704215769095,1.0225502829646624,1.1621484702613467,0.1566207293223865,8.62330978009143,0.8831663469968158,Cox_PH,0.9996299973032252,False,15.0,False,False,0.005170630816959669,Small (<20),False
ADGRG4,22,967,0.2739951898142522,0.5197088939186447,1.315208475826443,0.4749079694401175,3.6423337703197416,0.5980484813938677,Cox_PH,0.9996299973032252,False,66.0,False,False,0.022750775594622543,Large (50-100),False
ADGRG2,8,967,0.5785503387167081,0.728333312484891,1.7834511557758237,0.4278498538312314,7.434145405347671,0.426992684858191,Cox_PH,0.9996299973032252,False,24.0,False,False,0.008273009307135471,Medium (20-50),False
ADGRF5,8,967,1.179620374443703,0.6106380628770189,3.253138993745814,0.982917362702747,10.766839323632952,0.0533862658000593,Cox_PH,0.9996299973032252,False,24.0,False,False,0.008273009307135471,Medium (20-50),False
ADGRF1,5,967,0.3951523395096409,1.006851899991166,1.4846103385058464,0.2063302198884646,10.682234809762187,0.6947159815561184,Cox_PH,0.9996299973032252,False,15.0,False,False,0.005170630816959669,Small (<20),False
ADGRL2,10,967,-15.022475179185884,1429.6362882326157,2.991037962385665e-07,0.0,inf,0.99161606309602,Cox_PH,0.9996299973032252,False,30.0,False,False,0.010341261633919338,Medium (20-50),False
ACSS3,8,967,0.5665978244470855,0.7274868476519386,1.7622613185720106,0.4234683945017057,7.333640468232517,0.4360723779073318,Cox_PH,0.9996299973032252,False,24.0,False,False,0.008273009307135471,Medium (20-50),False
ADAR,5,967,0.1498985079949288,1.036721667117292,1.1617163318250363,0.1522736634432125,8.86289070028396,0.8850354140188423,Cox_PH,0.9996299973032252,False,15.0,False,False,0.005170630816959669,Small (<20),False
ADAMTSL2,5,967,0.2564353441638709,1.0126942175932767,1.2923152073781636,0.1775602444465499,9.405701149074511,0.8000975145785048,Cox_PH,0.9996299973032252,False,15.0,False,False,0.005170630816959669,Small (<20),False
ADAM19,7,967,0.7035830163476967,0.7264689837617028,2.0209809580785834,0.4866081052700207,8.393538843028105,0.3327962268705964,Cox_PH,0.9996299973032252,False,21.0,False,False,0.007238883143743537,Medium (20-50),False
ADAM15,6,967,-14.98013798525541,1844.251986750281,3.120388975555434e-07,0.0,inf,0.9935191668633512,Cox_PH,0.9996299973032252,False,18.0,False,False,0.0062047569803516025,Small (<20),False
ADAM12,8,967,0.6030256070063947,0.714301874982728,1.8276401643261415,0.450676240319825,7.411681094809089,0.3985482965834948,Cox_PH,0.9996299973032252,False,24.0,False,False,0.008273009307135471,Medium (20-50),False
ADAD1,6,967,-14.985414883343267,1817.3014242386896,3.1039663692550144e-07,0.0,inf,0.993420741593022,Cox_PH,0.9996299973032252,False,18.0,False,False,0.0062047569803516025,Small (<20),False
ACVR2A,11,967,0.3553927105269985,0.7272672702229916,1.4267408404261168,0.3429909767168929,5.934819175782607,0.625076306596416,Cox_PH,0.9996299973032252,False,33.0,False,False,0.011375387797311272,Medium (20-50),False
ACVR1B,7,967,0.9736523331079692,0.7200471979478986,2.6475967271589407,0.6455580290725667,10.858463707334312,0.1763093396596894,Cox_PH,0.9996299973032252,False,21.0,False,False,0.007238883143743537,Medium (20-50),False
ADAM21,9,967,0.9688356156414372,0.6012807256412113,2.6348746656436464,0.8108480476388692,8.562103002981834,0.107117255697435,Cox_PH,0.9996299973032252,False,27.0,False,False,0.009307135470527405,Medium (20-50),False
ACTRT1,5,967,-14.792224021598496,2012.5692271869136,3.765466015764851e-07,0.0,inf,0.99413566463014,Cox_PH,0.9996299973032252,False,15.0,False,False,0.005170630816959669,Small (<20),False
ACTN4,9,967,0.481395962114764,0.723898911403679,1.618331956196315,0.391626811455184,6.687484727398185,0.5060476780413377,Cox_PH,0.9996299973032252,False,27.0,False,False,0.009307135470527405,Medium (20-50),False
ACTN3,5,967,0.534886930467382,1.037696514191368,1.7072551927937023,0.2233537956055906,13.049790738582391,0.6062343845495127,Cox_PH,0.9996299973032252,False,15.0,False,False,0.005170630816959669,Small (<20),False
ACTN2,10,967,0.7913546641547374,0.5969530088958622,2.2063833110693847,0.6847693359407001,7.109149110302849,0.1849534868842185,Cox_PH,0.9996299973032252,False,30.0,False,False,0.010341261633919338,Medium (20-50),False
ACTL9,5,967,0.6111911385055201,1.0080952797301888,1.842624913618138,0.2554635324235927,13.290611540814542,0.5443267742010321,Cox_PH,0.9996299973032252,False,15.0,False,False,0.005170630816959669,Small (<20),False
ACTG2,6,967,0.2890190418613806,1.02798791547162,1.3351171514021822,0.1780239348174727,10.012910959393784,0.7785951740128026,Cox_PH,0.9996299973032252,False,18.0,False,False,0.0062047569803516025,Small (<20),False
ACTG1,7,967,-14.93245155812041,1687.4439956092897,3.2727941259997285e-07,0.0,inf,0.9929394889024552,Cox_PH,0.9996299973032252,False,21.0,False,False,0.007238883143743537,Medium (20-50),False
ACTR6,5,967,-15.079661808610547,2025.3587378130185,2.824789482486178e-07,0.0,inf,0.9940594631693356,Cox_PH,0.9996299973032252,False,15.0,False,False,0.005170630816959669,Small (<20),False
ADAMTSL3,13,967,0.6605424962339665,0.5901606736575645,1.9358422367152284,0.6088566504404915,6.154954803793984,0.2630297694245339,Cox_PH,0.9996299973032252,False,39.0,False,False,0.01344364012409514,Medium (20-50),False
ADAM23,6,967,0.1610881282668382,1.0046581132484278,1.174788496326037,0.1639749226205859,8.416701706842126,0.8726122738007929,Cox_PH,0.9996299973032252,False,18.0,False,False,0.0062047569803516025,Small (<20),False
ADAM30,6,967,-0.1000301007574514,1.0149662197747753,0.9048101821542188,0.1237658392832259,6.614761152764284,0.9214915186803142,Cox_PH,0.9996299973032252,False,18.0,False,False,0.0062047569803516025,Small (<20),False
ADAMTSL1,12,967,0.2391883838736379,0.7310274408327574,1.2702178025962167,0.3031203371039483,5.322814303545275,0.7435205468318773,Cox_PH,0.9996299973032252,False,36.0,False,False,0.012409513960703205,Medium (20-50),False
ADAMTS9,10,967,0.2732744680596306,0.7251777908732262,1.3142609179698497,0.3172471988013827,5.444592630065559,0.7062940813646156,Cox_PH,0.9996299973032252,False,30.0,False,False,0.010341261633919338,Medium (20-50),False
ADAMTS7,8,967,0.4926813490600062,0.7206817908704879,1.6366989026426182,0.3985768460612077,6.720870327475524,0.4942073841940342,Cox_PH,0.9996299973032252,False,24.0,False,False,0.008273009307135471,Medium (20-50),False
ADAMTS5,7,967,-0.0886656798973672,1.014546720564142,0.9151514759723138,0.1252833568645126,6.684864174576828,0.9303580377517324,Cox_PH,0.9996299973032252,False,21.0,False,False,0.007238883143743537,Medium (20-50),False
ADAMTS3,7,967,-0.1455436623103267,1.0247569788897246,0.8645521409059816,0.1160113391994009,6.442908163144247,0.8870582913389226,Cox_PH,0.9996299973032252,False,21.0,False,False,0.007238883143743537,Medium (20-50),False
ADAMTS20,15,967,0.2548614320992737,0.5987519556083672,1.290282816703663,0.3990404850722571,4.172082305832391,0.6703596604489183,Cox_PH,0.9996299973032252,False,45.0,False,False,0.015511892450879007,Medium (20-50),False
ADAM29,10,967,-0.3264903952790667,1.0060766926805815,0.7214513043537809,0.1004193146802815,5.183185985792995,0.7455455966763321,Cox_PH,0.9996299973032252,False,30.0,False,False,0.010341261633919338,Medium (20-50),False
ADAMTS2,10,967,0.7571987807275954,0.5901438554936412,2.132294821454626,0.6706665730353529,6.7793466804592715,0.1994658291363546,Cox_PH,0.9996299973032252,False,30.0,False,False,0.010341261633919338,Medium (20-50),False
ADAMTS17,11,967,0.2172971573737857,0.726448797178554,1.242713328704975,0.2992300854099471,5.161033240441876,0.7648466033760903,Cox_PH,0.9996299973032252,False,33.0,False,False,0.011375387797311272,Medium (20-50),False
ADAMTS16,7,967,0.0132614119487827,1.0158231516469889,1.0133497344674731,0.1383799708893009,7.420710365423939,0.9895840380431032,Cox_PH,0.9996299973032252,False,21.0,False,False,0.007238883143743537,Medium (20-50),False
ADAMTS14,7,967,0.0394940220635173,1.0157882562422305,1.04028428011302,0.142067787266596,7.617429709237936,0.9689859251092152,Cox_PH,0.9996299973032252,False,21.0,False,False,0.007238883143743537,Medium (20-50),False
ADAMTS13,11,967,0.652212048295286,0.5934097270183389,1.919782787818424,0.5999727648813445,6.14288875784681,0.2717278180483409,Cox_PH,0.9996299973032252,False,33.0,False,False,0.011375387797311272,Medium (20-50),False
ADAMTS12,7,967,1.337880047962606,0.6136101629783075,3.8109558920113864,1.1447704408042156,12.686722414542292,0.0292321153834929,Cox_PH,0.9996299973032252,False,21.0,False,False,0.007238883143743537,Medium (20-50),True
ADAMTS1,8,967,-0.4074005199295965,1.0177474771956487,0.6653776399202186,0.0905198988877439,4.890940104284006,0.6889383141950502,Cox_PH,0.9996299973032252,False,24.0,False,False,0.008273009307135471,Medium (20-50),False
ADAMTS19,10,967,-0.5126974412938198,1.0090899993759122,0.5988779599380377,0.0828673750556454,4.328058064572567,0.6113979394039639,Cox_PH,0.9996299973032252,False,30.0,False,False,0.010341261633919338,Medium (20-50),False
DPY19L1,5,967,-15.118330904039617,2006.1458907091312,2.717642419497485e-07,0.0,inf,0.9939871927090912,Cox_PH,0.9996299973032252,False,15.0,False,False,0.005170630816959669,Small (<20),False
ARHGAP12,7,967,0.1292197884757886,1.0052767086293488,1.1379402028252388,0.1586392439763666,8.162595034800184,0.8977204485687229,Cox_PH,0.9996299973032252,False,21.0,False,False,0.007238883143743537,Medium (20-50),False
ARHGAP18,6,967,1.1259122662529866,0.755158508446165,3.083028108915024,0.7017357219458265,13.545074054380164,0.1359716018820905,Cox_PH,0.9996299973032252,False,18.0,False,False,0.0062047569803516025,Small (<20),False
BRD7,5,967,0.2920377393924396,1.00828771000008,1.339153555527222,0.1855917013455152,9.662782507406204,0.7720937210921794,Cox_PH,0.9996299973032252,False,15.0,False,False,0.005170630816959669,Small (<20),False
BRCA2,24,967,-0.1144430874729279,0.5981501316888109,0.8918626951335463,0.27614827049231,2.8804057528689944,0.8482683385211047,Cox_PH,0.9996299973032252,False,27.0,True,False,0.02481902792140641,Medium (20-50),False
BRCA1,23,967,0.0375757228177732,0.5946142955453867,1.0382906163962906,0.3237226020405627,3.3301579726012114,0.9496124684501532,Cox_PH,0.9996299973032252,False,24.0,True,False,0.023784901758014478,Medium (20-50),False
BRAP,6,967,-15.029355094321335,1842.8722690351176,2.9705305007257704e-07,0.0,inf,0.99349300672515,Cox_PH,0.9996299973032252,False,18.0,False,False,0.0062047569803516025,Small (<20),False
BRAF,7,967,0.0684704494823656,1.0168680858499193,1.0708689797507454,0.1459354324211003,7.857998244616815,0.9463152983784732,Cox_PH,0.9996299973032252,False,21.0,False,False,0.007238883143743537,Medium (20-50),False
BPTF,11,967,-0.5113529211999217,1.0189871166267868,0.5996837049377574,0.0813847255987478,4.418771990962003,0.6157908250869109,Cox_PH,0.9996299973032252,False,33.0,False,False,0.011375387797311272,Medium (20-50),False
BRD8,6,967,0.9573885899270214,0.7258670304498216,2.604885160381392,0.6279399175671528,10.805853408816851,0.1871829407446557,Cox_PH,0.9996299973032252,False,18.0,False,False,0.0062047569803516025,Small (<20),False
BPIFB1,6,967,0.8940768524162896,0.7228698150733092,2.4450775798324935,0.5928890570295339,10.08351275928798,0.2161451786676514,Cox_PH,0.9996299973032252,False,18.0,False,False,0.0062047569803516025,Small (<20),False
BOD1L1,15,967,0.3866731998189218,0.597010015623618,1.4720753381698823,0.4568197295435814,4.743678219443535,0.5171900430872924,Cox_PH,0.9996299973032252,False,45.0,False,False,0.015511892450879007,Medium (20-50),False
BOC,6,967,0.0184931333593529,1.014526348416233,1.018665190337758,0.1394598532397379,7.440698852751858,0.985456692655294,Cox_PH,0.9996299973032252,False,18.0,False,False,0.0062047569803516025,Small (<20),False
BNC2,8,967,0.5913392065731129,0.7193112736927694,1.8064059469673464,0.4410879943064656,7.397849153363738,0.4110252004791824,Cox_PH,0.9996299973032252,False,24.0,False,False,0.008273009307135471,Medium (20-50),False
BNC1,7,967,-14.893913609933104,1700.3521637842491,3.401382753071689e-07,0.0,inf,0.9930111702673944,Cox_PH,0.9996299973032252,False,21.0,False,False,0.007238883143743537,Medium (20-50),False
BMX,8,967,0.6473642393619563,0.7527177657733454,1.9104985699093988,0.4369386068323095,8.35358727416521,0.3897692986541505,Cox_PH,0.9996299973032252,False,24.0,False,False,0.008273009307135471,Medium (20-50),False
BMPR2,8,967,-0.1322652522571264,1.02237474322221,0.8761085744788232,0.1181122602201439,6.498616086464563,0.8970643957944884,Cox_PH,0.9996299973032252,False,24.0,False,False,0.008273009307135471,Medium (20-50),False
BORA,6,967,0.0839725255353665,1.0139112625582165,1.0875990121977417,0.1490768179649421,7.934644886314077,0.9339943564632422,Cox_PH,0.9996299973032252,False,18.0,False,False,0.0062047569803516025,Small (<20),False
BMPR1B,8,967,0.5453048016776365,0.7278816103697073,1.7251341260243525,0.4142261680663514,7.1846927649850745,0.453756623238068,Cox_PH,0.9996299973032252,False,24.0,False,False,0.008273009307135471,Medium (20-50),False
BRDT,5,967,0.2978595590912332,1.0114716171356142,1.3469726045386594,0.1855140218145571,9.780043468581042,0.7683900884814399,Cox_PH,0.9996299973032252,False,15.0,False,False,0.005170630816959669,Small (<20),False
BRINP3,12,967,-0.6248408055567776,1.0215697637794656,0.5353466459469723,0.0722865250602383,3.9647227624767503,0.5407708656145005,Cox_PH,0.9996299973032252,False,36.0,False,False,0.012409513960703205,Medium (20-50),False
BTD,6,967,-14.955370578529374,1838.6976351923945,3.198637930357e-07,0.0,inf,0.9935103371605244,Cox_PH,0.9996299973032252,False,18.0,False,False,0.0062047569803516025,Small (<20),False
BTBD7,6,967,0.2713617947012959,1.0411008710662757,1.3117495685872866,0.1704700065171875,10.093781104627608,0.7943632775554808,Cox_PH,0.9996299973032252,False,18.0,False,False,0.0062047569803516025,Small (<20),False
BTBD3,5,967,0.416315698237898,1.0173945030419476,1.5163645069168443,0.2064333812221383,11.138515022252502,0.6823944324117451,Cox_PH,0.9996299973032252,False,15.0,False,False,0.005170630816959669,Small (<20),False
BTBD1,5,967,-14.94451611474044,2019.223246368198,3.233546544347268e-07,0.0,inf,0.9940948135182086,Cox_PH,0.9996299973032252,False,15.0,False,False,0.005170630816959669,Small (<20),False
BTAF1,5,967,-15.00573148149786,2023.8100597671564,3.041540618536032e-07,0.0,inf,0.9940840635156556,Cox_PH,0.9996299973032252,False,15.0,False,False,0.005170630816959669,Small (<20),False
BSN,18,967,-0.3030912357979178,0.7319753802362637,0.738531712766529,0.1759134825793326,3.1005530830525623,0.6788206515217119,Cox_PH,0.9996299973032252,False,54.0,False,False,0.01861427094105481,Large (50-100),False
BRINP1,10,967,-0.4570715672367059,1.0156159043238588,0.6331350267169797,0.0864941290405371,4.634533771281056,0.6526789110385318,Cox_PH,0.9996299973032252,False,30.0,False,False,0.010341261633919338,Medium (20-50),False
BRWD3,14,967,0.8234638710237822,0.5223213397598111,2.278378193055537,0.8184966664736,6.342123802355701,0.1148999152147911,Cox_PH,0.9996299973032252,False,42.0,False,False,0.014477766287487074,Medium (20-50),False
BRSK2,5,967,0.516728453374936,1.0202108303586004,1.6765338093956557,0.2269819513511859,12.383211957226935,0.6125114216462263,Cox_PH,0.9996299973032252,False,15.0,False,False,0.005170630816959669,Small (<20),False
BRS3,5,967,-14.837538295129413,2027.92650294147,3.598644892428617e-07,0.0,inf,0.9941622454837998,Cox_PH,0.9996299973032252,False,15.0,False,False,0.005170630816959669,Small (<20),False
BRPF3,8,967,0.7096333072721582,0.7204759615997502,2.033245545575847,0.4953456003702476,8.345864878004342,0.3246482846030454,Cox_PH,0.9996299973032252,False,24.0,False,False,0.008273009307135471,Medium (20-50),False
BRPF1,6,967,0.076190910068974,1.007379361220452,1.079168578640276,0.1498272016518176,7.772986535721934,0.9397112497916504,Cox_PH,0.9996299973032252,False,18.0,False,False,0.0062047569803516025,Small (<20),False
BROX,5,967,-15.117006746694726,1953.0895399549008,2.721243389267171e-07,0.0,inf,0.9938243968793696,Cox_PH,0.9996299973032252,False,15.0,False,False,0.005170630816959669,Small (<20),False
BRIP1,11,967,-15.973769268983904,2231.857761448578,1.1552611033992961e-07,0.0,inf,0.9942894590837144,Cox_PH,0.9996299973032252,False,33.0,False,False,0.011375387797311272,Medium (20-50),False
BRWD1,21,967,-0.4518427783070605,0.7255293410367942,0.6364542262702839,0.1535267766058009,2.638458196627052,0.5334312631070175,Cox_PH,0.9996299973032252,False,63.0,False,False,0.02171664943123061,Large (50-100),False
BTK,7,967,0.1876959462415959,1.0107281596568556,1.206466628862929,0.1664049095229135,8.747108067502387,0.8526771364697099,Cox_PH,0.9996299973032252,False,21.0,False,False,0.007238883143743537,Medium (20-50),False
BMPER,5,967,-15.0079936009603,2004.996784725481,3.03466806650457e-07,0.0,inf,0.99402765398306,Cox_PH,0.9996299973032252,False,15.0,False,False,0.005170630816959669,Small (<20),False
BMP3,6,967,1.0378628414966455,0.759145390215713,2.8231769856997584,0.6375885412705226,12.500739547016174,0.1715794408714039,Cox_PH,0.9996299973032252,False,18.0,False,False,0.0062047569803516025,Small (<20),False
BCL6,5,967,-15.170757680465888,1992.1097217086729,2.578835577468475e-07,0.0,inf,0.9939238305006456,Cox_PH,0.9996299973032252,False,15.0,False,False,0.005170630816959669,Small (<20),False
BCL11B,5,967,0.2770617948072261,1.0264802424267143,1.3192478911852912,0.1764285182576372,9.864703368733862,0.7872261115649144,Cox_PH,0.9996299973032252,False,15.0,False,False,0.005170630816959669,Small (<20),False
BCL10,5,967,-14.915512457998702,2031.27438228124,3.3287045123216144e-07,0.0,inf,0.9941412394775536,Cox_PH,0.9996299973032252,False,15.0,False,False,0.005170630816959669,Small (<20),False
BCKDK,5,967,-14.905722001049703,2027.319434165291,3.361454105692156e-07,0.0,inf,0.9941336633488004,Cox_PH,0.9996299973032252,False,15.0,False,False,0.005170630816959669,Small (<20),False
BCHE,8,967,-0.243270593145922,1.0086614152122997,0.7840593239852336,0.1085822892752104,5.661595713551875,0.8094143563771319,Cox_PH,0.9996299973032252,False,24.0,False,False,0.008273009307135471,Medium (20-50),False
BCCIP,5,967,0.3842815587672046,1.0160953712178298,1.4685588691019529,0.2004349810594426,10.75992394450551,0.705286200211378,Cox_PH,0.9996299973032252,False,15.0,False,False,0.005170630816959669,Small (<20),False
BCL9,13,967,-0.6665450668789091,1.0089847934837557,0.5134795542412746,0.0710653599937518,3.710123365969012,0.5088626943419595,Cox_PH,0.9996299973032252,False,39.0,False,False,0.01344364012409514,Medium (20-50),False
BCAT1,5,967,-14.902240121813008,2019.083461738425,3.3731786828835913e-07,0.0,inf,0.9941111105173628,Cox_PH,0.9996299973032252,False,15.0,False,False,0.005170630816959669,Small (<20),False
BCAR3,6,967,0.8153293577683228,0.7238801679729449,2.259919871954629,0.5469074035288005,9.338395850379955,0.2600250408890261,Cox_PH,0.9996299973032252,False,18.0,False,False,0.0062047569803516025,Small (<20),False
BCAR1,5,967,-14.978197023536058,1994.8509071428596,3.1264514126824034e-07,0.0,inf,0.9940091964665184,Cox_PH,0.9996299973032252,False,15.0,False,False,0.005170630816959669,Small (<20),False
BCAP31,5,967,0.3988264489215299,1.0229112299531748,1.4900749920437215,0.2006727992450233,11.064396820433352,0.6966152938472014,Cox_PH,0.9996299973032252,False,15.0,False,False,0.005170630816959669,Small (<20),False
BCAN,9,967,0.8569055978934506,0.6060808250274161,2.3558594266311843,0.7181959623124022,7.727798441218233,0.1574068100897444,Cox_PH,0.9996299973032252,False,27.0,False,False,0.009307135470527405,Medium (20-50),False
BBX,8,967,-15.182190428845065,1602.942368864722,2.5495202956309505e-07,0.0,inf,0.9924429883043282,Cox_PH,0.9996299973032252,False,24.0,False,False,0.008273009307135471,Medium (20-50),False
BBS9,7,967,-15.047711462630476,1697.1051743838475,2.916499769935666e-07,0.0,inf,0.9929254948279056,Cox_PH,0.9996299973032252,False,21.0,False,False,0.007238883143743537,Medium (20-50),False
BCAS1,11,967,-0.3539571727649127,1.0121122495427124,0.7019050273633118,0.0965497188698832,5.102766462757358,0.726547895657497,Cox_PH,0.9996299973032252,False,33.0,False,False,0.011375387797311272,Medium (20-50),False
BMP5,5,967,0.5728098308923034,1.0361565887466773,1.7732425697296643,0.2326879291454905,13.51333188038044,0.5803855183491986,Cox_PH,0.9996299973032252,False,15.0,False,False,0.005170630816959669,Small (<20),False
BCL9L,6,967,0.1837932157291512,1.0045130704920062,1.201767290827941,0.1677882682559558,8.607542328887847,0.8548235423905661,Cox_PH,0.9996299973032252,False,18.0,False,False,0.0062047569803516025,Small (<20),False
BCO2,5,967,0.3229431743547007,1.0253518450182706,1.3811868618408525,0.1851208466770722,10.305036853302452,0.7527932411351055,Cox_PH,0.9996299973032252,False,15.0,False,False,0.005170630816959669,Small (<20),False
BMP2K,5,967,-14.94214832715684,2015.04323313387,3.241211967171161e-07,0.0,inf,0.9940835015344432,Cox_PH,0.9996299973032252,False,15.0,False,False,0.005170630816959669,Small (<20),False
BLM,14,967,-0.7912219036538609,1.017339795278447,0.4532905793369148,0.0617162567392014,3.3293067365357945,0.4367245946246239,Cox_PH,0.9996299973032252,False,42.0,False,False,0.014477766287487074,Medium (20-50),False
BIVM-ERCC5,8,967,-0.1232681944506053,1.0153043841664546,0.884026539752582,0.1208427956713952,6.4671039646587145,0.9033662270604152,Cox_PH,0.9996299973032252,False,24.0,False,False,0.008273009307135471,Medium (20-50),False
BIRC6,27,967,0.3538548667807358,0.4803008817169226,1.4245484221775586,0.5556954640126962,3.651889098526466,0.4612830157027968,Cox_PH,0.9996299973032252,False,81.0,False,False,0.027921406411582212,Large (50-100),False
BID,5,967,0.5442689839347984,1.0297587300146482,1.7233481266324562,0.2289943090849967,12.969443552700849,0.5971243865625739,Cox_PH,0.9996299973032252,False,15.0,False,False,0.005170630816959669,Small (<20),False
BICRAL,6,967,0.2529784708377052,1.0336205071437012,1.2878555500850146,0.1698367286452999,9.76568455548072,0.8066501218315205,Cox_PH,0.9996299973032252,False,18.0,False,False,0.0062047569803516025,Small (<20),False
BCO1,6,967,-14.919954956184746,1843.951716895124,3.31394954728319e-07,0.0,inf,0.9935441521029698,Cox_PH,0.9996299973032252,False,18.0,False,False,0.0062047569803516025,Small (<20),False
BICC1,7,967,0.0283320785801464,1.0118151662579142,1.0287372493101892,0.1415891609967665,7.474444517278146,0.9776611627310048,Cox_PH,0.9996299973032252,False,21.0,False,False,0.007238883143743537,Medium (20-50),False
BEND2,6,967,0.1446288997449233,1.0140994329078703,1.155610643280996,0.1583407395262185,8.43393786627599,0.8865918288173873,Cox_PH,0.9996299973032252,False,18.0,False,False,0.0062047569803516025,Small (<20),False
BDP1,12,967,0.9033175229059583,0.5243224614310636,2.4677764509424724,0.8830667369062302,6.8963311121443525,0.0849195973779304,Cox_PH,0.9996299973032252,False,36.0,False,False,0.012409513960703205,Medium (20-50),False
BDKRB1,5,967,1.2793908772023734,0.7209435229246787,3.5944495974137993,0.8748888513427503,14.767667788335553,0.0759629255676238,Cox_PH,0.9996299973032252,False,15.0,False,False,0.005170630816959669,Small (<20),False
BDH1,5,967,0.3953114545482202,1.014454592085149,1.484846581131512,0.2033107777084566,10.844331000787042,0.6967740701631286,Cox_PH,0.9996299973032252,False,15.0,False,False,0.005170630816959669,Small (<20),False
BCORL1,12,967,-15.98727710271157,2112.792039745544,1.1397609509248587e-07,0.0,inf,0.9939625483245488,Cox_PH,0.9996299973032252,False,36.0,False,False,0.012409513960703205,Medium (20-50),False
BCOR,12,967,-0.507833541649885,1.0119779507545608,0.6017979377169632,0.0828013987076755,4.373848310449111,0.6157922201858201,Cox_PH,0.9996299973032252,False,36.0,False,False,0.012409513960703205,Medium (20-50),False
BEST3,8,967,-0.1883701709289953,1.0229253512323575,0.8283080349208143,0.1115476015623712,6.15068536754468,0.8538969580567453,Cox_PH,0.9996299973032252,False,24.0,False,False,0.008273009307135471,Medium (20-50),False
BBS10,8,967,-14.833830590928814,1605.6813392651495,3.612012369224036e-07,0.0,inf,0.9926289757735602,Cox_PH,0.9996299973032252,False,24.0,False,False,0.008273009307135471,Medium (20-50),False
BTN1A1,5,967,0.4478140299308357,1.00780025268665,1.5648876463273071,0.2170832267992082,11.280804057205726,0.6567910003675868,Cox_PH,0.9996299973032252,False,15.0,False,False,0.005170630816959669,Small (<20),False
BTN3A3,6,967,0.333537752068871,1.0103883398675952,1.3958977435745552,0.1926609454968839,10.11378048359079,0.7413180011967282,Cox_PH,0.9996299973032252,False,18.0,False,False,0.0062047569803516025,Small (<20),False
CADM2,5,967,0.4487660515858205,1.0075807421702152,1.5663781626435571,0.217383500232963,11.28669170280736,0.6560381779952527,Cox_PH,0.9996299973032252,False,15.0,False,False,0.005170630816959669,Small (<20),False
CAD,18,967,0.7314058159669999,0.4790706523471889,2.077999840596552,0.8125541973001308,5.31420962671409,0.1268311350835054,Cox_PH,0.9996299973032252,False,54.0,False,False,0.01861427094105481,Large (50-100),False
CACNG3,5,967,1.1102112579419925,0.7307043048417534,3.0349994944617036,0.7247205262000045,12.710033176072525,0.1286690245521217,Cox_PH,0.9996299973032252,False,15.0,False,False,0.005170630816959669,Small (<20),False
CACNB2,5,967,-15.13230601147645,1942.6021857271787,2.6799272254785025e-07,0.0,inf,0.993784774196236,Cox_PH,0.9996299973032252,False,15.0,False,False,0.005170630816959669,Small (<20),False
CACNA2D4,5,967,-14.907410688771114,2018.7860850230625,3.355782449593603e-07,0.0,inf,0.9941081995651044,Cox_PH,0.9996299973032252,False,15.0,False,False,0.005170630816959669,Small (<20),False
CACNA2D3,9,967,-0.280591505810483,1.0114532810689825,0.7553368231715973,0.1040337475603339,5.484121545348368,0.7814620770494967,Cox_PH,0.9996299973032252,False,27.0,False,False,0.009307135470527405,Medium (20-50),False
CADPS,13,967,0.8823952416651085,0.5310518953842602,2.41668131525543,0.853451576736466,6.843210251995509,0.0965932254087436,Cox_PH,0.9996299973032252,False,39.0,False,False,0.01344364012409514,Medium (20-50),False
CACNA2D2,8,967,-0.1191260909787678,1.018040682594623,0.8876958632646968,0.1206953316574223,6.528868472675479,0.9068481197640804,Cox_PH,0.9996299973032252,False,24.0,False,False,0.008273009307135471,Medium (20-50),False
CACNA1S,11,967,-0.47975946818039,1.0098698250074143,0.6189322468027804,0.0855115071799931,4.479831297160965,0.6347366497642482,Cox_PH,0.9996299973032252,False,33.0,False,False,0.011375387797311272,Medium (20-50),False
CACNA1H,8,967,-0.205244966914231,1.0199229010196642,0.8144477792131304,0.1103284058861309,6.012279247012889,0.840514225748981,Cox_PH,0.9996299973032252,False,24.0,False,False,0.008273009307135471,Medium (20-50),False
CACNA1G,8,967,-0.1488968020750449,1.0113876168505802,0.8616580316317535,0.1186928124891938,6.255261358332912,0.8829581273994972,Cox_PH,0.9996299973032252,False,24.0,False,False,0.008273009307135471,Medium (20-50),False
CACNA1F,19,967,-1.0675313069592431,1.0074777273753963,0.3438563462425499,0.0477303577543634,2.4771904593668683,0.2893230415940732,Cox_PH,0.9996299973032252,False,57.0,False,False,0.01964839710444674,Large (50-100),False
CACNA1E,33,967,-0.5157298121820615,0.596672014079209,0.5970646904889159,0.185406056388866,1.9227324693263497,0.3873990041131736,Cox_PH,0.9996299973032252,False,99.0,False,False,0.03412616339193381,Large (50-100),False
CACNA1D,13,967,0.5466270806225684,0.6019067746976409,1.7274167433522123,0.5309379084668765,5.620183749602659,0.3637941995023742,Cox_PH,0.9996299973032252,False,39.0,False,False,0.01344364012409514,Medium (20-50),False
CACNA2D1,8,967,-15.021180833917292,1564.1528271066388,2.9949119047891234e-07,0.0,inf,0.9923377154426586,Cox_PH,0.9996299973032252,False,24.0,False,False,0.008273009307135471,Medium (20-50),False
CACNA1C,15,967,0.3156829669995535,0.5989293710334873,1.3711954724945403,0.423916574982527,4.4352524405704665,0.5981388763994311,Cox_PH,0.9996299973032252,False,45.0,False,False,0.015511892450879007,Medium (20-50),False
CADPS2,11,967,0.2092095139238095,0.7377870566907334,1.2327032399694204,0.2902963105315159,5.234504272716673,0.7767448769293608,Cox_PH,0.9996299973032252,False,33.0,False,False,0.011375387797311272,Medium (20-50),False
CALCRL,5,967,0.3153872844539609,1.0165242273670685,1.3707900938613748,0.1869338998813401,10.052031667992,0.7563628893089103,Cox_PH,0.9996299973032252,False,15.0,False,False,0.005170630816959669,Small (<20),False
CARD10,5,967,-14.861978554820595,1954.953452061503,3.5117591565799394e-07,0.0,inf,0.9939343675935678,Cox_PH,0.9996299973032252,False,15.0,False,False,0.005170630816959669,Small (<20),False
CAPRIN2,7,967,0.8448864752981228,0.7434325743286132,2.327713546583615,0.5421343823353233,9.99429390847517,0.2557612321171671,Cox_PH,0.9996299973032252,False,21.0,False,False,0.007238883143743537,Medium (20-50),False
CAPN6,6,967,-15.13981337906976,1829.444752182079,2.659883359149993e-07,0.0,inf,0.9933970755595272,Cox_PH,0.9996299973032252,False,18.0,False,False,0.0062047569803516025,Small (<20),False
CAPN2,6,967,0.0609003306816755,1.006699410141844,1.0627929810561996,0.1477504594292788,7.644842019073218,0.9517613585308324,Cox_PH,0.9996299973032252,False,18.0,False,False,0.0062047569803516025,Small (<20),False
CAPN12,5,967,-14.871890752248031,2023.007625672515,3.477121855980473e-07,0.0,inf,0.9941345030080646,Cox_PH,0.9996299973032252,False,15.0,False,False,0.005170630816959669,Small (<20),False
CAPN1,6,967,-14.96443097168249,1832.0757767306343,3.169787906791163e-07,0.0,inf,0.99348293568323,Cox_PH,0.9996299973032252,False,18.0,False,False,0.0062047569803516025,Small (<20),False
CALCOCO1,5,967,-14.881812010883715,2029.1861596580693,3.442794995141312e-07,0.0,inf,0.9941484611735916,Cox_PH,0.9996299973032252,False,15.0,False,False,0.005170630816959669,Small (<20),False
CAND1,6,967,1.0337652795237056,0.7666075232645527,2.811632511292593,0.6257618158956508,12.633045318117876,0.17749970211134,Cox_PH,0.9996299973032252,False,18.0,False,False,0.0062047569803516025,Small (<20),False
CAMSAP3,7,967,-14.770211131482204,1687.417966545322,3.849273847518031e-07,0.0,inf,0.9930160913488012,Cox_PH,0.9996299973032252,False,21.0,False,False,0.007238883143743537,Medium (20-50),False
CAMSAP2,11,967,-0.4122635954820002,1.0344361271606362,0.6621497133733133,0.0871819116564894,5.029050574709727,0.6902325915115373,Cox_PH,0.9996299973032252,False,33.0,False,False,0.011375387797311272,Medium (20-50),False
CAMSAP1,9,967,0.4137956511836734,0.7327935343978959,1.512548007906369,0.359701889165316,6.360270949731016,0.5722897707747467,Cox_PH,0.9996299973032252,False,27.0,False,False,0.009307135470527405,Medium (20-50),False
CAMK2D,5,967,-14.912273463917224,1980.8127214629633,3.3395036462602537e-07,0.0,inf,0.9939932936396052,Cox_PH,0.9996299973032252,False,15.0,False,False,0.005170630816959669,Small (<20),False
CALR3,5,967,1.219077585022645,0.7257429829459529,3.3840647814750757,0.8159692067537859,14.03471399463668,0.093003067997938,Cox_PH,0.9996299973032252,False,15.0,False,False,0.005170630816959669,Small (<20),False
CALD1,7,967,0.0725357692621945,1.0173522692658168,1.0752312656313765,0.1463909233285603,7.897499710391509,0.9431601276166874,Cox_PH,0.9996299973032252,False,21.0,False,False,0.007238883143743537,Medium (20-50),False
CAMTA1,8,967,-0.2249668688844621,1.0227109010782405,0.7985426749307384,0.1075843341777432,5.927167821962116,0.8258936417572725,Cox_PH,0.9996299973032252,False,24.0,False,False,0.008273009307135471,Medium (20-50),False
BTN3A1,5,967,-14.70209371126829,2007.76133029508,4.1206130040729267e-07,0.0,inf,0.994157438648942,Cox_PH,0.9996299973032252,False,15.0,False,False,0.005170630816959669,Small (<20),False
CACNA1B,12,967,-0.4830610518165692,1.0087941027196077,0.6168921598368601,0.0854095384351086,4.455660852883778,0.6320453464132199,Cox_PH,0.9996299973032252,False,36.0,False,False,0.012409513960703205,Medium (20-50),False
CACHD1,7,967,-0.049787428310629,1.0126078629839743,0.9514316504394528,0.1307459907798026,6.923517731281573,0.9607857866108398,Cox_PH,0.9996299973032252,False,21.0,False,False,0.007238883143743537,Medium (20-50),False
C2orf42,5,967,0.3889455683550519,1.0340808657975329,1.4754242393789732,0.194396978726268,11.198099375877131,0.7068226014839717,Cox_PH,0.9996299973032252,False,15.0,False,False,0.005170630816959669,Small (<20),False
C2orf16,13,967,-0.5624097183377431,1.0191287511532623,0.5698342679936218,0.0773123112209873,4.19999205626749,0.5810487627810857,Cox_PH,0.9996299973032252,False,39.0,False,False,0.01344364012409514,Medium (20-50),False
C2CD5,8,967,-0.1510161449344344,1.0171478426155685,0.8598338165865499,0.1171118384619175,6.31289032650788,0.8819717012217059,Cox_PH,0.9996299973032252,False,24.0,False,False,0.008273009307135471,Medium (20-50),False
C2CD3,12,967,-0.7195389461803728,1.0114045331534156,0.4869767266893613,0.0670784914458585,3.5353557783644325,0.4768206198789837,Cox_PH,0.9996299973032252,False,36.0,False,False,0.012409513960703205,Medium (20-50),False
C1orf112,5,967,-14.801376263966096,2012.0317128122904,3.731160782526455e-07,0.0,inf,0.9941304687164166,Cox_PH,0.9996299973032252,False,15.0,False,False,0.005170630816959669,Small (<20),False
C1RL,5,967,-15.048330172186446,1988.7782201863265,2.914695861763177e-07,0.0,inf,0.9939627678859836,Cox_PH,0.9996299973032252,False,15.0,False,False,0.005170630816959669,Small (<20),False
C2orf78,6,967,-15.091750660416276,1843.0018670995996,2.7908465996579024e-07,0.0,inf,0.9934664524809752,Cox_PH,0.9996299973032252,False,18.0,False,False,0.0062047569803516025,Small (<20),False
C19orf44,5,967,0.4670566637729413,1.0204957887785415,1.5952917961080906,0.2158621904185024,11.78972523995865,0.6471850688701172,Cox_PH,0.9996299973032252,False,15.0,False,False,0.005170630816959669,Small (<20),False
C14orf39,6,967,-15.093282909246964,1838.5699382783744,2.786573602702247e-07,0.0,inf,0.9934500385910978,Cox_PH,0.9996299973032252,False,18.0,False,False,0.0062047569803516025,Small (<20),False
C12orf71,5,967,1.2176009925215094,0.7253919544493704,3.3790715841614807,0.8153260061318148,14.00436719179248,0.0932413033376872,Cox_PH,0.9996299973032252,False,15.0,False,False,0.005170630816959669,Small (<20),False
C12orf40,8,967,0.6170208079861575,0.7376943228942043,1.853398179620519,0.4365466376344932,7.868769373266233,0.4029197914639328,Cox_PH,0.9996299973032252,False,24.0,False,False,0.008273009307135471,Medium (20-50),False
C10orf71,7,967,0.2024160774694045,1.0111711817021218,1.2243573296447685,0.1687259566204675,8.884530280227338,0.8413399395229699,Cox_PH,0.9996299973032252,False,21.0,False,False,0.007238883143743537,Medium (20-50),False
BUD23,5,967,1.2877579574300708,0.740223072744556,3.624650817391247,0.8495238481111363,15.465243944860134,0.0819136370894191,Cox_PH,0.9996299973032252,False,15.0,False,False,0.005170630816959669,Small (<20),False
BTRC,7,967,-14.8400599599999,1709.242967950697,3.5895817479311234e-07,0.0,inf,0.9930726607120904,Cox_PH,0.9996299973032252,False,21.0,False,False,0.007238883143743537,Medium (20-50),False
C14orf93,6,967,0.1263713775686353,1.0384074782063444,1.1347034934673472,0.1482422854765738,8.68545714839555,0.9031387583665166,Cox_PH,0.9996299973032252,False,18.0,False,False,0.0062047569803516025,Small (<20),False
CACNA1A,20,967,0.3956946207354794,0.5148953493673538,1.4854156331484525,0.5414523222207964,4.075076442837853,0.4421930225307567,Cox_PH,0.9996299973032252,False,60.0,False,False,0.020682523267838676,Large (50-100),False
C3,11,967,0.2253077648584295,0.7200497372889381,1.252708196430914,0.3054437260171154,5.137698671595108,0.7543522037450162,Cox_PH,0.9996299973032252,False,33.0,False,False,0.011375387797311272,Medium (20-50),False
C4orf17,5,967,-15.019230215301135,2022.3421482667572,3.0007595371004274e-07,0.0,inf,0.9940744439532848,Cox_PH,0.9996299973032252,False,15.0,False,False,0.005170630816959669,Small (<20),False
CABYR,5,967,-14.933599856327625,2006.0765465885795,3.269038139281387e-07,0.0,inf,0.9940604565990094,Cox_PH,0.9996299973032252,False,15.0,False,False,0.005170630816959669,Small (<20),False
CABLES1,5,967,-15.209461356094884,2001.2589462496585,2.48093199710349e-07,0.0,inf,0.9939361782261356,Cox_PH,0.9996299973032252,False,15.0,False,False,0.005170630816959669,Small (<20),False
CABIN1,7,967,0.8883000156392199,0.7440684519229566,2.430993485670751,0.5654835064695258,10.450754548562784,0.2325398594951624,Cox_PH,0.9996299973032252,False,21.0,False,False,0.007238883143743537,Medium (20-50),False
CA9,6,967,-14.895482973991184,1823.3747966857804,3.396048931679763e-07,0.0,inf,0.993482007252189,Cox_PH,0.9996299973032252,False,18.0,False,False,0.0062047569803516025,Small (<20),False
CA11,7,967,0.1555955519053715,1.0142732310224345,1.16835356914347,0.1600322405037989,8.529844100369768,0.8780781504078345,Cox_PH,0.9996299973032252,False,21.0,False,False,0.007238883143743537,Medium (20-50),False
C9orf43,7,967,-14.86413197828182,1710.1646186093265,3.504204988602474e-07,0.0,inf,0.9930651634566918,Cox_PH,0.9996299973032252,False,21.0,False,False,0.007238883143743537,Medium (20-50),False
C4BPA,8,967,-0.108313878124867,1.009790628798107,0.8973458949759132,0.1239963052032324,6.493981041695839,0.9145797822998184,Cox_PH,0.9996299973032252,False,24.0,False,False,0.008273009307135471,Medium (20-50),False
C9orf131,7,967,0.7942331909243483,0.749721071230445,2.212743594225253,0.5090443631890248,9.618482332485351,0.2894305904369408,Cox_PH,0.9996299973032252,False,21.0,False,False,0.007238883143743537,Medium (20-50),False
C7orf31,6,967,0.1404113587995336,1.0318400949069415,1.1507470714420076,0.1522859573481605,8.695606906189582,0.8917591423751825,Cox_PH,0.9996299973032252,False,18.0,False,False,0.0062047569803516025,Small (<20),False
C7,7,967,-14.93162905367903,1697.349386947147,3.2754871210524626e-07,0.0,inf,0.9929810781914038,Cox_PH,0.9996299973032252,False,21.0,False,False,0.007238883143743537,Medium (20-50),False
C6orf118,5,967,0.3671742588248788,1.006842758075185,1.4436494658568788,0.2006410984137285,10.387322421707037,0.7153511484118174,Cox_PH,0.9996299973032252,False,15.0,False,False,0.005170630816959669,Small (<20),False
C6,10,967,-0.4682998346131178,1.0228707827545838,0.626065779322108,0.0843208116156932,4.6484177811833325,0.6470753505518461,Cox_PH,0.9996299973032252,False,30.0,False,False,0.010341261633919338,Medium (20-50),False
C5orf51,5,967,-14.915796490504796,2025.4552600971183,3.327759186294947e-07,0.0,inf,0.9941242957081085,Cox_PH,0.9996299973032252,False,15.0,False,False,0.005170630816959669,Small (<20),False
C5,9,967,-15.085299131658374,1492.6444516138756,2.808910032479335e-07,0.0,inf,0.99193637683488,Cox_PH,0.9996299973032252,False,27.0,False,False,0.009307135470527405,Medium (20-50),False
C9,6,967,0.4383362394482145,1.0229910434541418,1.550126033325164,0.2087273955881781,11.512100327900136,0.6682981073845348,Cox_PH,0.9996299973032252,False,18.0,False,False,0.0062047569803516025,Small (<20),False
ARHGAP17,6,967,0.357045213538841,1.026754168965735,1.4291004830833691,0.1910169793752532,10.691867274986912,0.7280341962294827,Cox_PH,0.9996299973032252,False,18.0,False,False,0.0062047569803516025,Small (<20),False
BAZ2B,21,967,0.624812609726562,0.4803487897314728,1.8678958991111965,0.7285704021446279,4.788878438715137,0.1933448103710799,Cox_PH,0.9996299973032252,False,63.0,False,False,0.02171664943123061,Large (50-100),False
BAZ1A,10,967,-15.044119439438084,1429.150580583054,2.926994742558021e-07,0.0,inf,0.9916011306891104,Cox_PH,0.9996299973032252,False,30.0,False,False,0.010341261633919338,Medium (20-50),False
ASAP2,6,967,-14.940553390322211,1833.2238262115793,3.246385620254633e-07,0.0,inf,0.9934974089109416,Cox_PH,0.9996299973032252,False,18.0,False,False,0.0062047569803516025,Small (<20),False
ASAP1,7,967,-0.0177781242902942,1.0360139522272656,0.982378974211508,0.1289454966287156,7.484312939998698,0.986308876708335,Cox_PH,0.9996299973032252,False,21.0,False,False,0.007238883143743537,Medium (20-50),False
ARVCF,5,967,1.2711006173678574,0.7521729728503671,3.564773856056163,0.8161489455048722,15.570212661318283,0.0910461945711984,Cox_PH,0.9996299973032252,False,15.0,False,False,0.005170630816959669,Small (<20),False
ARSL,6,967,0.0022796433092516,1.0156130354693502,1.0022822436716512,0.1369250057647723,7.336641619028015,0.9982090711622073,Cox_PH,0.9996299973032252,False,18.0,False,False,0.0062047569803516025,Small (<20),False
ARSK,6,967,-15.091927611317256,1817.381434291664,2.7903528005279876e-07,0.0,inf,0.9933742705797792,Cox_PH,0.9996299973032252,False,18.0,False,False,0.0062047569803516025,Small (<20),False
ARPP21,7,967,0.7996502018076782,0.7335001653108998,2.2247625744400996,0.5283427161607922,9.368102107275048,0.2756320653321575,Cox_PH,0.9996299973032252,False,21.0,False,False,0.007238883143743537,Medium (20-50),False
ASB11,5,967,0.3105414869487773,1.0102698797960448,1.364163590956853,0.1883247378176784,9.88156056637614,0.7585505852692251,Cox_PH,0.9996299973032252,False,15.0,False,False,0.005170630816959669,Small (<20),False
ARNT,5,967,-14.8418013120682,2022.2672266016368,3.583336461529367e-07,0.0,inf,0.9941442270056527,Cox_PH,0.9996299973032252,False,15.0,False,False,0.005170630816959669,Small (<20),False
ARMCX5,6,967,0.9512465777051228,0.7195871149135217,2.588934957203625,0.6318241498090237,10.608306464159163,0.1861901736025355,Cox_PH,0.9996299973032252,False,18.0,False,False,0.0062047569803516025,Small (<20),False
ARMCX2,8,967,-0.0015246521524796,1.0069182071059786,0.9984765095391464,0.1387496098737596,7.185283915454252,0.998791862199309,Cox_PH,0.9996299973032252,False,24.0,False,False,0.008273009307135471,Medium (20-50),False
ARMCX1,6,967,0.0544732374586153,1.0262480346514555,1.0559842152142944,0.1412854579875152,7.892550858845546,0.9576681730551846,Cox_PH,0.9996299973032252,False,18.0,False,False,0.0062047569803516025,Small (<20),False
ARMC5,6,967,0.0349746715169794,1.0168360938096626,1.035593478455602,0.141137022126952,7.598671393641186,0.9725617046607042,Cox_PH,0.9996299973032252,False,18.0,False,False,0.0062047569803516025,Small (<20),False
ARMC4,8,967,-0.1056345588540687,1.0177775896293235,0.8997533949151479,0.1223978304028962,6.614138248991201,0.9173364524953754,Cox_PH,0.9996299973032252,False,24.0,False,False,0.008273009307135471,Medium (20-50),False
ARMC3,6,967,-15.053901297763376,1854.028127968151,2.898502873566478e-07,0.0,inf,0.9935215958879492,Cox_PH,0.9996299973032252,False,18.0,False,False,0.0062047569803516025,Small (<20),False
ARMH4,6,967,-14.825483966340496,1829.495714042827,3.642286648743744e-07,0.0,inf,0.9935343410708378,Cox_PH,0.9996299973032252,False,18.0,False,False,0.0062047569803516025,Small (<20),False
ARL6IP6,6,967,-14.932206140184029,1834.832622289919,3.273597426948533e-07,0.0,inf,0.9935067400253256,Cox_PH,0.9996299973032252,False,18.0,False,False,0.0062047569803516025,Small (<20),False
ASB17,5,967,-14.98899140958212,2030.8320972224876,3.092884780699524e-07,0.0,inf,0.994111095514536,Cox_PH,0.9996299973032252,False,15.0,False,False,0.005170630816959669,Small (<20),False
ASCC2,5,967,-15.053301699837048,2029.8622338384764,2.900241331014582e-07,0.0,inf,0.9940830038978482,Cox_PH,0.9996299973032252,False,15.0,False,False,0.005170630816959669,Small (<20),False
ASXL3,23,967,-1.340238957758,1.012199120499398,0.2617831060016244,0.0360031359737914,1.903456261080828,0.1854743950085837,Cox_PH,0.9996299973032252,False,69.0,False,False,0.023784901758014478,Large (50-100),False
ASXL2,14,967,0.8564033053899811,0.5362057270612435,2.3546763932412342,0.8231968511114595,6.735328141016942,0.1102313073003081,Cox_PH,0.9996299973032252,False,42.0,False,False,0.014477766287487074,Medium (20-50),False
ASXL1,7,967,-15.147329067073166,1693.825698971891,2.639967440359877e-07,0.0,inf,0.9928648745129834,Cox_PH,0.9996299973032252,False,21.0,False,False,0.007238883143743537,Medium (20-50),False
ASTN2,8,967,0.6869695220632813,0.7411355089266034,1.9876827680054443,0.4650287369402255,8.495997069388915,0.3539707372695769,Cox_PH,0.9996299973032252,False,24.0,False,False,0.008273009307135471,Medium (20-50),False
ASTN1,16,967,0.6699050020921874,0.5288418700165232,1.954051680996938,0.6930694536200073,5.509286193560117,0.2052483726399862,Cox_PH,0.9996299973032252,False,48.0,False,False,0.016546018614270942,Medium (20-50),False
ASPM,26,967,-0.1968130344485221,0.6111409945720476,0.8213441820259963,0.2479199458773118,2.7210649105328355,0.7474209184050962,Cox_PH,0.9996299973032252,False,78.0,False,False,0.02688728024819028,Large (50-100),False
ASB7,5,967,-14.949303920181045,1970.2013385046284,3.218101954957471e-07,0.0,inf,0.99394594648442,Cox_PH,0.9996299973032252,False,15.0,False,False,0.005170630816959669,Small (<20),False
ASPH,5,967,-14.901159237782064,2031.1089870037297,3.376826669025255e-07,0.0,inf,0.9941464006532847,Cox_PH,0.9996299973032252,False,15.0,False,False,0.005170630816959669,Small (<20),False
ASMTL,5,967,-14.81826190180518,2021.539284503366,3.6686866946465394e-07,0.0,inf,0.9941514089781444,Cox_PH,0.9996299973032252,False,15.0,False,False,0.005170630816959669,Small (<20),False
ASL,6,967,0.1660670970991795,1.0097368274718503,1.1806523174113128,0.1631611225099298,8.543333566020724,0.8693645285792121,Cox_PH,0.9996299973032252,False,18.0,False,False,0.0062047569803516025,Small (<20),False
ASIC3,8,967,0.6343828085435274,0.7298312039126323,1.885857846848157,0.4510909255122105,7.88413070930308,0.3847276122775129,Cox_PH,0.9996299973032252,False,24.0,False,False,0.008273009307135471,Medium (20-50),False
ASH2L,5,967,0.4391781821388699,1.0086798401084305,1.5514317001797202,0.2148458887315011,11.203101602426091,0.663272844418602,Cox_PH,0.9996299973032252,False,15.0,False,False,0.005170630816959669,Small (<20),False
ASH1L,22,967,-0.484369027831623,0.7304848656687531,0.6160858071478663,0.1471769956366854,2.578947342463811,0.507280087788516,Cox_PH,0.9996299973032252,False,66.0,False,False,0.022750775594622543,Large (50-100),False
ASCC3,10,967,0.3857877166591934,0.7327701364624573,1.4707724171905072,0.3497831979670674,6.184320789965654,0.5985557917302458,Cox_PH,0.9996299973032252,False,30.0,False,False,0.010341261633919338,Medium (20-50),False
ASPA,5,967,1.2963111988660068,0.7578290887113988,3.6557862957681935,0.8277585155603732,16.145739595658387,0.0871625944007495,Cox_PH,0.9996299973032252,False,15.0,False,False,0.005170630816959669,Small (<20),False
ATAD2,11,967,0.7932834718959929,0.62243630989591,2.2106431071231114,0.6526647406892048,7.487677275028494,0.2024928761657355,Cox_PH,0.9996299973032252,False,33.0,False,False,0.011375387797311272,Medium (20-50),False
ARID5B,6,967,-0.0729545685242065,1.0179092107781271,0.929643064122771,0.1264312468599455,6.83562211190509,0.9428637374115982,Cox_PH,0.9996299973032252,False,18.0,False,False,0.0062047569803516025,Small (<20),False
ARID4A,6,967,0.1449226017730109,1.0222824615617647,1.1559500983174835,0.1558671833911298,8.57281565451219,0.8872666131374328,Cox_PH,0.9996299973032252,False,18.0,False,False,0.0062047569803516025,Small (<20),False
ARHGEF1,10,967,0.3603240395170584,0.7372754921070436,1.4337939451906958,0.3379910290874447,6.082306630492355,0.6250372907276974,Cox_PH,0.9996299973032252,False,30.0,False,False,0.010341261633919338,Medium (20-50),False
ARHGAP6,5,967,0.1411596461816273,1.0215956349275364,1.1516084832071316,0.1554909422467652,8.52912767413769,0.8901015948763575,Cox_PH,0.9996299973032252,False,15.0,False,False,0.005170630816959669,Small (<20),False
ARHGAP5,12,967,-15.949474388066594,2142.2797109953885,1.1836717536021437e-07,0.0,inf,0.9940597291107752,Cox_PH,0.9996299973032252,False,36.0,False,False,0.012409513960703205,Medium (20-50),False
ARHGAP45,5,967,-15.17673415831375,2020.5720258742456,2.5634691879481425e-07,0.0,inf,0.9940070594597986,Cox_PH,0.9996299973032252,False,15.0,False,False,0.005170630816959669,Small (<20),False
ARHGAP39,5,967,-14.953564552070612,2020.963479228398,3.2044199747822053e-07,0.0,inf,0.9940963260647068,Cox_PH,0.9996299973032252,False,15.0,False,False,0.005170630816959669,Small (<20),False
ARHGAP35,13,967,0.0464154956742316,0.7234846322882065,1.0475095562395196,0.2536970643949814,4.325143741926647,0.948846435144948,Cox_PH,0.9996299973032252,False,39.0,False,False,0.01344364012409514,Medium (20-50),False
ARHGEF10,5,967,-15.072630034219296,2004.464469228723,2.844722765870844e-07,0.0,inf,0.9940003399177986,Cox_PH,0.9996299973032252,False,15.0,False,False,0.005170630816959669,Small (<20),False
ARHGAP32,5,967,-14.913876555553172,1969.4803170364585,3.3341544047044946e-07,0.0,inf,0.993958082232087,Cox_PH,0.9996299973032252,False,15.0,False,False,0.005170630816959669,Small (<20),False
ARHGAP29,11,967,0.2885846848764217,0.7492333925186937,1.3345373598690988,0.3073055453969923,5.795502201516132,0.7001090369126193,Cox_PH,0.9996299973032252,False,33.0,False,False,0.011375387797311272,Medium (20-50),False
ARHGAP28,6,967,1.0828628752481162,0.7515369719341913,2.9531218801672656,0.6769556013092847,12.882571356608462,0.1496229925807478,Cox_PH,0.9996299973032252,False,18.0,False,False,0.0062047569803516025,Small (<20),False
ARHGAP26,8,967,-0.2012036282080458,1.0303941238440697,0.8177458984670761,0.1085248488089419,6.161799456979544,0.8451826697038379,Cox_PH,0.9996299973032252,False,24.0,False,False,0.008273009307135471,Medium (20-50),False
ARHGAP24,7,967,-14.889147941404197,1717.568673802219,3.4176313026609565e-07,0.0,inf,0.9930834366857806,Cox_PH,0.9996299973032252,False,21.0,False,False,0.007238883143743537,Medium (20-50),False
ARHGAP21,11,967,0.7000423640425668,0.5950688652561582,2.0138380199829737,0.6273236948356041,6.464834030845488,0.2394328225615422,Cox_PH,0.9996299973032252,False,33.0,False,False,0.011375387797311272,Medium (20-50),False
ARHGAP20,7,967,0.9052870282257904,0.7510827155527993,2.4726415391266707,0.5673181087273532,10.776945221667532,0.2280838970424203,Cox_PH,0.9996299973032252,False,21.0,False,False,0.007238883143743537,Medium (20-50),False
ARHGAP31,15,967,-15.96204530391553,1900.9913136499604,1.1688850515141388e-07,0.0,inf,0.9933004849833064,Cox_PH,0.9996299973032252,False,45.0,False,False,0.015511892450879007,Medium (20-50),False
ARID4B,17,967,0.7315078287755462,0.5344306149064159,2.078211834009288,0.7290768191653232,5.923881151455031,0.1710739686227518,Cox_PH,0.9996299973032252,False,51.0,False,False,0.017580144777662874,Large (50-100),False
ARHGEF10L,6,967,0.2861879832893554,1.0137426870706554,1.3313427019108244,0.1825469856700862,9.70968314499902,0.777707115281109,Cox_PH,0.9996299973032252,False,18.0,False,False,0.0062047569803516025,Small (<20),False
ARHGEF12,8,967,-0.0140555457215722,1.025898958999341,0.9860427722844138,0.1320179335548024,7.364759639800945,0.989068755762578,Cox_PH,0.9996299973032252,False,24.0,False,False,0.008273009307135471,Medium (20-50),False
ARID3B,5,967,1.3705217708411015,0.7233601283666125,3.9374045824954615,0.953835474733187,16.253489471643842,0.0581374107852279,Cox_PH,0.9996299973032252,False,15.0,False,False,0.005170630816959669,Small (<20),False
ARID2,14,967,0.4092846313766713,0.5996922424702633,1.5057402404150968,0.4648166910721837,4.877737213729316,0.494928454691759,Cox_PH,0.9996299973032252,False,42.0,False,False,0.014477766287487074,Medium (20-50),False
ARID1B,19,967,-1.0507890654621757,1.0147859248425413,0.349661734230646,0.0478459177523273,2.5553554854580183,0.3004454753139405,Cox_PH,0.9996299973032252,False,57.0,False,False,0.01964839710444674,Large (50-100),False
ARID1A,37,967,-0.602452273555456,0.5884221699201289,0.5474674486631738,0.1727759299476596,1.7347358942681512,0.305909152460497,Cox_PH,0.9996299973032252,False,111.0,False,False,0.038262668045501554,Very Large (>100),False
ARHGEF9,7,967,0.8764617624622226,0.7379109919187542,2.402384443970399,0.565613791023951,10.203872515524592,0.2349276557210669,Cox_PH,0.9996299973032252,False,21.0,False,False,0.007238883143743537,Medium (20-50),False
ARHGEF7,7,967,-0.1098356224439113,1.0128321238908355,0.8959814024257229,0.1230718946191372,6.522875722171055,0.9136434564130516,Cox_PH,0.9996299973032252,False,21.0,False,False,0.007238883143743537,Medium (20-50),False
ARHGEF11,14,967,0.0186337449691648,0.7436163492325509,1.0188084365608356,0.2371993624859909,4.375941906120584,0.9800084793080208,Cox_PH,0.9996299973032252,False,42.0,False,False,0.014477766287487074,Medium (20-50),False
ARHGEF6,8,967,-15.03291549280836,1597.8864396082956,2.95997303397225e-07,0.0,inf,0.992493612849856,Cox_PH,0.9996299973032252,False,24.0,False,False,0.008273009307135471,Medium (20-50),False
ARHGEF40,9,967,0.985495897791434,0.6191540866070233,2.6791401347313877,0.7960875498331488,9.01633477754162,0.111456362540154,Cox_PH,0.9996299973032252,False,27.0,False,False,0.009307135470527405,Medium (20-50),False
ARHGEF4,7,967,-0.0297966035140954,1.0121409121837524,0.9706429388348838,0.1335081450497634,7.05685570239064,0.976514321262621,Cox_PH,0.9996299973032252,False,21.0,False,False,0.007238883143743537,Medium (20-50),False
ARHGEF28,8,967,-0.2693537048366755,1.0211138852375534,0.7638730222770058,0.103236075326448,5.652113297773922,0.7919462134573675,Cox_PH,0.9996299973032252,False,24.0,False,False,0.008273009307135471,Medium (20-50),False
ARHGEF26,6,967,0.1171731846525455,1.016446364747692,1.124314126782175,0.1533455066300401,8.24336026181502,0.9082253365116728,Cox_PH,0.9996299973032252,False,18.0,False,False,0.0062047569803516025,Small (<20),False
ARHGEF2,5,967,-14.907539923024231,2021.6255558336927,3.355348795577178e-07,0.0,inf,0.994116423729396,Cox_PH,0.9996299973032252,False,15.0,False,False,0.005170630816959669,Small (<20),False
ARHGEF15,9,967,0.533158851164902,0.7265461705006729,1.7043074681155423,0.410297963488217,7.079401323808488,0.4630544725443695,Cox_PH,0.9996299973032252,False,27.0,False,False,0.009307135470527405,Medium (20-50),False
ARHGEF5,6,967,0.8210011982389676,0.7520305220616761,2.272774196323343,0.5204931117096446,9.92424766296384,0.2749594441977336,Cox_PH,0.9996299973032252,False,18.0,False,False,0.0062047569803516025,Small (<20),False
BAZ1B,11,967,-0.5073066126254354,1.01659523496161,0.602115126077738,0.0820986855380922,4.415937023539765,0.6177616504826253,Cox_PH,0.9996299973032252,False,33.0,False,False,0.011375387797311272,Medium (20-50),False
ATAD2B,18,967,-1.1201818704818185,1.012827215658522,0.3262204593554142,0.0448100330255003,2.3749098341770107,0.2687286689598214,Cox_PH,0.9996299973032252,False,54.0,False,False,0.01861427094105481,Large (50-100),False
ATF2,7,967,1.316887592777728,0.6215930108650493,3.731788438142897,1.1035864568376978,12.619079240028316,0.0341269202280935,Cox_PH,0.9996299973032252,False,21.0,False,False,0.007238883143743537,Medium (20-50),True
ATXN1,9,967,-0.1809718058005164,1.0216862529764972,0.8344588852644036,0.1126491833433417,6.181328710341404,0.8594058782739135,Cox_PH,0.9996299973032252,False,27.0,False,False,0.009307135470527405,Medium (20-50),False
ATRX,25,967,0.3581581081207377,0.482336974932548,1.4306918065913914,0.555869145224154,3.6823037634555815,0.4577556921902739,Cox_PH,0.9996299973032252,False,75.0,False,False,0.025853154084798345,Large (50-100),False
ATRNL1,6,967,1.091286708813653,0.7504413507313021,2.9781035604159904,0.6841498279613494,12.963682009525336,0.1458927499050757,Cox_PH,0.9996299973032252,False,18.0,False,False,0.0062047569803516025,Small (<20),False
ATRN,9,967,0.5751904298868796,0.7266426732964967,1.777468977903818,0.4278300636573001,7.384698355235687,0.4286099289063392,Cox_PH,0.9996299973032252,False,27.0,False,False,0.009307135470527405,Medium (20-50),False
ATR,14,967,0.466773461120218,0.6125301993599571,1.5948400692077127,0.4800880618953835,5.298017276890176,0.4460352074132518,Cox_PH,0.9996299973032252,False,42.0,False,False,0.014477766287487074,Medium (20-50),False
ATP9B,5,967,0.2431054977268162,1.0122955769352522,1.275203148055699,0.1753460492914641,9.273907655074408,0.8102118946524253,Cox_PH,0.9996299973032252,False,15.0,False,False,0.005170630816959669,Small (<20),False
ATXN2,13,967,0.5887654984897596,0.6340056198217259,1.8017627630428457,0.5200212949798602,6.242723299270882,0.3530736245438985,Cox_PH,0.9996299973032252,False,39.0,False,False,0.01344364012409514,Medium (20-50),False
ATP9A,14,967,0.5291919188684913,0.587552265496708,1.6975599880241117,0.5366492725980075,5.369819843395275,0.367762699714809,Cox_PH,0.9996299973032252,False,42.0,False,False,0.014477766287487074,Medium (20-50),False
ATP8B3,7,967,1.217616468469056,0.5904777478265812,3.3791238789007276,1.0621339902755036,10.750506333005404,0.0391994568851665,Cox_PH,0.9996299973032252,False,21.0,False,False,0.007238883143743537,Medium (20-50),True
ATP8B2,10,967,0.3480764605951049,0.7334902801568678,1.4163405398405553,0.3363629517418414,5.963856942055426,0.6351090656291184,Cox_PH,0.9996299973032252,False,30.0,False,False,0.010341261633919338,Medium (20-50),False
ATP8B1,5,967,0.4678207753334524,1.0189372075036434,1.5965112428492287,0.2166881292967785,11.762749333873554,0.646143538076924,Cox_PH,0.9996299973032252,False,15.0,False,False,0.005170630816959669,Small (<20),False
ATP8A1,5,967,0.3510776875160133,1.0202067187106147,1.420597684330754,0.192332914044307,10.492732306135592,0.7307529824481377,Cox_PH,0.9996299973032252,False,15.0,False,False,0.005170630816959669,Small (<20),False
ATP7B,7,967,1.2314523069929384,0.6096642158805137,3.4262018216381054,1.0371851361849378,11.317997639047483,0.0433951980280131,Cox_PH,0.9996299973032252,False,21.0,False,False,0.007238883143743537,Medium (20-50),True
ATP7A,15,967,-0.8157015365419963,1.0152478086417345,0.4423289085960671,0.0604712495176547,3.2355022418160218,0.4217142956569168,Cox_PH,0.9996299973032252,False,45.0,False,False,0.015511892450879007,Medium (20-50),False
ATP8B4,6,967,-0.126141556078123,1.0234802287756004,0.8814900576758271,0.1185805497647893,6.552716472664378,0.9019109760799008,Cox_PH,0.9996299973032252,False,18.0,False,False,0.0062047569803516025,Small (<20),False
ATP6V1B1,5,967,0.2325034735608438,1.0315907142642828,1.2617548291335434,0.1670579824715348,9.529776579895447,0.8216809858987786,Cox_PH,0.9996299973032252,False,15.0,False,False,0.005170630816959669,Small (<20),False
ATXN3,5,967,0.4331002883259768,1.0092872034235891,1.5420308606398303,0.2132899800669729,11.148480460352475,0.6678395294580903,Cox_PH,0.9996299973032252,False,15.0,False,False,0.005170630816959669,Small (<20),False
AVL9,7,967,-0.0021541673251427,1.012279483306897,0.9978481512281402,0.1372128437674197,7.256616112389328,0.9983020740998862,Cox_PH,0.9996299973032252,False,21.0,False,False,0.007238883143743537,Medium (20-50),False
BAP1,11,967,-0.3982834331026816,1.0052742224051507,0.6714716833857648,0.0936097336407725,4.816531401735883,0.6919620509190796,Cox_PH,0.9996299973032252,False,33.0,False,False,0.011375387797311272,Medium (20-50),False
BANK1,8,967,-0.062785750326513,1.015362906098197,0.9391446635734576,0.1283624923211943,6.871109178151059,0.9506936151306064,Cox_PH,0.9996299973032252,False,24.0,False,False,0.008273009307135471,Medium (20-50),False
BAIAP3,7,967,-0.008773100426473,1.0193347278717249,0.991265270925177,0.1344357126517589,7.30912060463949,0.993132937817012,Cox_PH,0.9996299973032252,False,21.0,False,False,0.007238883143743537,Medium (20-50),False
BAHCC1,6,967,0.9087566325496258,0.7139464911575737,2.4812355271498103,0.6122720983568061,10.055218517572612,0.2030663823820988,Cox_PH,0.9996299973032252,False,18.0,False,False,0.0062047569803516025,Small (<20),False
BACH2,14,967,-0.0022899705587415,0.7133376449532999,0.9977126494235627,0.2464905175325255,4.038413082922888,0.9974386196660312,Cox_PH,0.9996299973032252,False,42.0,False,False,0.014477766287487074,Medium (20-50),False
BABAM2,6,967,0.1360149144263998,1.0170479679636748,1.1456989809105649,0.1560780458726648,8.410062719073277,0.8936121243098323,Cox_PH,0.9996299973032252,False,18.0,False,False,0.0062047569803516025,Small (<20),False
AUTS2,6,967,0.0224458136017702,1.0146123374855025,1.0226996162543351,0.1399885888554985,7.471426875846259,0.9823501974495544,Cox_PH,0.9996299973032252,False,18.0,False,False,0.0062047569803516025,Small (<20),False
BAAT,5,967,1.1044013862064117,0.7751056991950795,3.017417660237821,0.6604685416650917,13.785379260246316,0.1542035381761419,Cox_PH,0.9996299973032252,False,15.0,False,False,0.005170630816959669,Small (<20),False
B3GALT4,5,967,-14.854104876209089,2013.6486770058375,3.539518761230089e-07,0.0,inf,0.9941142893528204,Cox_PH,0.9996299973032252,False,15.0,False,False,0.005170630816959669,Small (<20),False
AXL,6,967,0.1757080618833556,1.0082503904123978,1.1920899913391416,0.1652224215684484,8.601003023443946,0.8616530673899662,Cox_PH,0.9996299973032252,False,18.0,False,False,0.0062047569803516025,Small (<20),False
AXIN2,5,967,0.3523725954107472,1.0201288602398588,1.422438419021166,0.1926115195499352,10.504725058164954,0.729778876054775,Cox_PH,0.9996299973032252,False,15.0,False,False,0.005170630816959669,Small (<20),False
AXIN1,8,967,0.6512607948153989,0.7170970097182517,1.9179574560751131,0.470363563364221,7.820675515347403,0.3637775065217847,Cox_PH,0.9996299973032252,False,24.0,False,False,0.008273009307135471,Medium (20-50),False
AVPR2,5,967,0.2367206969559695,1.0062546392913,1.2670871670450188,0.1763052526764112,9.106421190053297,0.8140152455808263,Cox_PH,0.9996299973032252,False,15.0,False,False,0.005170630816959669,Small (<20),False
AVPR1B,6,967,0.9263648790311524,0.723390215255393,2.5253126555226952,0.6117204126865136,10.425030579143336,0.2003383928264082,Cox_PH,0.9996299973032252,False,18.0,False,False,0.0062047569803516025,Small (<20),False
B4GALT5,5,967,-14.88873698773532,2027.9868190189632,3.41903607941296e-07,0.0,inf,0.9941422761996346,Cox_PH,0.9996299973032252,False,15.0,False,False,0.005170630816959669,Small (<20),False
ATAD5,11,967,0.7230118635472468,0.6022416591001084,2.060630210716008,0.632938645365159,6.708702172650173,0.2299318385781579,Cox_PH,0.9996299973032252,False,33.0,False,False,0.011375387797311272,Medium (20-50),False
ATP6V0A1,6,967,0.1894033727495584,1.0444817179426653,1.208528341576615,0.1560184835559868,9.36133154934692,0.8561029217423257,Cox_PH,0.9996299973032252,False,18.0,False,False,0.0062047569803516025,Small (<20),False
ATP2C2,7,967,0.899216771950688,0.7510200233820071,2.457677435230258,0.5639540661044027,10.710408415641751,0.231179010222411,Cox_PH,0.9996299973032252,False,21.0,False,False,0.007238883143743537,Medium (20-50),False
ATP10D,12,967,0.5712641653184203,0.5990133881503221,1.7705038468555734,0.5472759769995582,5.727793660734563,0.3402481174414564,Cox_PH,0.9996299973032252,False,36.0,False,False,0.012409513960703205,Medium (20-50),False
ATP10B,20,967,0.0488302992481289,0.5951609621379307,1.050042142678326,0.3270359463200539,3.371459663095999,0.9346105041962636,Cox_PH,0.9996299973032252,False,60.0,False,False,0.020682523267838676,Large (50-100),False
ATP10A,12,967,0.7019988562442866,0.5971561238544597,2.0177819352262425,0.6259860787734067,6.504048694027161,0.2397667283063822,Cox_PH,0.9996299973032252,False,36.0,False,False,0.012409513960703205,Medium (20-50),False
ATN1,9,967,0.4956792559515755,0.7473770879571942,1.6416129357888083,0.379394075729177,7.103150005096141,0.5071863880062316,Cox_PH,0.9996299973032252,False,27.0,False,False,0.009307135470527405,Medium (20-50),False
ATM,22,967,-0.4485013551233929,0.7202141307518082,0.6385844461783692,0.1556537871191502,2.6198533453527757,0.5334597661385637,Cox_PH,0.9996299973032252,False,66.0,False,False,0.022750775594622543,Large (50-100),False
ATG7,8,967,0.6485872338953395,0.7378138296659495,1.912836528580361,0.4504411368684779,8.123022711710549,0.379365357699686,Cox_PH,0.9996299973032252,False,24.0,False,False,0.008273009307135471,Medium (20-50),False
ATP11A,10,967,0.367375012447667,0.7161677847885299,1.4439393128101252,0.3547599747183962,5.877102513420774,0.6079699386012133,Cox_PH,0.9996299973032252,False,30.0,False,False,0.010341261633919338,Medium (20-50),False
ATG4D,5,967,0.3464880265621042,1.0079933033468382,1.4140925621795255,0.1960905281638344,10.197625520906003,0.7310415217090371,Cox_PH,0.9996299973032252,False,15.0,False,False,0.005170630816959669,Small (<20),False
ATG2B,10,967,0.362455254165884,0.7148624699495695,1.4368529263649847,0.3539232536556476,5.8333164342242885,0.6121352060314522,Cox_PH,0.9996299973032252,False,30.0,False,False,0.010341261633919338,Medium (20-50),False
ATG2A,9,967,0.5769508586615564,0.7390048759640899,1.7806008413410397,0.4183241375709582,7.579145144706392,0.4349711975395516,Cox_PH,0.9996299973032252,False,27.0,False,False,0.009307135470527405,Medium (20-50),False
ATG16L2,5,967,0.3479906166743928,1.0312736984030089,1.416218960834036,0.1876257799274138,10.689768462530925,0.7357869748985499,Cox_PH,0.9996299973032252,False,15.0,False,False,0.005170630816959669,Small (<20),False
ATG16L1,6,967,0.309911490795244,1.0099720249659163,1.363304443799878,0.1883160372864964,9.869573687220788,0.7589563613837816,Cox_PH,0.9996299973032252,False,18.0,False,False,0.0062047569803516025,Small (<20),False
ATF7IP,8,967,-0.1108106181832938,1.0117420878889352,0.8951082501048576,0.1232149225719256,6.50261155614553,0.9127864341212744,Cox_PH,0.9996299973032252,False,24.0,False,False,0.008273009307135471,Medium (20-50),False
ATF6,9,967,0.9829962383297204,0.6323283861617274,2.6724515598068312,0.7738576023986357,9.229084675755272,0.1200494558583056,Cox_PH,0.9996299973032252,False,27.0,False,False,0.009307135470527405,Medium (20-50),False
ATG4A,5,967,1.1996796316269431,0.7154331413654345,3.3190534326430434,0.8166298674032202,13.48972910306284,0.0935702951484905,Cox_PH,0.9996299973032252,False,15.0,False,False,0.005170630816959669,Small (<20),False
ATP4A,7,967,0.7018033596347473,0.7244016162252134,2.017387504255331,0.487715122884571,8.344732716620676,0.3326428690648444,Cox_PH,0.9996299973032252,False,21.0,False,False,0.007238883143743537,Medium (20-50),False
ATP11B,8,967,-15.109118700255989,1589.1783982365412,2.7427935661509826e-07,0.0,inf,0.992414224271316,Cox_PH,0.9996299973032252,False,24.0,False,False,0.008273009307135471,Medium (20-50),False
ATP13A1,6,967,0.0937445153574817,1.007999665766974,1.098279116622967,0.1522951553432719,7.920258627343218,0.9259031305532914,Cox_PH,0.9996299973032252,False,18.0,False,False,0.0062047569803516025,Small (<20),False
ATP2C1,9,967,-0.1986776459722118,1.0382965507829591,0.8198141211271737,0.10712714429517,6.273808544244208,0.8482516914571414,Cox_PH,0.9996299973032252,False,27.0,False,False,0.009307135470527405,Medium (20-50),False
ATP2B4,8,967,-0.2655687372386008,1.021127475329636,0.7667697354399118,0.1036248006922179,5.67369802652605,0.7948066701792613,Cox_PH,0.9996299973032252,False,24.0,False,False,0.008273009307135471,Medium (20-50),False
ATP2B3,12,967,0.1512625444430811,0.7210237257211214,1.1633020364776678,0.2831031506074132,4.780136233629231,0.8338326856223592,Cox_PH,0.9996299973032252,False,36.0,False,False,0.012409513960703205,Medium (20-50),False
ATP2B2,7,967,0.9132697645649664,0.7417719828278079,2.492458978052518,0.5823967737005412,10.666871860916062,0.2182480213641333,Cox_PH,0.9996299973032252,False,21.0,False,False,0.007238883143743537,Medium (20-50),False
ATP2B1,14,967,-15.97669411920317,1982.2790005653808,1.1518870743777997e-07,0.0,inf,0.9935693111034894,Cox_PH,0.9996299973032252,False,42.0,False,False,0.014477766287487074,Medium (20-50),False
ATP2A1,9,967,-0.3459369020354758,1.006647442377142,0.7075571311127717,0.098375263955225,5.089054643008612,0.7311076433768251,Cox_PH,0.9996299973032252,False,27.0,False,False,0.009307135470527405,Medium (20-50),False
ATP11C,11,967,0.2503939969127104,0.7165638370953056,1.2845314184127712,0.3153503223125845,5.232342725351575,0.7267611767458664,Cox_PH,0.9996299973032252,False,33.0,False,False,0.011375387797311272,Medium (20-50),False
ATP1B4,6,967,0.0562185320062025,1.0181294566450487,1.0578288279354762,0.1438023915112528,7.781524475716243,0.9559652116860362,Cox_PH,0.9996299973032252,False,18.0,False,False,0.0062047569803516025,Small (<20),False
ATP1A3,5,967,-14.96777367169734,2015.2495984145175,3.1592099460323833e-07,0.0,inf,0.9940739619884108,Cox_PH,0.9996299973032252,False,15.0,False,False,0.005170630816959669,Small (<20),False
ATP1A2,5,967,-14.938204472253762,1998.024956110927,3.25402007694163e-07,0.0,inf,0.9940346832814552,Cox_PH,0.9996299973032252,False,15.0,False,False,0.005170630816959669,Small (<20),False
ATP1A1,9,967,0.5556425962750965,0.7576241612167229,1.7430607092891997,0.3948296947010244,7.695116849223865,0.4633136650807249,Cox_PH,0.9996299973032252,False,27.0,False,False,0.009307135470527405,Medium (20-50),False
ATP13A5,5,967,-14.943923668544446,2023.240678481238,3.235462814284401e-07,0.0,inf,0.9941067725228718,Cox_PH,0.9996299973032252,False,15.0,False,False,0.005170630816959669,Small (<20),False
ATP13A4,10,967,-14.877813484127833,1427.4381376741633,3.45658866183908e-07,0.0,inf,0.9916840089665456,Cox_PH,0.9996299973032252,False,30.0,False,False,0.010341261633919338,Medium (20-50),False
ATP13A3,9,967,-15.264087716947248,1512.4443792521993,2.349042818747517e-07,0.0,inf,0.9919476224410392,Cox_PH,0.9996299973032252,False,27.0,False,False,0.009307135470527405,Medium (20-50),False
ATP1A4,12,967,0.1232352945636928,0.7253357644239836,1.1311505432112363,0.2729619683138794,4.68747188229451,0.8650879698920793,Cox_PH,0.9996299973032252,False,36.0,False,False,0.012409513960703205,Medium (20-50),False
DPY19L2,6,967,0.1936781014719273,1.0281083396153374,1.2137055300445787,0.1617967689159705,9.104515025425744,0.8505764494527228,Cox_PH,0.9996299973032252,False,18.0,False,False,0.0062047569803516025,Small (<20),False
DPY19L4,6,967,-14.92657591460302,1848.4054532398063,3.292080502039523e-07,0.0,inf,0.9935568492256958,Cox_PH,0.9996299973032252,False,18.0,False,False,0.0062047569803516025,Small (<20),False
DPYSL3,6,967,0.2777122179411982,1.0148527536041143,1.3201062396477503,0.1806129059341916,9.64870408868727,0.7843553005450881,Cox_PH,0.9996299973032252,False,18.0,False,False,0.0062047569803516025,Small (<20),False
KCNH2,6,967,-14.927782753704069,1849.6115304786404,3.288109886994535e-07,0.0,inf,0.9935605299347,Cox_PH,0.9996299973032252,False,18.0,False,False,0.0062047569803516025,Small (<20),False
KCNH1,9,967,0.4224357093802942,0.728604802299535,1.525673129979379,0.3658142079108147,6.3630073660467605,0.5620581571432027,Cox_PH,0.9996299973032252,False,27.0,False,False,0.009307135470527405,Medium (20-50),False
KCND3,6,967,-14.960151812366885,1834.297319852905,3.183380996998145e-07,0.0,inf,0.9934926897069636,Cox_PH,0.9996299973032252,False,18.0,False,False,0.0062047569803516025,Small (<20),False
KCND2,8,967,-0.27589577775214,1.01076900857974,0.7588920200719519,0.104663688646533,5.5025492181329225,0.7848868010624592,Cox_PH,0.9996299973032252,False,24.0,False,False,0.008273009307135471,Medium (20-50),False
KCND1,8,967,-0.033261134168224,1.0144272661701157,0.9672859351979148,0.132451521515188,7.064034219677994,0.9738435746004576,Cox_PH,0.9996299973032252,False,24.0,False,False,0.008273009307135471,Medium (20-50),False
KCNC2,5,967,-14.856698321557712,2004.1437251722475,3.530351105807503e-07,0.0,inf,0.9940853435308824,Cox_PH,0.9996299973032252,False,15.0,False,False,0.005170630816959669,Small (<20),False
KCNH3,8,967,0.7587230438715918,0.7318270083266745,2.1355474781857287,0.5088215606062404,8.962990927805217,0.2998514958725657,Cox_PH,0.9996299973032252,False,24.0,False,False,0.008273009307135471,Medium (20-50),False
KCNB2,14,967,-0.7069628412590614,1.005391718239678,0.4931396687750418,0.0687326726070005,3.5381533075259592,0.4819488540219975,Cox_PH,0.9996299973032252,False,42.0,False,False,0.014477766287487074,Medium (20-50),False
KCNAB1,5,967,1.2745828835568278,0.7184975725845117,3.577208986177141,0.8748766633695892,14.626546422556334,0.0760704738236551,Cox_PH,0.9996299973032252,False,15.0,False,False,0.005170630816959669,Small (<20),False
KCNA5,9,967,-14.961789486362948,1494.9694562479726,3.178171923266314e-07,0.0,inf,0.9920148324762276,Cox_PH,0.9996299973032252,False,27.0,False,False,0.009307135470527405,Medium (20-50),False
KCNA4,11,967,0.2608318766918041,0.7246907956547929,1.29800942145025,0.3136234919390554,5.372137296720794,0.7189057573676625,Cox_PH,0.9996299973032252,False,33.0,False,False,0.011375387797311272,Medium (20-50),False
KCNA2,5,967,-15.156423338689844,1984.8302958680663,2.6160676994859194e-07,0.0,inf,0.9939073085091448,Cox_PH,0.9996299973032252,False,15.0,False,False,0.005170630816959669,Small (<20),False
KCNA1,9,967,-0.407628280036558,1.011067912907872,0.6652261106945919,0.0916918858612019,4.826226161600867,0.6868260563325077,Cox_PH,0.9996299973032252,False,27.0,False,False,0.009307135470527405,Medium (20-50),False
KBTBD6,5,967,0.501455093387839,1.0383057467220338,1.651122060382511,0.215752325545376,12.635803815279964,0.6291275915563772,Cox_PH,0.9996299973032252,False,15.0,False,False,0.005170630816959669,Small (<20),False
KCNB1,7,967,-0.0886179999614895,1.0120125647835134,0.915195111376265,0.1259131838044603,6.652060305200098,0.930221541810268,Cox_PH,0.9996299973032252,False,21.0,False,False,0.007238883143743537,Medium (20-50),False
KBTBD4,5,967,0.3943757708851486,1.019413473844421,1.4834578842351962,0.2011559828404041,10.940004185933384,0.6988558794175288,Cox_PH,0.9996299973032252,False,15.0,False,False,0.005170630816959669,Small (<20),False
KCNH4,5,967,1.0797149964106827,0.7291312148331393,2.9438404264065308,0.7051235913447969,12.290322664736545,0.1386534814135241,Cox_PH,0.9996299973032252,False,15.0,False,False,0.005170630816959669,Small (<20),False
KCNH6,9,967,0.4409363279723615,0.7295723495734707,1.5541617425624272,0.3719389774820386,6.494126370934931,0.545593406249385,Cox_PH,0.9996299973032252,False,27.0,False,False,0.009307135470527405,Medium (20-50),False
KCNT2,18,967,0.5592024570863516,0.5289060273031491,1.749276820480624,0.6203612207847319,4.932560727764484,0.2903832207949408,Cox_PH,0.9996299973032252,False,54.0,False,False,0.01861427094105481,Large (50-100),False
KCNT1,7,967,0.0953147109520697,1.0451125526491676,1.1000049842738115,0.1418328691698324,8.531245066884646,0.9273333357576248,Cox_PH,0.9996299973032252,False,21.0,False,False,0.007238883143743537,Medium (20-50),False
KCNQ5,10,967,0.4896066900137418,0.7368370458460847,1.6316743399225273,0.3849684408607112,6.915790670032891,0.5063890416236405,Cox_PH,0.9996299973032252,False,30.0,False,False,0.010341261633919338,Medium (20-50),False
KCNQ4,5,967,-14.778378113053698,2016.2965837924312,3.817964922672005e-07,0.0,inf,0.9941519842611763,Cox_PH,0.9996299973032252,False,15.0,False,False,0.005170630816959669,Small (<20),False
KCNQ3,9,967,0.4893708268230481,0.7207608391959763,1.6312895333891726,0.3971979857284609,6.699695460098062,0.497160527885563,Cox_PH,0.9996299973032252,False,27.0,False,False,0.009307135470527405,Medium (20-50),False
KCNQ2,9,967,-0.3028742820655954,1.011791443836983,0.738691957360255,0.1016738119551823,5.366827478734183,0.7646771452080584,Cox_PH,0.9996299973032252,False,27.0,False,False,0.009307135470527405,Medium (20-50),False
KCNH5,5,967,0.1875517818203964,1.028032853311163,1.2062927118363078,0.1608323741586374,9.047569646606783,0.8552393697285491,Cox_PH,0.9996299973032252,False,15.0,False,False,0.005170630816959669,Small (<20),False
KCNMA1,5,967,0.3214007292898365,1.0268254053246595,1.3790580991539525,0.184302460266584,10.318914018246174,0.7542774233209508,Cox_PH,0.9996299973032252,False,15.0,False,False,0.005170630816959669,Small (<20),False
KCNK2,8,967,1.0974089069171402,0.6002357208167067,2.996392026067486,0.9239908537913946,9.71694160936773,0.0675050549915336,Cox_PH,0.9996299973032252,False,24.0,False,False,0.008273009307135471,Medium (20-50),False
KCNK18,9,967,-0.3240671113678238,1.0305884716187923,0.7232017056954972,0.0959411289486982,5.4514754292765,0.753180342316444,Cox_PH,0.9996299973032252,False,27.0,False,False,0.009307135470527405,Medium (20-50),False
KCNK13,5,967,-14.885137105467644,2022.5609475680792,3.431366387280245e-07,0.0,inf,0.9941279822074752,Cox_PH,0.9996299973032252,False,15.0,False,False,0.005170630816959669,Small (<20),False
KCNJ15,6,967,0.3682791514480227,1.0178428077553678,1.445245425021503,0.1965786345779814,10.625439244858512,0.7174841469493489,Cox_PH,0.9996299973032252,False,18.0,False,False,0.0062047569803516025,Small (<20),False
KCNH8,9,967,-14.987967225797243,1501.4972533506302,3.096054085838835e-07,0.0,inf,0.9920356370757664,Cox_PH,0.9996299973032252,False,27.0,False,False,0.009307135470527405,Medium (20-50),False
KCNH7,10,967,0.8030326014816174,0.5990288159279558,2.2323003513471473,0.6899998645210359,7.221979473986804,0.1800641476975668,Cox_PH,0.9996299973032252,False,30.0,False,False,0.010341261633919338,Medium (20-50),False
KCNK9,8,967,-0.2626123350842154,1.0093421694536415,0.7690399693463438,0.1063602898732971,5.560557188747453,0.7947236397812273,Cox_PH,0.9996299973032252,False,24.0,False,False,0.008273009307135471,Medium (20-50),False
KCNU1,10,967,-14.924804153724322,1415.4805556360368,3.297918451680778e-07,0.0,inf,0.9915872739388676,Cox_PH,0.9996299973032252,False,30.0,False,False,0.010341261633919338,Medium (20-50),False
KATNIP,7,967,0.7659431250929309,0.7677716662592949,2.151022101224126,0.4776441208767779,9.686910981886236,0.3184644454930967,Cox_PH,0.9996299973032252,False,21.0,False,False,0.007238883143743537,Medium (20-50),False
KAT8,5,967,0.3051165229633952,1.0091867171426487,1.3567830901820046,0.1877039216107942,9.80725569293576,0.7623936356903456,Cox_PH,0.9996299973032252,False,15.0,False,False,0.005170630816959669,Small (<20),False
IWS1,5,967,-15.17948646494099,1962.3536679189697,2.556423435197166e-07,0.0,inf,0.993828147643584,Cox_PH,0.9996299973032252,False,15.0,False,False,0.005170630816959669,Small (<20),False
IVNS1ABP,5,967,0.2180820110281074,1.013533778569465,1.2436890596551973,0.1705982000014773,9.06669869372968,0.8296348197253453,Cox_PH,0.9996299973032252,False,15.0,False,False,0.005170630816959669,Small (<20),False
ITSN2,11,967,0.8190914765170344,0.6044460883183037,2.268437971880444,0.6937644005503728,7.417231019906501,0.1753822296936102,Cox_PH,0.9996299973032252,False,33.0,False,False,0.011375387797311272,Medium (20-50),False
ITSN1,13,967,0.1023399817134628,0.7520247516472117,1.1077600258652451,0.2536934751385532,4.837066756386926,0.8917533565864654,Cox_PH,0.9996299973032252,False,39.0,False,False,0.01344364012409514,Medium (20-50),False
ITPRID2,8,967,-0.0794475268620414,1.0168231638454293,0.9236264842769898,0.1258806644954423,6.776941366469825,0.9377221926005044,Cox_PH,0.9996299973032252,False,24.0,False,False,0.008273009307135471,Medium (20-50),False
ITPRID1,6,967,0.1609677322760307,1.0214451693236517,1.174647065015085,0.1586484073769022,8.697192427974159,0.8747812818626376,Cox_PH,0.9996299973032252,False,18.0,False,False,0.0062047569803516025,Small (<20),False
JADE2,6,967,-14.975641306827669,1850.1404860919097,3.13445195600213e-07,0.0,inf,0.9935417323168558,Cox_PH,0.9996299973032252,False,18.0,False,False,0.0062047569803516025,Small (<20),False
ITPR3,14,967,0.2472010963441361,0.6153044494891233,1.2804365780044793,0.3833543105353369,4.276768997333846,0.6878649921021762,Cox_PH,0.9996299973032252,False,42.0,False,False,0.014477766287487074,Medium (20-50),False
ITPR1,15,967,-0.7644160749938568,1.0077772688210298,0.4656057304403457,0.0645923354263826,3.3562603796230124,0.448141608501868,Cox_PH,0.9996299973032252,False,45.0,False,False,0.015511892450879007,Medium (20-50),False
ITPKC,9,967,0.5812160694577961,0.7272849121604968,1.7882116986907182,0.429874334490793,7.438688060133145,0.424198392576364,Cox_PH,0.9996299973032252,False,27.0,False,False,0.009307135470527405,Medium (20-50),False
ITPKB,6,967,-14.868378623839618,1851.681355400617,3.489355424787522e-07,0.0,inf,0.993593324124978,Cox_PH,0.9996299973032252,False,18.0,False,False,0.0062047569803516025,Small (<20),False
ITM2A,5,967,0.3060823650114035,1.009209239933356,1.3580941613824562,0.1878770075774123,9.817165894667273,0.7616693989658931,Cox_PH,0.9996299973032252,False,15.0,False,False,0.005170630816959669,Small (<20),False
ITK,8,967,0.4914221793657036,0.7247502301509604,1.6346393179411558,0.3949136001792358,6.766152643379185,0.4977353673266156,Cox_PH,0.9996299973032252,False,24.0,False,False,0.008273009307135471,Medium (20-50),False
ITIH6,14,967,-0.0296567865801838,0.7357129578689275,0.9707786606423972,0.2295454605291917,4.105553670222977,0.9678457676696997,Cox_PH,0.9996299973032252,False,42.0,False,False,0.014477766287487074,Medium (20-50),False
ITPR2,16,967,0.8499548460026422,0.4918725027714161,2.3395412099033184,0.8921551206660732,6.1350912482007205,0.0839885301099484,Cox_PH,0.9996299973032252,False,48.0,False,False,0.016546018614270942,Medium (20-50),False
KATNB1,5,967,0.3708740548695117,1.0127777261128652,1.4490005673284814,0.1990557608340208,10.547811504279837,0.7142196351765093,Cox_PH,0.9996299973032252,False,15.0,False,False,0.005170630816959669,Small (<20),False
JADE3,9,967,0.5375252425672077,0.7315582130823748,1.7117654118929648,0.4080649789713183,7.180574115278446,0.462481067414259,Cox_PH,0.9996299973032252,False,27.0,False,False,0.009307135470527405,Medium (20-50),False
JAK1,11,967,1.0581051555579226,0.5316100197577494,2.880906943634279,1.0162806251072751,8.166666384104413,0.0465492560883818,Cox_PH,0.9996299973032252,False,33.0,False,False,0.011375387797311272,Medium (20-50),True
KAT6B,16,967,0.3265487707341585,0.605547336000222,1.386175852928487,0.4230249967009,4.542245754334477,0.5897059675729567,Cox_PH,0.9996299973032252,False,48.0,False,False,0.016546018614270942,Medium (20-50),False
KAT6A,11,967,0.8134427313206523,0.629618008916969,2.255660266759947,0.6566470850020875,7.748459340260954,0.1963702005454068,Cox_PH,0.9996299973032252,False,33.0,False,False,0.011375387797311272,Medium (20-50),False
KAT14,5,967,0.402491677188509,1.0640568634925711,1.495546478021733,0.1858045851073619,12.03769684494502,0.7052363904322344,Cox_PH,0.9996299973032252,False,15.0,False,False,0.005170630816959669,Small (<20),False
KASH5,8,967,-0.2984297278976268,1.0154794113613312,0.7419824206827564,0.1013911596904274,5.429841361743695,0.7688491208515039,Cox_PH,0.9996299973032252,False,24.0,False,False,0.008273009307135471,Medium (20-50),False
KANSL1,8,967,1.248838861705303,0.6183072938485471,3.4862925385956127,1.0376479504114824,11.71325559872946,0.043407193458348,Cox_PH,0.9996299973032252,False,24.0,False,False,0.008273009307135471,Medium (20-50),True
KANK4,5,967,0.2501158510868831,1.0366065803311617,1.28417418104494,0.1683629780988299,9.794928468742162,0.8093355573112611,Cox_PH,0.9996299973032252,False,15.0,False,False,0.005170630816959669,Small (<20),False
JAG1,6,967,0.09013713801069,1.0159107302440542,1.0943243468792732,0.1494119693639996,8.01505917678703,0.9293001050973364,Cox_PH,0.9996299973032252,False,18.0,False,False,0.0062047569803516025,Small (<20),False
KANK2,7,967,0.0774985594078576,1.0161533536215046,1.0805806757814078,0.1474653547724387,7.918162192564289,0.9392069992923224,Cox_PH,0.9996299973032252,False,21.0,False,False,0.007238883143743537,Medium (20-50),False
KALRN,13,967,0.0881061259503879,0.7324820331416866,1.0921040164550544,0.2598739277051146,4.589499197898135,0.9042579002235218,Cox_PH,0.9996299973032252,False,39.0,False,False,0.01344364012409514,Medium (20-50),False
JMJD1C,16,967,-0.1103520817886611,0.73164000562757,0.8955187839298235,0.2134470486386027,3.757156154119405,0.8801110929734051,Cox_PH,0.9996299973032252,False,48.0,False,False,0.016546018614270942,Medium (20-50),False
JCAD,8,967,-0.1507998807533408,1.0134244698934662,0.8600197879515182,0.1179951400071741,6.268343218400389,0.8817096444635238,Cox_PH,0.9996299973032252,False,24.0,False,False,0.008273009307135471,Medium (20-50),False
JAKMIP3,5,967,0.4280612944686154,1.039964405576964,1.5342801209702064,0.1998338634360051,11.779862777652808,0.6806242113911459,Cox_PH,0.9996299973032252,False,15.0,False,False,0.005170630816959669,Small (<20),False
JAK3,11,967,-0.5456049148738742,1.0223453702339358,0.579491134487656,0.0781283852603092,4.298181433430811,0.5935631939253083,Cox_PH,0.9996299973032252,False,33.0,False,False,0.011375387797311272,Medium (20-50),False
JAK2,8,967,-0.2909058280827863,1.030152421555329,0.7475860763173566,0.0992607975068411,5.63046998957531,0.7776436738720158,Cox_PH,0.9996299973032252,False,24.0,False,False,0.008273009307135471,Medium (20-50),False
KANK1,7,967,1.4555850834423358,0.6420727595175435,4.286990979417678,1.21789319278257,15.090232679286856,0.0233896417779079,Cox_PH,0.9996299973032252,False,21.0,False,False,0.007238883143743537,Medium (20-50),True
ITIH5,5,967,-14.919481088054194,2007.4627556129217,3.315520294494033e-07,0.0,inf,0.9940701694230696,Cox_PH,0.9996299973032252,False,15.0,False,False,0.005170630816959669,Small (<20),False
KCNV1,8,967,0.6253705305729136,0.7221528208763885,1.8689383279414729,0.4538225581833822,7.6966876385136205,0.3865006506863919,Cox_PH,0.9996299973032252,False,24.0,False,False,0.008273009307135471,Medium (20-50),False
KCTD3,9,967,-0.247294144222857,1.0096069724576506,0.7809109592982908,0.1079460395794603,5.64932190868642,0.8065021128913465,Cox_PH,0.9996299973032252,False,27.0,False,False,0.009307135470527405,Medium (20-50),False
KIF4A,20,967,-0.3401485840378158,0.7285974651073361,0.7116645729106207,0.1706399298961278,2.968041915185697,0.6406043940520316,Cox_PH,0.9996299973032252,False,60.0,False,False,0.020682523267838676,Large (50-100),False
KIF2B,6,967,0.1703132572843879,1.0087460061764504,1.1856762148623925,0.1641739217158736,8.56304138804332,0.8659251600893539,Cox_PH,0.9996299973032252,False,18.0,False,False,0.0062047569803516025,Small (<20),False
KIF2A,7,967,-15.00866541393311,1695.4027210468669,3.032630021798405e-07,0.0,inf,0.99293676608307,Cox_PH,0.9996299973032252,False,21.0,False,False,0.007238883143743537,Medium (20-50),False
KIF27,10,967,-15.094111398085984,1424.9278647019328,2.784265913652606e-07,0.0,inf,0.991548250605544,Cox_PH,0.9996299973032252,False,30.0,False,False,0.010341261633919338,Medium (20-50),False
KIF26B,13,967,0.0034669824512439,0.7383796878352987,1.0034729993864293,0.2360392425694444,4.266062073137446,0.9962536325801342,Cox_PH,0.9996299973032252,False,39.0,False,False,0.01344364012409514,Medium (20-50),False
KIF24,7,967,1.01754104712132,0.7590491259246418,2.7663839858392976,0.6248802549442917,12.246954991065254,0.1800675669438296,Cox_PH,0.9996299973032252,False,21.0,False,False,0.007238883143743537,Medium (20-50),False
KIF4B,7,967,0.0747709451936,1.0048598509119355,1.0776372846131614,0.1503552633876316,7.723721079151511,0.940684687539677,Cox_PH,0.9996299973032252,False,21.0,False,False,0.007238883143743537,Medium (20-50),False
KIF23,6,967,-15.16355928420707,1856.99740986782,2.597466032091216e-07,0.0,inf,0.993484839922772,Cox_PH,0.9996299973032252,False,18.0,False,False,0.0062047569803516025,Small (<20),False
KIF21A,9,967,0.39893724994148,0.7420431462058313,1.4902401030197057,0.3480297492113299,6.381108424440073,0.5908394070116639,Cox_PH,0.9996299973032252,False,27.0,False,False,0.009307135470527405,Medium (20-50),False
KIF20B,11,967,-15.99987879274051,2234.314364491802,1.1254881562605478e-07,0.0,inf,0.9942864140513368,Cox_PH,0.9996299973032252,False,33.0,False,False,0.011375387797311272,Medium (20-50),False
KIF1B,11,967,1.0810167269309938,0.5302627611927874,2.947675008591365,1.0425834453546106,8.333901708288506,0.0414856212814996,Cox_PH,0.9996299973032252,False,33.0,False,False,0.011375387797311272,Medium (20-50),True
KIF1A,10,967,0.4171668515857758,0.7238968165805832,1.5176557150736298,0.3672652613967113,6.271431337492339,0.5644263179423967,Cox_PH,0.9996299973032252,False,30.0,False,False,0.010341261633919338,Medium (20-50),False
KIF18A,6,967,0.0771372044178622,1.0218194465762795,1.0801902731033477,0.1457840428498217,8.003695077307368,0.9398248113245716,Cox_PH,0.9996299973032252,False,18.0,False,False,0.0062047569803516025,Small (<20),False
KIF17,8,967,-0.2288141399206806,1.02017302913062,0.7954763670671694,0.1077056455453559,5.87511125678097,0.8225320143870332,Cox_PH,0.9996299973032252,False,24.0,False,False,0.008273009307135471,Medium (20-50),False
KIF21B,10,967,-0.2450744434885089,1.0123521585507935,0.7826462731543248,0.1076053755081584,5.692421832921465,0.8087149352019549,Cox_PH,0.9996299973032252,False,30.0,False,False,0.010341261633919338,Medium (20-50),False
KIF16B,16,967,0.6069872661113956,0.5299894437780623,1.8348950127533936,0.6493443979079696,5.184983067035643,0.2520924411543773,Cox_PH,0.9996299973032252,False,48.0,False,False,0.016546018614270942,Medium (20-50),False
KIF5A,5,967,1.1956852082210958,0.7159296908920637,3.305822171149257,0.8125831870745784,13.449035620101974,0.0948965321093453,Cox_PH,0.9996299973032252,False,15.0,False,False,0.005170630816959669,Small (<20),False
KIF5C,13,967,-0.7405396937357448,1.0261293102280098,0.4768564896014174,0.0638158847861018,3.563252510517716,0.4704896271640485,Cox_PH,0.9996299973032252,False,39.0,False,False,0.01344364012409514,Medium (20-50),False
KL,6,967,-14.946086188127882,1848.110476010509,3.228473622442887e-07,0.0,inf,0.9935473979622036,Cox_PH,0.9996299973032252,False,18.0,False,False,0.0062047569803516025,Small (<20),False
KIT,8,967,-14.91734505369317,1594.4498982136083,3.322609928923499e-07,0.0,inf,0.9925352651811954,Cox_PH,0.9996299973032252,False,24.0,False,False,0.008273009307135471,Medium (20-50),False
KIRREL2,5,967,-15.040180630782798,2022.2280493471876,2.938546349634445e-07,0.0,inf,0.9940658437172748,Cox_PH,0.9996299973032252,False,15.0,False,False,0.005170630816959669,Small (<20),False
KIRREL1,7,967,-0.0541175541455305,1.0101739367059528,0.9473207384760852,0.1308035800279674,6.860795257706223,0.9572757582450458,Cox_PH,0.9996299973032252,False,21.0,False,False,0.007238883143743537,Medium (20-50),False
KIR3DL3,5,967,-14.942222647969238,2008.9245674162376,3.240971086615935e-07,0.0,inf,0.9940654522218152,Cox_PH,0.9996299973032252,False,15.0,False,False,0.005170630816959669,Small (<20),False
KIR3DL2,7,967,1.1703022030115708,0.606808932223149,3.2229664815488577,0.9811368740286108,10.587221025070264,0.0537783900361523,Cox_PH,0.9996299973032252,False,21.0,False,False,0.007238883143743537,Medium (20-50),False
KIF5B,9,967,0.505368228031701,0.7230188675738669,1.6575957813282909,0.4018209239536229,6.837931054567155,0.4845710126192888,Cox_PH,0.9996299973032252,False,27.0,False,False,0.009307135470527405,Medium (20-50),False
KIR3DL1,5,967,1.12185011881593,0.7497300925523656,3.0705297963644287,0.7063666354714103,13.347393204762117,0.1345654265705584,Cox_PH,0.9996299973032252,False,15.0,False,False,0.005170630816959669,Small (<20),False
KIR2DL1,7,967,-0.0095799805382741,1.0056369342446645,0.9904657612901374,0.1379825057680258,7.10975944977642,0.9923992420183908,Cox_PH,0.9996299973032252,False,21.0,False,False,0.007238883143743537,Medium (20-50),False
KIFC3,6,967,0.1923444217077821,1.0198415539214851,1.2120879144698775,0.1642205358052722,8.946244787229405,0.8504045615373169,Cox_PH,0.9996299973032252,False,18.0,False,False,0.0062047569803516025,Small (<20),False
KIFC1,8,967,-0.1679951072462159,1.0066072644085005,0.8453579708029507,0.1175436711031344,6.079698652367732,0.8674547092706556,Cox_PH,0.9996299973032252,False,24.0,False,False,0.008273009307135471,Medium (20-50),False
KIFBP,5,967,0.3842260648195997,1.0223446102694775,1.468477375234245,0.1979839382933429,10.891922951748688,0.7070445269276109,Cox_PH,0.9996299973032252,False,15.0,False,False,0.005170630816959669,Small (<20),False
KIFAP3,8,967,-14.99026187533878,1574.8971871424444,3.088957871526364e-07,0.0,inf,0.9924056516100292,Cox_PH,0.9996299973032252,False,24.0,False,False,0.008273009307135471,Medium (20-50),False
KIF6,6,967,0.8299228923661767,0.7209075879024506,2.2931419146999064,0.5581899401864081,9.42062810948809,0.2496419337677677,Cox_PH,0.9996299973032252,False,18.0,False,False,0.0062047569803516025,Small (<20),False
KIR2DL4,7,967,0.7327417278487133,0.7415466001710712,2.0807777203619646,0.4864167031867146,8.901083974274567,0.3230907773156581,Cox_PH,0.9996299973032252,False,21.0,False,False,0.007238883143743537,Medium (20-50),False
KCTD21,5,967,0.4395596015162369,1.012309277649439,1.5520235591588964,0.2134043443214504,11.287385623958588,0.6641325162343896,Cox_PH,0.9996299973032252,False,15.0,False,False,0.005170630816959669,Small (<20),False
KIF15,7,967,-0.0700302294707002,1.0386366114290968,0.9323656345603044,0.1217533517198682,7.139891134242855,0.9462432478237056,Cox_PH,0.9996299973032252,False,21.0,False,False,0.007238883143743537,Medium (20-50),False
KIF13B,6,967,1.0541087603439645,0.7348875306406656,2.869416676030861,0.6795864689402983,12.11553266138869,0.1514635475337861,Cox_PH,0.9996299973032252,False,18.0,False,False,0.0062047569803516025,Small (<20),False
KIAA0232,15,967,-0.81788895625518,1.0178647465131685,0.4413624070793051,0.0600304191487759,3.2450343866507936,0.4216661389940997,Cox_PH,0.9996299973032252,False,45.0,False,False,0.015511892450879007,Medium (20-50),False
KIAA0100,9,967,-0.344150226731957,1.0231124080149143,0.7088224359726387,0.0954215775397042,5.2653630205299,0.73658751679531,Cox_PH,0.9996299973032252,False,27.0,False,False,0.009307135470527405,Medium (20-50),False
KHDC4,6,967,0.1354801538561547,1.0199374493055229,1.145086470058127,0.1551136435088791,8.453305552294136,0.894326383826365,Cox_PH,0.9996299973032252,False,18.0,False,False,0.0062047569803516025,Small (<20),False
KDR,9,967,-0.267380364737366,1.0208146848733424,0.7653818918093851,0.1035006747381155,5.659957693918113,0.7933766379785906,Cox_PH,0.9996299973032252,False,27.0,False,False,0.009307135470527405,Medium (20-50),False
KDM6B,5,967,0.2454585292167417,1.016913933360652,1.2782072742347823,0.1741753410168379,9.380282113234202,0.809263779473281,Cox_PH,0.9996299973032252,False,15.0,False,False,0.005170630816959669,Small (<20),False
KDM6A,19,967,-0.3479549235249663,0.725381905465701,0.7061307053801172,0.1703835071601144,2.92646032113926,0.6314512932953935,Cox_PH,0.9996299973032252,False,57.0,False,False,0.01964839710444674,Large (50-100),False
KIAA0319,11,967,-15.925643882322378,2227.7912456521058,1.2122180353680697e-07,0.0,inf,0.9942962711724568,Cox_PH,0.9996299973032252,False,33.0,False,False,0.011375387797311272,Medium (20-50),False
KDM5C,7,967,-15.04865484343111,1705.820155908753,2.913749697434407e-07,0.0,inf,0.9929611960702884,Cox_PH,0.9996299973032252,False,21.0,False,False,0.007238883143743537,Medium (20-50),False
KDM5A,9,967,-15.092347785747345,1486.4605290802858,2.789180611909369e-07,0.0,inf,0.9918990486757222,Cox_PH,0.9996299973032252,False,27.0,False,False,0.009307135470527405,Medium (20-50),False
KDM4C,9,967,0.4128172419607043,0.7323574686851911,1.5110688407186577,0.3596573894471498,6.3486226291656775,0.5729700869585068,Cox_PH,0.9996299973032252,False,27.0,False,False,0.009307135470527405,Medium (20-50),False
KDM4A,9,967,-0.2485580082113987,1.015235964385033,0.7799246174908161,0.1066267886242378,5.704780354136296,0.8065897518794256,Cox_PH,0.9996299973032252,False,27.0,False,False,0.009307135470527405,Medium (20-50),False
KDM3B,10,967,-0.3559119200361009,1.023092051181029,0.7005343205555962,0.0943095954180812,5.203588586089974,0.7279312916180041,Cox_PH,0.9996299973032252,False,30.0,False,False,0.010341261633919338,Medium (20-50),False
KDM3A,9,967,-14.91163705730185,1506.02830286348,3.3416296048881145e-07,0.0,inf,0.9921000351961884,Cox_PH,0.9996299973032252,False,27.0,False,False,0.009307135470527405,Medium (20-50),False
KDM2A,10,967,-0.5033794128926046,1.0156631030840404,0.6044844017042169,0.0825724577834483,4.425221214342364,0.6201649949367718,Cox_PH,0.9996299973032252,False,30.0,False,False,0.010341261633919338,Medium (20-50),False
KDM5B,15,967,-0.1280688752842418,0.747211054997281,0.8797927810799425,0.2033955765636347,3.805566230680604,0.8639125162619771,Cox_PH,0.9996299973032252,False,45.0,False,False,0.015511892450879007,Medium (20-50),False
KIF14,11,967,-0.4772410099909014,1.030578849011942,0.6204929662669151,0.0823171709902675,4.677171440114667,0.6433066380605488,Cox_PH,0.9996299973032252,False,33.0,False,False,0.011375387797311272,Medium (20-50),False
KIAA0319L,8,967,-0.0795210106010971,1.017288299091677,0.9235586152431,0.1257567143718234,6.782624053518238,0.937693150586548,Cox_PH,0.9996299973032252,False,24.0,False,False,0.008273009307135471,Medium (20-50),False
KIAA0586,5,967,-14.981795463885524,1985.8038291498383,3.115221281365227e-07,0.0,inf,0.9939804578273872,Cox_PH,0.9996299973032252,False,15.0,False,False,0.005170630816959669,Small (<20),False
KIF13A,14,967,0.525527038265737,0.6163402695754447,1.691350019698906,0.5053520872813984,5.660736269092657,0.3938493694153439,Cox_PH,0.9996299973032252,False,42.0,False,False,0.014477766287487074,Medium (20-50),False
KIF11,7,967,0.0419649067409753,1.0367480723708808,1.042857880826859,0.1366870442079805,7.956515307682615,0.9677124934574668,Cox_PH,0.9996299973032252,False,21.0,False,False,0.007238883143743537,Medium (20-50),False
KIDINS220,9,967,-15.09430354773428,1502.1681302429104,2.783730969332869e-07,0.0,inf,0.9919827156183684,Cox_PH,0.9996299973032252,False,27.0,False,False,0.009307135470527405,Medium (20-50),False
KIAA2026,12,967,0.9475835901511136,0.5223675051355994,2.579469067978486,0.9265783049202784,7.18089408884905,0.0696750921734665,Cox_PH,0.9996299973032252,False,36.0,False,False,0.012409513960703205,Medium (20-50),False
KIAA1841,5,967,0.409772277984769,1.0552730465305038,1.5064746885970397,0.1904124265587315,11.918686339956626,0.697787197873732,Cox_PH,0.9996299973032252,False,15.0,False,False,0.005170630816959669,Small (<20),False
KIAA1755,6,967,-15.061786257870372,1840.797491912659,2.875738161406989e-07,0.0,inf,0.9934716161476884,Cox_PH,0.9996299973032252,False,18.0,False,False,0.0062047569803516025,Small (<20),False
KIAA0408,5,967,1.2946601529964057,0.7414533309915963,3.6497554049131327,0.8533475452315319,15.609952346061329,0.080791587078816,Cox_PH,0.9996299973032252,False,15.0,False,False,0.005170630816959669,Small (<20),False
KIAA1614,8,967,0.5264163585681946,0.7358918039332494,1.6928548406447164,0.4001436876947856,7.1618211148194835,0.4743960263931343,Cox_PH,0.9996299973032252,False,24.0,False,False,0.008273009307135471,Medium (20-50),False
KIAA1549L,13,967,-16.048486489240513,2049.0351905078173,1.0720890859036049e-07,0.0,inf,0.9937508595563932,Cox_PH,0.9996299973032252,False,39.0,False,False,0.01344364012409514,Medium (20-50),False
KIAA1522,6,967,-14.894251356148583,1850.976779992695,3.400234142899732e-07,0.0,inf,0.9935797330978118,Cox_PH,0.9996299973032252,False,18.0,False,False,0.0062047569803516025,Small (<20),False
KIAA1328,5,967,0.150470425523759,1.0177104498219611,1.162380927787661,0.1581451406159275,8.543603780819712,0.8824596476771146,Cox_PH,0.9996299973032252,False,15.0,False,False,0.005170630816959669,Small (<20),False
KIAA1217,10,967,-0.3296840704194473,1.0315028002515607,0.7191508985876854,0.0952329237833604,5.430664043413936,0.7492599793862316,Cox_PH,0.9996299973032252,False,30.0,False,False,0.010341261633919338,Medium (20-50),False
KIAA1210,17,967,0.2425792595795695,0.5907590586751722,1.2745322640515626,0.4003930876010359,4.057094246659515,0.6813489927209472,Cox_PH,0.9996299973032252,False,51.0,False,False,0.017580144777662874,Large (50-100),False
KIAA1109,27,967,0.4880631157975175,0.4370565121117912,1.629157672313453,0.6917244142825548,3.837011772977008,0.2641205542209843,Cox_PH,0.9996299973032252,False,81.0,False,False,0.027921406411582212,Large (50-100),False
KIAA1586,5,967,0.3615532373719031,1.0079649562286987,1.4355574452556186,0.1990780984278662,10.351842793874969,0.7198223433504077,Cox_PH,0.9996299973032252,False,15.0,False,False,0.005170630816959669,Small (<20),False
KLC2,5,967,0.1573863698277514,1.0401567333799655,1.1704477522454089,0.1523886935788372,8.989826663403978,0.8797309882462268,Cox_PH,0.9996299973032252,False,15.0,False,False,0.005170630816959669,Small (<20),False
ITIH4,5,967,1.1810535535548798,0.726831834652231,3.2578046671716434,0.783850596591679,13.539941534258965,0.1041766832833675,Cox_PH,0.9996299973032252,False,15.0,False,False,0.005170630816959669,Small (<20),False
ITIH1,6,967,0.1437275257955279,1.0088726420331415,1.1545694752628564,0.159827071303854,8.340456108805665,0.8867139094837984,Cox_PH,0.9996299973032252,False,18.0,False,False,0.0062047569803516025,Small (<20),False
IGF2R,14,967,-15.94721925263424,1964.1499614863772,1.1863441058395279e-07,0.0,inf,0.9935219303594962,Cox_PH,0.9996299973032252,False,42.0,False,False,0.014477766287487074,Medium (20-50),False
IGF2BP2,5,967,-14.89770855128388,2023.494791171306,3.3884991667015733e-07,0.0,inf,0.9941257351823752,Cox_PH,0.9996299973032252,False,15.0,False,False,0.005170630816959669,Small (<20),False
IGF1R,9,967,1.0751430963360356,0.609132079998059,2.9304122017818988,0.8880246472525158,9.670132128562845,0.0775568750933856,Cox_PH,0.9996299973032252,False,27.0,False,False,0.009307135470527405,Medium (20-50),False
IGDCC3,7,967,-14.877522970235212,1711.587927233778,3.457592994745687e-07,0.0,inf,0.9930646879344952,Cox_PH,0.9996299973032252,False,21.0,False,False,0.007238883143743537,Medium (20-50),False
IFT172,9,967,-0.3366616507781198,1.0236513457322285,0.7141504312720157,0.0960373319705453,5.310547763263838,0.7422440317494359,Cox_PH,0.9996299973032252,False,27.0,False,False,0.009307135470527405,Medium (20-50),False
IFT122,7,967,0.0488298566353894,1.0112585535227925,1.0500416779163997,0.1446791266604732,7.620916374129024,0.9614881337198192,Cox_PH,0.9996299973032252,False,21.0,False,False,0.007238883143743537,Medium (20-50),False
IGHMBP2,5,967,-14.988742750281425,2013.1192929685155,3.0936539508929257e-07,0.0,inf,0.9940593803987284,Cox_PH,0.9996299973032252,False,15.0,False,False,0.005170630816959669,Small (<20),False
IFIT1,5,967,0.4000365449115753,1.0374204438955552,1.4918792172391324,0.1952826026649957,11.397347067563445,0.699787776906512,Cox_PH,0.9996299973032252,False,15.0,False,False,0.005170630816959669,Small (<20),False
IFI44,6,967,-14.977006761532442,1825.1430698719284,3.130174924542817e-07,0.0,inf,0.9934526840399904,Cox_PH,0.9996299973032252,False,18.0,False,False,0.0062047569803516025,Small (<20),False
IFI16,6,967,-14.97824455047129,1811.9036965445437,3.126302825559581e-07,0.0,inf,0.9934042995853511,Cox_PH,0.9996299973032252,False,18.0,False,False,0.0062047569803516025,Small (<20),False
IDH1,5,967,1.065376654675341,0.7227654575410599,2.9019318044204208,0.7038122546649099,11.965134368846927,0.1404740029513898,Cox_PH,0.9996299973032252,False,15.0,False,False,0.005170630816959669,Small (<20),False
IDE,5,967,0.3525528643514746,1.0150367867706784,1.422694863602015,0.1945785701761138,10.402279516637268,0.7283433137414962,Cox_PH,0.9996299973032252,False,15.0,False,False,0.005170630816959669,Small (<20),False
ICE1,19,967,-0.4535501179864301,0.7307881267075323,0.6353685098227952,0.1516932565227565,2.661246468882279,0.5348421209577539,Cox_PH,0.9996299973032252,False,57.0,False,False,0.01964839710444674,Large (50-100),False
ICA1L,5,967,-15.088518414069862,2021.7074275240336,2.799881897671253e-07,0.0,inf,0.9940452392054504,Cox_PH,0.9996299973032252,False,15.0,False,False,0.005170630816959669,Small (<20),False
IFIH1,6,967,-0.0746973890816957,1.0156527813908356,0.9280242741194844,0.1267705092898341,6.793607268595703,0.9413714918912238,Cox_PH,0.9996299973032252,False,18.0,False,False,0.0062047569803516025,Small (<20),False
IBTK,7,967,-14.937590071222305,1713.8644301769953,3.256019964536882e-07,0.0,inf,0.993045936779258,Cox_PH,0.9996299973032252,False,21.0,False,False,0.007238883143743537,Medium (20-50),False
IGKV3D-20,5,967,0.4768322973427141,1.0286584681542867,1.6109632585802092,0.2145230042937764,12.097549300313686,0.6429718112417739,Cox_PH,0.9996299973032252,False,15.0,False,False,0.005170630816959669,Small (<20),False
IGSF10,15,967,-0.8151757305377807,1.015102308184122,0.4425615489485323,0.0605203108002487,3.2362808785661303,0.4219470756781948,Cox_PH,0.9996299973032252,False,45.0,False,False,0.015511892450879007,Medium (20-50),False
IL1R2,5,967,0.4241879742548783,1.0058335825994826,1.5283488570217576,0.2128333428124078,10.975020163163723,0.6732237175371725,Cox_PH,0.9996299973032252,False,15.0,False,False,0.005170630816959669,Small (<20),False
IL18R1,7,967,-15.051261842692886,1708.7853811287991,2.9061634470953405e-07,0.0,inf,0.9929721928258256,Cox_PH,0.9996299973032252,False,21.0,False,False,0.007238883143743537,Medium (20-50),False
IL16,5,967,1.2351610305135017,0.7321276749862706,3.4389322491463172,0.8188869716064211,14.44186490233058,0.0915871633120649,Cox_PH,0.9996299973032252,False,15.0,False,False,0.005170630816959669,Small (<20),False
IL13RA2,6,967,-14.965579814494037,1800.0170758256927,3.166148409745622e-07,0.0,inf,0.9933663587575784,Cox_PH,0.9996299973032252,False,18.0,False,False,0.0062047569803516025,Small (<20),False
IL12RB2,5,967,0.9500535373448606,0.7353515175684991,2.5858480950512943,0.6118700001499262,10.928155276516238,0.1963668572057345,Cox_PH,0.9996299973032252,False,15.0,False,False,0.005170630816959669,Small (<20),False
IL12RB1,5,967,1.3297779767402618,0.7251766242816985,3.7802040011757607,0.9124990753401496,15.66022659823344,0.0666941147210333,Cox_PH,0.9996299973032252,False,15.0,False,False,0.005170630816959669,Small (<20),False
IGSF1,14,967,0.0204375921816779,0.7153079510720088,1.0206478698487431,0.251184891394498,4.147232217843475,0.9772061517796008,Cox_PH,0.9996299973032252,False,42.0,False,False,0.014477766287487074,Medium (20-50),False
IL11RA,6,967,0.1787989414298338,1.0039935874297412,1.195780298119851,0.1671224519694319,8.55594508410599,0.8586540760798169,Cox_PH,0.9996299973032252,False,18.0,False,False,0.0062047569803516025,Small (<20),False
IKBKE,5,967,0.5158741989915354,1.0226221204807855,1.6751022345916438,0.2257188327440424,12.43125113763011,0.6139366223792035,Cox_PH,0.9996299973032252,False,15.0,False,False,0.005170630816959669,Small (<20),False
IKBKB,7,967,-0.039152396155677,1.0065512590248271,0.961604153203138,0.1337219193752815,6.914966160951256,0.9689720554691854,Cox_PH,0.9996299973032252,False,21.0,False,False,0.007238883143743537,Medium (20-50),False
IGSF9B,7,967,1.316961005486516,0.6208356089836352,3.732062408897109,1.1053070966498644,12.60128507825464,0.0338989447830905,Cox_PH,0.9996299973032252,False,21.0,False,False,0.007238883143743537,Medium (20-50),True
IGSF9,6,967,0.0443669594963032,1.0325884340081093,1.045365891453928,0.1381374090927973,7.910889991292342,0.9657280464318582,Cox_PH,0.9996299973032252,False,18.0,False,False,0.0062047569803516025,Small (<20),False
IGSF8,6,967,0.2253327070487678,1.016466144604428,1.252739442106854,0.1708548460658022,9.185318098649525,0.8245610917247156,Cox_PH,0.9996299973032252,False,18.0,False,False,0.0062047569803516025,Small (<20),False
IGSF3,5,967,0.2933473432344324,1.020713068839689,1.3409084650358614,0.1813638087979497,9.913970838624978,0.7738102561403263,Cox_PH,0.9996299973032252,False,15.0,False,False,0.005170630816959669,Small (<20),False
IKZF3,5,967,0.3736269769203624,1.0266168596311316,1.4529950486671468,0.1942630582692181,10.867710156840314,0.7159027872863681,Cox_PH,0.9996299973032252,False,15.0,False,False,0.005170630816959669,Small (<20),False
IL1RAP,8,967,-15.014751495954046,1592.4208190201314,3.01422923788432e-07,0.0,inf,0.9924769503448748,Cox_PH,0.9996299973032252,False,24.0,False,False,0.008273009307135471,Medium (20-50),False
IBSP,6,967,-14.960824702125407,1831.508337887911,3.181239653052791e-07,0.0,inf,0.9934824876031656,Cox_PH,0.9996299973032252,False,18.0,False,False,0.0062047569803516025,Small (<20),False
IARS1,10,967,0.926222367124064,0.5964815737248745,2.5249527940430445,0.7843644418229665,8.12809234101502,0.1204686072267227,Cox_PH,0.9996299973032252,False,30.0,False,False,0.010341261633919338,Medium (20-50),False
HSP90AA1,5,967,1.1491007477539148,0.7568488430414722,3.1553541741830955,0.7158225452225064,13.908838204362336,0.1289463955740051,Cox_PH,0.9996299973032252,False,15.0,False,False,0.005170630816959669,Small (<20),False
HSDL2,5,967,-15.198567306552864,2023.8514465258588,2.508107148148784e-07,0.0,inf,0.9940081628821348,Cox_PH,0.9996299973032252,False,15.0,False,False,0.005170630816959669,Small (<20),False
HSD3B2,7,967,0.0643948871030515,1.0077949880130723,1.066513468032378,0.1479496465084211,7.688095269830248,0.9490523905756127,Cox_PH,0.9996299973032252,False,21.0,False,False,0.007238883143743537,Medium (20-50),False
HSD17B4,8,967,0.6087837574981155,0.717335601968807,1.8381943485661745,0.4505915416970222,7.498938951172397,0.3960629636582781,Cox_PH,0.9996299973032252,False,24.0,False,False,0.008273009307135471,Medium (20-50),False
HS6ST2,6,967,0.259502437351047,1.0093875845095204,1.2962849432092969,0.1792637259157502,9.373645702203344,0.7971100745892767,Cox_PH,0.9996299973032252,False,18.0,False,False,0.0062047569803516025,Small (<20),False
HS3ST4,5,967,0.2086229488333276,1.0093421634526647,1.2319803913015526,0.1703861935675898,8.907856046149927,0.8362504068196743,Cox_PH,0.9996299973032252,False,15.0,False,False,0.005170630816959669,Small (<20),False
HSP90AB1,6,967,0.990267279748471,0.7157780747017626,2.6919538809595016,0.6618887777065801,10.948388824965694,0.1665166101966698,Cox_PH,0.9996299973032252,False,18.0,False,False,0.0062047569803516025,Small (<20),False
HS3ST2,5,967,-14.954374754936325,2010.4154172128303,3.201824795988305e-07,0.0,inf,0.994065030242294,Cox_PH,0.9996299973032252,False,15.0,False,False,0.005170630816959669,Small (<20),False
HRG,5,967,0.3296160107153442,1.0230421287055993,1.3904341141416028,0.1872058320056409,10.327173064301167,0.7473072290156872,Cox_PH,0.9996299973032252,False,15.0,False,False,0.005170630816959669,Small (<20),False
HRC,7,967,0.7811215875747427,0.7301398617434384,2.183920350299945,0.5220705528884991,9.135753913078638,0.2846982658874282,Cox_PH,0.9996299973032252,False,21.0,False,False,0.007238883143743537,Medium (20-50),False
HPS4,5,967,-14.91098128601526,1994.0043600564652,3.343821668300987e-07,0.0,inf,0.9940335482142082,Cox_PH,0.9996299973032252,False,15.0,False,False,0.005170630816959669,Small (<20),False
HPS3,10,967,0.5542600113412673,0.721730625555377,1.7406524450123646,0.4230216095867327,7.162449543151068,0.4425111468112747,Cox_PH,0.9996299973032252,False,30.0,False,False,0.010341261633919338,Medium (20-50),False
HPD,5,967,-14.876431139571183,1991.4341407991071,3.461370162439609e-07,0.0,inf,0.9940396902473956,Cox_PH,0.9996299973032252,False,15.0,False,False,0.005170630816959669,Small (<20),False
HOXB2,5,967,0.4706911205552841,1.012641373018614,1.6011003642973836,0.2200091878469372,11.651887821778992,0.6420637888509981,Cox_PH,0.9996299973032252,False,15.0,False,False,0.005170630816959669,Small (<20),False
HRNR,18,967,0.329429821896252,0.5895510831292772,1.3901752549549562,0.4377574447808324,4.4147444264634865,0.5763113321006584,Cox_PH,0.9996299973032252,False,54.0,False,False,0.01861427094105481,Large (50-100),False
IARS2,5,967,1.3747406055705316,0.7442014603653473,3.954050931098626,0.919528484888942,17.00275632854397,0.0647081015542436,Cox_PH,0.9996299973032252,False,15.0,False,False,0.005170630816959669,Small (<20),False
HSPA12A,7,967,-14.850950541773196,1701.0072933594402,3.5507012144718345e-07,0.0,inf,0.993034013632447,Cox_PH,0.9996299973032252,False,21.0,False,False,0.007238883143743537,Medium (20-50),False
HSPA4,6,967,0.2544365501005169,1.0275327323327594,1.2897347152090153,0.172126156109265,9.663932973436932,0.8044292669931021,Cox_PH,0.9996299973032252,False,18.0,False,False,0.0062047569803516025,Small (<20),False
HYOU1,6,967,-15.009434343793536,1844.0356980531249,3.030299038315273e-07,0.0,inf,0.9935057310933548,Cox_PH,0.9996299973032252,False,18.0,False,False,0.0062047569803516025,Small (<20),False
HYDIN,24,967,-0.0375791918246172,0.601442318512747,0.9631181436176038,0.29629309282173,3.1306722331307406,0.9501791641602227,Cox_PH,0.9996299973032252,False,72.0,False,False,0.02481902792140641,Large (50-100),False
HUWE1,35,967,0.3226845287059886,0.4416365566274827,1.3808296700640197,0.5810472952356148,3.281472254261068,0.4649891193004664,Cox_PH,0.9996299973032252,False,105.0,False,False,0.03619441571871768,Very Large (>100),False
HTT,18,967,-0.3410630494084732,0.7215498529099522,0.7110140777761387,0.1728552463368279,2.924649552208263,0.6364406421575027,Cox_PH,0.9996299973032252,False,54.0,False,False,0.01861427094105481,Large (50-100),False
HTR5A,6,967,-14.85006301050464,1827.9782152226353,3.553853971703332e-07,0.0,inf,0.9935182456883396,Cox_PH,0.9996299973032252,False,18.0,False,False,0.0062047569803516025,Small (<20),False
HTR2A,5,967,0.4201686697577978,1.0176814466848323,1.5222182861563278,0.2071137818941132,11.187804546456244,0.6797029196030524,Cox_PH,0.9996299973032252,False,15.0,False,False,0.005170630816959669,Small (<20),False
HSPA14,6,967,-15.128414471823296,1835.6621030387917,2.69037658741001e-07,0.0,inf,0.9934243934784588,Cox_PH,0.9996299973032252,False,18.0,False,False,0.0062047569803516025,Small (<20),False
HTR1A,5,967,0.4934254740809394,1.0160702410349851,1.6379172644983595,0.2235607257290291,12.000197962290985,0.627235606076135,Cox_PH,0.9996299973032252,False,15.0,False,False,0.005170630816959669,Small (<20),False
HSPH1,5,967,-15.025861691738502,1978.816237351228,2.9809259067465117e-07,0.0,inf,0.99394143446989,Cox_PH,0.9996299973032252,False,15.0,False,False,0.005170630816959669,Small (<20),False
HSPG2,12,967,-0.5073902993541706,1.0102793053004255,0.6020647391409029,0.0831143641936027,4.361243133286261,0.6155073270893214,Cox_PH,0.9996299973032252,False,36.0,False,False,0.012409513960703205,Medium (20-50),False
HSPD1,7,967,0.6457751051849906,0.7181655316034034,1.9074649423959065,0.4668116896642324,7.79419750410804,0.3685456515464258,Cox_PH,0.9996299973032252,False,21.0,False,False,0.007238883143743537,Medium (20-50),False
HSPBAP1,5,967,-14.999501416473755,2010.0326528201952,3.060548763872329e-07,0.0,inf,0.9940459875067618,Cox_PH,0.9996299973032252,False,15.0,False,False,0.005170630816959669,Small (<20),False
HSPA8,7,967,-0.0204303952626938,1.0158393557209302,0.9797768912142836,0.1337911158160481,7.1750859592007314,0.9839541577134628,Cox_PH,0.9996299973032252,False,21.0,False,False,0.007238883143743537,Medium (20-50),False
HSPA5,7,967,-15.095603139062945,1715.258152999725,2.78011560645975e-07,0.0,inf,0.9929780871882125,Cox_PH,0.9996299973032252,False,21.0,False,False,0.007238883143743537,Medium (20-50),False
HTATSF1,13,967,0.2190094502295376,0.7218852035570367,1.2448430406844178,0.3024360137309161,5.123841492366613,0.7615961507545349,Cox_PH,0.9996299973032252,False,39.0,False,False,0.01344364012409514,Medium (20-50),False
ITIH3,6,967,-15.011524528739706,1850.2798389477364,3.0239717677694037e-07,0.0,inf,0.9935267455187656,Cox_PH,0.9996299973032252,False,18.0,False,False,0.0062047569803516025,Small (<20),False
IL1RAPL1,10,967,0.5410156920398076,0.7272475557073764,1.7177506821371422,0.4129662051279046,7.145057802172291,0.4569234686855605,Cox_PH,0.9996299973032252,False,30.0,False,False,0.010341261633919338,Medium (20-50),False
IL23R,5,967,-14.867545875661053,2023.7409840948403,3.49226238937863e-07,0.0,inf,0.994138341468917,Cox_PH,0.9996299973032252,False,15.0,False,False,0.005170630816959669,Small (<20),False
IRS1,5,967,0.9751241710508924,0.7354371123802912,2.6514964296405763,0.6272986291408281,11.207474382696915,0.1848691726937201,Cox_PH,0.9996299973032252,False,15.0,False,False,0.005170630816959669,Small (<20),False
IRF9,5,967,-15.045835158732304,2015.2059074125325,2.921977146827887e-07,0.0,inf,0.9940429273244604,Cox_PH,0.9996299973032252,False,15.0,False,False,0.005170630816959669,Small (<20),False
IREB2,15,967,-0.7626822586431579,1.0180252977229978,0.4664137055065469,0.0634177275557214,3.4302986415463503,0.4537498668053777,Cox_PH,0.9996299973032252,False,45.0,False,False,0.015511892450879007,Medium (20-50),False
IRAG1,5,967,0.4249252474896038,1.0083480300742431,1.5294760832131524,0.2119432155313471,11.037376607014142,0.6734576701710943,Cox_PH,0.9996299973032252,False,15.0,False,False,0.005170630816959669,Small (<20),False
IQUB,6,967,0.261784541771663,1.0093255388300897,1.2992465789041787,0.1796951429287003,9.393919308458964,0.795353002505723,Cox_PH,0.9996299973032252,False,18.0,False,False,0.0062047569803516025,Small (<20),False
IQSEC3,5,967,-15.148907451666432,1989.3343784853848,2.635803843168511e-07,0.0,inf,0.9939241171919307,Cox_PH,0.9996299973032252,False,15.0,False,False,0.005170630816959669,Small (<20),False
IRS4,14,967,0.1179746944948418,0.7190656488998131,1.1252156368569604,0.2748873291784675,4.605924300735619,0.8696786728834078,Cox_PH,0.9996299973032252,False,42.0,False,False,0.014477766287487074,Medium (20-50),False
IQSEC2,8,967,-0.1514979000471844,1.0157381247375654,0.8594196870118235,0.1173793097277098,6.292439443858294,0.8814348387451133,Cox_PH,0.9996299973032252,False,24.0,False,False,0.008273009307135471,Medium (20-50),False
IQGAP2,6,967,-14.874277692012225,1840.1662332217525,3.468832073099599e-07,0.0,inf,0.993550676523184,Cox_PH,0.9996299973032252,False,18.0,False,False,0.0062047569803516025,Small (<20),False
IQGAP1,6,967,0.9440568218608432,0.7426056144276391,2.570387901261913,0.5996253818068908,11.018369407653536,0.2036304166454551,Cox_PH,0.9996299973032252,False,18.0,False,False,0.0062047569803516025,Small (<20),False
IQCH,6,967,0.1129694142409483,1.015417033183841,1.1195976886797545,0.153010616547239,8.192235367603105,0.9114147694177092,Cox_PH,0.9996299973032252,False,18.0,False,False,0.0062047569803516025,Small (<20),False
IQCB1,6,967,-14.810112607910394,1826.8155525739985,3.698706052881069e-07,0.0,inf,0.993531568780195,Cox_PH,0.9996299973032252,False,18.0,False,False,0.0062047569803516025,Small (<20),False
IQCA1,5,967,1.0374102708039492,0.7266439349095938,2.8218995876140074,0.6792188836295892,11.723933881259372,0.1533858646347883,Cox_PH,0.9996299973032252,False,15.0,False,False,0.005170630816959669,Small (<20),False
IPO8,9,967,-15.005582134653624,1496.9001751287924,3.041994896950704e-07,0.0,inf,0.992001790105173,Cox_PH,0.9996299973032252,False,27.0,False,False,0.009307135470527405,Medium (20-50),False
IQGAP3,12,967,-0.540755795190666,1.0227587311755326,0.5823079804461372,0.0784445786261664,4.322575122841595,0.5969978023709219,Cox_PH,0.9996299973032252,False,36.0,False,False,0.012409513960703205,Medium (20-50),False
IPO5,5,967,0.2652960595097619,1.01086639402112,1.3038169260433703,0.1797834742938011,9.455477391982946,0.7929789712951271,Cox_PH,0.9996299973032252,False,15.0,False,False,0.005170630816959669,Small (<20),False
ISLR,5,967,0.3094760373154158,1.0081246626704394,1.3627109173717131,0.1889168511899704,9.829620982072786,0.7588571394334953,Cox_PH,0.9996299973032252,False,15.0,False,False,0.005170630816959669,Small (<20),False
ITGA1,9,967,-15.032069996296888,1488.750988723864,2.962476739134359e-07,0.0,inf,0.991943815411456,Cox_PH,0.9996299973032252,False,27.0,False,False,0.009307135470527405,Medium (20-50),False
ITGB8,5,967,1.3614601915426408,0.7496886395594863,3.9018866459779087,0.8976908437091652,16.959869318877956,0.069365129610718,Cox_PH,0.9996299973032252,False,15.0,False,False,0.005170630816959669,Small (<20),False
ITGB6,6,967,1.017387057388819,0.7482230277972916,2.765958023907047,0.6381830802940466,11.98797653251909,0.1739129440661622,Cox_PH,0.9996299973032252,False,18.0,False,False,0.0062047569803516025,Small (<20),False
ITGB4,9,967,-14.96103401143124,1496.586738387923,3.180573859670125e-07,0.0,inf,0.9920238640877403,Cox_PH,0.9996299973032252,False,27.0,False,False,0.009307135470527405,Medium (20-50),False
ITGB2,10,967,-14.975747447072592,1419.0910027827415,3.134119282159171e-07,0.0,inf,0.9915800354812176,Cox_PH,0.9996299973032252,False,30.0,False,False,0.010341261633919338,Medium (20-50),False
ITGAX,8,967,-0.215427044622542,1.01345829994861,0.8061970845252898,0.110603304486717,5.876440510646168,0.8316652874129412,Cox_PH,0.9996299973032252,False,24.0,False,False,0.008273009307135471,Medium (20-50),False
ITGAV,9,967,-15.053308367477609,1503.530030714798,2.900221993312316e-07,0.0,inf,0.9920117314365332,Cox_PH,0.9996299973032252,False,27.0,False,False,0.009307135470527405,Medium (20-50),False
ITCH,5,967,0.5202119528460843,1.017549377568914,1.6823841980308147,0.2289652972764063,12.36177107820368,0.6091830065589199,Cox_PH,0.9996299973032252,False,15.0,False,False,0.005170630816959669,Small (<20),False
ITGAL,6,967,-15.06409142125356,1827.7233538615635,2.8691167497475885e-07,0.0,inf,0.9934239118503484,Cox_PH,0.9996299973032252,False,18.0,False,False,0.0062047569803516025,Small (<20),False
ITGA8,10,967,0.4682372179662,0.7369548273990352,1.597176236650686,0.3767421628299187,6.7711346979586455,0.5251886960173773,Cox_PH,0.9996299973032252,False,30.0,False,False,0.010341261633919338,Medium (20-50),False
ITGA6,8,967,1.1757986913847849,0.594799832640581,3.240730253803456,1.0100410962777069,10.397926001844027,0.0480645492723678,Cox_PH,0.9996299973032252,False,24.0,False,False,0.008273009307135471,Medium (20-50),True
ITGA4,7,967,-0.0619492174527613,1.0097496158701211,0.9399306176501232,0.129891152909373,6.801614630463338,0.9510796208989768,Cox_PH,0.9996299973032252,False,21.0,False,False,0.007238883143743537,Medium (20-50),False
ITGA2,7,967,-15.009761860933986,1695.4067259724843,3.02930672594806e-07,0.0,inf,0.9929362667829011,Cox_PH,0.9996299973032252,False,21.0,False,False,0.007238883143743537,Medium (20-50),False
ITGA11,7,967,-14.978039104766433,1688.0690326669308,3.126945177029091e-07,0.0,inf,0.9929205564976596,Cox_PH,0.9996299973032252,False,21.0,False,False,0.007238883143743537,Medium (20-50),False
ITGA10,9,967,1.0400507136872923,0.6241089057244569,2.8293604980167695,0.8325993361588087,9.614805681529855,0.0956224071063193,Cox_PH,0.9996299973032252,False,27.0,False,False,0.009307135470527405,Medium (20-50),False
ITGA9,5,967,0.410200723745264,1.0281156575733552,1.5071202695790038,0.2009084464279551,11.30570440098648,0.6899056915506615,Cox_PH,0.9996299973032252,False,15.0,False,False,0.005170630816959669,Small (<20),False
IL1RL2,9,967,-14.975962754015114,1509.2331996513697,3.133444557158126e-07,0.0,inf,0.9920828051105536,Cox_PH,0.9996299973032252,False,27.0,False,False,0.009307135470527405,Medium (20-50),False
IP6K3,6,967,0.39788477966116,1.0236918001509936,1.4886724946760352,0.2001774314181148,11.070907348071916,0.6975155886304278,Cox_PH,0.9996299973032252,False,18.0,False,False,0.0062047569803516025,Small (<20),False
INTS8,9,967,-15.008568332207702,1481.7051854349393,3.032924449044969e-07,0.0,inf,0.9919181627391044,Cox_PH,0.9996299973032252,False,27.0,False,False,0.009307135470527405,Medium (20-50),False
INCENP,6,967,-15.194147805988417,1835.802202348948,2.5192162593855064e-07,0.0,inf,0.9933963269434428,Cox_PH,0.9996299973032252,False,18.0,False,False,0.0062047569803516025,Small (<20),False
IMPG2,8,967,-0.0259140328828138,1.030210466138283,0.9744188539880158,0.1293638184012731,7.339703749792634,0.9799320360227494,Cox_PH,0.9996299973032252,False,24.0,False,False,0.008273009307135471,Medium (20-50),False
IMPG1,9,967,0.5428623965621721,0.7202135862190332,1.7209257909316804,0.4194729517837633,7.060253981335406,0.4509981799713837,Cox_PH,0.9996299973032252,False,27.0,False,False,0.009307135470527405,Medium (20-50),False
IMMT,5,967,-14.835650442967806,2003.2983983260424,3.605445018764616e-07,0.0,inf,0.9940912306168792,Cox_PH,0.9996299973032252,False,15.0,False,False,0.005170630816959669,Small (<20),False
ILVBL,5,967,-14.874061273090891,2023.0800680854911,3.4695828752361026e-07,0.0,inf,0.994133857025145,Cox_PH,0.9996299973032252,False,15.0,False,False,0.005170630816959669,Small (<20),False
ILF3,5,967,0.4279631506271809,1.0102208468488691,1.534129548214313,0.2118091365327989,11.11167114521427,0.6718332951200015,Cox_PH,0.9996299973032252,False,15.0,False,False,0.005170630816959669,Small (<20),False
ING1,5,967,0.4465422715201939,1.0207687926515636,1.5628987522658209,0.2113658919812236,11.556512202314307,0.6617800835804406,Cox_PH,0.9996299973032252,False,15.0,False,False,0.005170630816959669,Small (<20),False
ILF2,7,967,0.0417649417096856,1.0064806420532384,1.042649366566564,0.1450122413945017,7.496730559761393,0.9669004650238088,Cox_PH,0.9996299973032252,False,21.0,False,False,0.007238883143743537,Medium (20-50),False
IL7R,5,967,0.2967462026951887,1.0062663863954553,1.345473778492706,0.1872078251794707,9.670000102164304,0.7680716040353819,Cox_PH,0.9996299973032252,False,15.0,False,False,0.005170630816959669,Small (<20),False
IL6ST,7,967,-15.064520746955584,1713.263177289344,2.8678852285655733e-07,0.0,inf,0.992984385705012,Cox_PH,0.9996299973032252,False,21.0,False,False,0.007238883143743537,Medium (20-50),False
IL5RA,5,967,0.4247493654434474,1.0370604179435967,1.5292070994854874,0.2003100117618526,11.674275951303995,0.6821210325638772,Cox_PH,0.9996299973032252,False,15.0,False,False,0.005170630816959669,Small (<20),False
IL4R,9,967,0.3824482280671032,0.734659775770135,1.4658689815224768,0.347328266782335,6.186573557332562,0.6026602933579241,Cox_PH,0.9996299973032252,False,27.0,False,False,0.009307135470527405,Medium (20-50),False
IL31RA,5,967,-14.966278855075863,2020.8918573854464,3.1639359169203496e-07,0.0,inf,0.9940910971394828,Cox_PH,0.9996299973032252,False,15.0,False,False,0.005170630816959669,Small (<20),False
IL27RA,6,967,-14.854431780332428,1846.638560500253,3.538361867059441e-07,0.0,inf,0.9935818550454584,Cox_PH,0.9996299973032252,False,18.0,False,False,0.0062047569803516025,Small (<20),False
IL9R,5,967,1.1269466909277122,0.7193743118736272,3.086218919305735,0.7534994729804251,12.640681990401474,0.1172163807684156,Cox_PH,0.9996299973032252,False,15.0,False,False,0.005170630816959669,Small (<20),False
INTU,7,967,0.7615980769373131,0.7208867816338569,2.141696082283707,0.5213466960494632,8.798103342030574,0.2907517543691719,Cox_PH,0.9996299973032252,False,21.0,False,False,0.007238883143743537,Medium (20-50),False
INMT,5,967,0.1934693678277186,1.0135639930388842,1.2134522153048704,0.1664407217418117,8.846790998133468,0.8486193988542616,Cox_PH,0.9996299973032252,False,15.0,False,False,0.005170630816959669,Small (<20),False
INO80D,9,967,-0.3624169544771159,1.0439369859288483,0.6959921103074568,0.0899471101047538,5.38544281240477,0.7284683919658994,Cox_PH,0.9996299973032252,False,27.0,False,False,0.009307135470527405,Medium (20-50),False
INTS7,8,967,-14.905054562812069,1580.75702977255,3.363698417582826e-07,0.0,inf,0.9924768092310826,Cox_PH,0.9996299973032252,False,24.0,False,False,0.008273009307135471,Medium (20-50),False
INTS6L,7,967,-14.939736840020206,1675.928014692226,3.249037539978861e-07,0.0,inf,0.9928875062700598,Cox_PH,0.9996299973032252,False,21.0,False,False,0.007238883143743537,Medium (20-50),False
INTS6,11,967,-0.35037831742488,1.017740181272455,0.7044215443578238,0.0958329149924166,5.177863077573369,0.7306425745855913,Cox_PH,0.9996299973032252,False,33.0,False,False,0.011375387797311272,Medium (20-50),False
INTS4,6,967,-14.958660055161875,1848.968058428122,3.188133372350484e-07,0.0,inf,0.9935449649029576,Cox_PH,0.9996299973032252,False,18.0,False,False,0.0062047569803516025,Small (<20),False
INTS3,7,967,-14.890219979978689,1715.099787148515,3.413969433254448e-07,0.0,inf,0.9930729818346268,Cox_PH,0.9996299973032252,False,21.0,False,False,0.007238883143743537,Medium (20-50),False
INTS2,6,967,-15.046230815228038,1824.3375538873163,2.920821276268286e-07,0.0,inf,0.9934195186957182,Cox_PH,0.9996299973032252,False,18.0,False,False,0.0062047569803516025,Small (<20),False
INO80,7,967,0.7427158336365517,0.7261765432704897,2.101635463217455,0.5063180797047792,8.723511557850378,0.3064138374176511,Cox_PH,0.9996299973032252,False,21.0,False,False,0.007238883143743537,Medium (20-50),False
INTS1,7,967,0.8740519051139634,0.7480050922843793,2.3966020103832033,0.5531986742180213,10.382709619273523,0.242600852087132,Cox_PH,0.9996299973032252,False,21.0,False,False,0.007238883143743537,Medium (20-50),False
INSR,9,967,0.5470390466981819,0.74684214371454,1.7281285270542228,0.3998077169874978,7.469661237459269,0.4638820888191056,Cox_PH,0.9996299973032252,False,27.0,False,False,0.009307135470527405,Medium (20-50),False
INPPL1,9,967,-0.3562436277886682,1.0263001738729307,0.7003019864261746,0.0936873627047895,5.234674752642755,0.7285053326992934,Cox_PH,0.9996299973032252,False,27.0,False,False,0.009307135470527405,Medium (20-50),False
INPP5F,7,967,-14.992488423031553,1707.271703235013,3.082087810601801e-07,0.0,inf,0.9929934284779875,Cox_PH,0.9996299973032252,False,21.0,False,False,0.007238883143743537,Medium (20-50),False
INPP5D,6,967,1.0639875390432647,0.7212690415654908,2.897903484136787,0.7048996812282274,11.913531566278492,0.1401694209111239,Cox_PH,0.9996299973032252,False,18.0,False,False,0.0062047569803516025,Small (<20),False
INPP5B,7,967,-14.92571640319993,1707.9294445017292,3.294911299147842e-07,0.0,inf,0.993027319054246,Cox_PH,0.9996299973032252,False,21.0,False,False,0.007238883143743537,Medium (20-50),False
INPP4B,5,967,1.3788096877871625,0.7297714590430432,3.970173068331876,0.9497634057942068,16.596000747498884,0.0588420134840811,Cox_PH,0.9996299973032252,False,15.0,False,False,0.005170630816959669,Small (<20),False
INSRR,8,967,-15.047455057048523,1580.9707825859232,2.91724767263555e-07,0.0,inf,0.9924059628854096,Cox_PH,0.9996299973032252,False,24.0,False,False,0.008273009307135471,Medium (20-50),False
HORMAD1,6,967,0.2532756551443133,1.032901939816912,1.288238337420055,0.1701266453061694,9.754838879072434,0.8062955050659564,Cox_PH,0.9996299973032252,False,18.0,False,False,0.0062047569803516025,Small (<20),False
KLC4,5,967,-15.123473583402724,2022.047313560144,2.703702331335236e-07,0.0,inf,0.9940324474626407,Cox_PH,0.9996299973032252,False,15.0,False,False,0.005170630816959669,Small (<20),False
KLF15,7,967,-0.0374202843893852,1.0159466906887828,0.9632712024123996,0.1315095510899166,7.05569596814003,0.9706182245382072,Cox_PH,0.9996299973032252,False,21.0,False,False,0.007238883143743537,Medium (20-50),False
MAN2A2,7,967,0.0410655984341173,1.0208403146548284,1.0419204516538596,0.1408892133608593,7.705332450072253,0.9679119529389992,Cox_PH,0.9996299973032252,False,21.0,False,False,0.007238883143743537,Medium (20-50),False
MAN2A1,8,967,-15.051808440386896,1572.336735590941,2.904575378913485e-07,0.0,inf,0.992362054596686,Cox_PH,0.9996299973032252,False,24.0,False,False,0.008273009307135471,Medium (20-50),False
MAN1B1,5,967,0.3962638620619393,1.0195490260475455,1.4862614338233202,0.2014826049746152,10.96359186912865,0.6975233671389698,Cox_PH,0.9996299973032252,False,15.0,False,False,0.005170630816959669,Small (<20),False
MAN1A1,8,967,-15.043503276819896,1589.4491743826295,2.928798803042252e-07,0.0,inf,0.9924484532132416,Cox_PH,0.9996299973032252,False,24.0,False,False,0.008273009307135471,Medium (20-50),False
MAMLD1,10,967,-0.4475927650654924,1.0150851101042595,0.6391649213243364,0.0874087767510538,4.673807503508165,0.6592556239683084,Cox_PH,0.9996299973032252,False,30.0,False,False,0.010341261633919338,Medium (20-50),False
MAML3,6,967,0.8840639356176349,0.7436296562957777,2.4207173832959965,0.5635776301654926,10.397631730114425,0.2344987944541618,Cox_PH,0.9996299973032252,False,18.0,False,False,0.0062047569803516025,Small (<20),False
MAN2B1,6,967,0.2223399174988595,1.0211236888973667,1.2489958612647754,0.1687963175129233,9.24185245532446,0.8276313558963629,Cox_PH,0.9996299973032252,False,18.0,False,False,0.0062047569803516025,Small (<20),False
MAMDC2,6,967,-14.843018199792082,1843.534325806287,3.578978595433433e-07,0.0,inf,0.9935759877431922,Cox_PH,0.9996299973032252,False,18.0,False,False,0.0062047569803516025,Small (<20),False
MAIP1,5,967,-14.951613159652693,2015.2775682211372,3.210679160702595e-07,0.0,inf,0.9940804422942008,Cox_PH,0.9996299973032252,False,15.0,False,False,0.005170630816959669,Small (<20),False
MAGI3,8,967,-0.1061972531088527,1.0159202511812675,0.8992472512645238,0.1227751131535058,6.586396853047498,0.9167463334777232,Cox_PH,0.9996299973032252,False,24.0,False,False,0.008273009307135471,Medium (20-50),False
MAGI2,11,967,-0.5685429963002098,1.0114141598587152,0.5663500119132883,0.0780102734847096,4.1116678825264055,0.574029635927742,Cox_PH,0.9996299973032252,False,33.0,False,False,0.011375387797311272,Medium (20-50),False
MAGI1,15,967,-0.8677754404647714,1.0195342107958862,0.4198845693058832,0.0569226190710224,3.097240682499399,0.3946866344629073,Cox_PH,0.9996299973032252,False,45.0,False,False,0.015511892450879007,Medium (20-50),False
MAGEE2,6,967,0.2758240153128249,1.0125420035876482,1.3176159633892872,0.1810905110384975,9.586983972943807,0.7853087221078446,Cox_PH,0.9996299973032252,False,18.0,False,False,0.0062047569803516025,Small (<20),False
MAGEE1,8,967,-0.0213558551624884,1.008300722816711,0.978870566439024,0.1356570496415562,7.063308455936902,0.9831020321159952,Cox_PH,0.9996299973032252,False,24.0,False,False,0.008273009307135471,Medium (20-50),False
MAK,6,967,0.2203306798138749,1.0207344478604137,1.2464888511449446,0.1685860734433298,9.216268131133212,0.829100740138428,Cox_PH,0.9996299973032252,False,18.0,False,False,0.0062047569803516025,Small (<20),False
MAGED1,12,967,0.6849706349479747,0.6019144273201412,1.983713582829304,0.60970402614826,6.454147274639421,0.2551260206559852,Cox_PH,0.9996299973032252,False,36.0,False,False,0.012409513960703205,Medium (20-50),False
MAN2B2,7,967,0.2027290301115897,1.0189001394627994,1.224740555468699,0.1662412482003909,9.022967791974564,0.8422873870312875,Cox_PH,0.9996299973032252,False,21.0,False,False,0.007238883143743537,Medium (20-50),False
MAP10,10,967,-0.2778587331941237,1.014685666151547,0.7574038099741922,0.1036596192958132,5.534079087502419,0.7842096954139682,Cox_PH,0.9996299973032252,False,30.0,False,False,0.010341261633919338,Medium (20-50),False
MAP3K9,5,967,0.2982021261095191,1.0173118273600918,1.3474341119716085,0.1834654237786681,9.896026448531376,0.7694246574127286,Cox_PH,0.9996299973032252,False,15.0,False,False,0.005170630816959669,Small (<20),False
MAP3K6,7,967,-14.97688373822683,1696.4001212581388,3.130560032697331e-07,0.0,inf,0.9929558664148534,Cox_PH,0.9996299973032252,False,21.0,False,False,0.007238883143743537,Medium (20-50),False
MAP3K5,8,967,-0.0588875749378396,1.0218404050076644,0.942812758982066,0.1272381478251225,6.986080147292643,0.9540442006581524,Cox_PH,0.9996299973032252,False,24.0,False,False,0.008273009307135471,Medium (20-50),False
MAP3K4,13,967,0.5358922613358205,0.6123576217406764,1.7089724121815175,0.5146188871230235,5.675241967750255,0.3815034101371352,Cox_PH,0.9996299973032252,False,39.0,False,False,0.01344364012409514,Medium (20-50),False
MAP3K21,5,967,-14.881704629151434,2012.0873421302429,3.443164708281649e-07,0.0,inf,0.9940987779913958,Cox_PH,0.9996299973032252,False,15.0,False,False,0.005170630816959669,Small (<20),False
MAP3K19,8,967,-0.1680751990179473,1.0217139906298611,0.8452902672966051,0.1141051804243706,6.261903564141416,0.8693350447225552,Cox_PH,0.9996299973032252,False,24.0,False,False,0.008273009307135471,Medium (20-50),False
MANBA,7,967,-14.89830730667144,1717.0774107028524,3.386470891850604e-07,0.0,inf,0.9930772019008276,Cox_PH,0.9996299973032252,False,21.0,False,False,0.007238883143743537,Medium (20-50),False
MAP3K15,10,967,0.9506138381639064,0.599212918705458,2.587297353829405,0.7994402509680882,8.37349331488671,0.1126401018810502,Cox_PH,0.9996299973032252,False,30.0,False,False,0.010341261633919338,Medium (20-50),False
MAP3K10,6,967,-14.760663425460878,1843.774975383895,3.886201589699605e-07,0.0,inf,0.993612463662898,Cox_PH,0.9996299973032252,False,18.0,False,False,0.0062047569803516025,Small (<20),False
MAP3K1,82,967,-0.2008528141666618,0.3303601711626827,0.8180328255366223,0.4281170028367469,1.563072008869982,0.5431998607621671,Cox_PH,0.9996299973032252,False,20.0,True,False,0.08479834539813857,Small (<20),False
MAP2K4,39,967,0.1316252514564113,0.4179810806216344,1.1406807707031172,0.5027724149887206,2.5879554682431176,0.7528321152628527,Cox_PH,0.9996299973032252,False,117.0,False,False,0.04033092037228542,Very Large (>100),False
MAP2,19,967,0.0776922363948255,0.6012520561871534,1.080789979658887,0.3326176011559204,3.5118615974368903,0.897185616648194,Cox_PH,0.9996299973032252,False,57.0,False,False,0.01964839710444674,Large (50-100),False
MAP1B,6,967,-15.050886506452198,1816.20635131315,2.907254440290234e-07,0.0,inf,0.9933880131447343,Cox_PH,0.9996299973032252,False,18.0,False,False,0.0062047569803516025,Small (<20),False
MAP1A,28,967,0.0427123553824858,0.5266687432478534,1.0436376549174102,0.3717408224454088,2.9299433610669983,0.9353631500243478,Cox_PH,0.9996299973032252,False,84.0,False,False,0.028955532574974147,Large (50-100),False
MAP3K13,13,967,-0.5535270261998966,1.0225305903832849,0.574918477670893,0.0774837545464706,4.265813626379989,0.5882797810242937,Cox_PH,0.9996299973032252,False,39.0,False,False,0.01344364012409514,Medium (20-50),False
MAP4K1,6,967,0.1142798861418821,1.0068428988688118,1.1210658517742496,0.1558077823894843,8.06627643844282,0.909631630006188,Cox_PH,0.9996299973032252,False,18.0,False,False,0.0062047569803516025,Small (<20),False
MAGEC3,7,967,-14.847532996842704,1714.4972451262377,3.5628566544572893e-07,0.0,inf,0.9930904121859828,Cox_PH,0.9996299973032252,False,21.0,False,False,0.007238883143743537,Medium (20-50),False
MAGEC1,8,967,0.7777304969750405,0.7184335069799427,2.1765270213386763,0.5323792451928038,8.89829931837742,0.2790142041324275,Cox_PH,0.9996299973032252,False,24.0,False,False,0.008273009307135471,Medium (20-50),False
LYSMD1,5,967,-14.89327602594392,2030.8417124054824,3.403552111756824e-07,0.0,inf,0.9941487273897418,Cox_PH,0.9996299973032252,False,15.0,False,False,0.005170630816959669,Small (<20),False
LYN,7,967,0.7978850598420891,0.7312795045921159,2.220839016493604,0.5297114952891437,9.310966405378972,0.2752373106022497,Cox_PH,0.9996299973032252,False,21.0,False,False,0.007238883143743537,Medium (20-50),False
LY9,6,967,-14.878665107773736,1831.642273556265,3.453646202312388e-07,0.0,inf,0.993518752656696,Cox_PH,0.9996299973032252,False,18.0,False,False,0.0062047569803516025,Small (<20),False
LY75,6,967,0.3221523086056423,1.020706339858929,1.3800949602894546,0.1866664177287621,10.203560568585738,0.7522932060667356,Cox_PH,0.9996299973032252,False,18.0,False,False,0.0062047569803516025,Small (<20),False
LUZP4,5,967,0.5109971989362219,1.0581461184668224,1.666952649816821,0.2095130619698491,13.262806197406467,0.629154368744334,Cox_PH,0.9996299973032252,False,15.0,False,False,0.005170630816959669,Small (<20),False
LUZP1,5,967,1.3536096303456686,0.7340744962552963,3.8713745712430905,0.9183502893655928,16.32007006958226,0.0651878535731363,Cox_PH,0.9996299973032252,False,15.0,False,False,0.005170630816959669,Small (<20),False
LYST,24,967,-1.3942271689015362,1.019381721087034,0.2480246434753892,0.0336340832997309,1.828984700516158,0.1714002282458455,Cox_PH,0.9996299973032252,False,72.0,False,False,0.02481902792140641,Large (50-100),False
LUC7L2,7,967,-0.0273198300446414,1.0098149647141124,0.9730499811328734,0.1344507711244505,7.042178024447941,0.9784164302151964,Cox_PH,0.9996299973032252,False,21.0,False,False,0.007238883143743537,Medium (20-50),False
LTK,6,967,0.9122782768276356,0.7411125441721147,2.4899889602385112,0.5825721085220145,10.64253666012123,0.2183386429316208,Cox_PH,0.9996299973032252,False,18.0,False,False,0.0062047569803516025,Small (<20),False
LTBP4,10,967,-0.3218047982554265,1.007738709350387,0.7248396664886918,0.1005628203571719,5.224520754781792,0.74947358009007,Cox_PH,0.9996299973032252,False,30.0,False,False,0.010341261633919338,Medium (20-50),False
LTBP2,6,967,0.1017551089715598,1.0094051794790968,1.107112316653742,0.1530976933379152,8.00598398945875,0.9197036691337512,Cox_PH,0.9996299973032252,False,18.0,False,False,0.0062047569803516025,Small (<20),False
LTBP1,15,967,-0.8005440996368748,1.0185292763293134,0.449084550889612,0.0610012159596754,3.306113340118368,0.4318789402214468,Cox_PH,0.9996299973032252,False,45.0,False,False,0.015511892450879007,Medium (20-50),False
LSR,8,967,1.3378106854577343,0.5987875068932055,3.810691563732103,1.1784348643998002,12.322590439731297,0.0254699562560268,Cox_PH,0.9996299973032252,False,24.0,False,False,0.008273009307135471,Medium (20-50),True
LRSAM1,6,967,0.7452817159594886,0.7267426027519971,2.107034936746224,0.5070560215028095,8.755632585746868,0.30512266818537,Cox_PH,0.9996299973032252,False,18.0,False,False,0.0062047569803516025,Small (<20),False
LTN1,5,967,0.4982885021993912,1.011702504384535,1.6459019012320435,0.2265819914526586,11.955906341503155,0.6223484443846635,Cox_PH,0.9996299973032252,False,15.0,False,False,0.005170630816959669,Small (<20),False
MAGEC2,6,967,0.9175874325172088,0.7176195894250366,2.5032438543070903,0.6132718523803486,10.217703241726358,0.2010187905471143,Cox_PH,0.9996299973032252,False,18.0,False,False,0.0062047569803516025,Small (<20),False
LZTR1,6,967,0.1526084157723184,1.01458386153009,1.1648687453936213,0.1594578025098187,8.50958167388113,0.88043737538312,Cox_PH,0.9996299973032252,False,18.0,False,False,0.0062047569803516025,Small (<20),False
MACF1,32,967,-0.0994509944969719,0.5237036496460661,0.90533431514495,0.3243571200535985,2.526937660697985,0.8493879841151741,Cox_PH,0.9996299973032252,False,96.0,False,False,0.033092037228541885,Large (50-100),False
MAGEB6B,5,967,0.2578800644145892,1.0171225926571057,1.2941835906491712,0.1762802506377286,9.501411305272484,0.7998518649587559,Cox_PH,0.9996299973032252,False,15.0,False,False,0.005170630816959669,Small (<20),False
MAGEB6,5,967,-15.000208259588394,2007.276544558307,3.058386200438151e-07,0.0,inf,0.9940375314914188,Cox_PH,0.9996299973032252,False,15.0,False,False,0.005170630816959669,Small (<20),False
MAGEB4,6,967,-15.087733067048411,1852.56331990433,2.8020816402475756e-07,0.0,inf,0.993501902977824,Cox_PH,0.9996299973032252,False,18.0,False,False,0.0062047569803516025,Small (<20),False
MAGEB3,6,967,0.1766825131037006,1.0109471807740045,1.1932521910474607,0.164511638385862,8.655015568563753,0.861260926083127,Cox_PH,0.9996299973032252,False,18.0,False,False,0.0062047569803516025,Small (<20),False
MAGEB16,5,967,0.3880491541916145,1.0121891845473587,1.4741022408113602,0.2027378228895527,10.718164895895454,0.7014409126556072,Cox_PH,0.9996299973032252,False,15.0,False,False,0.005170630816959669,Small (<20),False
MAGEB10,5,967,0.3009318740952875,1.0303707878831023,1.3511172923146713,0.1793179359560672,10.180342127287142,0.7702394271843918,Cox_PH,0.9996299973032252,False,15.0,False,False,0.005170630816959669,Small (<20),False
LZTS1,6,967,0.1725632707110509,1.0254087619260932,1.1883470057964851,0.1592567016781328,8.867247602801339,0.8663572654522677,Cox_PH,0.9996299973032252,False,18.0,False,False,0.0062047569803516025,Small (<20),False
MAGEB1,5,967,-14.89841635029237,2021.877953840912,3.386101638935088e-07,0.0,inf,0.9941207584797084,Cox_PH,0.9996299973032252,False,15.0,False,False,0.005170630816959669,Small (<20),False
MAGEA12,9,967,-0.2831773196874571,1.0104415727400304,0.753386185811928,0.1039710480992323,5.4591230477019295,0.7792848968945286,Cox_PH,0.9996299973032252,False,27.0,False,False,0.009307135470527405,Medium (20-50),False
MAG,5,967,0.2762347344796572,1.0323421460770312,1.3181572446696646,0.1742688823191509,9.97044623545037,0.789022162838126,Cox_PH,0.9996299973032252,False,15.0,False,False,0.005170630816959669,Small (<20),False
MAEL,6,967,-15.040915943740982,1848.5498627637517,2.936386392644836e-07,0.0,inf,0.9935080019012764,Cox_PH,0.9996299973032252,False,18.0,False,False,0.0062047569803516025,Small (<20),False
MADD,14,967,0.4454061873642325,0.6000285480671438,1.5611241759808687,0.4815959633132168,5.060484054030407,0.4579005481100686,Cox_PH,0.9996299973032252,False,42.0,False,False,0.014477766287487074,Medium (20-50),False
MACROD2,5,967,0.4474612445820716,1.0372970649290123,1.564335674262774,0.2048164631283307,11.94799511911244,0.6661976708755,Cox_PH,0.9996299973032252,False,15.0,False,False,0.005170630816959669,Small (<20),False
MACO1,8,967,-0.1940495393620599,1.0170151448452878,0.8236171017921164,0.1122081979270926,6.045415066777921,0.8486799392242637,Cox_PH,0.9996299973032252,False,24.0,False,False,0.008273009307135471,Medium (20-50),False
MAGEA8,6,967,0.2389994984261094,1.014946184363107,1.2699778995959208,0.1737226837150291,9.284014217209194,0.8138362223766551,Cox_PH,0.9996299973032252,False,18.0,False,False,0.0062047569803516025,Small (<20),False
LRRTM4,7,967,-0.1730090580998795,1.0148426169121385,0.8411299957706027,0.1150831248155467,6.147727313791856,0.8646336778489158,Cox_PH,0.9996299973032252,False,21.0,False,False,0.007238883143743537,Medium (20-50),False
MAP4K4,7,967,0.8708776057647902,0.7232544086646432,2.389006539708001,0.5788562904622438,9.85970497480473,0.2285472043990819,Cox_PH,0.9996299973032252,False,21.0,False,False,0.007238883143743537,Medium (20-50),False
MAP7,6,967,0.190937692734717,1.038788467513041,1.2103840340126757,0.1580114621093029,9.271666056601502,0.85416403308025,Cox_PH,0.9996299973032252,False,18.0,False,False,0.0062047569803516025,Small (<20),False
MED16,5,967,-14.899230084866586,2016.0085704402536,3.383347371732884e-07,0.0,inf,0.9941033199904294,Cox_PH,0.9996299973032252,False,15.0,False,False,0.005170630816959669,Small (<20),False
MED14,5,967,0.5143839924272936,1.0522797580588783,1.672607845285149,0.212654959888236,13.155663077784586,0.6249633499878178,Cox_PH,0.9996299973032252,False,15.0,False,False,0.005170630816959669,Small (<20),False
MED13L,10,967,-0.4000059846669301,1.0253234057325362,0.6703160344054313,0.0898476464864348,5.000949980908645,0.6964428977798911,Cox_PH,0.9996299973032252,False,30.0,False,False,0.010341261633919338,Medium (20-50),False
MED13,15,967,0.4082151310676458,0.6070152259350536,1.504130711611856,0.4577030297814871,4.942963123259397,0.5012681747917893,Cox_PH,0.9996299973032252,False,45.0,False,False,0.015511892450879007,Medium (20-50),False
ZZEF1,9,967,0.9996758811871488,0.6127425971179471,2.717400924946222,0.8176674142005489,9.030894051364813,0.1027895621581902,Cox_PH,0.9996299973032252,False,27.0,False,False,0.009307135470527405,Medium (20-50),False
MED12,25,967,0.1811769329419634,0.5133942597978507,1.198627237176025,0.4382017683854988,3.278643212677129,0.7241632667578245,Cox_PH,0.9996299973032252,False,75.0,False,False,0.025853154084798345,Large (50-100),False
MED23,15,967,-0.6285618168693647,1.0055249368262689,0.5333583166134074,0.0743188474118443,3.827711325019163,0.5319000898319597,Cox_PH,0.9996299973032252,False,45.0,False,False,0.015511892450879007,Medium (20-50),False
MED1,6,967,0.2915513434690747,1.0142890766624422,1.3385023550805135,0.1833322411528966,9.77235942401381,0.7737723491002053,Cox_PH,0.9996299973032252,False,18.0,False,False,0.0062047569803516025,Small (<20),False
MECOM,10,967,0.4430388792138517,0.7630421429998173,1.557432884930885,0.3490557173112761,6.949025816703853,0.5614953970605892,Cox_PH,0.9996299973032252,False,30.0,False,False,0.010341261633919338,Medium (20-50),False
ME3,5,967,1.4679856182891706,0.7465746212939902,4.34048293943544,1.0047104198648646,18.751464874888132,0.0492645945766946,Cox_PH,0.9996299973032252,False,15.0,False,False,0.005170630816959669,Small (<20),True
MDN1,35,967,0.7866440102888285,0.374818220845536,2.1960142447110313,1.0533760558206204,4.578116747885317,0.0358402930475425,Cox_PH,0.9996299973032252,False,105.0,False,False,0.03619441571871768,Very Large (>100),True
MDM1,7,967,0.8210739642068703,0.7254137742153697,2.272939582954749,0.5484072926929251,9.420469816135904,0.2576891650281396,Cox_PH,0.9996299973032252,False,21.0,False,False,0.007238883143743537,Medium (20-50),False
MDH1B,6,967,-0.0085075767294905,1.0225402393753331,0.9915285102912018,0.1336292044073025,7.357140163191485,0.993361644318129,Cox_PH,0.9996299973032252,False,18.0,False,False,0.0062047569803516025,Small (<20),False
MDGA2,8,967,1.0150201482080805,0.6215169995923095,2.7594189941642675,0.8161532208519391,9.32961237034178,0.10244095094829,Cox_PH,0.9996299973032252,False,24.0,False,False,0.008273009307135471,Medium (20-50),False
MECP2,5,967,-14.877648599825465,2004.7960840676824,3.4571586460385993e-07,0.0,inf,0.9940789303919474,Cox_PH,0.9996299973032252,False,15.0,False,False,0.005170630816959669,Small (<20),False
MDGA1,7,967,-0.1925082312719934,1.0091207849771275,0.8248875283020491,0.1141336704329651,5.9617765008960335,0.8487071451746446,Cox_PH,0.9996299973032252,False,21.0,False,False,0.007238883143743537,Medium (20-50),False
MED24,7,967,-14.782669356291157,1705.645951420501,3.801616209756749e-07,0.0,inf,0.9930848978497676,Cox_PH,0.9996299973032252,False,21.0,False,False,0.007238883143743537,Medium (20-50),False
MEGF10,8,967,-0.1921770886410093,1.0294201588317624,0.8251607289601329,0.1097181361979628,6.205812933146235,0.8519077803851375,Cox_PH,0.9996299973032252,False,24.0,False,False,0.008273009307135471,Medium (20-50),False
MFN1,5,967,1.209208213927479,0.733796447457151,3.350830461021329,0.7953024287946435,14.11798125088793,0.0993773754517306,Cox_PH,0.9996299973032252,False,15.0,False,False,0.005170630816959669,Small (<20),False
MFAP5,5,967,-14.969799892417155,2031.271205051493,3.152815170182989e-07,0.0,inf,0.9941199067535116,Cox_PH,0.9996299973032252,False,15.0,False,False,0.005170630816959669,Small (<20),False
METAP2,5,967,0.2574477237868314,1.0164595531298146,1.293624183439102,0.176433190146926,9.484970070454969,0.8000527256366202,Cox_PH,0.9996299973032252,False,15.0,False,False,0.005170630816959669,Small (<20),False
MET,8,967,0.6958839539072837,0.7408585475145412,2.0054810434604544,0.4694475039674455,8.567420599083942,0.3475798422926874,Cox_PH,0.9996299973032252,False,24.0,False,False,0.008273009307135471,Medium (20-50),False
MERTK,9,967,0.5597187598251998,0.7387692357668134,1.7501802100852373,0.4113672371969858,7.446219559549428,0.4486684433045849,Cox_PH,0.9996299973032252,False,27.0,False,False,0.009307135470527405,Medium (20-50),False
MEPCE,7,967,0.0594417388944608,1.0152480390655798,1.0612439299337768,0.1450837063906318,7.762682018812893,0.9533113475997196,Cox_PH,0.9996299973032252,False,21.0,False,False,0.007238883143743537,Medium (20-50),False
MEFV,9,967,0.4063224672844804,0.7187187448553138,1.5012865902206294,0.3670099672298428,6.141145002105041,0.5718406227938424,Cox_PH,0.9996299973032252,False,27.0,False,False,0.009307135470527405,Medium (20-50),False
MEP1A,9,967,-15.1848468313141,1495.2088013870994,2.542756730974948e-07,0.0,inf,0.9918970871681552,Cox_PH,0.9996299973032252,False,27.0,False,False,0.009307135470527405,Medium (20-50),False
MELTF,10,967,-0.378076650627224,1.0074736827425816,0.6851779793311236,0.0951096284711211,4.9360813506156225,0.7074581975772363,Cox_PH,0.9996299973032252,False,30.0,False,False,0.010341261633919338,Medium (20-50),False
MEIS2,6,967,0.1443652839518369,1.0295644014465088,1.155306046214831,0.153572740782291,8.691204269856053,0.8884863517264295,Cox_PH,0.9996299973032252,False,18.0,False,False,0.0062047569803516025,Small (<20),False
MEIOC,7,967,0.0496455076409295,1.0160552932620934,1.0508984948511455,0.1434422351758746,7.699180406149649,0.961030045712922,Cox_PH,0.9996299973032252,False,21.0,False,False,0.007238883143743537,Medium (20-50),False
MEI1,7,967,0.7068896539781132,0.7334224298765777,2.027674670506618,0.4816111137261065,8.536897202402022,0.3351345042990273,Cox_PH,0.9996299973032252,False,21.0,False,False,0.007238883143743537,Medium (20-50),False
MEGF8,20,967,-0.3389471145246859,0.7176853036733847,0.712520130058544,0.1745384339507944,2.9087286063410542,0.6367282374129135,Cox_PH,0.9996299973032252,False,60.0,False,False,0.020682523267838676,Large (50-100),False
MEGF11,5,967,1.4553401879820749,0.721373679323803,4.285941243331687,1.0423187269057947,17.623488734412604,0.0436478716615505,Cox_PH,0.9996299973032252,False,15.0,False,False,0.005170630816959669,Small (<20),True
MEN1,10,967,0.5097210017636873,0.719738420593361,1.6648266464466688,0.4061769801757923,6.823744077075218,0.4788191231300627,Cox_PH,0.9996299973032252,False,30.0,False,False,0.010341261633919338,Medium (20-50),False
MAP6,5,967,-14.894321548418272,1974.6971063658928,3.399995481123971e-07,0.0,inf,0.9939819446289028,Cox_PH,0.9996299973032252,False,15.0,False,False,0.005170630816959669,Small (<20),False
MDC1,7,967,-0.0553586923763709,1.0168160059416995,0.9461457118267794,0.1289516096455304,6.942074709024237,0.9565820806788108,Cox_PH,0.9996299973032252,False,21.0,False,False,0.007238883143743537,Medium (20-50),False
MCPH1,5,967,-14.9838647573481,2009.2350562735617,3.108781639385612e-07,0.0,inf,0.9940498332937376,Cox_PH,0.9996299973032252,False,15.0,False,False,0.005170630816959669,Small (<20),False
MAST4,12,967,0.2379058813600771,0.7228675554362658,1.2685897892603633,0.3076124623759652,5.231647771957741,0.7420694717668963,Cox_PH,0.9996299973032252,False,36.0,False,False,0.012409513960703205,Medium (20-50),False
MAST2,7,967,-0.0213360474633663,1.0237707788642785,0.9788899558047124,0.1316080918134138,7.280901442852521,0.9833727715556172,Cox_PH,0.9996299973032252,False,21.0,False,False,0.007238883143743537,Medium (20-50),False
MAST1,12,967,0.1818895464990613,0.7213952717069791,1.1994816996097413,0.2916953958615756,4.932393065200923,0.8009361286530914,Cox_PH,0.9996299973032252,False,36.0,False,False,0.012409513960703205,Medium (20-50),False
MARS1,6,967,0.191934699536987,1.0142379861363715,1.21159139690244,0.1659660958604514,8.844901155488404,0.8499044843833465,Cox_PH,0.9996299973032252,False,18.0,False,False,0.0062047569803516025,Small (<20),False
MARK2,7,967,1.26882954898832,0.5974547968438675,3.5566871970250307,1.10276222644607,11.471216109976554,0.0336931651610538,Cox_PH,0.9996299973032252,False,21.0,False,False,0.007238883143743537,Medium (20-50),True
MARK1,12,967,-16.03075778307421,2131.702842608558,1.091265320943744e-07,0.0,inf,0.9939998327534194,Cox_PH,0.9996299973032252,False,36.0,False,False,0.012409513960703205,Medium (20-50),False
MASTL,6,967,-14.900009348645986,1834.474450847532,3.3807118786784717e-07,0.0,inf,0.9935194754573972,Cox_PH,0.9996299973032252,False,18.0,False,False,0.0062047569803516025,Small (<20),False
MARCHF7,7,967,0.8913013711431351,0.7299889274571385,2.4383007216700636,0.5830531521767713,10.196858360340777,0.2220938566333123,Cox_PH,0.9996299973032252,False,21.0,False,False,0.007238883143743537,Medium (20-50),False
MAPRE3,5,967,-15.165848427212133,2016.4291885259229,2.5915268612921397e-07,0.0,inf,0.9939990542202866,Cox_PH,0.9996299973032252,False,15.0,False,False,0.005170630816959669,Small (<20),False
MAPKBP1,8,967,-0.1573665503928445,1.0212124486914071,0.8543908241208173,0.1154470899293533,6.323101611210431,0.8775326547821497,Cox_PH,0.9996299973032252,False,24.0,False,False,0.008273009307135471,Medium (20-50),False
MAPKAP1,6,967,0.9887923424387648,0.7509635540341018,2.687986344397579,0.616870463102355,11.712784157845135,0.1879398150054131,Cox_PH,0.9996299973032252,False,18.0,False,False,0.0062047569803516025,Small (<20),False
MAPK6,5,967,-14.906524157374712,2022.9270277211729,3.358758775202771e-07,0.0,inf,0.9941206095512596,Cox_PH,0.9996299973032252,False,15.0,False,False,0.005170630816959669,Small (<20),False
MAPK4,7,967,-15.01449765782676,1688.7652043586136,3.01499446130661e-07,0.0,inf,0.9929062500738174,Cox_PH,0.9996299973032252,False,21.0,False,False,0.007238883143743537,Medium (20-50),False
MAPK10,6,967,1.1226263742430267,0.7369454156181825,3.0729142371307283,0.7248528281648091,13.02719882140506,0.1276709688944896,Cox_PH,0.9996299973032252,False,18.0,False,False,0.0062047569803516025,Small (<20),False
MAPT,5,967,-14.988261669196364,2001.2941610220976,3.095142607345939e-07,0.0,inf,0.9940244712554516,Cox_PH,0.9996299973032252,False,15.0,False,False,0.005170630816959669,Small (<20),False
MCTP2,9,967,-14.953478985966136,1508.9670258310537,3.2046941762475653e-07,0.0,inf,0.9920932965846144,Cox_PH,0.9996299973032252,False,27.0,False,False,0.009307135470527405,Medium (20-50),False
MATN2,8,967,-0.1085953371186922,1.016200569520065,0.8970933644433621,0.1224137653303482,6.574232091926301,0.9148968114046272,Cox_PH,0.9996299973032252,False,24.0,False,False,0.008273009307135471,Medium (20-50),False
MBD6,10,967,-14.897563971702834,1422.0999658771868,3.388989109908505e-07,0.0,inf,0.9916417135447756,Cox_PH,0.9996299973032252,False,30.0,False,False,0.010341261633919338,Medium (20-50),False
MCOLN3,6,967,-14.99849006403557,1843.0065855050184,3.0636456230709474e-07,0.0,inf,0.9935068427532856,Cox_PH,0.9996299973032252,False,18.0,False,False,0.0062047569803516025,Small (<20),False
MCOLN1,5,967,-14.820998164318086,2012.1950943717625,3.658661926226125e-07,0.0,inf,0.9941231649358878,Cox_PH,0.9996299973032252,False,15.0,False,False,0.005170630816959669,Small (<20),False
MCM7,9,967,0.3655572939254994,0.7214809131860664,1.4413170215920292,0.3504471754252497,5.927839921123934,0.6123819484616303,Cox_PH,0.9996299973032252,False,27.0,False,False,0.009307135470527405,Medium (20-50),False
MCM6,7,967,-0.039703399261398,1.0195646180411162,0.9610744522750788,0.1302825076473354,7.0897015992056955,0.9689370109076878,Cox_PH,0.9996299973032252,False,21.0,False,False,0.007238883143743537,Medium (20-50),False
MCM4,6,967,-15.100154119625095,1830.6242493326783,2.7674921008261544e-07,0.0,inf,0.9934186148701956,Cox_PH,0.9996299973032252,False,18.0,False,False,0.0062047569803516025,Small (<20),False
MCM3AP,7,967,0.7486774937726711,0.7411585926991667,2.1142021214321476,0.4946062201173982,9.037190452653917,0.3124259241020625,Cox_PH,0.9996299973032252,False,21.0,False,False,0.007238883143743537,Medium (20-50),False
MBD5,10,967,0.3240896686127222,0.7349885435891609,1.3827712927441194,0.3274277441422971,5.839628688295519,0.659252671687753,Cox_PH,0.9996299973032252,False,30.0,False,False,0.010341261633919338,Medium (20-50),False
MCM10,7,967,-0.1978206019705013,1.023266100947382,0.8205170390749829,0.1104246203233028,6.096903113103135,0.8467062216758079,Cox_PH,0.9996299973032252,False,21.0,False,False,0.007238883143743537,Medium (20-50),False
MCF2L2,7,967,-15.16457319495768,1694.3156402369348,2.5948337680228505e-07,0.0,inf,0.9928588174516864,Cox_PH,0.9996299973032252,False,21.0,False,False,0.007238883143743537,Medium (20-50),False
MCF2L,7,967,0.7947268081078072,0.7244452040987445,2.2138361121065677,0.5351619905050917,9.158106177610708,0.2726351050201164,Cox_PH,0.9996299973032252,False,21.0,False,False,0.007238883143743537,Medium (20-50),False
MCC,5,967,0.2706649472376167,1.014750772716845,1.3108357976438934,0.1793804037857099,9.579031221478314,0.7896766944077107,Cox_PH,0.9996299973032252,False,15.0,False,False,0.005170630816959669,Small (<20),False
MBTPS2,5,967,0.3148806803648838,1.0258801411354477,1.3700958218699215,0.1834442639604483,10.232876845416891,0.7588912458140611,Cox_PH,0.9996299973032252,False,15.0,False,False,0.005170630816959669,Small (<20),False
MBTPS1,6,967,0.2684213720975233,1.0136424424617572,1.3078981357004664,0.1793676237746596,9.536824413294273,0.7911568081271997,Cox_PH,0.9996299973032252,False,18.0,False,False,0.0062047569803516025,Small (<20),False
MBTD1,7,967,0.0775808544908432,1.0197878584635154,1.0806696059170002,0.1464306490256641,7.975425943431569,0.939359044866714,Cox_PH,0.9996299973032252,False,21.0,False,False,0.007238883143743537,Medium (20-50),False
MCHR2,5,967,0.4725325397020923,1.0105378889566616,1.604051377356273,0.2213252980878063,11.62533539287397,0.6400671097895031,Cox_PH,0.9996299973032252,False,15.0,False,False,0.005170630816959669,Small (<20),False
KLF11,5,967,0.5678510177781303,1.0128785906271582,1.76447115709224,0.2423454673314775,12.846778190210635,0.5750491943288358,Cox_PH,0.9996299973032252,False,15.0,False,False,0.005170630816959669,Small (<20),False
LRRTM3,5,967,1.393332079462339,0.7289423970118405,4.028250165121184,0.965224059406296,16.81143278046743,0.0559476334477068,Cox_PH,0.9996299973032252,False,15.0,False,False,0.005170630816959669,Small (<20),False
LRRN3,7,967,0.0794859279987652,1.0182900857858026,1.0827303232397911,0.1471411954197449,7.967211014690658,0.9377817284978016,Cox_PH,0.9996299973032252,False,21.0,False,False,0.007238883143743537,Medium (20-50),False
LAMC3,5,967,-14.862012169083274,2029.0058708826589,3.511641113369167e-07,0.0,inf,0.9941557271042027,Cox_PH,0.9996299973032252,False,15.0,False,False,0.005170630816959669,Small (<20),False
LAMC2,6,967,0.1143439854071622,1.0247016483593312,1.1211377135747986,0.1504580087462344,8.354156639941479,0.911150413857584,Cox_PH,0.9996299973032252,False,18.0,False,False,0.0062047569803516025,Small (<20),False
LAMC1,13,967,0.9531579479501636,0.5205429578750689,2.593888102586563,0.9350958426067872,7.19525762191779,0.0670879872244406,Cox_PH,0.9996299973032252,False,39.0,False,False,0.01344364012409514,Medium (20-50),False
LAMB4,13,967,-0.7972811840995621,1.0193328427132518,0.4505522690663124,0.0611042684109963,3.322146757333101,0.4341206596277278,Cox_PH,0.9996299973032252,False,39.0,False,False,0.01344364012409514,Medium (20-50),False
LAMB3,8,967,-0.1683503023518478,1.0168989733995972,0.8450577571095882,0.1151554539210739,6.201378992787769,0.8685090263086949,Cox_PH,0.9996299973032252,False,24.0,False,False,0.008273009307135471,Medium (20-50),False
LAMB2,9,967,-14.944322605167104,1478.7505330741224,3.2341723271049445e-07,0.0,inf,0.9919366782654075,Cox_PH,0.9996299973032252,False,27.0,False,False,0.009307135470527405,Medium (20-50),False
LANCL2,5,967,-15.08103537676045,2004.971427302277,2.82091210515348e-07,0.0,inf,0.993998512068998,Cox_PH,0.9996299973032252,False,15.0,False,False,0.005170630816959669,Small (<20),False
LAMB1,9,967,-0.2146970984879927,1.0139611360879903,0.8067857798026059,0.1105750364905624,5.886530225538326,0.8323091355974706,Cox_PH,0.9996299973032252,False,27.0,False,False,0.009307135470527405,Medium (20-50),False
LAMA4,12,967,0.2357434653646887,0.731295124073492,1.265849534261896,0.3019194624447627,5.307292979445536,0.7471767008243902,Cox_PH,0.9996299973032252,False,36.0,False,False,0.012409513960703205,Medium (20-50),False
LAMA3,14,967,0.0830092461800622,0.7322467424344281,1.0865518549558904,0.2586720155543279,4.564061291972769,0.9097432500520966,Cox_PH,0.9996299973032252,False,42.0,False,False,0.014477766287487074,Medium (20-50),False
LAMA2,19,967,0.0719309693114116,0.593486479758773,1.074581162425852,0.3357788463821451,3.438944076084887,0.9035320796630414,Cox_PH,0.9996299973032252,False,57.0,False,False,0.01964839710444674,Large (50-100),False
LAMA1,21,967,0.6305182379338066,0.4719007532652964,1.8785838804704544,0.7449730479791566,4.7371880171189344,0.1815085279191713,Cox_PH,0.9996299973032252,False,63.0,False,False,0.02171664943123061,Large (50-100),False
L3MBTL4,6,967,-14.985939043824692,1829.345782315669,3.102339819072485e-07,0.0,inf,0.9934638296527094,Cox_PH,0.9996299973032252,False,18.0,False,False,0.0062047569803516025,Small (<20),False
L3MBTL3,8,967,-0.0532766495051032,1.017757773927822,0.9481176799099564,0.1289820687263292,6.969396163626117,0.9582521388175794,Cox_PH,0.9996299973032252,False,24.0,False,False,0.008273009307135471,Medium (20-50),False
LAMA5,9,967,-0.1699009035575871,1.0077032653551827,0.8437484249208727,0.1170681185640439,6.081172340418125,0.866109615504143,Cox_PH,0.9996299973032252,False,27.0,False,False,0.009307135470527405,Medium (20-50),False
L1CAM,8,967,-0.2773544951661793,1.0098338633642006,0.7577858180811045,0.1047028576941662,5.48446679232179,0.7835823906426609,Cox_PH,0.9996299973032252,False,24.0,False,False,0.008273009307135471,Medium (20-50),False
LARGE1,6,967,0.0387663105075396,1.0305371214257983,1.0395275286026848,0.1379193137917433,7.835142541055029,0.969992592654365,Cox_PH,0.9996299973032252,False,18.0,False,False,0.0062047569803516025,Small (<20),False
LARP1,7,967,-0.0898488696955211,1.0270599517419932,0.9140693184073196,0.1221034826781324,6.842742733686626,0.9302886935393622,Cox_PH,0.9996299973032252,False,21.0,False,False,0.007238883143743537,Medium (20-50),False
LDB3,5,967,-14.979225866734923,1961.9650581956105,3.123236438545607e-07,0.0,inf,0.9939083640191932,Cox_PH,0.9996299973032252,False,15.0,False,False,0.005170630816959669,Small (<20),False
LDB2,8,967,0.984502826576142,0.5894809746094641,2.676480878415847,0.8429228161959713,8.498464811824727,0.0948960059972947,Cox_PH,0.9996299973032252,False,24.0,False,False,0.008273009307135471,Medium (20-50),False
LCTL,5,967,-14.98198966543844,2008.919893855706,3.1146163592950146e-07,0.0,inf,0.9940496445510804,Cox_PH,0.9996299973032252,False,15.0,False,False,0.005170630816959669,Small (<20),False
LCT,17,967,-0.2157985940434007,0.7211846446512578,0.8058975981058847,0.1960627539935208,3.312566642077754,0.7647661339475041,Cox_PH,0.9996299973032252,False,51.0,False,False,0.017580144777662874,Large (50-100),False
LCP1,5,967,0.5234139322864724,1.0070623533713667,1.6877797913232018,0.2344698477652638,12.149112779954658,0.6032424882495856,Cox_PH,0.9996299973032252,False,15.0,False,False,0.005170630816959669,Small (<20),False
LCOR,14,967,0.8321318118803083,0.5362996333883787,2.2982128792383154,0.803309291215494,6.575029687886416,0.1207538110544207,Cox_PH,0.9996299973032252,False,42.0,False,False,0.014477766287487074,Medium (20-50),False
LARGE2,5,967,-14.988119327638676,2031.31713908983,3.095583206122947e-07,0.0,inf,0.9941128441903528,Cox_PH,0.9996299973032252,False,15.0,False,False,0.005170630816959669,Small (<20),False
LCMT2,5,967,1.3030582204436585,0.7270716697344772,3.68053536214533,0.8851463749419248,15.304068271071031,0.0731008523133942,Cox_PH,0.9996299973032252,False,15.0,False,False,0.005170630816959669,Small (<20),False
LBR,6,967,-15.203804524041445,1800.3445537006842,2.4950059823020873e-07,0.0,inf,0.993261991610408,Cox_PH,0.9996299973032252,False,18.0,False,False,0.0062047569803516025,Small (<20),False
LATS1,8,967,-0.277445146181591,1.015308938662994,0.7577171271407296,0.1035758933441947,5.543135822681078,0.7846519788583256,Cox_PH,0.9996299973032252,False,24.0,False,False,0.008273009307135471,Medium (20-50),False
LAS1L,7,967,-0.0525674824822441,1.0112019209000502,0.9487902921713668,0.1307427996115117,6.88529709623386,0.9585405268294048,Cox_PH,0.9996299973032252,False,21.0,False,False,0.007238883143743537,Medium (20-50),False
LARS1,5,967,1.334384671407319,0.729754862471658,3.797658419508694,0.9085231962169504,15.87434369460098,0.0674688121315289,Cox_PH,0.9996299973032252,False,15.0,False,False,0.005170630816959669,Small (<20),False
LARP7,7,967,0.7379776063865707,0.7298042082785823,2.091700991275342,0.5003543948966744,8.7442282540673,0.3119209839995973,Cox_PH,0.9996299973032252,False,21.0,False,False,0.007238883143743537,Medium (20-50),False
LARP4B,8,967,0.5911043152324695,0.7232702790398491,1.805981687682084,0.4375757559638009,7.453726153221449,0.4137763476030001,Cox_PH,0.9996299973032252,False,24.0,False,False,0.008273009307135471,Medium (20-50),False
LCA5L,9,967,-0.2199064082698897,1.012897832931034,0.8025939106001317,0.1102300028871658,5.8437536828497345,0.8281255755504666,Cox_PH,0.9996299973032252,False,27.0,False,False,0.009307135470527405,Medium (20-50),False
LDHC,5,967,-15.03012456629558,2002.4773049099456,2.9682456399377353e-07,0.0,inf,0.994011322021392,Cox_PH,0.9996299973032252,False,15.0,False,False,0.005170630816959669,Small (<20),False
KTN1,7,967,0.636188178663744,0.7423612427819843,1.8892655934521911,0.4409429146337728,8.094754137430192,0.3914563541685574,Cox_PH,0.9996299973032252,False,21.0,False,False,0.007238883143743537,Medium (20-50),False
KSR1,6,967,-14.898611291798352,1833.1892518023424,3.385441611517643e-07,0.0,inf,0.9935155407139036,Cox_PH,0.9996299973032252,False,18.0,False,False,0.0062047569803516025,Small (<20),False
KMT5B,7,967,0.046485274978876,1.0153617719890615,1.0475826532782628,0.143184138089859,7.66446220991884,0.9634840195530124,Cox_PH,0.9996299973032252,False,21.0,False,False,0.007238883143743537,Medium (20-50),False
KMT2E,16,967,-0.1285434652430365,0.7255819675664791,0.8793753393248898,0.2121028200448119,3.64587791548168,0.8593834026298357,Cox_PH,0.9996299973032252,False,48.0,False,False,0.016546018614270942,Medium (20-50),False
KMT2D,32,967,-0.4564924978714301,0.5962408158147054,0.633501761987367,0.1968871618432587,2.0383476438173846,0.4439038337035691,Cox_PH,0.9996299973032252,False,96.0,False,False,0.033092037228541885,Large (50-100),False
KMT2C,85,967,0.4507143929624014,0.2576185233395653,1.5694329769734383,0.9472256714278656,2.600351683352032,0.0801973979509726,Cox_PH,0.9996299973032252,False,60.0,True,False,0.08790072388831438,Large (50-100),False
KMT2B,10,967,0.3923729904891617,0.7445994811378315,1.4804898170518703,0.3440246412818117,6.371200883249529,0.598222440690112,Cox_PH,0.9996299973032252,False,30.0,False,False,0.010341261633919338,Medium (20-50),False
KMT2A,24,967,-0.6099870955384225,0.7233921585632582,0.5433578807701539,0.131620074974953,2.2431060508909133,0.3990989531372856,Cox_PH,0.9996299973032252,False,72.0,False,False,0.02481902792140641,Large (50-100),False
KNG1,6,967,0.863303944499394,0.7381022855599183,2.3709813578869214,0.5580110381319258,10.0742677389802,0.2421513346025761,Cox_PH,0.9996299973032252,False,18.0,False,False,0.0062047569803516025,Small (<20),False
KMO,7,967,0.6607366190239852,0.7537602274418234,1.9362180642884237,0.4419168986159786,8.48336056896209,0.3807108567690239,Cox_PH,0.9996299973032252,False,21.0,False,False,0.007238883143743537,Medium (20-50),False
KLHL7,6,967,0.2940200442147176,1.012940551194569,1.3418107989411876,0.1842718002361673,9.770655183526063,0.7716143772811186,Cox_PH,0.9996299973032252,False,18.0,False,False,0.0062047569803516025,Small (<20),False
KLHL4,10,967,0.4968448049078412,0.7263293028840991,1.643527431535231,0.3958338886864873,6.824030219272645,0.4939442494233917,Cox_PH,0.9996299973032252,False,30.0,False,False,0.010341261633919338,Medium (20-50),False
KLHL31,7,967,-0.2871628836640607,1.0406668924699012,0.7503894926921603,0.0976007605663864,5.769262324137287,0.7825932196252243,Cox_PH,0.9996299973032252,False,21.0,False,False,0.007238883143743537,Medium (20-50),False
KLHL13,6,967,0.3363007881671418,1.028629270665967,1.3997599927393252,0.1864089090876612,10.510914134217677,0.7437127264176628,Cox_PH,0.9996299973032252,False,18.0,False,False,0.0062047569803516025,Small (<20),False
KLHL12,5,967,0.3605848637258379,1.0120280536395752,1.4341679621362198,0.1973078417547263,10.424510882719074,0.7216164507818432,Cox_PH,0.9996299973032252,False,15.0,False,False,0.005170630816959669,Small (<20),False
KLF7,5,967,-14.867396089545524,2016.768425347536,3.492785520974282e-07,0.0,inf,0.9941181356237312,Cox_PH,0.9996299973032252,False,15.0,False,False,0.005170630816959669,Small (<20),False
KLK15,5,967,-14.97386515319896,1988.381395727603,3.1400241713081165e-07,0.0,inf,0.9939914430286708,Cox_PH,0.9996299973032252,False,15.0,False,False,0.005170630816959669,Small (<20),False
KSR2,5,967,-14.883957931073962,2013.544943424891,3.435414953172972e-07,0.0,inf,0.9941021569308546,Cox_PH,0.9996299973032252,False,15.0,False,False,0.005170630816959669,Small (<20),False
KNL1,10,967,-0.4745750018370586,1.014457914013987,0.6221494126430444,0.085186482545395,4.543794744029008,0.6399194499888143,Cox_PH,0.9996299973032252,False,30.0,False,False,0.010341261633919338,Medium (20-50),False
KPNA2,6,967,-15.040107210026546,1805.6483333783665,2.938762107850184e-07,0.0,inf,0.9933541153325324,Cox_PH,0.9996299973032252,False,18.0,False,False,0.0062047569803516025,Small (<20),False
KRTAP10-9,6,967,-15.062087229586515,1851.8367680181875,2.874872775792201e-07,0.0,inf,0.993510402992424,Cox_PH,0.9996299973032252,False,18.0,False,False,0.0062047569803516025,Small (<20),False
KRT73,5,967,-15.074349788041506,2000.3189147226328,2.839834747320119e-07,0.0,inf,0.9939872202229711,Cox_PH,0.9996299973032252,False,15.0,False,False,0.005170630816959669,Small (<20),False
KRT34,5,967,-15.01809918211176,2022.824973570605,3.004155415793973e-07,0.0,inf,0.9940763044033556,Cox_PH,0.9996299973032252,False,15.0,False,False,0.005170630816959669,Small (<20),False
KRT28,5,967,0.4450464600186124,1.0051954802666434,1.5605626979204208,0.2175913141680824,11.192339838801775,0.6579493351473937,Cox_PH,0.9996299973032252,False,15.0,False,False,0.005170630816959669,Small (<20),False
KRT25,5,967,0.4791693620692149,1.012909477882416,1.6147325868539693,0.2217658430982235,11.757271952350523,0.6361686798104191,Cox_PH,0.9996299973032252,False,15.0,False,False,0.005170630816959669,Small (<20),False
KRT2,7,967,-14.85979555526009,1701.3795288429808,3.519433698988962e-07,0.0,inf,0.9930313898150244,Cox_PH,0.9996299973032252,False,21.0,False,False,0.007238883143743537,Medium (20-50),False
KNTC1,8,967,-15.072623214826894,1605.5026709331196,2.844742165217805e-07,0.0,inf,0.9925094882020538,Cox_PH,0.9996299973032252,False,24.0,False,False,0.008273009307135471,Medium (20-50),False
KRT19,7,967,-0.0508328730329833,1.0193543081826453,0.9504375009965108,0.1288936907528348,7.0083449238233975,0.9602278027041616,Cox_PH,0.9996299973032252,False,21.0,False,False,0.007238883143743537,Medium (20-50),False
KRIT1,11,967,-0.4931055996541453,1.026059143943166,0.6107267731245504,0.0817424750481013,4.562954463901926,0.6308135804119022,Cox_PH,0.9996299973032252,False,33.0,False,False,0.011375387797311272,Medium (20-50),False
KRAS,6,967,0.0107646416492148,1.0066632406957456,1.0108227888614676,0.1405354779317388,7.270496571534537,0.9914680725974492,Cox_PH,0.9996299973032252,False,18.0,False,False,0.0062047569803516025,Small (<20),False
KPRP,7,967,0.0043169827042719,1.005513506062739,1.004326314297383,0.1399472813355915,7.207509398995659,0.9965744435588486,Cox_PH,0.9996299973032252,False,21.0,False,False,0.007238883143743537,Medium (20-50),False
KPNB1,6,967,-14.955948547891936,1827.7168645186337,3.196789749778649e-07,0.0,inf,0.9934710963719074,Cox_PH,0.9996299973032252,False,18.0,False,False,0.0062047569803516025,Small (<20),False
KPNA5,5,967,0.286131508226036,1.0259865209573116,1.331267516370508,0.178208320547399,9.944952035345176,0.7803336358190393,Cox_PH,0.9996299973032252,False,15.0,False,False,0.005170630816959669,Small (<20),False
KPNA3,6,967,1.145280699537626,0.7244227437552883,3.1433235624866147,0.7598852239517324,13.002599217682835,0.113888030331811,Cox_PH,0.9996299973032252,False,18.0,False,False,0.0062047569803516025,Small (<20),False
KRT1,5,967,1.1162014796230733,0.7425889283930712,3.0532343751980178,0.7122880961208441,13.08773823493641,0.1328076823040475,Cox_PH,0.9996299973032252,False,15.0,False,False,0.005170630816959669,Small (<20),False
LRRTM1,8,967,-14.9443694498932,1589.8587035452178,3.234020826736663e-07,0.0,inf,0.9925001473157222,Cox_PH,0.9996299973032252,False,24.0,False,False,0.008273009307135471,Medium (20-50),False
LEPR,11,967,0.3686641818442462,0.7268777054570542,1.4458019955815549,0.3478388014141974,6.0095176326762925,0.6120224003823564,Cox_PH,0.9996299973032252,False,33.0,False,False,0.011375387797311272,Medium (20-50),False
LGI1,6,967,-14.972938569809838,1851.1233517775809,3.142935013907631e-07,0.0,inf,0.9935463262153412,Cox_PH,0.9996299973032252,False,18.0,False,False,0.0062047569803516025,Small (<20),False
LRR1,5,967,0.3131894346096676,1.0369274588516315,1.3677806114736744,0.1792115397228972,10.43919272171886,0.7626246104047809,Cox_PH,0.9996299973032252,False,15.0,False,False,0.005170630816959669,Small (<20),False
LRPPRC,10,967,0.4412284176177976,0.7444658825664322,1.5546157634189302,0.361344055494767,6.688445914964343,0.5533967867330336,Cox_PH,0.9996299973032252,False,30.0,False,False,0.010341261633919338,Medium (20-50),False
LRP8,6,967,1.0350503475176245,0.7421927449556652,2.815247972802904,0.657278513948467,12.05823860080151,0.1631412330850841,Cox_PH,0.9996299973032252,False,18.0,False,False,0.0062047569803516025,Small (<20),False
LRP6,10,967,-14.88427126050804,1424.321977013568,3.434338705168764e-07,0.0,inf,0.9916621983773448,Cox_PH,0.9996299973032252,False,30.0,False,False,0.010341261633919338,Medium (20-50),False
LRP5,7,967,0.0293129665479816,1.0463715928963904,1.029746820357202,0.1324466500818796,8.006080285007076,0.9776510516525112,Cox_PH,0.9996299973032252,False,21.0,False,False,0.007238883143743537,Medium (20-50),False
LRP4,11,967,0.3891502575014043,0.7228815656952132,1.47572627361755,0.3578298763473179,6.0860430573196425,0.5903478835119864,Cox_PH,0.9996299973032252,False,33.0,False,False,0.011375387797311272,Medium (20-50),False
LRRC27,5,967,-14.91744275415618,2002.799694436148,3.3222853242523105e-07,0.0,inf,0.9940571754417372,Cox_PH,0.9996299973032252,False,15.0,False,False,0.005170630816959669,Small (<20),False
LRP2,39,967,-0.3704535073641781,0.5259457356000142,0.6904211485522785,0.2462748355130287,1.9355666663028976,0.4812105402934185,Cox_PH,0.9996299973032252,False,85.0,False,True,0.04033092037228542,Large (50-100),False
LRP12,9,967,-0.2967289038536271,1.0091525049169114,0.7432454760370557,0.1028310618537971,5.372052254356364,0.7687290786701239,Cox_PH,0.9996299973032252,False,27.0,False,False,0.009307135470527405,Medium (20-50),False
LRP1,27,967,0.0324568139508506,0.5261392613413749,1.0329892814547983,0.3683299503619573,2.897040695582578,0.950810789025192,Cox_PH,0.9996299973032252,False,81.0,False,False,0.027921406411582212,Large (50-100),False
LRIG3,5,967,-15.001485489779428,1993.78971765444,3.0544824307840354e-07,0.0,inf,0.9939966885071952,Cox_PH,0.9996299973032252,False,15.0,False,False,0.005170630816959669,Small (<20),False
LRIG2,6,967,0.9292233396648026,0.7378389199000088,2.5325414890821336,0.5963420045614891,10.75518133028146,0.2078912697422238,Cox_PH,0.9996299973032252,False,18.0,False,False,0.0062047569803516025,Small (<20),False
LRIF1,6,967,-14.882173175588624,1841.6353237004728,3.441551803614806e-07,0.0,inf,0.993552400509853,Cox_PH,0.9996299973032252,False,18.0,False,False,0.0062047569803516025,Small (<20),False
LRGUK,8,967,-14.884490096366404,1585.202133617657,3.433587230938059e-07,0.0,inf,0.9925082548885517,Cox_PH,0.9996299973032252,False,24.0,False,False,0.008273009307135471,Medium (20-50),False
LRP1B,28,967,-0.025693264745292,0.5218892629425039,0.9746339983712154,0.3504293296399037,2.7107075533808147,0.9607350014938416,Cox_PH,0.9996299973032252,False,84.0,False,False,0.028955532574974147,Large (50-100),False
LRFN5,6,967,0.1953170529319192,1.007628539992114,1.2156963654907338,0.1686997307512344,8.760640259981955,0.8463024580349559,Cox_PH,0.9996299973032252,False,18.0,False,False,0.0062047569803516025,Small (<20),False
LRRC31,6,967,0.246767792687997,1.0521588283613743,1.2798818803387175,0.162762448734214,10.064346170499894,0.8145698698948755,Cox_PH,0.9996299973032252,False,18.0,False,False,0.0062047569803516025,Small (<20),False
LRRC37A3,8,967,0.6969549116500747,0.7326720716164831,2.0076299794163757,0.4775519406635906,8.440083247595306,0.3414770640551725,Cox_PH,0.9996299973032252,False,24.0,False,False,0.008273009307135471,Medium (20-50),False
LRRN2,5,967,-14.863614348842765,2016.0260818603344,3.5060193378048226e-07,0.0,inf,0.994117466498419,Cox_PH,0.9996299973032252,False,15.0,False,False,0.005170630816959669,Small (<20),False
LRRN1,6,967,0.053526127504262,1.0184448995463404,1.0549845555209745,0.1433270960834169,7.765401259089365,0.958085098522217,Cox_PH,0.9996299973032252,False,18.0,False,False,0.0062047569803516025,Small (<20),False
LRRK2,17,967,-0.1906926880377943,0.7230357278563795,0.8263865075921432,0.2003192941605235,3.4091307219917297,0.7919810753999351,Cox_PH,0.9996299973032252,False,51.0,False,False,0.017580144777662874,Large (50-100),False
LRRK1,14,967,-0.7008145431503571,1.017948521300449,0.4961809783262625,0.0674753019633672,3.6486767170966927,0.4911645709991299,Cox_PH,0.9996299973032252,False,42.0,False,False,0.014477766287487074,Medium (20-50),False
LRRIQ4,5,967,1.1594764295804836,0.7158213316066991,3.188263558558083,0.7838533102831019,12.968018869701751,0.105278537419661,Cox_PH,0.9996299973032252,False,15.0,False,False,0.005170630816959669,Small (<20),False
LRRIQ3,6,967,0.1850094844822385,1.020904949936912,1.203229852085738,0.1626809729186213,8.89939401625344,0.8561940591809619,Cox_PH,0.9996299973032252,False,18.0,False,False,0.0062047569803516025,Small (<20),False
LRRC32,7,967,-0.0004845297718757,1.0329563559975887,0.9995155875937176,0.1319834177323037,7.569370660404528,0.9996257355813658,Cox_PH,0.9996299973032252,False,21.0,False,False,0.007238883143743537,Medium (20-50),False
LRRIQ1,14,967,-0.7386428968050264,1.0138175800114355,0.4777618478962596,0.0654986757811197,3.48490073399384,0.4662612208870763,Cox_PH,0.9996299973032252,False,42.0,False,False,0.014477766287487074,Medium (20-50),False
LRRC8C,9,967,-0.2395088053474593,1.019529224338786,0.7870143433767002,0.106694455545027,5.805283634623954,0.8142700648784607,Cox_PH,0.9996299973032252,False,27.0,False,False,0.009307135470527405,Medium (20-50),False
LRRC8A,5,967,-14.69259843469703,2027.4366438568804,4.159925711333894e-07,0.0,inf,0.9942178736507684,Cox_PH,0.9996299973032252,False,15.0,False,False,0.005170630816959669,Small (<20),False
LRRC7,14,967,-0.7662028520038329,1.0146701834868368,0.4647745396229399,0.0636117923421732,3.3958384873004492,0.4501739665661282,Cox_PH,0.9996299973032252,False,42.0,False,False,0.014477766287487074,Medium (20-50),False
LRRC66,6,967,0.1670838996910224,1.0065310280537525,1.1818534182854794,0.1643565845808747,8.498457824948057,0.8681571463925178,Cox_PH,0.9996299973032252,False,18.0,False,False,0.0062047569803516025,Small (<20),False
LRRC42,5,967,1.078762575231923,0.7280685273805207,2.9410379852015525,0.7059211463607654,12.25307454662638,0.1384261925982942,Cox_PH,0.9996299973032252,False,15.0,False,False,0.005170630816959669,Small (<20),False
LRRC41,8,967,-14.926436533200754,1590.4934278466956,3.292539388815671e-07,0.0,inf,0.9925121360261572,Cox_PH,0.9996299973032252,False,24.0,False,False,0.008273009307135471,Medium (20-50),False
LRRCC1,7,967,-0.0083566438809766,1.017568382697632,0.99167817580808,0.1349581330810137,7.286893956836992,0.9934475536982412,Cox_PH,0.9996299973032252,False,21.0,False,False,0.007238883143743537,Medium (20-50),False
LETM1,8,967,0.6670226531627922,0.7148902441854174,1.9484275315006288,0.4799073447708463,7.910630847549092,0.3507982618666269,Cox_PH,0.9996299973032252,False,24.0,False,False,0.008273009307135471,Medium (20-50),False
LRFN2,5,967,-15.04151187936721,2011.3897110315593,2.934637016690589e-07,0.0,inf,0.9940333401449646,Cox_PH,0.9996299973032252,False,15.0,False,False,0.005170630816959669,Small (<20),False
LRCH2,6,967,-15.065340121566049,1848.933933276272,2.865536318673549e-07,0.0,inf,0.9934988108219156,Cox_PH,0.9996299973032252,False,18.0,False,False,0.0062047569803516025,Small (<20),False
LIPN,8,967,-0.3131294672332741,1.0147617646398157,0.7311552457941247,0.1000522703628689,5.343087083515712,0.7576453235234629,Cox_PH,0.9996299973032252,False,24.0,False,False,0.008273009307135471,Medium (20-50),False
LIN54,5,967,0.3682433576914246,1.0242292590941482,1.4451936951843434,0.1941263603124435,10.758893399325212,0.7191970238114751,Cox_PH,0.9996299973032252,False,15.0,False,False,0.005170630816959669,Small (<20),False
LIMA1,6,967,0.1546425687203224,1.033527799244203,1.1672406782052849,0.1539585424319034,8.849465442684032,0.8810597412242543,Cox_PH,0.9996299973032252,False,18.0,False,False,0.0062047569803516025,Small (<20),False
LILRB5,7,967,-0.0247850196491649,1.0075533157550374,0.9755196070347388,0.1353908472659707,7.0288244953497445,0.9803746462335214,Cox_PH,0.9996299973032252,False,21.0,False,False,0.007238883143743537,Medium (20-50),False
LILRB1,6,967,-14.951888589317583,1850.3556780937704,3.2097949661895745e-07,0.0,inf,0.9935527253623097,Cox_PH,0.9996299973032252,False,18.0,False,False,0.0062047569803516025,Small (<20),False
LILRA5,5,967,-14.759204267098584,2015.4864120443303,3.8918763123994595e-07,0.0,inf,0.9941572238364156,Cox_PH,0.9996299973032252,False,15.0,False,False,0.005170630816959669,Small (<20),False
LMAN1L,6,967,-14.97894220267323,1840.7430842215656,3.124122514147362e-07,0.0,inf,0.993507331401056,Cox_PH,0.9996299973032252,False,18.0,False,False,0.0062047569803516025,Small (<20),False
LILRA4,6,967,0.8603223077168309,0.7217876850981992,2.363922481391918,0.5744274030791171,9.72817360048622,0.2332876549437226,Cox_PH,0.9996299973032252,False,18.0,False,False,0.0062047569803516025,Small (<20),False
LIG3,8,967,0.7041161931006634,0.7266236695144258,2.022058785454336,0.4867200344420596,8.400561806583692,0.3325329275154682,Cox_PH,0.9996299973032252,False,24.0,False,False,0.008273009307135471,Medium (20-50),False
LIFR,10,967,-0.4647281817767328,1.0138357899839607,0.628305866964935,0.0861344070434044,4.5831657291566295,0.6466751130565569,Cox_PH,0.9996299973032252,False,30.0,False,False,0.010341261633919338,Medium (20-50),False
LHX9,5,967,-15.058506097894572,2018.060028318237,2.885186530233946e-07,0.0,inf,0.994046342596952,Cox_PH,0.9996299973032252,False,15.0,False,False,0.005170630816959669,Small (<20),False
LHX4,5,967,-15.043530929438337,2020.9898550489645,2.928717815206236e-07,0.0,inf,0.994060885463586,Cox_PH,0.9996299973032252,False,15.0,False,False,0.005170630816959669,Small (<20),False
LGR5,6,967,-14.705071296007889,1838.5585171961857,4.1083617782573467e-07,0.0,inf,0.9936184656890754,Cox_PH,0.9996299973032252,False,18.0,False,False,0.0062047569803516025,Small (<20),False
LGI2,5,967,-15.07594311924752,2015.9461923511433,2.8353135528339164e-07,0.0,inf,0.9940331988122358,Cox_PH,0.9996299973032252,False,15.0,False,False,0.005170630816959669,Small (<20),False
LILRA1,8,967,0.6455246260378978,0.7283571895887405,1.9069872220360171,0.4574647412438027,7.949465690232389,0.3754694624104446,Cox_PH,0.9996299973032252,False,24.0,False,False,0.008273009307135471,Medium (20-50),False
LRCH3,11,967,-0.4884216156859345,1.0142585052614292,0.6135941175941972,0.0840479099654936,4.479561018242745,0.6301218468349015,Cox_PH,0.9996299973032252,False,33.0,False,False,0.011375387797311272,Medium (20-50),False
LMOD1,7,967,-14.853769243399665,1712.3144425032924,3.540706939240532e-07,0.0,inf,0.9930786985042735,Cox_PH,0.9996299973032252,False,21.0,False,False,0.007238883143743537,Medium (20-50),False
LMTK3,7,967,-0.1326069692636385,1.0177388830039416,0.8758092444253704,0.1191496300977337,6.437635030774031,0.8963325060044468,Cox_PH,0.9996299973032252,False,21.0,False,False,0.007238883143743537,Medium (20-50),False
LRCH1,10,967,0.3467433527397781,0.7492768472922412,1.4144536631256042,0.3256802302019084,6.143078331432956,0.6435287527821312,Cox_PH,0.9996299973032252,False,30.0,False,False,0.010341261633919338,Medium (20-50),False
LRBA,18,967,-0.3084702285380823,0.7227075733825296,0.7345698210910886,0.1781771369059213,3.028406626281701,0.6695062229440241,Cox_PH,0.9996299973032252,False,54.0,False,False,0.01861427094105481,Large (50-100),False
LPP,7,967,-14.835473977174226,1707.0231111238609,3.606081312621459e-07,0.0,inf,0.993065795914818,Cox_PH,0.9996299973032252,False,21.0,False,False,0.007238883143743537,Medium (20-50),False
LPO,8,967,0.7812635854506423,0.723358937326716,2.18423048436949,0.5291306343812252,9.016417683750458,0.2801200599718591,Cox_PH,0.9996299973032252,False,24.0,False,False,0.008273009307135471,Medium (20-50),False
LPIN2,5,967,0.2124033438896434,1.016897105576793,1.2366465783403249,0.168517616946957,9.07498448783664,0.8345466184665518,Cox_PH,0.9996299973032252,False,15.0,False,False,0.005170630816959669,Small (<20),False
LPIN1,5,967,0.2782543411795545,1.009632754553868,1.3208220939404538,0.1825692259250499,9.555668514240413,0.7828556489722005,Cox_PH,0.9996299973032252,False,15.0,False,False,0.005170630816959669,Small (<20),False
LMTK2,9,967,0.5802373326191413,0.7268671964034107,1.7864623662336,0.4298055541015366,7.425329327445147,0.4247129806781756,Cox_PH,0.9996299973032252,False,27.0,False,False,0.009307135470527405,Medium (20-50),False
LPGAT1,5,967,-15.073141039658337,2017.932041986158,2.843269468417997e-07,0.0,inf,0.9940401785433493,Cox_PH,0.9996299973032252,False,15.0,False,False,0.005170630816959669,Small (<20),False
LOXL3,8,967,0.0143233269841925,1.0128497032574777,1.0144263973477068,0.1393366834659617,7.385427082360792,0.9887170026139652,Cox_PH,0.9996299973032252,False,24.0,False,False,0.008273009307135471,Medium (20-50),False
LONRF3,5,967,-14.81960993944537,2024.750997542867,3.663744498773539e-07,0.0,inf,0.9941601547996436,Cox_PH,0.9996299973032252,False,15.0,False,False,0.005170630816959669,Small (<20),False
LONRF2,7,967,-14.92714563415774,1701.6208367101876,3.290205473572705e-07,0.0,inf,0.993000798985978,Cox_PH,0.9996299973032252,False,21.0,False,False,0.007238883143743537,Medium (20-50),False
LONP2,8,967,0.6127925346465348,0.729833634956333,1.8455780499836312,0.4414540285880774,7.715771332918751,0.4011140905177945,Cox_PH,0.9996299973032252,False,24.0,False,False,0.008273009307135471,Medium (20-50),False
LNX1,6,967,-14.87891041158544,1831.399011067842,3.452799113635978e-07,0.0,inf,0.9935177849116408,Cox_PH,0.9996299973032252,False,18.0,False,False,0.0062047569803516025,Small (<20),False
LNPK,7,967,-0.1752674605938832,1.0155563469077478,0.8392325291185664,0.114662998509293,6.14244566326829,0.8629794479537035,Cox_PH,0.9996299973032252,False,21.0,False,False,0.007238883143743537,Medium (20-50),False
LPA,14,967,-15.994488731043322,1973.4373651708415,1.1315709855479125e-07,0.0,inf,0.9935333058323668,Cox_PH,0.9996299973032252,False,42.0,False,False,0.014477766287487074,Medium (20-50),False
MFSD8,7,967,1.241519701051049,0.6019976778364481,3.460868956553835,1.0635413675869092,11.262010392331312,0.0391760394791877,Cox_PH,0.9996299973032252,False,21.0,False,False,0.007238883143743537,Medium (20-50),True
HOOK3,7,967,-0.0295749094097817,1.0135658647112744,0.9708581485062936,0.1331653081339014,7.078161405020686,0.976721773772115,Cox_PH,0.9996299973032252,False,21.0,False,False,0.007238883143743537,Medium (20-50),False
HOMER2,5,967,0.2290785826678139,1.0117029771497992,1.2574408481839126,0.1731045983334741,9.134116031022389,0.8208680136938727,Cox_PH,0.9996299973032252,False,15.0,False,False,0.005170630816959669,Small (<20),False
FAM135B,14,967,0.1706481767540027,0.7211444207664801,1.1860733874181073,0.2885765506714121,4.874859294937249,0.8129397857622509,Cox_PH,0.9996299973032252,False,42.0,False,False,0.014477766287487074,Medium (20-50),False
FAM135A,6,967,-14.886817227709663,1842.375641996587,3.425606112630245e-07,0.0,inf,0.9935529801286036,Cox_PH,0.9996299973032252,False,18.0,False,False,0.0062047569803516025,Small (<20),False
FAM122B,5,967,-15.058125350452665,2027.4582399010208,2.886285266782049e-07,0.0,inf,0.994074089893399,Cox_PH,0.9996299973032252,False,15.0,False,False,0.005170630816959669,Small (<20),False
FAM120C,10,967,-0.3782057365983352,1.008679908773346,0.6850895381746567,0.0948727880599649,4.947126409099627,0.7076967641817343,Cox_PH,0.9996299973032252,False,30.0,False,False,0.010341261633919338,Medium (20-50),False
FAM120A,6,967,-14.940686320543591,1843.5753818683988,3.245954106176715e-07,0.0,inf,0.9935338622054408,Cox_PH,0.9996299973032252,False,18.0,False,False,0.0062047569803516025,Small (<20),False
FAM114A2,5,967,-14.920703940019107,1986.2318504599064,3.3114683819367426e-07,0.0,inf,0.9940062952170042,Cox_PH,0.9996299973032252,False,15.0,False,False,0.005170630816959669,Small (<20),False
FAM13A,5,967,-15.048034503274245,1990.544721589327,2.9155577741320954e-07,0.0,inf,0.9939682440144724,Cox_PH,0.9996299973032252,False,15.0,False,False,0.005170630816959669,Small (<20),False
FAM111A,5,967,-14.891902990365292,2012.5361510067976,3.4082285196024866e-07,0.0,inf,0.994096050875264,Cox_PH,0.9996299973032252,False,15.0,False,False,0.005170630816959669,Small (<20),False
FAAH,8,967,-14.967624171761884,1585.1771104370025,3.1596822830216997e-07,0.0,inf,0.9924662936994084,Cox_PH,0.9996299973032252,False,24.0,False,False,0.008273009307135471,Medium (20-50),False
F8,23,967,-0.5917687693069795,0.7213050786639807,0.553347674255118,0.1345893856314481,2.275020776467553,0.4119801493754356,Cox_PH,0.9996299973032252,False,69.0,False,False,0.023784901758014478,Large (50-100),False
F5,23,967,-0.1206723643710492,0.5951269555020259,0.886324303447397,0.2760643751527205,2.845607190159653,0.8393168147622404,Cox_PH,0.9996299973032252,False,69.0,False,False,0.023784901758014478,Large (50-100),False
F2,5,967,1.322753238745528,0.727754203324388,3.7537421112403706,0.9015452894040784,15.629364385025172,0.0691279821283234,Cox_PH,0.9996299973032252,False,15.0,False,False,0.005170630816959669,Small (<20),False
F13B,6,967,0.8527654877368108,0.7169435522061752,2.346126071575322,0.5755415389210815,9.563701612300491,0.2342642922851849,Cox_PH,0.9996299973032252,False,18.0,False,False,0.0062047569803516025,Small (<20),False
F13A1,5,967,0.4651493465663504,1.0101483981951138,1.5922519684951346,0.2198650095529562,11.53101321729864,0.6451744147956181,Cox_PH,0.9996299973032252,False,15.0,False,False,0.005170630816959669,Small (<20),False
FADS2,6,967,0.1735076922251471,1.0167068517389029,1.1894698364042051,0.1621493042232543,8.725529218228624,0.8644938230031205,Cox_PH,0.9996299973032252,False,18.0,False,False,0.0062047569803516025,Small (<20),False
EYS,6,967,0.002291746522377,1.0098576610074572,1.0022943745806694,0.1384800137180987,7.254433230784405,0.9981893016525416,Cox_PH,0.9996299973032252,False,18.0,False,False,0.0062047569803516025,Small (<20),False
FAM13B,8,967,-14.950561185242606,1595.147239702393,3.214058490191077e-07,0.0,inf,0.9925219145894464,Cox_PH,0.9996299973032252,False,24.0,False,False,0.008273009307135471,Medium (20-50),False
FAM153B,6,967,-14.957535708143247,1841.274015436681,3.191719956507449e-07,0.0,inf,0.9935184793515144,Cox_PH,0.9996299973032252,False,18.0,False,False,0.0062047569803516025,Small (<20),False
FAM47B,9,967,-0.3041174900028125,1.0060931137151414,0.7377741802677963,0.1026880021739256,5.300626456320614,0.7624419087579898,Cox_PH,0.9996299973032252,False,27.0,False,False,0.009307135470527405,Medium (20-50),False
FAM47A,14,967,-0.7548432372554661,1.0117614361893046,0.4700843006599166,0.0647063684295861,3.415108204803578,0.4556260962279476,Cox_PH,0.9996299973032252,False,42.0,False,False,0.014477766287487074,Medium (20-50),False
FAM214A,9,967,1.026862113495765,0.6126997880958099,2.792290183717956,0.8402721334889269,9.278999218638736,0.0937454598547544,Cox_PH,0.9996299973032252,False,27.0,False,False,0.009307135470527405,Medium (20-50),False
FAM193B,5,967,-15.07589177091532,1992.5599017658144,2.835459145194053e-07,0.0,inf,0.9939631895090374,Cox_PH,0.9996299973032252,False,15.0,False,False,0.005170630816959669,Small (<20),False
FAM193A,9,967,-0.3059013760922526,1.0123774392141862,0.7364592483635383,0.1012501433744989,5.356755125709688,0.7625290342803756,Cox_PH,0.9996299973032252,False,27.0,False,False,0.009307135470527405,Medium (20-50),False
FAM189A2,5,967,-15.093173596656367,2014.90334736214,2.786878226930971e-07,0.0,inf,0.9940232877267766,Cox_PH,0.9996299973032252,False,15.0,False,False,0.005170630816959669,Small (<20),False
FAM13C,10,967,-15.085597903749406,1421.468554227812,2.808070933911269e-07,0.0,inf,0.9915324614945972,Cox_PH,0.9996299973032252,False,30.0,False,False,0.010341261633919338,Medium (20-50),False
FAM186B,5,967,0.3686112611033658,1.0181316865465213,1.4457254846933063,0.1965326223256229,10.634988493811983,0.7173171005261627,Cox_PH,0.9996299973032252,False,15.0,False,False,0.005170630816959669,Small (<20),False
FAM171B,10,967,-14.936999346308212,1394.2757806251238,3.2579439448663177e-07,0.0,inf,0.9914523558677092,Cox_PH,0.9996299973032252,False,30.0,False,False,0.010341261633919338,Medium (20-50),False
FAM171A1,10,967,0.4659645763652112,0.7172735106799071,1.5935505489959871,0.3906702189936751,6.500120123685508,0.5159292811486231,Cox_PH,0.9996299973032252,False,30.0,False,False,0.010341261633919338,Medium (20-50),False
FAM169A,5,967,0.9779510532701968,0.7306888020332125,2.659002502144943,0.6349563651721164,11.135086903958417,0.180767344963885,Cox_PH,0.9996299973032252,False,15.0,False,False,0.005170630816959669,Small (<20),False
FAM161A,5,967,0.2764059904863959,1.0368051631183872,1.3183830063466102,0.1727806981752847,10.059768074673494,0.7897818093500467,Cox_PH,0.9996299973032252,False,15.0,False,False,0.005170630816959669,Small (<20),False
FAM160B1,6,967,0.1935870472763154,1.0173743483610849,1.2135950220950134,0.1652217652754849,8.914157739436327,0.8490889114983872,Cox_PH,0.9996299973032252,False,18.0,False,False,0.0062047569803516025,Small (<20),False
FAM160A2,6,967,-15.0345280009045,1846.3835995260345,2.955203899657837e-07,0.0,inf,0.9935031457088792,Cox_PH,0.9996299973032252,False,18.0,False,False,0.0062047569803516025,Small (<20),False
FAM184A,8,967,-14.962461444695352,1589.1910599041612,3.176037041516783e-07,0.0,inf,0.9924879135659962,Cox_PH,0.9996299973032252,False,24.0,False,False,0.008273009307135471,Medium (20-50),False
FAM47C,18,967,0.1142735229764002,0.5884564614440849,1.1210587182694145,0.3537725305493409,3.5524879443192927,0.8460255655881743,Cox_PH,0.9996299973032252,False,54.0,False,False,0.01861427094105481,Large (50-100),False
EYA4,6,967,-15.012604405593128,1831.6178772304363,3.0207080131956605e-07,0.0,inf,0.9934603219891632,Cox_PH,0.9996299973032252,False,18.0,False,False,0.0062047569803516025,Small (<20),False
EXT2,7,967,-14.922138911451375,1715.0123442644451,3.306719927173085e-07,0.0,inf,0.9930577793995004,Cox_PH,0.9996299973032252,False,21.0,False,False,0.007238883143743537,Medium (20-50),False
ESYT3,7,967,0.7992496001547953,0.7325490117950378,2.2238715093684935,0.5291165960683212,9.346908652894175,0.2752496803408409,Cox_PH,0.9996299973032252,False,21.0,False,False,0.007238883143743537,Medium (20-50),False
ESYT1,8,967,-14.929226592935024,1590.5002174828578,3.283365810609948e-07,0.0,inf,0.9925107684003412,Cox_PH,0.9996299973032252,False,24.0,False,False,0.008273009307135471,Medium (20-50),False
ESRRG,7,967,0.9131441052060172,0.7315608117716912,2.492145796932611,0.5940955666961593,10.454194613347934,0.2119528694335483,Cox_PH,0.9996299973032252,False,21.0,False,False,0.007238883143743537,Medium (20-50),False
ESRP2,6,967,0.1886982972382434,1.0162336413858422,1.2076765381663896,0.1647840187393502,8.850874204885933,0.8526925995904231,Cox_PH,0.9996299973032252,False,18.0,False,False,0.0062047569803516025,Small (<20),False
ESRP1,7,967,-15.174174953636475,1678.3498159457288,2.570038032207223e-07,0.0,inf,0.9927863221001704,Cox_PH,0.9996299973032252,False,21.0,False,False,0.007238883143743537,Medium (20-50),False
ESR1,9,967,-0.3437148587770673,1.0128830991117452,0.7091311017336831,0.0973964289234489,5.163094016940473,0.734351301470642,Cox_PH,0.9996299973032252,False,27.0,False,False,0.009307135470527405,Medium (20-50),False
ETAA1,5,967,0.4274094401775547,1.0228336699813318,1.5332803197874108,0.2065227810139122,11.383482865694196,0.6760436442507374,Cox_PH,0.9996299973032252,False,15.0,False,False,0.005170630816959669,Small (<20),False
ESPL1,13,967,0.0725882579647982,0.7199306318409587,1.0752877046066995,0.2622450831896171,4.409019355540479,0.9196880002920595,Cox_PH,0.9996299973032252,False,39.0,False,False,0.01344364012409514,Medium (20-50),False
ERN2,7,967,0.8081735325257074,0.7157791597176344,2.2438060030637743,0.5516984763076078,9.12575545446654,0.2588631452015999,Cox_PH,0.9996299973032252,False,21.0,False,False,0.007238883143743537,Medium (20-50),False
ERN1,5,967,1.0810337516175723,0.7244951883805798,2.947725192261702,0.7124989663278143,12.19522303853634,0.1356676928884984,Cox_PH,0.9996299973032252,False,15.0,False,False,0.005170630816959669,Small (<20),False
ERMP1,6,967,-15.023967710818464,1838.99831594628,2.986577073449586e-07,0.0,inf,0.9934816370249884,Cox_PH,0.9996299973032252,False,18.0,False,False,0.0062047569803516025,Small (<20),False
ERMAP,5,967,-15.018800209956412,2016.4859007534717,3.002050157206501e-07,0.0,inf,0.9940574055019002,Cox_PH,0.9996299973032252,False,15.0,False,False,0.005170630816959669,Small (<20),False
ERICH3,13,967,0.4971468912316185,0.5898611350657037,1.644023993693593,0.5173783088389751,5.224059156839208,0.3993289980576266,Cox_PH,0.9996299973032252,False,39.0,False,False,0.01344364012409514,Medium (20-50),False
ERG,6,967,-14.897634645590792,1839.8071551155172,3.388749605335314e-07,0.0,inf,0.9935392887519152,Cox_PH,0.9996299973032252,False,18.0,False,False,0.0062047569803516025,Small (<20),False
ESF1,8,967,-14.937612399927888,1594.2331697282386,3.2559472626373873e-07,0.0,inf,0.992524107423613,Cox_PH,0.9996299973032252,False,24.0,False,False,0.008273009307135471,Medium (20-50),False
EXTL3,6,967,-0.0382499019634797,1.0156921472435274,0.9624723870956884,0.1314660664386927,7.046328539491696,0.9699596042096796,Cox_PH,0.9996299973032252,False,18.0,False,False,0.0062047569803516025,Small (<20),False
ETS2,6,967,-15.039481998611082,1820.435950057235,2.940600029952416e-07,0.0,inf,0.9934083734234476,Cox_PH,0.9996299973032252,False,18.0,False,False,0.0062047569803516025,Small (<20),False
ETV5,6,967,0.8863199414839483,0.7174330740623496,2.4261847007446637,0.5946103965172244,9.89954470457524,0.2166800541747036,Cox_PH,0.9996299973032252,False,18.0,False,False,0.0062047569803516025,Small (<20),False
EXT1,7,967,0.0559843082237143,1.0141528683271035,1.0575810882805643,0.1448936413418503,7.719301881922179,0.9559767173773568,Cox_PH,0.9996299973032252,False,21.0,False,False,0.007238883143743537,Medium (20-50),False
EXPH5,8,967,0.7664250515789223,0.7345783063763458,2.1520589855776073,0.5099980234198059,9.081129072519971,0.2967844723585102,Cox_PH,0.9996299973032252,False,24.0,False,False,0.008273009307135471,Medium (20-50),False
EXOSC9,6,967,0.0668650437024152,1.0122689219848509,1.0691511797530509,0.1470206768299314,7.774989680462577,0.9473343361802448,Cox_PH,0.9996299973032252,False,18.0,False,False,0.0062047569803516025,Small (<20),False
EXOC7,6,967,0.2054679709003417,1.0152140343516425,1.2280996454059985,0.1679059065689649,8.982582982730598,0.8396127675653188,Cox_PH,0.9996299973032252,False,18.0,False,False,0.0062047569803516025,Small (<20),False
EXOC6B,5,967,-14.865843091483194,2031.32626610019,3.498214024256989e-07,0.0,inf,0.9941608982226672,Cox_PH,0.9996299973032252,False,15.0,False,False,0.005170630816959669,Small (<20),False
EXOC6,6,967,0.229281048724154,1.018101258057697,1.2576954630480892,0.1709819271803197,9.25125774318571,0.8218201400057505,Cox_PH,0.9996299973032252,False,18.0,False,False,0.0062047569803516025,Small (<20),False
ETV1,6,967,-14.91268552733184,1819.962095687035,3.338127842463324e-07,0.0,inf,0.9934622438429862,Cox_PH,0.9996299973032252,False,18.0,False,False,0.0062047569803516025,Small (<20),False
EXOC4,7,967,-0.0099858242935812,1.0093190514012198,0.9900638685044272,0.1369346923425944,7.158350064171764,0.9921061580681926,Cox_PH,0.9996299973032252,False,21.0,False,False,0.007238883143743537,Medium (20-50),False
EXOC2,10,967,1.207867819059617,0.5204345820989908,3.346342033872673,1.2066115244377194,9.280538749106816,0.0202931546404001,Cox_PH,0.9996299973032252,False,30.0,False,False,0.010341261633919338,Medium (20-50),True
EXOC1,7,967,0.834011614742347,0.744395078204004,2.3025371294819053,0.5352599626875025,9.904864182300177,0.2625482836215143,Cox_PH,0.9996299973032252,False,21.0,False,False,0.007238883143743537,Medium (20-50),False
EXO1,12,967,-0.4969750362354265,1.0140885226770102,0.6083681707814029,0.0833598466423084,4.439929368008984,0.6240838957064601,Cox_PH,0.9996299973032252,False,36.0,False,False,0.012409513960703205,Medium (20-50),False
EWSR1,8,967,-0.1524330538315755,1.0114773704627786,0.8586163731086949,0.118253021523754,6.2342768638874935,0.8802097104939713,Cox_PH,0.9996299973032252,False,24.0,False,False,0.008273009307135471,Medium (20-50),False
EVPL,12,967,0.7092194772654574,0.5994357039316404,2.0324043016360953,0.6277115693822157,6.580517942937144,0.2367516058813626,Cox_PH,0.9996299973032252,False,36.0,False,False,0.012409513960703205,Medium (20-50),False
ETV6,5,967,0.4098349964686805,1.0233551145338622,1.506569175368562,0.2027176757051937,11.196609630980277,0.6888017591610636,Cox_PH,0.9996299973032252,False,15.0,False,False,0.005170630816959669,Small (<20),False
EXOC3,5,967,-15.004694684066674,2021.771723005254,3.044695715351681e-07,0.0,inf,0.9940785083743422,Cox_PH,0.9996299973032252,False,15.0,False,False,0.005170630816959669,Small (<20),False
ERCC6L,5,967,-14.800649187920843,2018.2621872090183,3.733874606611106e-07,0.0,inf,0.9941488753511638,Cox_PH,0.9996299973032252,False,15.0,False,False,0.005170630816959669,Small (<20),False
FAM71A,6,967,0.8987785669746665,0.7325990180792189,2.4566007046802563,0.5844316114278658,10.32607905566791,0.2198843817847782,Cox_PH,0.9996299973032252,False,18.0,False,False,0.0062047569803516025,Small (<20),False
FAM81B,5,967,0.3770316363165636,1.020151882600418,1.4579504328230608,0.197411271546444,10.767467571216496,0.7116926037898523,Cox_PH,0.9996299973032252,False,15.0,False,False,0.005170630816959669,Small (<20),False
FGD5,7,967,0.6037843736913248,0.7278084881228534,1.8290274430387496,0.4392351926425271,7.616287227038023,0.4067692881639247,Cox_PH,0.9996299973032252,False,21.0,False,False,0.007238883143743537,Medium (20-50),False
FGD2,8,967,-14.83800100270536,1596.2638435992812,3.596980157346216e-07,0.0,inf,0.992583405637938,Cox_PH,0.9996299973032252,False,24.0,False,False,0.008273009307135471,Medium (20-50),False
FES,5,967,1.092219733749488,0.7331733995528542,2.980883501975085,0.7083619200601489,12.54396403972808,0.1362990730238988,Cox_PH,0.9996299973032252,False,15.0,False,False,0.005170630816959669,Small (<20),False
FERMT3,7,967,-14.8927714017952,1697.8237334854098,3.405270059766413e-07,0.0,inf,0.9930012993954042,Cox_PH,0.9996299973032252,False,21.0,False,False,0.007238883143743537,Medium (20-50),False
FERMT1,7,967,-0.0692065984357336,1.0255385279481732,0.9331338761632488,0.1250224305704916,6.9646608762137205,0.9461970539658008,Cox_PH,0.9996299973032252,False,21.0,False,False,0.007238883143743537,Medium (20-50),False
FER1L6,17,967,-1.0618672107779108,1.02159685169338,0.3458095078861603,0.0466913180727454,2.5611659871789274,0.2986098964137746,Cox_PH,0.9996299973032252,False,51.0,False,False,0.017580144777662874,Large (50-100),False
FGD6,10,967,1.0078663956339984,0.6130109351899217,2.7397492336170557,0.8239585635110531,9.109955519024776,0.1001504550361278,Cox_PH,0.9996299973032252,False,30.0,False,False,0.010341261633919338,Medium (20-50),False
FER1L5,6,967,0.3213178041830221,1.024681482791747,1.378943745355243,0.1850631978778374,10.274791934102096,0.7538413971943725,Cox_PH,0.9996299973032252,False,18.0,False,False,0.0062047569803516025,Small (<20),False
FDPS,5,967,0.4156278806352906,1.0327690015819864,1.5153218833255524,0.2001677803300033,11.47137869191388,0.6873600064209822,Cox_PH,0.9996299973032252,False,15.0,False,False,0.005170630816959669,Small (<20),False
FCRL5,13,967,0.880095307717773,0.5360245559844217,2.4111294947161332,0.8432322776251737,6.894358286026455,0.1006120487840339,Cox_PH,0.9996299973032252,False,39.0,False,False,0.01344364012409514,Medium (20-50),False
FCRL4,5,967,0.3505954863162226,1.0345754798450335,1.4199128355536708,0.1869017027304099,10.787234311493654,0.7347011891424127,Cox_PH,0.9996299973032252,False,15.0,False,False,0.005170630816959669,Small (<20),False
FCRL3,7,967,-15.049414806421066,1705.8570600525495,2.9115361966982165e-07,0.0,inf,0.9929609928968482,Cox_PH,0.9996299973032252,False,21.0,False,False,0.007238883143743537,Medium (20-50),False
FCHSD1,6,967,0.9161914343330232,0.7807762941404442,2.4997517684717643,0.541111402261149,11.548008188084644,0.2406207906923317,Cox_PH,0.9996299973032252,False,18.0,False,False,0.0062047569803516025,Small (<20),False
FCHO1,5,967,0.2633560784313983,1.0096528462153358,1.301289997766231,0.1798623396961688,9.414731628349363,0.7942172483148593,Cox_PH,0.9996299973032252,False,15.0,False,False,0.005170630816959669,Small (<20),False
FER,6,967,1.0818301539277724,0.7441205857553254,2.9500737024700014,0.6861587979498082,12.683557911096951,0.1459914602345815,Cox_PH,0.9996299973032252,False,18.0,False,False,0.0062047569803516025,Small (<20),False
FCGR1A,6,967,-15.142193216824037,1853.301866558755,2.653560794632847e-07,0.0,inf,0.993481046998294,Cox_PH,0.9996299973032252,False,18.0,False,False,0.0062047569803516025,Small (<20),False
FGF18,5,967,0.5263762433831788,1.0106866394728966,1.6927869328216556,0.233500848047735,12.27202223842006,0.6024987675965643,Cox_PH,0.9996299973032252,False,15.0,False,False,0.005170630816959669,Small (<20),False
FGFR2,13,967,-0.6001167134997729,1.0092912506400002,0.5487475861050837,0.0759008371684391,3.967333227009107,0.5521160896620597,Cox_PH,0.9996299973032252,False,39.0,False,False,0.01344364012409514,Medium (20-50),False
FLNA,19,967,0.2176101677050151,0.6063989962394477,1.243102371699678,0.3787299484582711,4.08022527084527,0.7197025092057416,Cox_PH,0.9996299973032252,False,57.0,False,False,0.01964839710444674,Large (50-100),False
FLII,6,967,0.1401930000281034,1.0108212332856803,1.1504958231573923,0.1586560516199409,8.342831083893191,0.8896933981497421,Cox_PH,0.9996299973032252,False,18.0,False,False,0.0062047569803516025,Small (<20),False
FLG2,21,967,0.807316927772813,0.4272563963962774,2.2418847711626446,0.9703430510187512,5.179660246852079,0.0588198602158999,Cox_PH,0.9996299973032252,False,63.0,False,False,0.02171664943123061,Large (50-100),False
FLG,56,967,-0.0126342082770931,0.3759673860365868,0.9874452682724412,0.4725884825572252,2.0632076189363455,0.9731925078265472,Cox_PH,0.9996299973032252,False,150.0,False,False,0.057911065149948295,Very Large (>100),False
FLAD1,8,967,-0.3236799792770345,1.0244596897996223,0.7234817344844534,0.0971381612329961,5.388467451809603,0.7520390221427921,Cox_PH,0.9996299973032252,False,24.0,False,False,0.008273009307135471,Medium (20-50),False
FKBP8,7,967,1.3487423953233135,0.6082016828688593,3.852577463424601,1.1696061835593488,12.690043298607431,0.026582752612503,Cox_PH,0.9996299973032252,False,21.0,False,False,0.007238883143743537,Medium (20-50),True
FGFR1,5,967,-15.091792718841354,2000.473108591726,2.7907292235136296e-07,0.0,inf,0.9939807267923358,Cox_PH,0.9996299973032252,False,15.0,False,False,0.005170630816959669,Small (<20),False
FKBP15,9,967,-0.1643544033831024,1.0275783814814916,0.84844127813172,0.1132216325634213,6.3579069312091,0.8729256424691438,Cox_PH,0.9996299973032252,False,27.0,False,False,0.009307135470527405,Medium (20-50),False
FILIP1,8,967,0.6154637583766835,0.7266314406330905,1.8505145922356283,0.4454216731989903,7.6880054611692765,0.3969898069943739,Cox_PH,0.9996299973032252,False,24.0,False,False,0.008273009307135471,Medium (20-50),False
FIGN,7,967,1.3779942516151724,0.6108189313258935,3.9669369651999897,1.198162515556836,13.133935239625366,0.0240719904456484,Cox_PH,0.9996299973032252,False,21.0,False,False,0.007238883143743537,Medium (20-50),True
FHOD3,12,967,-15.952167805140876,2140.5615032045503,1.1804879215092647e-07,0.0,inf,0.9940539570705282,Cox_PH,0.9996299973032252,False,36.0,False,False,0.012409513960703205,Medium (20-50),False
FHDC1,8,967,-0.1056476455695892,1.0244090753137165,0.8997416201754765,0.1208156518977817,6.700580349977444,0.9178595338270028,Cox_PH,0.9996299973032252,False,24.0,False,False,0.008273009307135471,Medium (20-50),False
FGG,6,967,0.159175166430164,1.0322473261003136,1.1725433189204195,0.1550465952493489,8.867384882162936,0.8774500342931401,Cox_PH,0.9996299973032252,False,18.0,False,False,0.0062047569803516025,Small (<20),False
FGFR4,5,967,-14.865049791392194,2025.8835834969095,3.500990258808737e-07,0.0,inf,0.9941455237641256,Cox_PH,0.9996299973032252,False,15.0,False,False,0.005170630816959669,Small (<20),False
FIP1L1,5,967,-14.884017515004524,2011.9988859217965,3.435210263745109e-07,0.0,inf,0.994097601372637,Cox_PH,0.9996299973032252,False,15.0,False,False,0.005170630816959669,Small (<20),False
FAM71B,6,967,-15.020417329837846,1849.2540803596016,2.9971994053929093e-07,0.0,inf,0.9935193181752214,Cox_PH,0.9996299973032252,False,18.0,False,False,0.0062047569803516025,Small (<20),False
FCGBP,27,967,-0.3071560863606956,0.6052983487648872,0.7355357848430581,0.2245760559377367,2.4090408415342734,0.6118420782821103,Cox_PH,0.9996299973032252,False,81.0,False,False,0.027921406411582212,Large (50-100),False
FBXW8,6,967,-14.815575099770916,1847.714987109184,3.678556983338938e-07,0.0,inf,0.9936023726359132,Cox_PH,0.9996299973032252,False,18.0,False,False,0.0062047569803516025,Small (<20),False
FASN,14,967,0.8061648774564929,0.5285455657956586,2.239303494268798,0.7947048973800694,6.30986439869171,0.1271963984049128,Cox_PH,0.9996299973032252,False,42.0,False,False,0.014477766287487074,Medium (20-50),False
FARSB,6,967,0.1975753140410961,1.0196395628550547,1.2184448275179047,0.1651471756272868,8.989604527392467,0.8463561657260523,Cox_PH,0.9996299973032252,False,18.0,False,False,0.0062047569803516025,Small (<20),False
FARP2,7,967,-0.0499710185681443,1.012642119654115,0.9512569928909432,0.1307132125114947,6.9227115540775594,0.9606426324099973,Cox_PH,0.9996299973032252,False,21.0,False,False,0.007238883143743537,Medium (20-50),False
FAP,7,967,0.9621324406268972,0.7318497346546401,2.617271703398933,0.6235707554062,10.985298957694903,0.1886247153306892,Cox_PH,0.9996299973032252,False,21.0,False,False,0.007238883143743537,Medium (20-50),False
FANCI,9,967,-0.3559116015046741,1.0202009735603423,0.7005345436978283,0.0948455490707236,5.174187420729537,0.7271912591889682,Cox_PH,0.9996299973032252,False,27.0,False,False,0.009307135470527405,Medium (20-50),False
FANCD2,10,967,0.3941848632615184,0.7212330724589627,1.483174707846887,0.3607998311584912,6.097029499524276,0.5846927609819066,Cox_PH,0.9996299973032252,False,30.0,False,False,0.010341261633919338,Medium (20-50),False
FASTKD1,5,967,-14.97998046323831,1996.677463616025,3.120880544236433e-07,0.0,inf,0.9940139640851424,Cox_PH,0.9996299973032252,False,15.0,False,False,0.005170630816959669,Small (<20),False
FANCB,5,967,-15.068545419644924,2021.9122361599111,2.856366125069483e-07,0.0,inf,0.9940537238786392,Cox_PH,0.9996299973032252,False,15.0,False,False,0.005170630816959669,Small (<20),False
FAN1,7,967,-14.948607570979664,1692.2817522357134,3.220343658097272e-07,0.0,inf,0.9929520553771032,Cox_PH,0.9996299973032252,False,21.0,False,False,0.007238883143743537,Medium (20-50),False
FAM98A,7,967,0.9941741090706872,0.7357818223213608,2.702491456166398,0.6389313507581822,11.43074300859677,0.1766375940403328,Cox_PH,0.9996299973032252,False,21.0,False,False,0.007238883143743537,Medium (20-50),False
FAM91A1,11,967,0.2237523155701664,0.7439715722243845,1.2507611869881536,0.2910000133339163,5.375956959427677,0.763602201327423,Cox_PH,0.9996299973032252,False,33.0,False,False,0.011375387797311272,Medium (20-50),False
FAM90A1,5,967,0.5825845182784584,1.011533892018227,1.7906604499941643,0.246591561042262,13.003141038649591,0.5646546092189271,Cox_PH,0.9996299973032252,False,15.0,False,False,0.005170630816959669,Small (<20),False
FAM83B,6,967,0.224786856406267,1.0534417622771728,1.2520558200722312,0.1588239381270047,9.870324304156023,0.8310280223931069,Cox_PH,0.9996299973032252,False,18.0,False,False,0.0062047569803516025,Small (<20),False
FAM83A,5,967,0.5876158161072823,1.0127539311349074,1.7996924984381777,0.2472434280740915,13.100016911123111,0.5617691108600142,Cox_PH,0.9996299973032252,False,15.0,False,False,0.005170630816959669,Small (<20),False
FANCA,7,967,0.8106109271740137,0.7303010138851231,2.249281714331265,0.5375255097853057,9.412145355567828,0.2670127149176329,Cox_PH,0.9996299973032252,False,21.0,False,False,0.007238883143743537,Medium (20-50),False
FCER1A,5,967,1.3283611380538929,0.7250655996983715,3.774851854364196,0.9114054345097888,15.634651695994211,0.0669430047376839,Cox_PH,0.9996299973032252,False,15.0,False,False,0.005170630816959669,Small (<20),False
FASTKD2,5,967,1.1496063898960125,0.7252473242904988,3.1569500576657745,0.761946934325412,13.080088937452857,0.112938335851078,Cox_PH,0.9996299973032252,False,15.0,False,False,0.005170630816959669,Small (<20),False
FAT2,19,967,0.437077098969688,0.5291552034290785,1.5481754351860355,0.5487748122051814,4.367633362183747,0.4088095581233938,Cox_PH,0.9996299973032252,False,57.0,False,False,0.01964839710444674,Large (50-100),False
FBXW7,14,967,-0.6441071788457355,1.008196882589881,0.5251311810973076,0.0727902640192764,3.7884566167753584,0.5229072240029182,Cox_PH,0.9996299973032252,False,42.0,False,False,0.014477766287487074,Medium (20-50),False
FBXO33,7,967,-15.12604452322834,1696.6610889284402,2.696760203055827e-07,0.0,inf,0.9928868071538244,Cox_PH,0.9996299973032252,False,21.0,False,False,0.007238883143743537,Medium (20-50),False
FBXO21,8,967,-15.096603879127075,1595.1084832799586,2.7773348250412136e-07,0.0,inf,0.9924486845496636,Cox_PH,0.9996299973032252,False,24.0,False,False,0.008273009307135471,Medium (20-50),False
FBXL5,5,967,-15.079606748600035,2026.6682334858715,2.824945019706683e-07,0.0,inf,0.9940633231469372,Cox_PH,0.9996299973032252,False,15.0,False,False,0.005170630816959669,Small (<20),False
FBXL18,5,967,0.3933979796149982,1.0063211452518397,1.4820080809843463,0.2061829360726175,10.652423493132105,0.6958512888872359,Cox_PH,0.9996299973032252,False,15.0,False,False,0.005170630816959669,Small (<20),False
FBXL13,7,967,-15.051088175575748,1701.322009704795,2.906668195951002e-07,0.0,inf,0.9929414454372226,Cox_PH,0.9996299973032252,False,21.0,False,False,0.007238883143743537,Medium (20-50),False
FAT1,28,967,0.2014294292639233,0.4709728861072809,1.2231499154270913,0.4859364487570595,3.0787888404667965,0.6688783223598245,Cox_PH,0.9996299973032252,False,84.0,False,False,0.028955532574974147,Large (50-100),False
FBN3,15,967,-15.9262656445051,1915.6389815856048,1.2114645583025098e-07,0.0,inf,0.9933666128088946,Cox_PH,0.9996299973032252,False,45.0,False,False,0.015511892450879007,Medium (20-50),False
FBN1,19,967,0.1395437359762275,0.6008089241843306,1.1497490900173066,0.3541475108149869,3.7326902763019025,0.816336265469952,Cox_PH,0.9996299973032252,False,57.0,False,False,0.01964839710444674,Large (50-100),False
FBLN2,5,967,0.4156095258592133,1.0184849522141175,1.5152940701869515,0.2058472313949434,11.154466851868197,0.6832248997390115,Cox_PH,0.9996299973032252,False,15.0,False,False,0.005170630816959669,Small (<20),False
FBH1,6,967,-14.920722541701824,1841.852093057287,3.311406783625499e-07,0.0,inf,0.9935364603993748,Cox_PH,0.9996299973032252,False,18.0,False,False,0.0062047569803516025,Small (<20),False
FBF1,8,967,0.5034724226188109,0.7353983015521,1.6544562791565711,0.3914457869265338,6.992604521643061,0.4935802777978584,Cox_PH,0.9996299973032252,False,24.0,False,False,0.008273009307135471,Medium (20-50),False
FAT4,20,967,-1.1211647009157522,1.013678584014125,0.325899997465433,0.0446913760465442,2.376539228448798,0.2687110682023709,Cox_PH,0.9996299973032252,False,60.0,False,False,0.020682523267838676,Large (50-100),False
FAT3,39,967,0.0596931255234777,0.4350968447628627,1.0615107460034785,0.4524415523728153,2.4904986245656877,0.8908766377004118,Cox_PH,0.9996299973032252,False,117.0,False,False,0.04033092037228542,Very Large (>100),False
FBN2,11,967,0.1241467433597445,0.7430860010437562,1.132181999000162,0.2638691827095535,4.857846853116409,0.8673156429526798,Cox_PH,0.9996299973032252,False,33.0,False,False,0.011375387797311272,Medium (20-50),False
FLNB,18,967,0.153166282518443,0.5983263911339283,1.1655187682264796,0.3607560019285218,3.765520162731271,0.7979576431212794,Cox_PH,0.9996299973032252,False,54.0,False,False,0.01861427094105481,Large (50-100),False
ERCC6,12,967,-0.5518440768519283,1.028062944461564,0.5758868509810778,0.0767772084384307,4.319584833549342,0.5914192861829058,Cox_PH,0.9996299973032252,False,36.0,False,False,0.012409513960703205,Medium (20-50),False
ERC2,5,967,-14.84751248885787,2022.78512979204,3.562929722216764e-07,0.0,inf,0.9941434735553883,Cox_PH,0.9996299973032252,False,15.0,False,False,0.005170630816959669,Small (<20),False
EFCAB3,5,967,-14.830323675822171,2000.963982432186,3.6247016270371555e-07,0.0,inf,0.9940864612936154,Cox_PH,0.9996299973032252,False,15.0,False,False,0.005170630816959669,Small (<20),False
EFCAB13,9,967,0.3941351872007433,0.7243846199162028,1.483101031399953,0.3585602155285108,6.134502864734877,0.586375020536537,Cox_PH,0.9996299973032252,False,27.0,False,False,0.009307135470527405,Medium (20-50),False
EFCAB12,7,967,0.692722775129156,0.7385089204056899,1.9991513692329128,0.4701259183081135,8.501139889263694,0.3482434304685998,Cox_PH,0.9996299973032252,False,21.0,False,False,0.007238883143743537,Medium (20-50),False
EEPD1,5,967,0.3884902020141972,1.0205730582097992,1.474752533789544,0.1995215572543702,10.90055162884432,0.7034563812432435,Cox_PH,0.9996299973032252,False,15.0,False,False,0.005170630816959669,Small (<20),False
EEF2K,7,967,-0.053309011572466,1.0148317391300656,0.9480869973582094,0.1297197116685145,6.929316624266582,0.958106470049046,Cox_PH,0.9996299973032252,False,21.0,False,False,0.007238883143743537,Medium (20-50),False
EEF2,6,967,1.028991380762055,0.7166664089452656,2.7982420501125693,0.6868256656379712,11.400503741724622,0.1510585644797657,Cox_PH,0.9996299973032252,False,18.0,False,False,0.0062047569803516025,Small (<20),False
EFCAB5,10,967,0.3856218182250452,0.7310764298705091,1.4705284385879005,0.3508880738386737,6.162802471565308,0.5978663574326035,Cox_PH,0.9996299973032252,False,30.0,False,False,0.010341261633919338,Medium (20-50),False
EEF1AKMT4-ECE2,7,967,1.2222894312556911,0.6071164006602878,3.3949513508304494,1.0328699491733615,11.15890212870446,0.0440861987910791,Cox_PH,0.9996299973032252,False,21.0,False,False,0.007238883143743537,Medium (20-50),True
EED,5,967,0.4774417207117834,1.0267527926803788,1.6119453164508135,0.2154570371381972,12.059795018721449,0.6419302903551629,Cox_PH,0.9996299973032252,False,15.0,False,False,0.005170630816959669,Small (<20),False
EEA1,12,967,0.6369695571416333,0.6077689699747231,1.8907424018239312,0.5744985968914603,6.222655458861517,0.2946176266463563,Cox_PH,0.9996299973032252,False,36.0,False,False,0.012409513960703205,Medium (20-50),False
EDEM3,5,967,-15.043041220992055,2019.1613703747532,2.930152384288736e-07,0.0,inf,0.9940557008066006,Cox_PH,0.9996299973032252,False,15.0,False,False,0.005170630816959669,Small (<20),False
EDAR,8,967,0.7711710561559241,0.7415576224673742,2.162296942852062,0.5054622691904637,9.25000411317662,0.2983705200621093,Cox_PH,0.9996299973032252,False,24.0,False,False,0.008273009307135471,Medium (20-50),False
ECT2L,5,967,1.135042722575651,0.7457373096660952,3.1113064630915033,0.7213704997746111,13.419217878052269,0.1279988205670165,Cox_PH,0.9996299973032252,False,15.0,False,False,0.005170630816959669,Small (<20),False
ECT2,5,967,1.2566090615686138,0.7395930550406749,3.513487245731794,0.8244874764936605,14.972444067214289,0.0893088762696278,Cox_PH,0.9996299973032252,False,15.0,False,False,0.005170630816959669,Small (<20),False
EEF1A1,9,967,-0.1609519875237647,1.0059850359256766,0.8513329447286985,0.1185189212760096,6.115207386106569,0.8728854735704582,Cox_PH,0.9996299973032252,False,27.0,False,False,0.009307135470527405,Medium (20-50),False
ECPAS,10,967,-0.228285963919894,1.0217205580086526,0.7958966295699611,0.1074361826333259,5.8960717835885905,0.8231986187421843,Cox_PH,0.9996299973032252,False,30.0,False,False,0.010341261633919338,Medium (20-50),False
EFCAB6,9,967,-15.002391672322055,1474.4966986420409,3.051715765869535e-07,0.0,inf,0.9918819959550228,Cox_PH,0.9996299973032252,False,27.0,False,False,0.009307135470527405,Medium (20-50),False
EFHC2,7,967,0.8281140269397492,0.7512802300903303,2.2889976788849493,0.5249799413686369,9.980401080241542,0.2703440949318869,Cox_PH,0.9996299973032252,False,21.0,False,False,0.007238883143743537,Medium (20-50),False
EIF3A,5,967,0.5686688941216178,1.012531527167312,1.7659148666178484,0.2427088021904311,12.848546439181757,0.5743675893417951,Cox_PH,0.9996299973032252,False,15.0,False,False,0.005170630816959669,Small (<20),False
EIF2AK4,9,967,0.4260497284172554,0.7293748641607294,1.5311969172392192,0.3665849470673809,6.39569087088549,0.5591328625564591,Cox_PH,0.9996299973032252,False,27.0,False,False,0.009307135470527405,Medium (20-50),False
EIF2AK1,5,967,0.4494609770104557,1.0214308461455173,1.567467056959723,0.2117088110117219,11.60534114245221,0.6599148392199546,Cox_PH,0.9996299973032252,False,15.0,False,False,0.005170630816959669,Small (<20),False
EHMT1,13,967,0.4292920187579686,0.6012559579690362,1.5361695592320457,0.4727589410077967,4.9915860071957034,0.4752320493804691,Cox_PH,0.9996299973032252,False,39.0,False,False,0.01344364012409514,Medium (20-50),False
EHHADH,7,967,-0.0261856066433379,1.0063884254851725,0.9741542633250796,0.1355103956969921,7.00297954170532,0.9792418776883782,Cox_PH,0.9996299973032252,False,21.0,False,False,0.007238883143743537,Medium (20-50),False
EHD2,5,967,0.4421302590106081,1.009404378677005,1.5560184126527998,0.2151752808574116,11.252190729654354,0.661378282407048,Cox_PH,0.9996299973032252,False,15.0,False,False,0.005170630816959669,Small (<20),False
EFEMP1,7,967,-0.0022478565498122,1.0150233816245076,0.9977546679877684,0.1364641024669718,7.2950641193886465,0.998233017482714,Cox_PH,0.9996299973032252,False,21.0,False,False,0.007238883143743537,Medium (20-50),False
EHD1,6,967,0.9921809901146692,0.7221070841070031,2.6971104335071217,0.6549811026133567,11.106281786616892,0.1694391645650982,Cox_PH,0.9996299973032252,False,18.0,False,False,0.0062047569803516025,Small (<20),False
EGFR,9,967,-0.3434084416457889,1.0063278662785031,0.7093484249456538,0.0986861112215022,5.098743701061404,0.7329160904506449,Cox_PH,0.9996299973032252,False,27.0,False,False,0.009307135470527405,Medium (20-50),False
EGFLAM,8,967,0.5636644090185113,0.7228198345383696,1.7570994486867717,0.4261079902167152,7.245577514294273,0.4355008674474928,Cox_PH,0.9996299973032252,False,24.0,False,False,0.008273009307135471,Medium (20-50),False
EGFL6,5,967,0.3863759385455321,1.0376867694144156,1.4716378122133156,0.192532534430421,11.248581216379606,0.70963710413423,Cox_PH,0.9996299973032252,False,15.0,False,False,0.005170630816959669,Small (<20),False
EGF,5,967,0.2395747960480236,1.0104823351898398,1.2707087250623617,0.1753501265101411,9.2084374051263,0.8125873238414794,Cox_PH,0.9996299973032252,False,15.0,False,False,0.005170630816959669,Small (<20),False
EFTUD2,7,967,0.1583181223312973,1.0199106952902963,1.1715388280962251,0.1587052071930448,8.648129762167157,0.8766420195164348,Cox_PH,0.9996299973032252,False,21.0,False,False,0.007238883143743537,Medium (20-50),False
EFR3A,5,967,0.2279982874118262,1.010105529879869,1.2560831742773126,0.1734599484083395,9.095730485220852,0.8214213060865043,Cox_PH,0.9996299973032252,False,15.0,False,False,0.005170630816959669,Small (<20),False
EHBP1,9,967,0.5139254235822674,0.74012733711684,1.6718410152729692,0.3919095689862061,7.131880927478269,0.487447487910104,Cox_PH,0.9996299973032252,False,27.0,False,False,0.009307135470527405,Medium (20-50),False
EIF3I,7,967,-14.762228266687934,1706.190749644709,3.88012505687991e-07,0.0,inf,0.993096664564358,Cox_PH,0.9996299973032252,False,21.0,False,False,0.007238883143743537,Medium (20-50),False
ECM1,5,967,0.7127704590945686,1.0189039354177531,2.0396341613337614,0.276849496517984,15.026603134203055,0.4842107002915606,Cox_PH,0.9996299973032252,False,15.0,False,False,0.005170630816959669,Small (<20),False
ECEL1,5,967,-14.960654449203428,2025.6524478190777,3.1817813145076537e-07,0.0,inf,0.9941071990419522,Cox_PH,0.9996299973032252,False,15.0,False,False,0.005170630816959669,Small (<20),False
DSPP,6,967,0.1702875544690446,1.0128803386230738,1.1856457400372309,0.1628447625070378,8.632490227050928,0.8664872352541567,Cox_PH,0.9996299973032252,False,18.0,False,False,0.0062047569803516025,Small (<20),False
DSP,16,967,-0.9568986624466678,1.0125585469479104,0.3840822093546486,0.0527857814917167,2.794675751194423,0.3446433289795896,Cox_PH,0.9996299973032252,False,48.0,False,False,0.016546018614270942,Medium (20-50),False
DSG4,9,967,-0.3094774402206109,1.0272550271120042,0.7338303262620847,0.0979892702686659,5.495570548341109,0.7632113481812658,Cox_PH,0.9996299973032252,False,27.0,False,False,0.009307135470527405,Medium (20-50),False
DSG3,7,967,1.3067479964579478,0.5865741994620053,3.6941407983144674,1.170068817566012,11.663139836646016,0.0258963577261037,Cox_PH,0.9996299973032252,False,21.0,False,False,0.007238883143743537,Medium (20-50),True
DSEL,9,967,-14.961934720973328,1505.6710131588186,3.1777103762224297e-07,0.0,inf,0.992071508221815,Cox_PH,0.9996299973032252,False,27.0,False,False,0.009307135470527405,Medium (20-50),False
DSE,11,967,0.7673842751308619,0.6103445612735713,2.154124281623683,0.6512308671742347,7.125355468507398,0.2086461755788781,Cox_PH,0.9996299973032252,False,33.0,False,False,0.011375387797311272,Medium (20-50),False
DST,38,967,-0.0643269976692999,0.4748217820227611,0.9376983242258788,0.3697316930056888,2.378151951508502,0.8922354687180505,Cox_PH,0.9996299973032252,False,114.0,False,False,0.03929679420889348,Very Large (>100),False
DSCAML1,13,967,-15.92635071692916,2052.354523495155,1.2113615004596265e-07,0.0,inf,0.9938084469975208,Cox_PH,0.9996299973032252,False,39.0,False,False,0.01344364012409514,Medium (20-50),False
DSC3,6,967,0.007228655987571,1.017892628819605,1.00725484578892,0.1369908838650689,7.406057218847993,0.9943337987077684,Cox_PH,0.9996299973032252,False,18.0,False,False,0.0062047569803516025,Small (<20),False
DSC2,6,967,-14.997214873716477,1844.6902780147911,3.067554846282683e-07,0.0,inf,0.9935133206213544,Cox_PH,0.9996299973032252,False,18.0,False,False,0.0062047569803516025,Small (<20),False
DRP2,5,967,1.4366669416699984,0.7299219866171986,4.2066514100610055,1.0060380035978898,17.58970935738253,0.049039596286891,Cox_PH,0.9996299973032252,False,15.0,False,False,0.005170630816959669,Small (<20),True
DROSHA,7,967,-15.04642741272597,1675.184730203011,2.920247106555477e-07,0.0,inf,0.9928335362118336,Cox_PH,0.9996299973032252,False,21.0,False,False,0.007238883143743537,Medium (20-50),False
DRC7,5,967,0.533966265941572,1.009568489880539,1.7056841068337214,0.2357960660999658,12.33845127455064,0.5968710483283078,Cox_PH,0.9996299973032252,False,15.0,False,False,0.005170630816959669,Small (<20),False
DPYSL5,6,967,-15.123107948054209,1842.5837409958688,2.704691081229381e-07,0.0,inf,0.9934513918680988,Cox_PH,0.9996299973032252,False,18.0,False,False,0.0062047569803516025,Small (<20),False
DSCAM,10,967,0.9352824413720228,0.589650684061738,2.5479329978120053,0.8021714632511089,8.092986174088136,0.112702206570471,Cox_PH,0.9996299973032252,False,30.0,False,False,0.010341261633919338,Medium (20-50),False
ECHDC1,5,967,0.4152160091691689,1.0463640497282494,1.5146978939903428,0.1948242267322085,11.776305999214228,0.6915017327452433,Cox_PH,0.9996299973032252,False,15.0,False,False,0.005170630816959669,Small (<20),False
DUOX1,8,967,0.6774608354360712,0.7378102294577826,1.9688720896038585,0.4636398496232169,8.360923480523338,0.3585116978544342,Cox_PH,0.9996299973032252,False,24.0,False,False,0.008273009307135471,Medium (20-50),False
DUSP10,6,967,-14.826828740315436,1812.4486450313495,3.6373918883600756e-07,0.0,inf,0.9934729373858368,Cox_PH,0.9996299973032252,False,18.0,False,False,0.0062047569803516025,Small (<20),False
ECE1,7,967,0.0531304811367415,1.0068926590634588,1.05456723727446,0.1465513894760949,7.588546665496426,0.9579177321397676,Cox_PH,0.9996299973032252,False,21.0,False,False,0.007238883143743537,Medium (20-50),False
ECD,5,967,-14.85450176059187,2012.3257034490307,3.538114260241882e-07,0.0,inf,0.9941102625904268,Cox_PH,0.9996299973032252,False,15.0,False,False,0.005170630816959669,Small (<20),False
EBF1,6,967,0.1422820480978262,1.0208563588080022,1.1529017764370213,0.1558912835243033,8.526342692562544,0.8891536771806405,Cox_PH,0.9996299973032252,False,18.0,False,False,0.0062047569803516025,Small (<20),False
E2F3,5,967,1.2339353925396694,0.7905814118095088,3.4347199450995327,0.7293480875322608,16.175131330200013,0.1185721640139351,Cox_PH,0.9996299973032252,False,15.0,False,False,0.005170630816959669,Small (<20),False
E2F1,5,967,-15.06006443784614,1980.3988664662888,2.880693930204377e-07,0.0,inf,0.9939324964837384,Cox_PH,0.9996299973032252,False,15.0,False,False,0.005170630816959669,Small (<20),False
DZIP3,6,967,0.1030704236515028,1.0134284168769945,1.1085694758375348,0.1520951034154504,8.079985845447457,0.9189910788422472,Cox_PH,0.9996299973032252,False,18.0,False,False,0.0062047569803516025,Small (<20),False
DUOX2,9,967,-15.078181085248948,1472.1857287392468,2.8289753125278636e-07,0.0,inf,0.9918281794702332,Cox_PH,0.9996299973032252,False,27.0,False,False,0.009307135470527405,Medium (20-50),False
DZANK1,8,967,-0.2639149880259809,1.0206465004911105,0.7680388293784716,0.1038942079326544,5.677733679007623,0.7959621771365131,Cox_PH,0.9996299973032252,False,24.0,False,False,0.008273009307135471,Medium (20-50),False
DYRK1A,10,967,0.367666509741709,0.7219665185631046,1.4443602785647789,0.3508530280737648,5.946012852587145,0.6105720879034151,Cox_PH,0.9996299973032252,False,30.0,False,False,0.010341261633919338,Medium (20-50),False
DYNC2H1,24,967,0.7791349526393155,0.4520233762764052,2.179586004642638,0.8986776581062585,5.286205914637697,0.0847691042412739,Cox_PH,0.9996299973032252,False,72.0,False,False,0.02481902792140641,Large (50-100),False
DYNC1I1,9,967,-15.02993871294332,1480.8219753111564,2.968797349607207e-07,0.0,inf,0.9919018286109004,Cox_PH,0.9996299973032252,False,27.0,False,False,0.009307135470527405,Medium (20-50),False
DYNC1H1,26,967,-0.2304962623040238,0.607033572473119,0.7941394032483368,0.241645847604167,2.60984162585192,0.7041612533273249,Cox_PH,0.9996299973032252,False,78.0,False,False,0.02688728024819028,Large (50-100),False
DUSP19,5,967,0.5913218663297067,1.0219880587214354,1.8063746237201128,0.243710379303295,13.388798993904253,0.5628593850399116,Cox_PH,0.9996299973032252,False,15.0,False,False,0.005170630816959669,Small (<20),False
DUSP16,7,967,0.6178235415535723,0.7235314017026057,1.8548865618603545,0.4491950814371022,7.659487602497028,0.3931603401147516,Cox_PH,0.9996299973032252,False,21.0,False,False,0.007238883143743537,Medium (20-50),False
DYSF,11,967,0.2651930574108198,0.74069084981294,1.303682637079493,0.3052692795177395,5.56750558361958,0.7203173141473875,Cox_PH,0.9996299973032252,False,33.0,False,False,0.011375387797311272,Medium (20-50),False
ERCC4,6,967,-15.116894659127311,1839.3995071601512,2.721548423913992e-07,0.0,inf,0.9934427507271918,Cox_PH,0.9996299973032252,False,18.0,False,False,0.0062047569803516025,Small (<20),False
EIF3L,5,967,1.1704024203284675,0.7368324224547932,3.223289494787576,0.7604924251534196,13.661668181786268,0.1121904582790132,Cox_PH,0.9996299973032252,False,15.0,False,False,0.005170630816959669,Small (<20),False
EIF4A3,6,967,-14.90078882310193,1849.7095597433995,3.3780777268865234e-07,0.0,inf,0.993572514834192,Cox_PH,0.9996299973032252,False,18.0,False,False,0.0062047569803516025,Small (<20),False
EPHA5,12,967,0.7302051805133779,0.5981746164563554,2.075506417460947,0.6426101303856566,6.70348425154196,0.2221911264507228,Cox_PH,0.9996299973032252,False,36.0,False,False,0.012409513960703205,Medium (20-50),False
EPHA4,8,967,-0.2223204548048865,1.0483467113470484,0.800658748276971,0.1025833121540402,6.249110286377101,0.8320542339263566,Cox_PH,0.9996299973032252,False,24.0,False,False,0.008273009307135471,Medium (20-50),False
EPHA3,7,967,0.0209024059863928,1.0216714196847605,1.0211223913419285,0.1378521456404507,7.563835392300891,0.983677194739918,Cox_PH,0.9996299973032252,False,21.0,False,False,0.007238883143743537,Medium (20-50),False
EPHA2,5,967,-14.908192670001627,2011.2827376091184,3.353159316458441e-07,0.0,inf,0.9940859096451952,Cox_PH,0.9996299973032252,False,15.0,False,False,0.005170630816959669,Small (<20),False
EPHA1,6,967,0.3364209144563665,1.02206715821856,1.3999281508129586,0.1888446205279377,10.377837726908703,0.7420367601763099,Cox_PH,0.9996299973032252,False,18.0,False,False,0.0062047569803516025,Small (<20),False
EPG5,16,967,-0.8565162641519846,1.0167491064979517,0.4246388380533443,0.0578822495111841,3.1152580334399893,0.3995603414611308,Cox_PH,0.9996299973032252,False,48.0,False,False,0.016546018614270942,Medium (20-50),False
EPHA6,7,967,0.0060554739224631,1.0163044109490216,1.00607384536856,0.137256866385033,7.374382127414305,0.9952459710780968,Cox_PH,0.9996299973032252,False,21.0,False,False,0.007238883143743537,Medium (20-50),False
EPC2,6,967,-14.93859549796009,1831.2342930086795,3.252747920181845e-07,0.0,inf,0.993491197409812,Cox_PH,0.9996299973032252,False,18.0,False,False,0.0062047569803516025,Small (<20),False
EPB41L5,5,967,-14.80400339373493,2020.2123382964917,3.72137140357717e-07,0.0,inf,0.9941531987460308,Cox_PH,0.9996299973032252,False,15.0,False,False,0.005170630816959669,Small (<20),False
EPB41L4A,6,967,0.3678830223074965,1.007486481019256,1.4446730345711931,0.2005301878972895,10.407810408506329,0.7149999328609387,Cox_PH,0.9996299973032252,False,18.0,False,False,0.0062047569803516025,Small (<20),False
EPB41L3,10,967,0.4875998381634798,0.7392380971773109,1.6284030948044868,0.382392835994629,6.934483048751666,0.5095119529030367,Cox_PH,0.9996299973032252,False,30.0,False,False,0.010341261633919338,Medium (20-50),False
EPB41L2,8,967,-0.3219679929667892,1.0137410125305273,0.7247213861401611,0.0993704614964421,5.285485038707617,0.7507854949177656,Cox_PH,0.9996299973032252,False,24.0,False,False,0.008273009307135471,Medium (20-50),False
EPB41L1,8,967,-14.923330322209877,1587.5515110021408,3.302782611422417e-07,0.0,inf,0.9924998216311676,Cox_PH,0.9996299973032252,False,24.0,False,False,0.008273009307135471,Medium (20-50),False
EPB41,6,967,0.2635815539339158,1.0190028305407757,1.3015834398631576,0.1766360295249463,9.59101863579168,0.7958928279483451,Cox_PH,0.9996299973032252,False,18.0,False,False,0.0062047569803516025,Small (<20),False
EPC1,9,967,-0.2519569111889793,1.017523679222318,0.777278229342126,0.1057895725583501,5.710973503328927,0.8044301855969542,Cox_PH,0.9996299973032252,False,27.0,False,False,0.009307135470527405,Medium (20-50),False
EPAS1,8,967,-0.143882790728306,1.009451628463253,0.8659892440795449,0.1197429421639317,6.262894140639823,0.8866569638844315,Cox_PH,0.9996299973032252,False,24.0,False,False,0.008273009307135471,Medium (20-50),False
EPHA7,10,967,0.3424003792116506,0.7248392443660318,1.4083240483217354,0.3401785882390632,5.830398189810487,0.6366547729495985,Cox_PH,0.9996299973032252,False,30.0,False,False,0.010341261633919338,Medium (20-50),False
EPHB2,9,967,-0.2250427938344716,1.0049802786656945,0.7984820479196444,0.1113803743266869,5.724290160669586,0.8228136609975687,Cox_PH,0.9996299973032252,False,27.0,False,False,0.009307135470527405,Medium (20-50),False
ERC1,7,967,-14.860734220600651,1694.8910722819442,3.5161316785458325e-07,0.0,inf,0.9930042710893948,Cox_PH,0.9996299973032252,False,21.0,False,False,0.007238883143743537,Medium (20-50),False
ERBIN,10,967,1.234620933411184,0.5339432737987398,3.4370753932898586,1.2069446900701712,9.787927612881582,0.0207628171226344,Cox_PH,0.9996299973032252,False,30.0,False,False,0.010341261633919338,Medium (20-50),True
ERBB4,13,967,0.6201768741697561,0.6116231994767193,1.8592568672798857,0.5606801958919075,6.16543285076873,0.3105898129129509,Cox_PH,0.9996299973032252,False,39.0,False,False,0.01344364012409514,Medium (20-50),False
ERBB3,19,967,0.9714888774469294,0.4496254455691744,2.64187496065723,1.0944183163000178,6.377363393682746,0.0307214131045329,Cox_PH,0.9996299973032252,False,57.0,False,False,0.01964839710444674,Large (50-100),True
ERBB2,23,967,0.5141194648267856,0.4589478443551008,1.6721654528603278,0.6801660563501083,4.110962720992215,0.2626228910361544,Cox_PH,0.9996299973032252,False,27.0,True,False,0.023784901758014478,Medium (20-50),False
ERAP2,8,967,-0.1136137509500749,1.0117737862205871,0.8926026562359626,0.1228623848959477,6.484812276713131,0.910592159860619,Cox_PH,0.9996299973032252,False,24.0,False,False,0.008273009307135471,Medium (20-50),False
EPHB1,9,967,-15.013021942730944,1507.374515483461,3.0194470186919913e-07,0.0,inf,0.992053427824368,Cox_PH,0.9996299973032252,False,27.0,False,False,0.009307135470527405,Medium (20-50),False
EPS8,7,967,-0.0793148267615372,1.018783620069863,0.923749057736857,0.1254145382997666,6.8039346413741795,0.9379454037140296,Cox_PH,0.9996299973032252,False,21.0,False,False,0.007238883143743537,Medium (20-50),False
EPRS1,9,967,-0.3066075788221327,1.0129355993845033,0.7359393424329995,0.1010680371668699,5.3588328310609965,0.7621245375737234,Cox_PH,0.9996299973032252,False,27.0,False,False,0.009307135470527405,Medium (20-50),False
EPPK1,6,967,1.328183689067432,0.5914576432727172,3.774182070156621,1.1840333558704983,12.030446801238323,0.0247289462022756,Cox_PH,0.9996299973032252,False,18.0,False,False,0.0062047569803516025,Small (<20),True
EPM2AIP1,6,967,1.0862870314359372,0.7247409268874336,2.963251162952773,0.7159068736155267,12.26536268662321,0.1339092943822973,Cox_PH,0.9996299973032252,False,18.0,False,False,0.0062047569803516025,Small (<20),False
EPHX4,6,967,0.2782374645579399,1.024376585067776,1.3207998031138517,0.1773658656580871,9.835669977607369,0.7859169998143016,Cox_PH,0.9996299973032252,False,18.0,False,False,0.0062047569803516025,Small (<20),False
EPHB4,5,967,-14.95086772876437,1996.9403053811664,3.213073392377726e-07,0.0,inf,0.9940263837352156,Cox_PH,0.9996299973032252,False,15.0,False,False,0.005170630816959669,Small (<20),False
EPHB3,9,967,1.1678565480053729,0.6092588960227383,3.2150938482349884,0.9740517082472666,10.61219683250576,0.0552572758155122,Cox_PH,0.9996299973032252,False,27.0,False,False,0.009307135470527405,Medium (20-50),False
EPS15,7,967,0.0559587022554886,1.0089253780743512,1.0575540082395285,0.1463820873993651,7.640418989873919,0.95576907407204,Cox_PH,0.9996299973032252,False,21.0,False,False,0.007238883143743537,Medium (20-50),False
EIF4A2,13,967,-0.1433567055123989,0.7267555640376916,0.8664449480770473,0.208503883706666,3.600541317035601,0.8436274143200588,Cox_PH,0.9996299973032252,False,39.0,False,False,0.01344364012409514,Medium (20-50),False
EP400,11,967,0.1513436532507194,0.7271810103714417,1.1633963943453451,0.279729804097438,4.838566182616313,0.835132327843471,Cox_PH,0.9996299973032252,False,33.0,False,False,0.011375387797311272,Medium (20-50),False
ENTPD7,7,967,-0.055123647272925,1.025254356660776,0.9463681248810164,0.1268662133043879,7.059504689731557,0.9571217370772656,Cox_PH,0.9996299973032252,False,21.0,False,False,0.007238883143743537,Medium (20-50),False
ELOA2,7,967,0.084053931158396,1.0316451365629873,1.0876875524767249,0.1439958878364711,8.215958313728756,0.9350637097163604,Cox_PH,0.9996299973032252,False,21.0,False,False,0.007238883143743537,Medium (20-50),False
ELOA,5,967,-14.968302906329628,2011.1507266094916,3.157538425070677e-07,0.0,inf,0.9940616745560308,Cox_PH,0.9996299973032252,False,15.0,False,False,0.005170630816959669,Small (<20),False
ELMO1,9,967,-0.2404404323511864,1.0258661906824122,0.7862814809922896,0.1052793309810379,5.87236413444516,0.8146915619823734,Cox_PH,0.9996299973032252,False,27.0,False,False,0.009307135470527405,Medium (20-50),False
ELL2,8,967,-0.1616737658172106,1.011217102350798,0.8507186927922221,0.1172250970133064,6.1737828562765555,0.8729753110167453,Cox_PH,0.9996299973032252,False,24.0,False,False,0.008273009307135471,Medium (20-50),False
ELL,6,967,-15.00783875070827,1845.5998860702605,3.035138022004917e-07,0.0,inf,0.9935119247925632,Cox_PH,0.9996299973032252,False,18.0,False,False,0.0062047569803516025,Small (<20),False
ELK1,5,967,-15.008822100797817,2005.129698883827,3.0321548857332434e-07,0.0,inf,0.9940277201961376,Cox_PH,0.9996299973032252,False,15.0,False,False,0.005170630816959669,Small (<20),False
ELOVL5,5,967,-14.920067820031388,2003.521774014043,3.313575543295868e-07,0.0,inf,0.994058271846827,Cox_PH,0.9996299973032252,False,15.0,False,False,0.005170630816959669,Small (<20),False
ELF4,5,967,0.3897238441308707,1.0158545208401952,1.4765729732814388,0.2016239365964336,10.813536240933374,0.7012442556250524,Cox_PH,0.9996299973032252,False,15.0,False,False,0.005170630816959669,Small (<20),False
ELAVL1,5,967,0.1781571899942036,1.011073369090813,1.1950131505821804,0.1647136753410346,8.669932396976767,0.8601321103927724,Cox_PH,0.9996299973032252,False,15.0,False,False,0.005170630816959669,Small (<20),False
ELAPOR2,10,967,0.9015951430831508,0.6045314373599161,2.4635296609187685,0.7533039548415611,8.056480191323303,0.1358578287257655,Cox_PH,0.9996299973032252,False,30.0,False,False,0.010341261633919338,Medium (20-50),False
EIF5B,7,967,-14.895137678058951,1703.2558399589602,3.397221776039075e-07,0.0,inf,0.9930225109905793,Cox_PH,0.9996299973032252,False,21.0,False,False,0.007238883143743537,Medium (20-50),False
EIF4G3,8,967,1.252229944500742,0.6214960145366771,3.4981349131309942,1.0346857485336234,11.826728924998168,0.0439189011690161,Cox_PH,0.9996299973032252,False,24.0,False,False,0.008273009307135471,Medium (20-50),True
EIF4G1,7,967,0.876380545114013,0.7493469089051006,2.4021893365996383,0.5530320091856142,10.434321183995436,0.2421918516321677,Cox_PH,0.9996299973032252,False,21.0,False,False,0.007238883143743537,Medium (20-50),False
EIF4ENIF1,7,967,0.1016413551078938,1.0139734550444923,1.106986385512923,0.1517157436130823,8.0770711630042,0.9201532769193108,Cox_PH,0.9996299973032252,False,21.0,False,False,0.007238883143743537,Medium (20-50),False
ELF1,5,967,0.3314615424848877,1.0181634508097028,1.393002573830674,0.1893536551591013,10.247788293647911,0.7447660131347367,Cox_PH,0.9996299973032252,False,15.0,False,False,0.005170630816959669,Small (<20),False
EP300,15,967,-0.0714989634717808,0.7189792487679404,0.9309972425992756,0.2274787865081271,3.810271186304608,0.9207848753845636,Cox_PH,0.9996299973032252,False,45.0,False,False,0.015511892450879007,Medium (20-50),False
ELP1,10,967,-0.4771091967076384,1.0110973175714812,0.6205747608727296,0.085532407552997,4.50253938653164,0.6370176725475858,Cox_PH,0.9996299973032252,False,30.0,False,False,0.010341261633919338,Medium (20-50),False
EMC1,5,967,-15.044297090352792,2008.881767666082,2.926474805449675e-07,0.0,inf,0.994024785146682,Cox_PH,0.9996299973032252,False,15.0,False,False,0.005170630816959669,Small (<20),False
ENTHD1,6,967,-14.963619084591604,1848.5503528884612,3.172362461656045e-07,0.0,inf,0.9935413659485164,Cox_PH,0.9996299973032252,False,18.0,False,False,0.0062047569803516025,Small (<20),False
ENPP7,7,967,-0.0697539252106845,1.0110636384184577,0.9326232867505856,0.1285498314401284,6.766140299410384,0.9449970717444478,Cox_PH,0.9996299973032252,False,21.0,False,False,0.007238883143743537,Medium (20-50),False
ENPP4,7,967,0.7344087520765373,0.7345902297814771,2.084249320050964,0.4939168487674241,8.795195464527382,0.3174300785137302,Cox_PH,0.9996299973032252,False,21.0,False,False,0.007238883143743537,Medium (20-50),False
ENPP2,11,967,0.3001179596700259,0.7246129402892674,1.3500180458671898,0.3262395331049117,5.5865354723303025,0.6787445393500411,Cox_PH,0.9996299973032252,False,33.0,False,False,0.011375387797311272,Medium (20-50),False
ENPP1,6,967,0.3830451884943054,1.0181060245415008,1.466744308537709,0.1993999604883681,10.789063655573086,0.7067436078441509,Cox_PH,0.9996299973032252,False,18.0,False,False,0.0062047569803516025,Small (<20),False
ENPEP,7,967,0.8152483345068403,0.7365472253101436,2.2597367732936395,0.5334530440043471,9.572370693106285,0.2683581769672435,Cox_PH,0.9996299973032252,False,21.0,False,False,0.007238883143743537,Medium (20-50),False
ELP2,6,967,0.0222437716591322,1.012366085719918,1.0224930089095097,0.1405778633242956,7.437102318570619,0.9824702404600923,Cox_PH,0.9996299973032252,False,18.0,False,False,0.0062047569803516025,Small (<20),False
ENOX1,5,967,1.2267650687655052,0.7155401184155724,3.4101799759222673,0.8388750060186908,13.863003885851958,0.0864442369266082,Cox_PH,0.9996299973032252,False,15.0,False,False,0.005170630816959669,Small (<20),False
ENAH,5,967,0.3599365343565537,1.0196064082955427,1.4332384502733588,0.1942727798349011,10.57365039552981,0.7240770642439514,Cox_PH,0.9996299973032252,False,15.0,False,False,0.005170630816959669,Small (<20),False
EMSY,9,967,-0.2645854215434363,1.023595568317635,0.7675240829754505,0.1032261841796293,5.706819666240823,0.7960316280203255,Cox_PH,0.9996299973032252,False,27.0,False,False,0.009307135470527405,Medium (20-50),False
EML5,16,967,0.2928987184107909,0.6037726254815656,1.340307035130495,0.4104522708844381,4.37669145927585,0.6275952878476777,Cox_PH,0.9996299973032252,False,48.0,False,False,0.016546018614270942,Medium (20-50),False
EML4,7,967,-0.0289388060223487,1.0242062366609122,0.9714759111228916,0.130499872415648,7.231926195959153,0.9774588810045473,Cox_PH,0.9996299973032252,False,21.0,False,False,0.007238883143743537,Medium (20-50),False
EML1,6,967,-14.987806019993998,1853.2264724169631,3.096553227955855e-07,0.0,inf,0.9935472491665596,Cox_PH,0.9996299973032252,False,18.0,False,False,0.0062047569803516025,Small (<20),False
EME1,5,967,0.4221332361907178,1.0098108057395383,1.5252117245464076,0.2107472052715043,11.03820476146721,0.6759237170300397,Cox_PH,0.9996299973032252,False,15.0,False,False,0.005170630816959669,Small (<20),False
ENAM,7,967,-0.0544396177739559,1.0372439359535206,0.9470156900469076,0.124004461740915,7.232310068558689,0.9581423471471364,Cox_PH,0.9996299973032252,False,21.0,False,False,0.007238883143743537,Medium (20-50),False
HOOK1,8,967,0.7484558356921891,0.723184639411421,2.113733543382134,0.5122276839608608,8.72242877985521,0.3006949145519627,Cox_PH,0.9996299973032252,False,24.0,False,False,0.008273009307135471,Medium (20-50),False
FLNC,17,967,-0.1668741182187384,0.7397467660460691,0.8463061391563814,0.1985374007614186,3.607552423004041,0.8215259496899068,Cox_PH,0.9996299973032252,False,51.0,False,False,0.017580144777662874,Large (50-100),False
FLRT3,7,967,-14.890027773327985,1667.2753538558768,3.414625683950673e-07,0.0,inf,0.992874383156856,Cox_PH,0.9996299973032252,False,21.0,False,False,0.007238883143743537,Medium (20-50),False
GTF3C4,6,967,-14.919241875582976,1842.5144754690896,3.316313503165974e-07,0.0,inf,0.9935394251539656,Cox_PH,0.9996299973032252,False,18.0,False,False,0.0062047569803516025,Small (<20),False
GTF3C1,13,967,0.5254423719461073,0.6148285151858949,1.691206825379486,0.5068087741608802,5.643510278498514,0.3927636898512463,Cox_PH,0.9996299973032252,False,39.0,False,False,0.01344364012409514,Medium (20-50),False
GTF2IRD2,7,967,-0.1429348512287986,1.0133978748307737,0.8668105386974604,0.1189330337462668,6.317508990815307,0.887834277442468,Cox_PH,0.9996299973032252,False,21.0,False,False,0.007238883143743537,Medium (20-50),False
GTF2I,6,967,-14.85877292383397,1827.868377457018,3.52303462338711e-07,0.0,inf,0.9935140543572036,Cox_PH,0.9996299973032252,False,18.0,False,False,0.0062047569803516025,Small (<20),False
GSPT2,6,967,-14.897512776874589,1838.7953833118036,3.389162613065106e-07,0.0,inf,0.9935357867915712,Cox_PH,0.9996299973032252,False,18.0,False,False,0.0062047569803516025,Small (<20),False
GSPT1,6,967,0.4255646339454755,1.00790914957818,1.5304543222083942,0.2122612823558321,11.034939610134693,0.6728606554382126,Cox_PH,0.9996299973032252,False,18.0,False,False,0.0062047569803516025,Small (<20),False
GTPBP3,5,967,-14.751769175685112,1996.587877134996,3.920920608250741e-07,0.0,inf,0.9941048916921614,Cox_PH,0.9996299973032252,False,15.0,False,False,0.005170630816959669,Small (<20),False
GSE1,9,967,0.3938150756017706,0.7227607658610353,1.482626349536992,0.3595881157395963,6.113052117476674,0.585838727064633,Cox_PH,0.9996299973032252,False,27.0,False,False,0.009307135470527405,Medium (20-50),False
GSDMB,5,967,1.1403972724469191,0.7183401004572136,3.1280107908799497,0.7652525840296973,12.78591109923218,0.1123892517177872,Cox_PH,0.9996299973032252,False,15.0,False,False,0.005170630816959669,Small (<20),False
GSAP,8,967,-14.83323846457192,1590.7853251383488,3.61415177028465e-07,0.0,inf,0.9925602529335272,Cox_PH,0.9996299973032252,False,24.0,False,False,0.008273009307135471,Medium (20-50),False
GRXCR1,5,967,0.3087908670431541,1.0183872039630766,1.361777548156378,0.1850280113385985,10.022472150280002,0.761725576216046,Cox_PH,0.9996299973032252,False,15.0,False,False,0.005170630816959669,Small (<20),False
GRM8,9,967,0.9918224776565256,0.5973925076715341,2.6961436591264056,0.8360500181370832,8.694683898033995,0.0968636423839358,Cox_PH,0.9996299973032252,False,27.0,False,False,0.009307135470527405,Medium (20-50),False
GRM6,5,967,-14.870911491290862,2020.659896865158,3.480528533398221e-07,0.0,inf,0.9941280748942878,Cox_PH,0.9996299973032252,False,15.0,False,False,0.005170630816959669,Small (<20),False
GRM5,5,967,-15.047077486553622,1993.943074459495,2.918349347249889e-07,0.0,inf,0.9939789069131147,Cox_PH,0.9996299973032252,False,15.0,False,False,0.005170630816959669,Small (<20),False
GSDMC,6,967,0.1476871350442029,1.017822450665416,1.1591501821551482,0.1576709727437666,8.521728009973428,0.8846310669906489,Cox_PH,0.9996299973032252,False,18.0,False,False,0.0062047569803516025,Small (<20),False
GRM3,12,967,-0.5100780412299902,1.0120335065329218,0.6004487172272834,0.0826067639300752,4.364517442240901,0.614252243411435,Cox_PH,0.9996299973032252,False,36.0,False,False,0.012409513960703205,Medium (20-50),False
GTSE1,7,967,-14.995941193309797,1681.8418852117843,3.071464420032026e-07,0.0,inf,0.992885852398107,Cox_PH,0.9996299973032252,False,21.0,False,False,0.007238883143743537,Medium (20-50),False
GUCY2C,11,967,0.274998478186567,0.7239012963749788,1.31652867135508,0.3185907030046277,5.44035882451597,0.7040315677017868,Cox_PH,0.9996299973032252,False,33.0,False,False,0.011375387797311272,Medium (20-50),False
H3C7,5,967,0.4373051420431982,1.015710265528572,1.5485285261290502,0.2115091585930766,11.337289657743932,0.6668019851768672,Cox_PH,0.9996299973032252,False,15.0,False,False,0.005170630816959669,Small (<20),False
H3C2,16,967,-0.240550552519539,0.7235024068889796,0.7861949003104574,0.1904024536250078,3.246294412211225,0.7395263464448885,Cox_PH,0.9996299973032252,False,48.0,False,False,0.016546018614270942,Medium (20-50),False
H3C13,5,967,-14.931522186467811,2006.735117962991,3.275837181931155e-07,0.0,inf,0.9940632318710424,Cox_PH,0.9996299973032252,False,15.0,False,False,0.005170630816959669,Small (<20),False
H2BW1,5,967,-14.881246453861568,2008.3582311643077,3.444742642727605e-07,0.0,inf,0.9940880028477842,Cox_PH,0.9996299973032252,False,15.0,False,False,0.005170630816959669,Small (<20),False
H2BC4,8,967,-14.862698561271406,1594.538766912768,3.5092315773793657e-07,0.0,inf,0.9925630243391634,Cox_PH,0.9996299973032252,False,24.0,False,False,0.008273009307135471,Medium (20-50),False
H2AC15,5,967,-14.796978314924758,2023.4140909255968,3.747606374443166e-07,0.0,inf,0.9941652203727886,Cox_PH,0.9996299973032252,False,15.0,False,False,0.005170630816959669,Small (<20),False
GUCY1A2,7,967,0.1106034269719211,1.0118152927294677,1.1169518660275146,0.1537304481666159,8.115383035052334,0.9129551280171117,Cox_PH,0.9996299973032252,False,21.0,False,False,0.007238883143743537,Medium (20-50),False
H1-2,5,967,0.2445527190872642,1.0150684762132236,1.277049985359331,0.1746482209261202,9.3379517779122,0.8096152716881272,Cox_PH,0.9996299973032252,False,15.0,False,False,0.005170630816959669,Small (<20),False
GYS1,6,967,0.3208813680742693,1.0198870619647369,1.3783420558219008,0.1867289323508489,10.17424990829873,0.7530468410446677,Cox_PH,0.9996299973032252,False,18.0,False,False,0.0062047569803516025,Small (<20),False
GYG2,5,967,0.4985372273443656,1.007975308759519,1.6463113293364628,0.2283000793621382,11.871835527496009,0.6208876576897095,Cox_PH,0.9996299973032252,False,15.0,False,False,0.005170630816959669,Small (<20),False
GYG1,5,967,0.2404511400689603,1.006545409513753,1.2718227911371958,0.1768633528121738,9.145666336959032,0.8111928003963038,Cox_PH,0.9996299973032252,False,15.0,False,False,0.005170630816959669,Small (<20),False
GUSB,5,967,0.3525241944300612,1.005132705565845,1.422654075636777,0.1983869408792389,10.202005282988546,0.725795395069075,Cox_PH,0.9996299973032252,False,15.0,False,False,0.005170630816959669,Small (<20),False
GUF1,5,967,1.2398701391851203,0.7428508701173211,3.455164745118412,0.805640580167859,14.818225037052889,0.0951034979390086,Cox_PH,0.9996299973032252,False,15.0,False,False,0.005170630816959669,Small (<20),False
GUCY2F,6,967,-14.966603765047775,1836.7553267196947,3.16290808957517e-07,0.0,inf,0.993498595184241,Cox_PH,0.9996299973032252,False,18.0,False,False,0.0062047569803516025,Small (<20),False
GZF1,5,967,0.226925489370805,1.0281951992933684,1.2547363732605032,0.167238038495282,9.413907150240435,0.8253239041958954,Cox_PH,0.9996299973032252,False,15.0,False,False,0.005170630816959669,Small (<20),False
H4C13,5,967,-15.126727227764466,2021.3599579692552,2.694919740949758e-07,0.0,inf,0.99402913399342,Cox_PH,0.9996299973032252,False,15.0,False,False,0.005170630816959669,Small (<20),False
GRM1,10,967,-0.3356988288159532,1.021632683607393,0.7148383621158534,0.0965109419785474,5.2946730544404,0.7424652040775669,Cox_PH,0.9996299973032252,False,30.0,False,False,0.010341261633919338,Medium (20-50),False
GRIPAP1,8,967,-14.990357302358005,1598.280237685348,3.088663115548243e-07,0.0,inf,0.9925167070095284,Cox_PH,0.9996299973032252,False,24.0,False,False,0.008273009307135471,Medium (20-50),False
GRB7,5,967,0.5807791845085223,1.0188699804506465,1.787430626545201,0.2426328272859624,13.167666883534723,0.5686621905783642,Cox_PH,0.9996299973032252,False,15.0,False,False,0.005170630816959669,Small (<20),False
GRAMD4,5,967,0.4038484878410869,1.060068114275854,1.497577028639383,0.1875171415520223,11.960170351072506,0.70322947251375,Cox_PH,0.9996299973032252,False,15.0,False,False,0.005170630816959669,Small (<20),False
GPSM2,10,967,0.404318062571851,0.7247338914769101,1.498280418103439,0.3619821547207852,6.20153281590297,0.5769230134105194,Cox_PH,0.9996299973032252,False,30.0,False,False,0.010341261633919338,Medium (20-50),False
GPS2,12,967,0.1796260889326183,0.7199708820436953,1.1967697939804196,0.291849552728343,4.907521448618076,0.8029811805615608,Cox_PH,0.9996299973032252,False,36.0,False,False,0.012409513960703205,Medium (20-50),False
GPRASP2,11,967,0.3640102321537168,0.7247080980042716,1.4390889390619492,0.3476991655327069,5.956232225514605,0.6154668405593808,Cox_PH,0.9996299973032252,False,33.0,False,False,0.011375387797311272,Medium (20-50),False
GPR179,11,967,0.3365026378380594,0.7373464234594028,1.4000425623505557,0.3299888700728436,5.939955417164287,0.6481240805767756,Cox_PH,0.9996299973032252,False,33.0,False,False,0.011375387797311272,Medium (20-50),False
GREB1,6,967,-14.954903825135103,1835.3447225310897,3.200131253947847e-07,0.0,inf,0.9934986846418864,Cox_PH,0.9996299973032252,False,18.0,False,False,0.0062047569803516025,Small (<20),False
GPR174,5,967,-14.884084621526188,2016.510801003873,3.434979746467818e-07,0.0,inf,0.9941107811162876,Cox_PH,0.9996299973032252,False,15.0,False,False,0.005170630816959669,Small (<20),False
GPR158,11,967,-16.009777758754893,2223.8077705003707,1.1144019487752359e-07,0.0,inf,0.9942558685505468,Cox_PH,0.9996299973032252,False,33.0,False,False,0.011375387797311272,Medium (20-50),False
GPR156,7,967,-0.1302228210164522,1.0173047452427646,0.8778997946008528,0.1195357102518314,6.447513029675674,0.8981428947205041,Cox_PH,0.9996299973032252,False,21.0,False,False,0.007238883143743537,Medium (20-50),False
GPR155,5,967,1.0248763764201667,0.7418744480185681,2.7867509311440974,0.6510313106482871,11.92873618397746,0.1671348757240746,Cox_PH,0.9996299973032252,False,15.0,False,False,0.005170630816959669,Small (<20),False
GPR149,6,967,-14.919591321422915,1844.571542671302,3.315154833666262e-07,0.0,inf,0.99354647868268,Cox_PH,0.9996299973032252,False,18.0,False,False,0.0062047569803516025,Small (<20),False
GPR143,5,967,0.4674975183332928,1.0068213515215914,1.5959952428189483,0.2218237057905928,11.48299640032763,0.642411219503133,Cox_PH,0.9996299973032252,False,15.0,False,False,0.005170630816959669,Small (<20),False
GPR142,5,967,1.2020090985210103,0.7245420212312571,3.3267940700129452,0.8040504499383446,13.76475665814498,0.0971174929119089,Cox_PH,0.9996299973032252,False,15.0,False,False,0.005170630816959669,Small (<20),False
GPR161,6,967,0.1495578516498365,1.0109000206224776,1.161320653184449,0.1601240920930264,8.422627987356387,0.8823859803897804,Cox_PH,0.9996299973032252,False,18.0,False,False,0.0062047569803516025,Small (<20),False
GRK1,8,967,0.7045634622103099,0.7390345896723133,2.022963392173199,0.4752357256368223,8.61126524229434,0.3404094513978909,Cox_PH,0.9996299973032252,False,24.0,False,False,0.008273009307135471,Medium (20-50),False
GRHL2,8,967,-0.2395302544217395,1.0060108153933969,0.7869974628286263,0.1095568756118641,5.653365003698796,0.811804244570514,Cox_PH,0.9996299973032252,False,24.0,False,False,0.008273009307135471,Medium (20-50),False
GRIA1,13,967,-0.6847522343573645,1.010313664488808,0.5042151412882788,0.0696016491836274,3.6526851258024906,0.4979225930324502,Cox_PH,0.9996299973032252,False,39.0,False,False,0.01344364012409514,Medium (20-50),False
GRIP1,5,967,-15.013247493539373,2010.0076016784235,3.018766056774561e-07,0.0,inf,0.994040456866462,Cox_PH,0.9996299973032252,False,15.0,False,False,0.005170630816959669,Small (<20),False
GRIN3A,6,967,-15.019317015793929,1831.4206908724384,3.000499080997881e-07,0.0,inf,0.9934566935413351,Cox_PH,0.9996299973032252,False,18.0,False,False,0.0062047569803516025,Small (<20),False
GRIN2D,5,967,-14.939545038276249,2001.11803700737,3.249660770811682e-07,0.0,inf,0.9940433690644724,Cox_PH,0.9996299973032252,False,15.0,False,False,0.005170630816959669,Small (<20),False
GRIN2C,7,967,-14.909846657177503,1702.956825399939,3.347617817997354e-07,0.0,inf,0.9930143945572224,Cox_PH,0.9996299973032252,False,21.0,False,False,0.007238883143743537,Medium (20-50),False
GRIN2B,11,967,-15.939437789513716,2223.917404282936,1.1956116093526378e-07,0.0,inf,0.9942813872444796,Cox_PH,0.9996299973032252,False,33.0,False,False,0.011375387797311272,Medium (20-50),False
GRIN2A,21,967,0.0447765615161049,0.6027541981394351,1.045794163138985,0.3209013041496004,3.4081676126367713,0.9407823372397977,Cox_PH,0.9996299973032252,False,63.0,False,False,0.02171664943123061,Large (50-100),False
GRHL3,7,967,0.8618517877082957,0.7293712921823913,2.367540819911397,0.5668186061935148,9.888965310417264,0.2373499387747835,Cox_PH,0.9996299973032252,False,21.0,False,False,0.007238883143743537,Medium (20-50),False
GRIK5,6,967,0.1878205912175362,1.0092674897673417,1.206617018239302,0.1669027971986595,8.72318890480763,0.8523695187225727,Cox_PH,0.9996299973032252,False,18.0,False,False,0.0062047569803516025,Small (<20),False
GRIK2,14,967,0.3825250432362362,0.596978386609291,1.4659815868210615,0.4549568978501739,4.72374860795305,0.5216729950008465,Cox_PH,0.9996299973032252,False,42.0,False,False,0.014477766287487074,Medium (20-50),False
GRIK1,13,967,0.0115128589669317,0.7224181085564384,1.0115793869918512,0.2455077819685567,4.168066885626735,0.9872850036630828,Cox_PH,0.9996299973032252,False,39.0,False,False,0.01344364012409514,Medium (20-50),False
GRID2,9,967,-0.1668182534216889,1.0081530967274066,0.8463534191977198,0.1173260669929246,6.105327899816744,0.8685747162169953,Cox_PH,0.9996299973032252,False,27.0,False,False,0.009307135470527405,Medium (20-50),False
GRID1,14,967,0.4872576437818333,0.5945257836843199,1.627845959744069,0.5076246957988257,5.220160663155071,0.4124592220006452,Cox_PH,0.9996299973032252,False,42.0,False,False,0.014477766287487074,Medium (20-50),False
GRIA4,8,967,1.0004009461870946,0.6091177997817294,2.719371931715383,0.8240946069652574,8.97346450334581,0.1005119387205818,Cox_PH,0.9996299973032252,False,24.0,False,False,0.008273009307135471,Medium (20-50),False
GRIA3,16,967,-0.1638512978101318,0.7243522552486131,0.8488682410617953,0.2052386730888906,3.5109235498285343,0.8210428452997937,Cox_PH,0.9996299973032252,False,48.0,False,False,0.016546018614270942,Medium (20-50),False
GRIK3,6,967,0.065113310833878,1.0179805608835544,1.0672799519141962,0.1451295352947709,7.848757273592749,0.9489995159220386,Cox_PH,0.9996299973032252,False,18.0,False,False,0.0062047569803516025,Small (<20),False
GPR101,6,967,0.1752453780923466,1.0078961177757462,1.1915385582021496,0.1652607064815621,8.591056917942305,0.8619656961418893,Cox_PH,0.9996299973032252,False,18.0,False,False,0.0062047569803516025,Small (<20),False
HACE1,7,967,-0.1364821429611556,1.0165437073363,0.8724218989922656,0.118967157739932,6.3977318135574555,0.8931962161387204,Cox_PH,0.9996299973032252,False,21.0,False,False,0.007238883143743537,Medium (20-50),False
HAO1,5,967,-15.000059378092027,1998.8844813317855,3.058841571449452e-07,0.0,inf,0.99401255871837,Cox_PH,0.9996299973032252,False,15.0,False,False,0.005170630816959669,Small (<20),False
HIVEP2,11,967,-15.875616622996493,2242.83307358421,1.274404522022874e-07,0.0,inf,0.9943523199426652,Cox_PH,0.9996299973032252,False,33.0,False,False,0.011375387797311272,Medium (20-50),False
HIVEP1,20,967,-0.4287599168267237,0.7278437344055618,0.651316280491049,0.1564007530067074,2.712345619042523,0.5558060149639208,Cox_PH,0.9996299973032252,False,60.0,False,False,0.020682523267838676,Large (50-100),False
HIRA,5,967,-15.03301010272734,2031.2651856800371,2.959693004410319e-07,0.0,inf,0.9940950609235862,Cox_PH,0.9996299973032252,False,15.0,False,False,0.005170630816959669,Small (<20),False
HIPK2,8,967,1.2989120436549808,0.6088833277938069,3.665306803820318,1.1112669059450515,12.089331459669872,0.0329026501011236,Cox_PH,0.9996299973032252,False,24.0,False,False,0.008273009307135471,Medium (20-50),True
HIPK1,6,967,1.1695580038636932,0.7290109308588968,3.22056884490988,0.7715888715487108,13.442474441065556,0.1086461981003707,Cox_PH,0.9996299973032252,False,18.0,False,False,0.0062047569803516025,Small (<20),False
HIF3A,8,967,0.6471787541073655,0.7305794849454269,1.910144233458873,0.4562305357407155,7.997384451026274,0.3757021117841796,Cox_PH,0.9996299973032252,False,24.0,False,False,0.008273009307135471,Medium (20-50),False
HIVEP3,14,967,0.0478428563189787,0.7210514129540401,1.0490057977391765,0.2552739713636984,4.310714319254297,0.9470979675569836,Cox_PH,0.9996299973032252,False,42.0,False,False,0.014477766287487074,Medium (20-50),False
HHLA2,6,967,0.1712061505952835,1.029242488522132,1.186735370009436,0.1578501479165752,8.922011521812122,0.8678878942873617,Cox_PH,0.9996299973032252,False,18.0,False,False,0.0062047569803516025,Small (<20),False
HGSNAT,5,967,1.3119725525700456,0.730236493177199,3.7134915497280696,0.8875495093039706,15.537183385652614,0.0723926899407137,Cox_PH,0.9996299973032252,False,15.0,False,False,0.005170630816959669,Small (<20),False
HGS,7,967,0.9000905640160402,0.7412485325415206,2.4598258727795024,0.5753616037455074,10.51641834457864,0.224637062961698,Cox_PH,0.9996299973032252,False,21.0,False,False,0.007238883143743537,Medium (20-50),False
HGF,5,967,1.3168001157719276,0.7434924719688131,3.731462006741877,0.8689713447019604,16.023323200069036,0.076543940150606,Cox_PH,0.9996299973032252,False,15.0,False,False,0.005170630816959669,Small (<20),False
HGD,5,967,-14.820619435258148,2022.9309188220395,3.66004783024257e-07,0.0,inf,0.994154502492228,Cox_PH,0.9996299973032252,False,15.0,False,False,0.005170630816959669,Small (<20),False
HERC6,10,967,-0.4201674901736488,1.014392425343137,0.6569367801446495,0.0899612151919198,4.797244370100305,0.6787232038423483,Cox_PH,0.9996299973032252,False,30.0,False,False,0.010341261633919338,Medium (20-50),False
HERC5,7,967,0.8369223962053902,0.7269917908445575,2.309249075641605,0.5554473166855555,9.600606813932028,0.2496446207436254,Cox_PH,0.9996299973032252,False,21.0,False,False,0.007238883143743537,Medium (20-50),False
HHIPL2,6,967,1.0151160068087517,0.7515450255696333,2.759683520886092,0.6326029889173496,12.038914246175462,0.1767897866500349,Cox_PH,0.9996299973032252,False,18.0,False,False,0.0062047569803516025,Small (<20),False
HERC4,5,967,-14.958616905283598,2015.760888812343,3.188270942885491e-07,0.0,inf,0.9940790894377812,Cox_PH,0.9996299973032252,False,15.0,False,False,0.005170630816959669,Small (<20),False
HJURP,5,967,0.4112834458315172,1.0086589253906135,1.508752945689262,0.2089442000786018,10.89446584432446,0.6834552095129609,Cox_PH,0.9996299973032252,False,15.0,False,False,0.005170630816959669,Small (<20),False
HLTF,7,967,-0.0633547158677819,1.0200018303889151,0.9386104746035868,0.1271283206988044,6.929924175769086,0.9504733580688172,Cox_PH,0.9996299973032252,False,21.0,False,False,0.007238883143743537,Medium (20-50),False
HNRNPUL1,6,967,0.1653737616030234,1.012226581635343,1.1798340129635736,0.1622543134728871,8.579175914348413,0.8702222180715202,Cox_PH,0.9996299973032252,False,18.0,False,False,0.0062047569803516025,Small (<20),False
HNRNPU,5,967,-14.943853937941062,1999.9490718533975,3.235688432924837e-07,0.0,inf,0.9940381684954984,Cox_PH,0.9996299973032252,False,15.0,False,False,0.005170630816959669,Small (<20),False
HNRNPR,5,967,-14.929471077322914,2022.36057502873,3.282563177049207e-07,0.0,inf,0.99410990976234,Cox_PH,0.9996299973032252,False,15.0,False,False,0.005170630816959669,Small (<20),False
HNRNPK,7,967,0.0634422435423877,1.0176779460666343,1.0654979446374089,0.1449731783239388,7.831006280967196,0.950291918210696,Cox_PH,0.9996299973032252,False,21.0,False,False,0.007238883143743537,Medium (20-50),False
HNRNPH2,6,967,0.1509243715460478,1.0082781549353304,1.1629087057685086,0.1611691552006985,8.390914851344496,0.8810129428397111,Cox_PH,0.9996299973032252,False,18.0,False,False,0.0062047569803516025,Small (<20),False
HNRNPDL,5,967,-14.798875751881267,2010.7499417506208,3.740502269536832e-07,0.0,inf,0.9941277193971484,Cox_PH,0.9996299973032252,False,15.0,False,False,0.005170630816959669,Small (<20),False
HLF,6,967,-14.796445641561604,1822.1035326382068,3.749603156303457e-07,0.0,inf,0.993520826028972,Cox_PH,0.9996299973032252,False,18.0,False,False,0.0062047569803516025,Small (<20),False
HNRNPA2B1,6,967,0.9722787711095076,0.7305720115133341,2.643962585338185,0.6315094509323498,11.069570126539626,0.183239719181684,Cox_PH,0.9996299973032252,False,18.0,False,False,0.0062047569803516025,Small (<20),False
HNF1B,5,967,-14.77116933303606,2017.595308636782,3.84558723387765e-07,0.0,inf,0.9941585992882144,Cox_PH,0.9996299973032252,False,15.0,False,False,0.005170630816959669,Small (<20),False
HNF1A,5,967,-15.083489619179844,2012.3648931830944,2.8139973916659976e-07,0.0,inf,0.9940195881755486,Cox_PH,0.9996299973032252,False,15.0,False,False,0.005170630816959669,Small (<20),False
HMGCR,6,967,0.1824546225971025,1.0465294026134595,1.2001596895881534,0.1543175160635712,9.333893632132895,0.8615962477533389,Cox_PH,0.9996299973032252,False,18.0,False,False,0.0062047569803516025,Small (<20),False
HMGCLL1,6,967,-14.812255387268344,1852.2057151695,3.690789027148743e-07,0.0,inf,0.9936193135478364,Cox_PH,0.9996299973032252,False,18.0,False,False,0.0062047569803516025,Small (<20),False
HMCN1,58,967,-0.3304586826768169,0.4438390300657964,0.7185940511849963,0.3010788219394999,1.715090443997513,0.4565460755301757,Cox_PH,0.9996299973032252,False,92.0,False,True,0.05997931747673216,Large (50-100),False
HLX,6,967,-14.891381525438488,1844.54672146835,3.410006254710961e-07,0.0,inf,0.9935585939871452,Cox_PH,0.9996299973032252,False,18.0,False,False,0.0062047569803516025,Small (<20),False
HNF4A,5,967,1.3741866847670725,0.732704904799215,3.95186130652524,0.9399628473082098,16.614707518211688,0.060724225390385,Cox_PH,0.9996299973032252,False,15.0,False,False,0.005170630816959669,Small (<20),False
HAND2,6,967,0.1806548787694071,1.023383158788644,1.1980016521343664,0.1611892541944485,8.903868720586837,0.8598798467697425,Cox_PH,0.9996299973032252,False,18.0,False,False,0.0062047569803516025,Small (<20),False
HERC2,28,967,0.3276335079868062,0.4807320707970893,1.3876803053351463,0.540856464348331,3.5603838666054153,0.495535954226744,Cox_PH,0.9996299973032252,False,84.0,False,False,0.028955532574974147,Large (50-100),False
HEPHL1,9,967,-0.3317529711562591,1.0173255175823055,0.7176645848117135,0.0977139461379283,5.270920647969326,0.744346376828745,Cox_PH,0.9996299973032252,False,27.0,False,False,0.009307135470527405,Medium (20-50),False
HDAC6,13,967,0.1286729121290754,0.7307740179769617,1.1373180603773396,0.2715404501333804,4.763534750808257,0.8602330034177591,Cox_PH,0.9996299973032252,False,39.0,False,False,0.01344364012409514,Medium (20-50),False
HDAC5,6,967,-14.921569858545714,1815.206124370137,3.308602161250442e-07,0.0,inf,0.9934412098055904,Cox_PH,0.9996299973032252,False,18.0,False,False,0.0062047569803516025,Small (<20),False
HDAC4,6,967,-15.141142890769382,1828.1827306233397,2.656349362869633e-07,0.0,inf,0.9933919373406334,Cox_PH,0.9996299973032252,False,18.0,False,False,0.0062047569803516025,Small (<20),False
HDAC1,8,967,-0.1009644865393152,1.0046676479559773,0.9039651352461188,0.1261715138610201,6.476525015310827,0.9199510271993904,Cox_PH,0.9996299973032252,False,24.0,False,False,0.008273009307135471,Medium (20-50),False
HCRTR2,6,967,0.2420194692273541,1.0085213014513876,1.273818992846355,0.1764562547769708,9.19556424104649,0.8103499680970014,Cox_PH,0.9996299973032252,False,18.0,False,False,0.0062047569803516025,Small (<20),False
HCN3,7,967,1.2405661557023806,0.5855651437661767,3.457570433953335,1.0973064268018378,10.89467172865394,0.0341260419393918,Cox_PH,0.9996299973032252,False,21.0,False,False,0.007238883143743537,Medium (20-50),True
HDAC8,5,967,-14.977751818985434,2011.7574730334604,3.1278436329670434e-07,0.0,inf,0.994059718086856,Cox_PH,0.9996299973032252,False,15.0,False,False,0.005170630816959669,Small (<20),False
HCN1,5,967,0.2018800682669828,1.0117972191864986,1.2237012387001265,0.1684287476321547,8.89067182798637,0.841851139936498,Cox_PH,0.9996299973032252,False,15.0,False,False,0.005170630816959669,Small (<20),False
HCFC1,17,967,0.1933796927804005,0.5890583780037704,1.213343403798956,0.3824433550300044,3.849464753876912,0.7426953334374216,Cox_PH,0.9996299973032252,False,51.0,False,False,0.017580144777662874,Large (50-100),False
HBP1,5,967,-15.12974308269969,1975.304570444988,2.686804497298724e-07,0.0,inf,0.9938887042737474,Cox_PH,0.9996299973032252,False,15.0,False,False,0.005170630816959669,Small (<20),False
HAVCR1,5,967,-15.011211598119274,1978.5055416866624,3.024918209208389e-07,0.0,inf,0.9939463909447072,Cox_PH,0.9996299973032252,False,15.0,False,False,0.005170630816959669,Small (<20),False
HAUS6,8,967,0.6717316405901349,0.7358240103976413,1.9576242889626845,0.4627892927244601,8.280858950248795,0.3612966375951769,Cox_PH,0.9996299973032252,False,24.0,False,False,0.008273009307135471,Medium (20-50),False
HAUS5,8,967,-14.958602011150523,1590.381648945729,3.1883184297708317e-07,0.0,inf,0.9924954732545882,Cox_PH,0.9996299973032252,False,24.0,False,False,0.008273009307135471,Medium (20-50),False
HAS2,7,967,0.0677769653431027,1.026848190056431,1.0701266065398352,0.1430093184059236,8.007666680670148,0.9473739605803676,Cox_PH,0.9996299973032252,False,21.0,False,False,0.007238883143743537,Medium (20-50),False
HCFC2,8,967,-0.2188010965469848,1.0116269867010117,0.8034815175090443,0.1106271223801305,5.835662494775224,0.828764557608237,Cox_PH,0.9996299973032252,False,24.0,False,False,0.008273009307135471,Medium (20-50),False
HERC1,24,967,-0.2046962528954694,0.6089811037338174,0.8148948007594123,0.2470167289231671,2.6882937815570846,0.7367735367258448,Cox_PH,0.9996299973032252,False,72.0,False,False,0.02481902792140641,Large (50-100),False
HDLBP,14,967,0.3715000530388769,0.6132557041896378,1.4499079230029028,0.4358395416221836,4.823410416967066,0.5446586727566691,Cox_PH,0.9996299973032252,False,42.0,False,False,0.014477766287487074,Medium (20-50),False
HEATR1,14,967,-0.6774477045341706,1.0120320693427984,0.507911680128147,0.0698761730057203,3.6918775558798615,0.503244487097847,Cox_PH,0.9996299973032252,False,42.0,False,False,0.014477766287487074,Medium (20-50),False
HEPH,10,967,-0.4351783079837121,1.0159861799988308,0.6471492649091897,0.0883445100516592,4.740556836272122,0.6684102014487282,Cox_PH,0.9996299973032252,False,30.0,False,False,0.010341261633919338,Medium (20-50),False
HEPACAM2,5,967,0.3987706107381739,1.0112194557803875,1.489991791286013,0.2053130230777496,10.813125757049448,0.6933254137960629,Cox_PH,0.9996299973032252,False,15.0,False,False,0.005170630816959669,Small (<20),False
HELZ2,5,967,0.5160275285325169,1.0330425140163118,1.6753590969401604,0.2211894291918535,12.689702731072137,0.6174116472234299,Cox_PH,0.9996299973032252,False,15.0,False,False,0.005170630816959669,Small (<20),False
HELZ,17,967,0.8512619395704598,0.4777103338643751,2.34260120858706,0.9184660707987814,5.974940824652222,0.0747553339670641,Cox_PH,0.9996299973032252,False,51.0,False,False,0.017580144777662874,Large (50-100),False
HELQ,6,967,-15.118494765431546,1841.2113415704948,2.717197139310968e-07,0.0,inf,0.9934485098301614,Cox_PH,0.9996299973032252,False,18.0,False,False,0.0062047569803516025,Small (<20),False
HELB,6,967,-15.039039830191548,1838.026113050165,2.941900557925152e-07,0.0,inf,0.9934716467210754,Cox_PH,0.9996299973032252,False,18.0,False,False,0.0062047569803516025,Small (<20),False
HDX,14,967,0.9480364723116064,0.5433611993597827,2.5806375280703113,0.8896283582776697,7.4859237448074145,0.0810261459246124,Cox_PH,0.9996299973032252,False,42.0,False,False,0.014477766287487074,Medium (20-50),False
HEG1,14,967,-0.713298779206256,1.025879301566759,0.4900250438888668,0.0656103244651007,3.6598591090036776,0.4868643210785757,Cox_PH,0.9996299973032252,False,42.0,False,False,0.014477766287487074,Medium (20-50),False
HECTD4,15,967,-0.0982491633166178,0.7195965964882041,0.9064230282471676,0.2212065292347425,3.7141883152322657,0.8913994099640218,Cox_PH,0.9996299973032252,False,45.0,False,False,0.015511892450879007,Medium (20-50),False
HECTD1,15,967,-0.8604711658436502,1.0116518755062438,0.4229627497612664,0.058232664158981,3.072115800802168,0.3950135170200395,Cox_PH,0.9996299973032252,False,45.0,False,False,0.015511892450879007,Medium (20-50),False
HEATR6,6,967,0.2490233002152742,1.022501175041232,1.2827719215835265,0.1728935826636846,9.517437127807993,0.8075845538097913,Cox_PH,0.9996299973032252,False,18.0,False,False,0.0062047569803516025,Small (<20),False
HEATR5B,13,967,-16.052925504350274,2074.9914941175016,1.0673406133203701e-07,0.0,inf,0.9938273223354964,Cox_PH,0.9996299973032252,False,39.0,False,False,0.01344364012409514,Medium (20-50),False
HEATR5A,9,967,-14.931052467782855,1498.7819783163636,3.277376265304192e-07,0.0,inf,0.9920515062478588,Cox_PH,0.9996299973032252,False,27.0,False,False,0.009307135470527405,Medium (20-50),False
HEATR4,6,967,0.1721274955686254,1.0083699494131448,1.1878292665279284,0.164593314982147,8.572270183472014,0.8644606413400329,Cox_PH,0.9996299973032252,False,18.0,False,False,0.0062047569803516025,Small (<20),False
HECW1,19,967,0.7289685108829427,0.4656129854850668,2.0729412881423785,0.8322412296785426,5.16326929121879,0.1174398646181807,Cox_PH,0.9996299973032252,False,57.0,False,False,0.01964839710444674,Large (50-100),False
FLRT2,5,967,-14.914056628395098,2012.2344224440435,3.333554068099205e-07,0.0,inf,0.9940863815652056,Cox_PH,0.9996299973032252,False,15.0,False,False,0.005170630816959669,Small (<20),False
GPNMB,6,967,0.2570507584034325,1.0126696561106578,1.293110761331293,0.1776781044883341,9.411038269943862,0.7996232186589225,Cox_PH,0.9996299973032252,False,18.0,False,False,0.0062047569803516025,Small (<20),False
GPLD1,8,967,-0.0931651406452448,1.013869011313926,0.9110430376376508,0.1248866937416985,6.646019616346917,0.9267848746566644,Cox_PH,0.9996299973032252,False,24.0,False,False,0.008273009307135471,Medium (20-50),False
FYB1,5,967,-14.754414084772636,2016.0219982369265,3.910563832105791e-07,0.0,inf,0.9941606717970356,Cox_PH,0.9996299973032252,False,15.0,False,False,0.005170630816959669,Small (<20),False
FXR1,5,967,0.3942219533089819,1.0083802526528791,1.4832297198873912,0.2055217642508219,10.704318396529292,0.6958373513586154,Cox_PH,0.9996299973032252,False,15.0,False,False,0.005170630816959669,Small (<20),False
FUT11,5,967,-14.892925138648964,2015.5883670395583,3.4047465845009625e-07,0.0,inf,0.994104586480174,Cox_PH,0.9996299973032252,False,15.0,False,False,0.005170630816959669,Small (<20),False
FUS,5,967,0.4459166822227472,1.0115266942149024,1.5619213252992126,0.2150949676373432,11.341958639114637,0.6593322299199791,Cox_PH,0.9996299973032252,False,15.0,False,False,0.005170630816959669,Small (<20),False
FUBP3,5,967,0.4632184144328911,1.0058451883849449,1.5891804044498214,0.2212995302079363,11.412108988728106,0.6451383189266552,Cox_PH,0.9996299973032252,False,15.0,False,False,0.005170630816959669,Small (<20),False
FUBP1,5,967,0.4130788755663793,1.0258675017046317,1.5114642388303394,0.2023773150232917,11.288439838230142,0.6871961639703683,Cox_PH,0.9996299973032252,False,15.0,False,False,0.005170630816959669,Small (<20),False
FYCO1,7,967,-0.0098851657726242,1.04081731296284,0.990163531884984,0.1287494386845055,7.614975489543127,0.9924222027442,Cox_PH,0.9996299973032252,False,21.0,False,False,0.007238883143743537,Medium (20-50),False
FTSJ3,8,967,-14.863336308060076,1585.233613436068,3.5069942896975354e-07,0.0,inf,0.9925190503762664,Cox_PH,0.9996299973032252,False,24.0,False,False,0.008273009307135471,Medium (20-50),False
FSTL4,5,967,0.4581010706620472,1.0138297498086712,1.5810687946559807,0.2167511757329017,11.53294105548633,0.6513755556374161,Cox_PH,0.9996299973032252,False,15.0,False,False,0.005170630816959669,Small (<20),False
FSIP2,8,967,-0.1848928076925399,1.005762967250984,0.8311933766129957,0.1157655535055665,5.967944767716181,0.8541441674073307,Cox_PH,0.9996299973032252,False,24.0,False,False,0.008273009307135471,Medium (20-50),False
FSHR,7,967,1.3996684357312812,0.605335088623918,4.053855630312454,1.237646586308672,13.278221467430589,0.0207655137997764,Cox_PH,0.9996299973032252,False,21.0,False,False,0.007238883143743537,Medium (20-50),True
FSD2,5,967,0.438466750064365,1.0062981749298046,1.5503283544311228,0.2156976386995066,11.142996376986352,0.6630380837016076,Cox_PH,0.9996299973032252,False,15.0,False,False,0.005170630816959669,Small (<20),False
FRYL,12,967,-0.5872618430589094,1.01704344955239,0.5558471997701605,0.0757234792972809,4.080189029341434,0.5636553587747836,Cox_PH,0.9996299973032252,False,36.0,False,False,0.012409513960703205,Medium (20-50),False
FRY,8,967,0.0635053796259705,1.0090666141250837,1.0655652181283688,0.1474501415021794,7.700428243184668,0.9498184438225016,Cox_PH,0.9996299973032252,False,24.0,False,False,0.008273009307135471,Medium (20-50),False
FSTL5,7,967,-0.0324523963160219,1.0101422557752406,0.968068532362932,0.1336766817104997,7.010621982530194,0.9743711221056152,Cox_PH,0.9996299973032252,False,21.0,False,False,0.007238883143743537,Medium (20-50),False
FRMPD4,18,967,0.7666385844516778,0.4742577864211427,2.15251856998158,0.8496704785690845,5.453097772584106,0.1059858558709404,Cox_PH,0.9996299973032252,False,54.0,False,False,0.01861427094105481,Large (50-100),False
FZD3,5,967,-14.923848461447466,2022.2238093486403,3.3010717534278074e-07,0.0,inf,0.9941117298025396,Cox_PH,0.9996299973032252,False,15.0,False,False,0.005170630816959669,Small (<20),False
G3BP1,7,967,-15.023069998101688,1700.1030941690503,2.9892593654517393e-07,0.0,inf,0.9929495336759524,Cox_PH,0.9996299973032252,False,21.0,False,False,0.007238883143743537,Medium (20-50),False
GALNT11,6,967,-14.972985240154625,1816.892671171707,3.142788335469683e-07,0.0,inf,0.993424719732399,Cox_PH,0.9996299973032252,False,18.0,False,False,0.0062047569803516025,Small (<20),False
GALNT1,5,967,-14.985975574359314,2028.976520101474,3.102226491010295e-07,0.0,inf,0.9941068959119588,Cox_PH,0.9996299973032252,False,15.0,False,False,0.005170630816959669,Small (<20),False
GAD2,7,967,-0.0645458251893038,1.010080439744656,0.937493152476508,0.1294703363405484,6.788376672078533,0.9490485239064232,Cox_PH,0.9996299973032252,False,21.0,False,False,0.007238883143743537,Medium (20-50),False
GABRR3,5,967,0.3748796202747483,1.0089762001214202,1.4548162736933858,0.2013493677059044,10.511532339622258,0.7102319717371033,Cox_PH,0.9996299973032252,False,15.0,False,False,0.005170630816959669,Small (<20),False
GABRG3,5,967,-15.081842753832351,1996.604701486191,2.818635484567232e-07,0.0,inf,0.9939730408145416,Cox_PH,0.9996299973032252,False,15.0,False,False,0.005170630816959669,Small (<20),False
GABRG2,5,967,-14.931796980021842,2031.535089321119,3.2749371266598637e-07,0.0,inf,0.99413559575251,Cox_PH,0.9996299973032252,False,15.0,False,False,0.005170630816959669,Small (<20),False
FZD6,5,967,0.4007449969353178,1.012729771575304,1.4929365165684678,0.2051107185089821,10.866616131550364,0.6923206538195057,Cox_PH,0.9996299973032252,False,15.0,False,False,0.005170630816959669,Small (<20),False
GABRB2,7,967,-0.0238783943932663,1.0269006612366485,0.9764044387929016,0.13047107942027,7.307103093885847,0.981448560535224,Cox_PH,0.9996299973032252,False,21.0,False,False,0.007238883143743537,Medium (20-50),False
GABRA4,8,967,1.2360858071576697,0.6285732993485266,3.4421139643323966,1.0040904837187774,11.799881321024932,0.049241540686936,Cox_PH,0.9996299973032252,False,24.0,False,False,0.008273009307135471,Medium (20-50),True
GABRA3,7,967,-0.0806659573620789,1.0097057245805554,0.9225017949149554,0.1274935916086246,6.67492029116031,0.9363242966077248,Cox_PH,0.9996299973032252,False,21.0,False,False,0.007238883143743537,Medium (20-50),False
GABBR2,7,967,-0.0601177359676995,1.0182032448728815,0.941653660552542,0.12799090197378,6.927926928850393,0.9529178886809584,Cox_PH,0.9996299973032252,False,21.0,False,False,0.007238883143743537,Medium (20-50),False
GAB4,5,967,0.4063831321905178,1.0069091549335112,1.5013776683931568,0.2086371184437628,10.804093346205144,0.686510832009465,Cox_PH,0.9996299973032252,False,15.0,False,False,0.005170630816959669,Small (<20),False
GAB3,7,967,-0.0484990875476158,1.0125551648351172,0.952658208560692,0.1309280673719872,6.9317273259640535,0.9617977535099924,Cox_PH,0.9996299973032252,False,21.0,False,False,0.007238883143743537,Medium (20-50),False
G3BP2,7,967,-0.0075941796092588,1.0113823179769448,0.992434583316381,0.1367086140675895,7.204567238721368,0.9940089700826564,Cox_PH,0.9996299973032252,False,21.0,False,False,0.007238883143743537,Medium (20-50),False
GABRA6,5,967,0.3729344940943234,1.017324469456472,1.451989222848372,0.1976966554909708,10.664179917621862,0.7139296228272236,Cox_PH,0.9996299973032252,False,15.0,False,False,0.005170630816959669,Small (<20),False
GALNT13,6,967,0.107741957683166,1.031734721778428,1.1137603110118954,0.1474216992049153,8.414378867395081,0.9168297309347956,Cox_PH,0.9996299973032252,False,18.0,False,False,0.0062047569803516025,Small (<20),False
FRMPD2,9,967,0.458624661341365,0.7234138649935512,1.5818968443008434,0.3831738355525514,6.53071111288278,0.5260986204673102,Cox_PH,0.9996299973032252,False,27.0,False,False,0.009307135470527405,Medium (20-50),False
FRMD7,5,967,-14.792609008912128,2015.5242513066696,3.7640166381327705e-07,0.0,inf,0.9941441099633732,Cox_PH,0.9996299973032252,False,15.0,False,False,0.005170630816959669,Small (<20),False
FNDC1,8,967,0.5752520973889671,0.7547286093943306,1.777578593355544,0.4049401595362056,7.803092830246587,0.4459422659590577,Cox_PH,0.9996299973032252,False,24.0,False,False,0.008273009307135471,Medium (20-50),False
FNBP4,5,967,-14.785501597258436,2025.7405956657203,3.790864349702104e-07,0.0,inf,0.9941764415788414,Cox_PH,0.9996299973032252,False,15.0,False,False,0.005170630816959669,Small (<20),False
FN1,16,967,-1.0241258317572437,1.0138509010905443,0.3591102510123466,0.0492289409420231,2.619600785928481,0.3124308274342352,Cox_PH,0.9996299973032252,False,48.0,False,False,0.016546018614270942,Medium (20-50),False
FMR1NB,5,967,-15.228422661645244,2010.0939934152816,2.434333468057166e-07,0.0,inf,0.9939553040120448,Cox_PH,0.9996299973032252,False,15.0,False,False,0.005170630816959669,Small (<20),False
FMR1,10,967,-14.895737337352884,1408.986359038416,3.395185211111094e-07,0.0,inf,0.991564959178587,Cox_PH,0.9996299973032252,False,30.0,False,False,0.010341261633919338,Medium (20-50),False
FMO5,5,967,0.3069849295968649,1.0108532290835672,1.3593204824099578,0.1874417029705516,9.857743205574346,0.7613648969874232,Cox_PH,0.9996299973032252,False,15.0,False,False,0.005170630816959669,Small (<20),False
FNDC3A,9,967,-15.096216761148536,1506.047770539012,2.778410189417426e-07,0.0,inf,0.9920023542318068,Cox_PH,0.9996299973032252,False,27.0,False,False,0.009307135470527405,Medium (20-50),False
FMO4,6,967,-15.28324844765076,1847.067449059333,2.304461907227421e-07,0.0,inf,0.9933981139470224,Cox_PH,0.9996299973032252,False,18.0,False,False,0.0062047569803516025,Small (<20),False
FMO1,9,967,0.9575947237157448,0.6008830370140604,2.6054221705747627,0.8024096396923875,8.459799522753551,0.1110153918429744,Cox_PH,0.9996299973032252,False,27.0,False,False,0.009307135470527405,Medium (20-50),False
FMNL3,10,967,-0.3549345861022281,1.0230293455419224,0.7012193111966923,0.0944134154259773,5.208036592857676,0.7286328812595275,Cox_PH,0.9996299973032252,False,30.0,False,False,0.010341261633919338,Medium (20-50),False
FMNL2,6,967,0.2116362585651346,1.0148812952497124,1.235698328639188,0.1690550157378585,9.032268890320386,0.8348128052736923,Cox_PH,0.9996299973032252,False,18.0,False,False,0.0062047569803516025,Small (<20),False
FMN2,27,967,-0.0256721247983953,0.5149836969125636,0.9746546022999668,0.3552121115024771,2.6743220825618783,0.9602416317935648,Cox_PH,0.9996299973032252,False,81.0,False,False,0.027921406411582212,Large (50-100),False
FMN1,6,967,-14.866574779776425,1838.6224707687757,3.495655358195386e-07,0.0,inf,0.9935486042257716,Cox_PH,0.9996299973032252,False,18.0,False,False,0.0062047569803516025,Small (<20),False
FLYWCH1,6,967,0.3815746147597892,1.023916832971448,1.4645889380863406,0.1968521424735436,10.896608645512504,0.7094002255433993,Cox_PH,0.9996299973032252,False,18.0,False,False,0.0062047569803516025,Small (<20),False
FMO2,6,967,0.1483382469870145,1.019874857588051,1.1599051644445817,0.1571402635788266,8.561650336231784,0.8843575648408388,Cox_PH,0.9996299973032252,False,18.0,False,False,0.0062047569803516025,Small (<20),False
FRMPD1,10,967,-14.953306855055851,1409.882830431406,3.205245850652053e-07,0.0,inf,0.9915377443181328,Cox_PH,0.9996299973032252,False,30.0,False,False,0.010341261633919338,Medium (20-50),False
FNDC3B,7,967,0.8728163243321654,0.7294050519150562,2.3936426436423863,0.5730297880910461,9.998651421857629,0.2314570263969732,Cox_PH,0.9996299973032252,False,21.0,False,False,0.007238883143743537,Medium (20-50),False
FOCAD,11,967,0.3028934709784489,0.7456859655038324,1.353770240941258,0.3139093523896504,5.838290102880592,0.6845997608999645,Cox_PH,0.9996299973032252,False,33.0,False,False,0.011375387797311272,Medium (20-50),False
FRMD4B,5,967,1.1025488924989677,0.7433726113143441,3.0118330872996775,0.7015511789312012,12.930116601860464,0.1380289149963368,Cox_PH,0.9996299973032252,False,15.0,False,False,0.005170630816959669,Small (<20),False
FRMD4A,7,967,-15.040853608692032,1709.7271080061034,2.936569438139374e-07,0.0,inf,0.992980920740046,Cox_PH,0.9996299973032252,False,21.0,False,False,0.007238883143743537,Medium (20-50),False
FRMD3,7,967,0.0006294129621332,1.017664543014915,1.0006296110840365,0.1361506764650343,7.354055408129605,0.9995065182762976,Cox_PH,0.9996299973032252,False,21.0,False,False,0.007238883143743537,Medium (20-50),False
FRG2C,6,967,-14.93763292117255,1821.544998234781,3.255880447232572e-07,0.0,inf,0.9934569977070729,Cox_PH,0.9996299973032252,False,18.0,False,False,0.0062047569803516025,Small (<20),False
FREM2,19,967,0.011104173304719,0.601142914648628,1.0111660534676934,0.3112571251532539,3.284926528772642,0.9852624984659774,Cox_PH,0.9996299973032252,False,57.0,False,False,0.01964839710444674,Large (50-100),False
FREM1,20,967,0.3543122390528923,0.5264955565265675,1.425200120149137,0.5078246583370486,3.999796680067846,0.500970576721975,Cox_PH,0.9996299973032252,False,60.0,False,False,0.020682523267838676,Large (50-100),False
FNIP1,5,967,-14.994309615531254,2017.3705954703864,3.076479843541497e-07,0.0,inf,0.9940696974483666,Cox_PH,0.9996299973032252,False,15.0,False,False,0.005170630816959669,Small (<20),False
FRAS1,19,967,0.5585123717571953,0.5524193889626005,1.748070086632728,0.5920112560922772,5.161640080883618,0.3120022473921215,Cox_PH,0.9996299973032252,False,57.0,False,False,0.01964839710444674,Large (50-100),False
FPGS,5,967,-14.831226686464998,2009.12950544062,3.621429960288136e-07,0.0,inf,0.9941101361134036,Cox_PH,0.9996299973032252,False,15.0,False,False,0.005170630816959669,Small (<20),False
FOXP1,7,967,-0.1324359799602201,1.0062799260974442,0.875959011241899,0.1218767933493306,6.295736606530101,0.895293185108822,Cox_PH,0.9996299973032252,False,21.0,False,False,0.007238883143743537,Medium (20-50),False
FOXO4,6,967,0.0335685066194126,1.025324111578348,1.0341382866176687,0.1386133672496522,7.715287616686984,0.973882395974619,Cox_PH,0.9996299973032252,False,18.0,False,False,0.0062047569803516025,Small (<20),False
FOXM1,5,967,-14.894033708804482,2003.7758427429396,3.4009742753712674e-07,0.0,inf,0.9940693914638647,Cox_PH,0.9996299973032252,False,15.0,False,False,0.005170630816959669,Small (<20),False
FOXA1,28,967,-0.122543380381605,0.5115217540627304,0.8846675268961521,0.3246115577695905,2.4109943543663652,0.8106664830573198,Cox_PH,0.9996299973032252,False,84.0,False,False,0.028955532574974147,Large (50-100),False
FOLH1,6,967,-14.829123103033952,1848.106726276452,3.629055958498904e-07,0.0,inf,0.9935978797961168,Cox_PH,0.9996299973032252,False,18.0,False,False,0.0062047569803516025,Small (<20),False
FPGT-TNNI3K,5,967,0.4210698537113225,1.040291025582545,1.5235907031567808,0.1983146126756159,11.705282830281307,0.6856527620148254,Cox_PH,0.9996299973032252,False,15.0,False,False,0.005170630816959669,Small (<20),False
GPM6B,5,967,-14.880000203228034,1762.1380608408188,3.449038331624985e-07,0.0,inf,0.9932625135366804,Cox_PH,0.9996299973032252,False,15.0,False,False,0.005170630816959669,Small (<20),False
GALNT17,8,967,0.6105785900027316,0.7314643224527193,1.8414965621063963,0.4390721704648081,7.723353508512734,0.4038671471016968,Cox_PH,0.9996299973032252,False,24.0,False,False,0.008273009307135471,Medium (20-50),False
GALNT5,8,967,-0.1524731098784612,1.0211106667953809,0.858581981019807,0.1160365540033425,6.3528516893966165,0.8813004659751141,Cox_PH,0.9996299973032252,False,24.0,False,False,0.008273009307135471,Medium (20-50),False
GNAS,12,967,0.2314884377872815,0.7278384905757637,1.2604747526161415,0.3026812511045171,5.2490750457289,0.7504476291648049,Cox_PH,0.9996299973032252,False,36.0,False,False,0.012409513960703205,Medium (20-50),False
GMEB1,6,967,0.8203721705900521,0.7185492249867204,2.271345008060705,0.5554457633604337,9.288050221916189,0.2535761249696991,Cox_PH,0.9996299973032252,False,18.0,False,False,0.0062047569803516025,Small (<20),False
GLYR1,8,967,-0.3683063731464176,1.0216305116927604,0.6919051680493881,0.0934151093895996,5.124789391155511,0.7184669819327827,Cox_PH,0.9996299973032252,False,24.0,False,False,0.008273009307135471,Medium (20-50),False
GLT8D1,6,967,-14.998974623743312,1848.1791462718588,3.062161463454218e-07,0.0,inf,0.99352480578581,Cox_PH,0.9996299973032252,False,18.0,False,False,0.0062047569803516025,Small (<20),False
GLI3,11,967,0.1904958940903796,0.722809334036292,1.2098494060949618,0.2934023509216629,4.988833868680016,0.7921272301624203,Cox_PH,0.9996299973032252,False,33.0,False,False,0.011375387797311272,Medium (20-50),False
GLI2,8,967,0.539068856267828,0.7258518041811726,1.7144097568334842,0.4132920967616814,7.111679215150081,0.4576810823906688,Cox_PH,0.9996299973032252,False,24.0,False,False,0.008273009307135471,Medium (20-50),False
GNE,7,967,0.0515455245525636,1.0133768706849156,1.0528971178712798,0.1444714827683716,7.6734336740976925,0.9594330088273209,Cox_PH,0.9996299973032252,False,21.0,False,False,0.007238883143743537,Medium (20-50),False
GLG1,6,967,0.1123872268716922,1.0215681972275927,1.118946062749355,0.151088965571295,8.286775189757174,0.9123979433583984,Cox_PH,0.9996299973032252,False,18.0,False,False,0.0062047569803516025,Small (<20),False
GLCE,6,967,0.8339804434262246,0.7158295803095549,2.3024653574877783,0.5660654711942721,9.365253653869155,0.2439969500174915,Cox_PH,0.9996299973032252,False,18.0,False,False,0.0062047569803516025,Small (<20),False
GLCCI1,5,967,0.412133138302406,1.013483839208951,1.510035466504623,0.2071535058179516,11.00733053538423,0.6842651155474888,Cox_PH,0.9996299973032252,False,15.0,False,False,0.005170630816959669,Small (<20),False
GLB1L3,6,967,0.8939652935612303,0.732880426481106,2.444804824991548,0.5813046282901331,10.2821659099517,0.2225418658612324,Cox_PH,0.9996299973032252,False,18.0,False,False,0.0062047569803516025,Small (<20),False
GLA,6,967,0.1305257261154504,1.028793701395084,1.1394272525535551,0.1516909686589729,8.558811874822487,0.8990412377367051,Cox_PH,0.9996299973032252,False,18.0,False,False,0.0062047569803516025,Small (<20),False
GJB3,6,967,0.8214192020292489,0.7265396589123692,2.273724423137229,0.5473873841828543,9.444541291517506,0.2582272758483582,Cox_PH,0.9996299973032252,False,18.0,False,False,0.0062047569803516025,Small (<20),False
GJA5,7,967,-0.0183005965139017,1.0179546206505523,0.9818658425446208,0.1335216485334927,7.220256365498904,0.98565655423006,Cox_PH,0.9996299973032252,False,21.0,False,False,0.007238883143743537,Medium (20-50),False
GLDC,10,967,-14.989558225190518,1423.2228662097368,3.0911321820778964e-07,0.0,inf,0.9915967370548902,Cox_PH,0.9996299973032252,False,30.0,False,False,0.010341261633919338,Medium (20-50),False
GJA10,5,967,0.1814694040386142,1.0120977818003063,1.1989778522684484,0.1649286622964735,8.716179893863108,0.8577019360259802,Cox_PH,0.9996299973032252,False,15.0,False,False,0.005170630816959669,Small (<20),False
GNL3L,8,967,-0.1731854775307544,1.007236846022502,0.8409816171842748,0.1167909498518878,6.0556925116098475,0.8634837828718455,Cox_PH,0.9996299973032252,False,24.0,False,False,0.008273009307135471,Medium (20-50),False
GNPTAB,11,967,-15.86304717239647,2248.523897851364,1.290524182112819e-07,0.0,inf,0.9943710736418496,Cox_PH,0.9996299973032252,False,33.0,False,False,0.011375387797311272,Medium (20-50),False
GPKOW,5,967,-14.810607337926193,2011.27591535996,3.696876644546013e-07,0.0,inf,0.9941246011830478,Cox_PH,0.9996299973032252,False,15.0,False,False,0.005170630816959669,Small (<20),False
GPC6,9,967,1.1193488598002737,0.6031734584583098,3.0628592030978377,0.9390644936698324,9.989842615963546,0.0634869037580953,Cox_PH,0.9996299973032252,False,27.0,False,False,0.009307135470527405,Medium (20-50),False
GPC5,9,967,-0.4042369594772881,1.0140743262284622,0.667485935409498,0.0914628281576956,4.871240950491046,0.6901683888284238,Cox_PH,0.9996299973032252,False,27.0,False,False,0.009307135470527405,Medium (20-50),False
GPC3,5,967,-15.089906013958435,2019.4436808774271,2.795999476108834e-07,0.0,inf,0.9940380159623168,Cox_PH,0.9996299973032252,False,15.0,False,False,0.005170630816959669,Small (<20),False
GPATCH8,8,967,1.1056956378193203,0.6105959884765954,3.0213254862209484,0.9129515198846144,9.998786895981034,0.0701646086484637,Cox_PH,0.9996299973032252,False,24.0,False,False,0.008273009307135471,Medium (20-50),False
GPATCH4,5,967,1.2577094597908325,0.7158129084780929,3.517355608830381,0.8647767993105875,14.3063394957329,0.0789115755090706,Cox_PH,0.9996299973032252,False,15.0,False,False,0.005170630816959669,Small (<20),False
GNPAT,6,967,0.1130655875769378,1.023893541475838,1.1197053693023602,0.150503979434774,8.330278832181213,0.912070667217458,Cox_PH,0.9996299973032252,False,18.0,False,False,0.0062047569803516025,Small (<20),False
GPATCH2,6,967,-14.880255517646114,1843.985986949093,3.448157854814406e-07,0.0,inf,0.9935614492910524,Cox_PH,0.9996299973032252,False,18.0,False,False,0.0062047569803516025,Small (<20),False
GORAB,5,967,-15.085982731265828,1993.8858496243056,2.8069905188478914e-07,0.0,inf,0.9939631660133026,Cox_PH,0.9996299973032252,False,15.0,False,False,0.005170630816959669,Small (<20),False
GON4L,24,967,-0.7060460331812379,0.7413574757766163,0.4935919905213025,0.1154281886464722,2.110689390205792,0.3409097692210819,Cox_PH,0.9996299973032252,False,72.0,False,False,0.02481902792140641,Large (50-100),False
GOLIM4,6,967,-15.024986558245963,1828.7305239689747,2.983535756663248e-07,0.0,inf,0.9934445946134371,Cox_PH,0.9996299973032252,False,18.0,False,False,0.0062047569803516025,Small (<20),False
GOLGB1,17,967,-0.1528987420355189,0.7320176395002115,0.8582166186797109,0.204404722756756,3.6033206798970214,0.8345473590801328,Cox_PH,0.9996299973032252,False,51.0,False,False,0.017580144777662874,Large (50-100),False
GOLGA4,12,967,-0.6228043488689797,1.024379909086794,0.5364379670413152,0.0720360226369804,3.9947470994281606,0.54319953978177,Cox_PH,0.9996299973032252,False,36.0,False,False,0.012409513960703205,Medium (20-50),False
GOLGA3,10,967,0.4036865023852841,0.7179822236113035,1.4973344625884155,0.3665726114879726,6.116142948471478,0.5739447532837914,Cox_PH,0.9996299973032252,False,30.0,False,False,0.010341261633919338,Medium (20-50),False
GPATCH1,7,967,-0.0520820417715421,1.0300391493722092,0.9492509854156864,0.1260648559696163,7.147729050908734,0.9596736135480766,Cox_PH,0.9996299973032252,False,21.0,False,False,0.007238883143743537,Medium (20-50),False
GALNT2,5,967,1.0711382172748545,0.7149481884454189,2.918699724496623,0.7188085480165208,11.851289338841962,0.1340802634164476,Cox_PH,0.9996299973032252,False,15.0,False,False,0.005170630816959669,Small (<20),False
GJA1,5,967,0.4849127321746917,1.0104342062230622,1.6240332768077008,0.22412792149611,11.767762207282743,0.6312947315039492,Cox_PH,0.9996299973032252,False,15.0,False,False,0.005170630816959669,Small (<20),False
GIMAP8,10,967,-0.3747217059300956,1.0148279018421076,0.6874805739384865,0.0940635751873927,5.02457554479746,0.7119439584862082,Cox_PH,0.9996299973032252,False,30.0,False,False,0.010341261633919338,Medium (20-50),False
GBF1,10,967,-14.828423696357245,1427.581341763577,3.631595032285499e-07,0.0,inf,0.991712445915004,Cox_PH,0.9996299973032252,False,30.0,False,False,0.010341261633919338,Medium (20-50),False
GBE1,7,967,0.1494163897728688,1.0097423037871749,1.1611563822044029,0.1604651449125246,8.402348962879234,0.8823626760355112,Cox_PH,0.9996299973032252,False,21.0,False,False,0.007238883143743537,Medium (20-50),False
GBA3,7,967,-14.954738124443448,1681.189848106339,3.200661561845004e-07,0.0,inf,0.9929026473026832,Cox_PH,0.9996299973032252,False,21.0,False,False,0.007238883143743537,Medium (20-50),False
GBA2,5,967,-15.047060063385418,2014.6312262726913,2.9184001945844045e-07,0.0,inf,0.9940407429748512,Cox_PH,0.9996299973032252,False,15.0,False,False,0.005170630816959669,Small (<20),False
GATA3,125,967,0.1474845924979881,0.2490162616562667,1.1589154287003929,0.7113524367596812,1.8880724961002064,0.5536705242525548,Cox_PH,0.9996299973032252,False,6.0,True,False,0.12926577042399173,Small (<20),False
GARS1,5,967,-14.885876799975057,2029.703588701985,3.42882916291181e-07,0.0,inf,0.9941483550283476,Cox_PH,0.9996299973032252,False,15.0,False,False,0.005170630816959669,Small (<20),False
GBP4,7,967,-14.929116594498035,1686.6431059692995,3.283726995581703e-07,0.0,inf,0.9929377139384756,Cox_PH,0.9996299973032252,False,21.0,False,False,0.007238883143743537,Medium (20-50),False
GARRE1,5,967,-14.94989111289985,2025.6883200320071,3.2162128636057626e-07,0.0,inf,0.9941115427752388,Cox_PH,0.9996299973032252,False,15.0,False,False,0.005170630816959669,Small (<20),False
GAPVD1,7,967,-14.925521121291206,1712.73338847298,3.295554798545265e-07,0.0,inf,0.9930469667858748,Cox_PH,0.9996299973032252,False,21.0,False,False,0.007238883143743537,Medium (20-50),False
GAP43,5,967,-15.083227789600013,1995.859956449311,2.814734275885535e-07,0.0,inf,0.9939702382483564,Cox_PH,0.9996299973032252,False,15.0,False,False,0.005170630816959669,Small (<20),False
GANAB,8,967,0.607750616590245,0.7410747401477801,1.8362962154763616,0.4296622370889744,7.847987325622332,0.412162777278321,Cox_PH,0.9996299973032252,False,24.0,False,False,0.008273009307135471,Medium (20-50),False
GALNTL6,5,967,-15.03842119460866,2023.0763096167525,2.9437210853550617e-07,0.0,inf,0.9940690257052168,Cox_PH,0.9996299973032252,False,15.0,False,False,0.005170630816959669,Small (<20),False
GALNTL5,11,967,-0.5116308403166635,1.0236134666890058,0.5995170645295067,0.0806276823447702,4.457782987301626,0.6171960772206779,Cox_PH,0.9996299973032252,False,33.0,False,False,0.011375387797311272,Medium (20-50),False
GALNT8,5,967,-14.954605223196586,2024.587719900269,3.201086962024834e-07,0.0,inf,0.9941064840009578,Cox_PH,0.9996299973032252,False,15.0,False,False,0.005170630816959669,Small (<20),False
GARNL3,7,967,-15.105612285400872,1707.6746282317226,2.75242781922886e-07,0.0,inf,0.9929422283098108,Cox_PH,0.9996299973032252,False,21.0,False,False,0.007238883143743537,Medium (20-50),False
GIN1,7,967,-0.0647653588538948,1.009299653688178,0.937287363758818,0.1296401582420598,6.776508253111156,0.9488359690875232,Cox_PH,0.9996299973032252,False,21.0,False,False,0.007238883143743537,Medium (20-50),False
GBP5,5,967,0.4003503202631315,1.0041442427827054,1.4923474056141457,0.208509141289142,10.681070217228148,0.6901157278041046,Cox_PH,0.9996299973032252,False,15.0,False,False,0.005170630816959669,Small (<20),False
GCC2,16,967,-0.8896249642306941,1.017514020094506,0.4108097922318507,0.0559133312353563,3.018326428865309,0.3819482342709829,Cox_PH,0.9996299973032252,False,48.0,False,False,0.016546018614270942,Medium (20-50),False
GIMAP5,5,967,0.4418054458252489,1.0328795443771188,1.5555130794295984,0.2054323572249509,11.778188075927282,0.6688393320001284,Cox_PH,0.9996299973032252,False,15.0,False,False,0.005170630816959669,Small (<20),False
GIGYF2,6,967,-15.039355913240922,1840.9546308250824,2.940970819970794e-07,0.0,inf,0.9934818945475608,Cox_PH,0.9996299973032252,False,18.0,False,False,0.0062047569803516025,Small (<20),False
GIGYF1,6,967,-14.989033693028029,1852.0253055585845,3.092754005638025e-07,0.0,inf,0.9935425353159686,Cox_PH,0.9996299973032252,False,18.0,False,False,0.0062047569803516025,Small (<20),False
GGA1,5,967,0.3169196040924715,1.037694386724682,1.3728921925747333,0.1796110869112031,10.493967854915828,0.7600558428472683,Cox_PH,0.9996299973032252,False,15.0,False,False,0.005170630816959669,Small (<20),False
GFPT2,8,967,-0.0137660939965545,1.0177590295118215,0.9863282253762446,0.1341799067459615,7.250290984444526,0.9892082323606712,Cox_PH,0.9996299973032252,False,24.0,False,False,0.008273009307135471,Medium (20-50),False
GFM2,6,967,-15.12636703997162,1849.7040613058489,2.6958905929771736e-07,0.0,inf,0.9934751939752784,Cox_PH,0.9996299973032252,False,18.0,False,False,0.0062047569803516025,Small (<20),False
GBP7,8,967,-14.971798980592272,1604.8274244062477,3.146518710344065e-07,0.0,inf,0.9925564619644494,Cox_PH,0.9996299973032252,False,24.0,False,False,0.008273009307135471,Medium (20-50),False
GFM1,5,967,1.0374330047264118,0.7241322687486972,2.821963741189658,0.6825863484699595,11.666625584352133,0.151955946463847,Cox_PH,0.9996299973032252,False,15.0,False,False,0.005170630816959669,Small (<20),False
GEMIN4,5,967,0.3847324466610322,1.0210241760135277,1.4692211738187726,0.1985975351997481,10.869273152994046,0.7063145707350991,Cox_PH,0.9996299973032252,False,15.0,False,False,0.005170630816959669,Small (<20),False
GDPD1,5,967,1.0130787309524982,0.7339675874613042,2.7540670074143443,0.6534444584194926,11.607543661283794,0.1675013103612491,Cox_PH,0.9996299973032252,False,15.0,False,False,0.005170630816959669,Small (<20),False
GDF9,7,967,0.8600599705554868,0.756625423690267,2.363302418014902,0.5363727878830383,10.412903945106532,0.2556615906697749,Cox_PH,0.9996299973032252,False,21.0,False,False,0.007238883143743537,Medium (20-50),False
GCNA,5,967,0.2836823293735999,1.0154822174435103,1.3280109936536115,0.1814703831524467,9.71846297245818,0.7799706678013648,Cox_PH,0.9996299973032252,False,15.0,False,False,0.005170630816959669,Small (<20),False
GCN1,10,967,0.3602553282983425,0.7361688228204828,1.4336954308458931,0.3387016781707367,6.068710965737348,0.6245832408923584,Cox_PH,0.9996299973032252,False,30.0,False,False,0.010341261633919338,Medium (20-50),False
GCM2,8,967,-14.916234540586894,1586.9158792714898,3.3263017803418937e-07,0.0,inf,0.9925003850848104,Cox_PH,0.9996299973032252,False,24.0,False,False,0.008273009307135471,Medium (20-50),False
GEMIN5,7,967,-15.039400090248805,1689.733614176365,2.940840899549466e-07,0.0,inf,0.9928985571426128,Cox_PH,0.9996299973032252,False,21.0,False,False,0.007238883143743537,Medium (20-50),False
ZZZ3,7,967,-0.1864834554396941,1.015776816841971,0.8298722917099456,0.1133351391545958,6.076562182612272,0.8543374337231324,Cox_PH,0.9996299973032252,False,21.0,False,False,0.007238883143743537,Medium (20-50),False
